protein	query length	HMM	HMM length	e-value	score	hmmbegin	hmmend	begin	end	coverage	num domaine	prediction confidence	EC prediction	comment
GUT_GENOME058689_157___9040___9927___+___ACEFEPLF_03260	295	S1_27	454	2.3e-74	243.8	167	448	3	287	61.9	1	probable fragment		
GUT_GENOME019475_96___15130___16620___+___ADDNGEEN_03543	496	S1_64	483	4.3e-224	737.9	1	483	3	491	99.8	1	high		
GUT_GENOME062974_25___62698___64191___+___GDDFAFEC_03219	497	S1_108	495	6.8e-244	803.0	2	490	2	493	98.6	1	high		
GUT_GENOME005372_3___132229___133629___-___IAJJCFIG_00509	466	S1_90	451	9.7e-121	396.4	3	436	2	421	96.0	1	high		
GUT_GENOME058689_312___436___1815___+___ACEFEPLF_04442	459	S1_8	443	5.1e-122	400.5	5	432	2	430	96.4	1	high	3.10.1.1 3.1.6.- 	
GUT_GENOME001698_32___6712___8223___-___FBHHJEAB_05866	503	S1_104	473	1.1e-256	844.9	1	473	6	486	99.8	1	high		
GUT_GENOME000950_16___32027___33454___+___DAADOFPN_04264	475	S1_26	443	7.2e-200	657.3	2	441	4	442	99.1	1	high		
GUT_GENOME002968_258___121___1266___+___GMMGKOLB_05334	381	S1_65	439	4e-120	394.1	154	437	2	295	64.5	1	high		
GUT_GENOME096928_346___213___1202___+___BHEPOOPM_05018	329	S1_108	495	1.3e-163	538.2	169	491	2	327	65.1	1	high		
GUT_GENOME000553_12___92100___93479___-___JKJHMPML_05160	459	S1_8	443	1.5e-121	398.9	5	432	2	430	96.4	1	high	3.10.1.1 3.1.6.- 	
GUT_GENOME058689_30___16717___18249___+___ACEFEPLF_01133	510	S1_66	482	9.7e-183	600.8	2	477	3	501	98.5	1	high		
GUT_GENOME097727_1___699121___701523___+___BBMDIBHG_00589	800	S1_108	495	1.9e-185	610.2	1	479	325	790	96.6	1	high		
GUT_GENOME002968_81___5320___6834___-___GMMGKOLB_03275	504	S1_64	483	8e-219	720.5	1	483	3	497	99.8	1	high		
GUT_GENOME098371_32___61378___62763___-___JJJIHJNP_04657	461	S1_46	459	9.8e-91	297.4	2	452	3	453	98.0	1	low		
GUT_GENOME019475_99___3432___4778___+___ADDNGEEN_03587	448	S1_65	439	3.1e-211	694.4	2	437	2	444	99.1	1	high		
GUT_GENOME000950_3___332811___335213___+___DAADOFPN_01138	800	S1_108	495	5.9e-185	608.6	1	479	325	790	96.6	1	high		
GUT_GENOME097930_89___18208___19608___+___CEFKGCOK_05335	466	S1_90	451	9e-123	403.1	3	438	2	423	96.5	1	high		
GUT_GENOME096928_1___43632___44969___+___BHEPOOPM_00039	445	S1_65	439	6.3e-197	647.2	2	431	3	440	97.7	1	high		
GUT_GENOME002829_7___23763___25244___+___KJMJNODE_00833	493	S1_52	473	5.1e-218	717.5	2	470	4	487	98.9	1	high		
GUT_GENOME001698_5___276285___277799___+___FBHHJEAB_02075	504	S1_64	483	1.8e-218	719.3	1	483	3	497	99.8	1	high		
GUT_GENOME001698_5___197926___199350___+___FBHHJEAB_02003	474	S1_74	455	3e-238	783.6	1	453	4	458	99.3	1	high		
GUT_GENOME058689_157___8521___8970___+___ACEFEPLF_03259	149	S1_27	454	4.8e-45	147.1	2	142	24	148	30.8	1	probable fragment		
GUT_GENOME019475_130___11605___12978___-___ADDNGEEN_04092	457	S1_27	454	6.2e-174	572.0	2	446	2	456	97.8	1	high	3.1.6.12 3.1.6.- 	
GUT_GENOME000133_43___6767___8812___+___OJMOKFHE_06089	681	S3	508	1.7e-177	583.9	24	502	3	545	94.1	1	high	3.1.6.- 3.1.6.19 	
GUT_GENOME062974_25___61206___62726___+___GDDFAFEC_03218	506	S1_64	483	1.3e-188	620.9	2	483	4	489	99.6	1	high		
GUT_GENOME000133_18___5882___7363___-___OJMOKFHE_04936	493	S1_52	473	3.4e-215	708.2	2	470	4	487	98.9	1	high		
GUT_GENOME065971_8___10692___12155___+___HJCCIACG_01707	487	S1_26	443	2.3e-195	642.5	2	441	3	461	99.1	1	high		
GUT_GENOME080546_182___4892___6373___-___MAAIFHCL_03428	493	S1_15	471	9.6e-180	591.2	4	467	7	491	98.3	1	high	3.1.6.4 	
GUT_GENOME000553_10___71308___72693___-___JKJHMPML_04845	461	S1_46	459	6.7e-91	297.9	2	452	3	453	98.0	1	low		
GUT_GENOME097727_33___36660___38045___+___BBMDIBHG_05827	461	S1_46	459	1.1e-90	297.2	2	452	3	453	98.0	1	low		
GUT_GENOME097930_100___5113___6576___-___CEFKGCOK_05515	487	S1_26	443	2.3e-195	642.5	2	441	3	461	99.1	1	high		
GUT_GENOME045228_39___49664___51178___+___DHEMEBEF_02857	504	S1_64	483	4.6e-219	721.3	1	483	3	497	99.8	1	high		
GUT_GENOME002829_72___10018___11532___+___KJMJNODE_04112	504	S1_64	483	9e-219	720.3	1	483	3	497	99.8	1	high		
GUT_GENOME058689_46___16297___17763___+___ACEFEPLF_01513	488	S1_108	495	2e-203	669.6	2	489	2	488	98.4	1	high		
GUT_GENOME002829_16___7549___8877___-___KJMJNODE_01551	442	S3	508	9e-139	456.1	74	501	6	421	84.1	1	high	3.1.6.- 3.1.6.19 	
GUT_GENOME000256_1___277077___278405___-___DABHJPPA_00266	442	S3	508	2.5e-139	458.0	74	501	6	421	84.1	1	high	3.1.6.- 3.1.6.19 	
GUT_GENOME080546_262___23556___25958___-___MAAIFHCL_04731	800	S1_108	495	8e-185	608.2	1	479	325	790	96.6	1	high		
GUT_GENOME065971_65___6732___9134___+___HJCCIACG_05121	800	S1_108	495	5.4e-184	605.5	1	479	325	790	96.6	1	high		
GUT_GENOME045228_15___43243___44712___+___DHEMEBEF_01393	489	S1_86	441	1.5e-244	804.4	1	441	2	442	99.8	1	high		
GUT_GENOME001170_38___45428___46801___-___KENPOGJG_05548	457	S1_27	454	6.2e-173	568.7	2	446	2	456	97.8	1	high	3.1.6.12 3.1.6.- 	
GUT_GENOME058689_254___361___1734___-___ACEFEPLF_04097	457	S1_27	454	2.1e-173	570.2	2	446	2	456	97.8	1	high	3.1.6.12 3.1.6.- 	
GUT_GENOME000950_8___175448___176911___-___DAADOFPN_02654	487	S1_46	459	3e-85	279.3	3	452	2	465	97.8	1	low		
GUT_GENOME097727_4___368840___370240___-___BBMDIBHG_02007	466	S1_27	454	9.9e-158	518.6	2	444	2	462	97.4	1	high	3.1.6.12 3.1.6.- 	
GUT_GENOME096928_339___436___1725___+___BHEPOOPM_04986	429	S3	508	5e-130	427.3	73	500	6	428	84.1	1	high	3.1.6.- 3.1.6.19 	
GUT_GENOME019475_13___8656___10068___+___ADDNGEEN_01056	470	S1_16	444	5.7e-173	568.3	3	433	4	467	96.8	1	high		
GUT_GENOME000950_14___150892___152508___-___DAADOFPN_04067	538	S1_63	482	1.1e-192	633.8	1	481	2	495	99.6	1	high		
GUT_GENOME058689_140___1658___3145___+___ACEFEPLF_03067	495	S1_63	482	1.9e-210	692.4	1	480	2	487	99.4	1	high		
GUT_GENOME045228_13___73750___76152___+___DHEMEBEF_01271	800	S1_108	495	1.7e-184	607.1	1	479	325	790	96.6	1	high		
GUT_GENOME005372_5___103428___104933___-___IAJJCFIG_00892	501	S1_43	470	2.7e-239	787.5	2	470	2	471	99.6	1	high		
GUT_GENOME080546_119___15411___16928___+___MAAIFHCL_02364	505	S1_108	495	1e-241	795.9	2	492	2	495	99.0	1	high		
GUT_GENOME005372_5___171098___171418___-___IAJJCFIG_00948	106	S1_26	443	5.5e-47	153.5	2	82	2	88	18.1	1	probable fragment		
GUT_GENOME005372_28___21008___22408___-___IAJJCFIG_03317	466	S1_27	454	1.6e-157	517.9	2	444	2	462	97.4	1	high	3.1.6.12 3.1.6.- 	
GUT_GENOME065971_56___24717___26150___+___HJCCIACG_04877	477	S1_27	454	1.4e-136	448.8	2	447	4	439	98.0	1	high	3.1.6.12 3.1.6.- 	
GUT_GENOME000256_4___175252___176745___-___DABHJPPA_01121	497	S1_108	495	6.8e-244	803.0	2	490	2	493	98.6	1	high		
GUT_GENOME005372_7___9451___10857___-___IAJJCFIG_01135	468	S1_26	443	6.9e-210	690.4	2	441	4	443	99.1	1	high		
GUT_GENOME097930_28___11519___13135___-___CEFKGCOK_02993	538	S1_63	482	1.4e-191	630.2	1	481	2	495	99.6	1	high		
GUT_GENOME000553_1___651264___652766___-___JKJHMPML_00573	500	S1_64	483	5.7e-216	711.1	1	482	3	496	99.6	1	high		
GUT_GENOME000256_15___5082___6497___+___DABHJPPA_03042	471	S1_16	444	9.3e-174	570.9	3	434	5	469	97.1	1	high		
GUT_GENOME000133_1___99395___100900___+___OJMOKFHE_00083	501	S1_43	470	9.1e-240	789.0	2	470	2	471	99.6	1	high		
GUT_GENOME000553_13___28384___29877___+___JKJHMPML_05245	497	S1_46	459	7.8e-153	502.1	2	456	11	456	98.9	1	high		
GUT_GENOME000950_1___410815___412227___+___DAADOFPN_00337	470	S1_16	444	3.5e-173	569.0	3	433	4	467	96.8	1	high		
GUT_GENOME097727_4___119672___121153___-___BBMDIBHG_01764	493	S1_15	471	2.3e-180	593.2	4	467	7	491	98.3	1	high	3.1.6.4 	
GUT_GENOME002968_87___10233___11558___+___GMMGKOLB_03414	441	S3	508	1.4e-139	458.8	74	502	6	422	84.3	1	high	3.1.6.- 3.1.6.19 	
GUT_GENOME045228_7___97542___98489___-___DHEMEBEF_00800	315	S1_64	483	2.1e-108	356.4	183	483	1	307	62.1	1	high		
GUT_GENOME098371_25___36509___37855___-___JJJIHJNP_04091	448	S1_65	439	2e-210	691.7	2	437	2	444	99.1	1	high		
GUT_GENOME098371_7___79270___80688___-___JJJIHJNP_01941	472	S1_9	433	6.9e-147	482.2	2	430	2	440	98.8	1	high	3.1.6.- 	
GUT_GENOME080546_107___2749___4176___+___MAAIFHCL_02095	475	S1_26	443	1.4e-199	656.4	2	441	4	442	99.1	1	high		
GUT_GENOME065971_56___20019___21479___+___HJCCIACG_04873	486	S1_64	483	4.9e-204	671.7	1	483	3	484	99.8	1	high		
GUT_GENOME019475_2___6717___8198___-___ADDNGEEN_00115	493	S1_61	451	1.7e-193	636.3	1	450	2	455	99.6	1	high		
GUT_GENOME000950_10___170006___171520___+___DAADOFPN_03218	504	S1_64	483	2e-218	719.2	1	483	3	497	99.8	1	high		
GUT_GENOME096928_92___2364___3815___-___BHEPOOPM_02601	483	S1_81	475	3.4e-135	444.4	3	473	2	469	98.9	1	high		
GUT_GENOME065971_3___242668___244041___-___HJCCIACG_00954	457	S1_27	454	6.2e-173	568.7	2	446	2	456	97.8	1	high	3.1.6.12 3.1.6.- 	
GUT_GENOME001698_26___4857___6338___-___FBHHJEAB_05270	493	S1_64	483	2.7e-192	633.0	2	483	4	487	99.6	1	high		
GUT_GENOME019475_111___10278___11768___-___ADDNGEEN_03808	496	S1_64	483	3.5e-191	629.3	1	482	3	483	99.6	1	high		
GUT_GENOME000133_12___98752___100245___+___OJMOKFHE_04015	497	S1_46	459	1.8e-152	500.9	2	456	11	456	98.9	1	high		
GUT_GENOME000256_19___19751___21163___-___DABHJPPA_03563	470	S1_27	454	3e-159	523.6	2	443	2	461	97.1	1	high	3.1.6.12 3.1.6.- 	
GUT_GENOME097727_2___10179___11651___+___BBMDIBHG_00665	490	S1_108	495	6.9e-124	407.2	2	489	2	479	98.4	1	high		
GUT_GENOME000553_9___188150___189613___-___JKJHMPML_04770	487	S1_46	459	4.2e-86	282.1	3	452	2	465	97.8	1	low		
GUT_GENOME000553_12___88445___89845___-___JKJHMPML_05156	466	S1_90	451	7.3e-121	396.8	3	436	2	421	96.0	1	high		
GUT_GENOME000256_5___101747___103153___+___DABHJPPA_01270	468	S1_26	443	6.8e-209	687.1	2	441	4	443	99.1	1	high		
GUT_GENOME000553_1___1103567___1105069___-___JKJHMPML_00966	500	S1_64	483	3.8e-205	675.4	1	482	3	495	99.6	1	high		
GUT_GENOME002968_39___34688___36139___-___GMMGKOLB_02100	483	S1_26	443	1.6e-191	629.9	2	441	2	455	99.1	1	high		
GUT_GENOME002968_26___37839___39182___-___GMMGKOLB_01553	447	S1_65	439	1.6e-191	629.4	3	437	2	429	98.9	1	high		
GUT_GENOME065971_28___27934___29379___-___HJCCIACG_03546	481	S1_46	459	1.9e-200	659.1	2	458	2	468	99.3	1	high		
GUT_GENOME000133_1___106028___107545___+___OJMOKFHE_00088	505	S1_108	495	9.8e-243	799.2	2	492	2	495	99.0	1	high		
GUT_GENOME002968_126___11603___13063___-___GMMGKOLB_04173	486	S1_46	459	2.1e-96	316.1	2	452	3	473	98.0	1	high		
GUT_GENOME065971_51___10626___12671___-___HJCCIACG_04698	681	S3	508	4.9e-176	579.1	24	502	3	545	94.1	1	high	3.1.6.- 3.1.6.19 	
GUT_GENOME000950_4___183331___184731___+___DAADOFPN_01391	466	S1_90	451	6.4e-120	393.7	3	436	2	421	96.0	1	high		
GUT_GENOME000950_1___109922___111415___-___DAADOFPN_00096	497	S1_46	459	7.2e-153	502.2	2	456	11	456	98.9	1	high		
GUT_GENOME001170_3___251352___252713___+___KENPOGJG_01229	453	S1_83	449	1.2e-229	755.3	2	446	4	449	98.9	1	high		
GUT_GENOME045228_9___73625___75025___+___DHEMEBEF_00948	466	S1_27	454	2.7e-159	523.7	2	444	2	462	97.4	1	high	3.1.6.12 3.1.6.- 	
GUT_GENOME019475_53___13393___14895___-___ADDNGEEN_02576	500	S1_64	483	8.6e-206	677.5	1	482	3	495	99.6	1	high		
GUT_GENOME098371_9___112250___113731___+___JJJIHJNP_02276	493	S1_61	451	3.9e-192	631.8	1	450	2	455	99.6	1	high		
GUT_GENOME000950_10___71814___73295___+___DAADOFPN_03131	493	S1_15	471	3.5e-181	595.9	4	467	7	491	98.3	1	high	3.1.6.4 	
GUT_GENOME000553_1___710470___711870___-___JKJHMPML_00626	466	S1_27	454	9.6e-158	518.6	2	444	2	462	97.4	1	high	3.1.6.12 3.1.6.- 	
GUT_GENOME019475_242___1405___2886___+___ADDNGEEN_05121	493	S1_15	471	3.5e-181	595.9	4	467	7	491	98.3	1	high	3.1.6.4 	
GUT_GENOME002968_218___5340___6830___-___GMMGKOLB_05128	496	S1_64	483	1e-223	736.7	1	483	3	491	99.8	1	high		
GUT_GENOME097727_1___346497___348002___+___BBMDIBHG_00283	501	S1_104	473	3.8e-256	843.1	1	473	6	486	99.8	1	high		
GUT_GENOME001170_32___55785___57257___+___KENPOGJG_05120	490	S1_104	473	2.9e-249	820.4	9	473	1	473	98.1	1	high		
GUT_GENOME065971_15___60187___61641___-___HJCCIACG_02580	484	S1_86	441	1.5e-253	834.0	1	441	2	441	99.8	1	high		
GUT_GENOME000133_23___7879___9276___-___OJMOKFHE_05418	465	S1_46	459	1.1e-43	257.9	2	438	3	438	95.0	1	low		fusion of 2 fragments from 253 to 438 score 142.3 fragment 2 from 3 to 250 score 115.6
GUT_GENOME097930_31___62275___63756___+___CEFKGCOK_03230	493	S1_64	483	2.5e-214	705.7	1	483	3	492	99.8	1	high		
GUT_GENOME005372_50___44123___45604___-___IAJJCFIG_04549	493	S1_52	473	3.5e-215	708.1	2	470	4	487	98.9	1	high		
GUT_GENOME002968_6___28129___29535___-___GMMGKOLB_00512	468	S1_27	454	3e-127	418.1	2	447	24	459	98.0	1	high	3.1.6.12 3.1.6.- 	
GUT_GENOME062974_10___16377___17783___+___GDDFAFEC_01669	468	S1_26	443	6.8e-209	687.1	2	441	4	443	99.1	1	high		
GUT_GENOME058689_152___8091___9539___-___ACEFEPLF_03207	482	S1_108	495	6.5e-173	568.9	2	482	7	476	97.0	1	high		
GUT_GENOME062974_12___66632___68113___+___GDDFAFEC_01943	493	S1_52	473	1.4e-217	716.1	2	470	4	487	98.9	1	high		
GUT_GENOME000553_3___193627___195138___-___JKJHMPML_02131	503	S1_64	483	1.4e-212	700.0	1	483	3	487	99.8	1	high		
GUT_GENOME001698_38___24412___25980___+___FBHHJEAB_06416	522	S1_90	451	2.2e-162	533.6	2	440	12	444	97.1	1	high		
GUT_GENOME065971_63___11328___12803___-___HJCCIACG_05068	491	S1_64	483	6.1e-208	684.6	1	482	3	488	99.6	1	high		
GUT_GENOME005372_5___85829___87346___-___IAJJCFIG_00876	505	S1_108	495	4.9e-242	796.9	2	491	2	494	98.8	1	high		
GUT_GENOME097930_1___215183___216631___+___CEFKGCOK_00205	482	S1_108	495	3.6e-173	569.8	2	482	7	476	97.0	1	high		
GUT_GENOME019475_82___19097___20554___-___ADDNGEEN_03254	485	S1_46	459	1e-94	310.5	2	447	13	479	96.9	1	high		
GUT_GENOME080546_289___64___1314___+___MAAIFHCL_05140	416	S1_46	459	7.5e-69	225.2	59	447	1	410	84.5	1	low		
GUT_GENOME002829_73___15681___17165___+___KJMJNODE_04144	494	S1_46	459	2.1e-203	668.8	4	457	9	474	98.7	1	high		
GUT_GENOME005372_29___37222___38565___-___IAJJCFIG_03403	447	S1_65	439	1.2e-191	629.8	3	437	2	429	98.9	1	high		
GUT_GENOME097727_13___71818___73197___+___BBMDIBHG_03845	459	S1_8	443	1.5e-121	398.9	5	432	2	430	96.4	1	high	3.10.1.1 3.1.6.- 	
GUT_GENOME000950_29___62374___63819___-___DAADOFPN_05782	481	S1_27	454	5.6e-173	568.8	3	449	2	469	98.2	1	high	3.1.6.12 3.1.6.- 	
GUT_GENOME001698_25___38410___39879___+___FBHHJEAB_05197	489	S1_86	441	1e-244	804.9	1	441	2	442	99.8	1	high		
GUT_GENOME019475_115___17691___18674___-___ADDNGEEN_03879	327	S1_26	443	8.1e-116	380.3	143	441	2	299	67.3	1	high		
GUT_GENOME058689_13___20552___21937___-___ACEFEPLF_00585	461	S1_46	459	8.8e-91	297.5	2	452	3	453	98.0	1	low		
GUT_GENOME065971_23___37795___39297___+___HJCCIACG_03202	500	S1_64	483	1.6e-215	709.6	1	482	3	496	99.6	1	high		
GUT_GENOME045228_25___63443___64906___+___DHEMEBEF_02085	487	S1_46	459	4.3e-86	282.1	3	452	2	465	97.8	1	low		
GUT_GENOME000256_6___154509___155990___-___DABHJPPA_01527	493	S1_63	482	3.1e-209	688.3	1	480	2	487	99.4	1	high		
GUT_GENOME019475_17___34196___35650___-___ADDNGEEN_01298	484	S1_86	441	1.1e-253	834.4	1	441	2	441	99.8	1	high		
GUT_GENOME000553_5___638863___640374___+___JKJHMPML_03830	503	S1_104	473	1.1e-256	844.9	1	473	6	486	99.8	1	high		
GUT_GENOME062974_42___224___1684___-___GDDFAFEC_04219	486	S1_46	459	6.3e-98	321.1	2	453	3	474	98.3	1	high		
GUT_GENOME096928_105___6662___8155___-___BHEPOOPM_02830	497	S1_64	483	1.9e-189	623.6	2	483	4	489	99.6	1	high		
GUT_GENOME097727_18___123935___125473___-___BBMDIBHG_04557	512	S1_64	483	9.1e-203	667.5	1	482	3	494	99.6	1	high		
GUT_GENOME002968_53___26954___28447___-___GMMGKOLB_02569	497	S1_46	459	1.3e-152	501.3	2	456	11	456	98.9	1	high		
GUT_GENOME097930_19___3297___4928___-___CEFKGCOK_02294	543	S1_65	439	2.7e-205	674.8	2	437	3	457	99.1	1	high		
GUT_GENOME002829_52___26735___28228___-___KJMJNODE_03430	497	S1_108	495	3.9e-259	853.3	2	491	3	495	98.8	1	high		
GUT_GENOME000256_39___56302___57762___+___DABHJPPA_05212	486	S1_46	459	6.3e-98	321.1	2	453	3	474	98.3	1	high		
GUT_GENOME065971_5___123196___124659___+___HJCCIACG_01266	487	S1_46	459	6.2e-85	278.3	3	452	2	465	97.8	1	low		
GUT_GENOME002968_3___19923___21404___-___GMMGKOLB_00254	493	S1_52	473	1.2e-219	722.9	2	470	4	487	98.9	1	high		
GUT_GENOME000553_6___322672___324135___-___JKJHMPML_04096	487	S1_46	459	1.1e-96	317.0	2	447	16	481	96.9	1	high		
GUT_GENOME045228_45___41496___42977___-___DHEMEBEF_03161	493	S1_52	473	1.7e-218	719.0	2	470	4	487	98.9	1	high		
GUT_GENOME098371_6___6626___8107___+___JJJIHJNP_01718	493	S1_52	473	1.7e-218	719.0	2	470	4	487	98.9	1	high		
GUT_GENOME058689_90___15640___16986___+___ACEFEPLF_02387	448	S1_65	439	5.8e-210	690.2	2	437	2	444	99.1	1	high		
GUT_GENOME097727_8___130071___131561___+___BBMDIBHG_03084	496	S1_64	483	4.3e-224	737.9	1	483	3	491	99.8	1	high		
GUT_GENOME096928_4___38980___40377___+___BHEPOOPM_00304	465	S1_46	459	1.1e-43	257.9	2	438	3	438	95.0	1	low		fusion of 2 fragments from 253 to 438 score 142.3 fragment 2 from 3 to 250 score 115.6
GUT_GENOME001698_4___156932___158350___-___FBHHJEAB_01614	472	S1_9	433	2.1e-147	483.9	2	430	2	440	98.8	1	high	3.1.6.- 	
GUT_GENOME000133_23___6385___7866___-___OJMOKFHE_05417	493	S1_64	483	1.4e-213	703.2	1	483	3	492	99.8	1	high		
GUT_GENOME080546_51___349___759___+___MAAIFHCL_00957	136	S1_108	495	1.3e-36	119.3	351	482	1	130	26.5	1	probable fragment		
GUT_GENOME097727_17___76253___77713___+___BBMDIBHG_04394	486	S1_46	459	3e-97	318.9	2	452	3	473	98.0	1	high		
GUT_GENOME000256_5___11323___12645___+___DABHJPPA_01202	440	S1_8	443	2.3e-131	431.2	3	422	2	412	94.6	1	high	3.10.1.1 3.1.6.- 	
GUT_GENOME000553_1___1275221___1276597___-___JKJHMPML_01101	458	S1_65	439	2.1e-206	678.4	2	437	2	451	99.1	1	high		
GUT_GENOME005372_18___8814___10277___-___IAJJCFIG_02480	487	S1_26	443	2.3e-195	642.5	2	441	3	461	99.1	1	high		
GUT_GENOME001170_6___165114___166451___-___KENPOGJG_02133	445	S1_65	439	6.3e-197	647.2	2	431	3	440	97.7	1	high		
GUT_GENOME019475_203___126___1619___+___ADDNGEEN_04845	497	S1_108	495	2e-259	854.3	1	491	2	495	99.0	1	high		
GUT_GENOME065971_16___3260___4891___-___HJCCIACG_02627	543	S1_65	439	2.3e-204	671.7	2	437	3	457	99.1	1	high		
GUT_GENOME062974_19___43683___45095___+___GDDFAFEC_02688	470	S1_27	454	3e-159	523.6	2	443	2	461	97.1	1	high	3.1.6.12 3.1.6.- 	
GUT_GENOME001698_20___54821___56158___-___FBHHJEAB_04607	445	S1_65	439	2.7e-196	645.1	2	431	3	440	97.7	1	high		
GUT_GENOME080546_245___812___2245___+___MAAIFHCL_04434	477	S1_27	454	8.1e-173	568.3	3	448	2	468	98.0	1	high	3.1.6.12 3.1.6.- 	
GUT_GENOME000256_1___66501___67973___+___DABHJPPA_00058	490	S1_108	495	2.9e-126	415.0	2	489	2	479	98.4	1	high		
GUT_GENOME002968_43___32376___33749___-___GMMGKOLB_02255	457	S1_27	454	6.2e-174	572.0	2	446	2	456	97.8	1	high	3.1.6.12 3.1.6.- 	
GUT_GENOME065971_47___36406___37887___-___HJCCIACG_04558	493	S1_52	473	6.6e-215	707.2	2	470	4	487	98.9	1	high		
GUT_GENOME000553_13___17184___18665___-___JKJHMPML_05238	493	S1_61	451	8.7e-194	637.2	1	450	2	455	99.6	1	high		
GUT_GENOME097930_17___72538___74016___-___CEFKGCOK_02192	492	S1_64	483	6.9e-181	595.4	1	480	3	486	99.2	1	high		
GUT_GENOME045228_14___20478___21671___+___DHEMEBEF_01300	397	S1_61	451	4.3e-144	473.4	97	450	2	359	78.3	1	high		
GUT_GENOME001698_43___18522___19865___-___FBHHJEAB_06760	447	S1_65	439	8.3e-192	630.3	3	437	2	429	98.9	1	high		
GUT_GENOME005372_63___5577___6983___+___IAJJCFIG_05029	468	S1_27	454	3.9e-127	417.7	2	447	24	459	98.0	1	high	3.1.6.12 3.1.6.- 	
GUT_GENOME000133_23___10585___12015___+___OJMOKFHE_05420	476	S1_7	456	8e-68	222.1	4	449	2	456	97.6	1	low		
GUT_GENOME098371_29___48592___50106___+___JJJIHJNP_04433	504	S1_64	483	3.7e-219	721.6	1	483	3	497	99.8	1	high		
GUT_GENOME002829_57___37513___38859___+___KJMJNODE_03630	448	S1_65	439	3.9e-212	697.3	2	437	2	444	99.1	1	high		
GUT_GENOME080546_296___1622___3010___+___MAAIFHCL_05246	462	S1_27	454	1.3e-166	547.8	2	448	2	447	98.2	1	high	3.1.6.12 3.1.6.- 	
GUT_GENOME002829_27___4703___6196___+___KJMJNODE_02200	497	S1_108	495	7.7e-244	802.9	2	490	2	493	98.6	1	high		
GUT_GENOME001170_34___38220___39647___+___KENPOGJG_05263	475	S1_26	443	3.7e-199	655.0	2	441	4	442	99.1	1	high		
GUT_GENOME000950_5___323783___325243___-___DAADOFPN_01871	486	S1_46	459	1.9e-95	312.9	2	452	3	473	98.0	1	high		
GUT_GENOME000133_17___4870___6351___-___OJMOKFHE_04792	493	S1_64	483	4.5e-194	638.9	2	483	4	487	99.6	1	high		
GUT_GENOME000553_1___1102027___1103565___-___JKJHMPML_00965	512	S1_64	483	3.2e-203	669.0	1	482	3	494	99.6	1	high		
GUT_GENOME062974_8___107114___108442___+___GDDFAFEC_01487	442	S3	508	2.5e-139	458.0	74	501	6	421	84.1	1	high	3.1.6.- 3.1.6.19 	
GUT_GENOME002968_1___54609___56027___+___GMMGKOLB_00054	472	S1_27	454	2.6e-148	487.5	2	452	6	457	99.1	1	high	3.1.6.12 3.1.6.- 	
GUT_GENOME001170_33___56152___57612___+___KENPOGJG_05199	486	S1_64	483	4.9e-204	671.7	1	483	3	484	99.8	1	high		
GUT_GENOME097727_4___314683___316110___-___BBMDIBHG_01957	475	S1_26	443	2.4e-199	655.6	2	441	4	442	99.1	1	high		
GUT_GENOME045228_50___7552___9012___+___DHEMEBEF_03345	486	S1_46	459	9.1e-97	317.3	2	452	3	473	98.0	1	high		
GUT_GENOME098371_19___87678___89090___+___JJJIHJNP_03589	470	S1_16	444	3.3e-173	569.0	3	433	4	467	96.8	1	high		
GUT_GENOME080546_177___23575___24864___-___MAAIFHCL_03315	429	S3	508	4.6e-131	430.7	73	500	6	428	84.1	1	high	3.1.6.- 3.1.6.19 	
GUT_GENOME080546_301___18972___20159___-___MAAIFHCL_05378	395	S1_104	473	1.8e-189	623.2	26	382	1	365	75.3	1	high		
GUT_GENOME045228_18___37991___39493___+___DHEMEBEF_01611	500	S1_64	483	7.5e-216	710.7	1	482	3	496	99.6	1	high		
GUT_GENOME000553_2___763304___764650___+___JKJHMPML_01890	448	S1_65	439	7.2e-211	693.2	2	437	2	444	99.1	1	high		
GUT_GENOME062974_15___3555___5018___+___GDDFAFEC_02218	487	S1_26	443	2.1e-195	642.6	2	441	3	461	99.1	1	high		
GUT_GENOME019475_99___4793___6268___+___ADDNGEEN_03588	491	S1_64	483	1.3e-209	690.2	1	482	3	488	99.6	1	high		
GUT_GENOME080546_131___1502___2848___-___MAAIFHCL_02530	448	S1_65	439	2e-210	691.7	2	437	2	444	99.1	1	high		
GUT_GENOME000950_7___258954___260330___-___DAADOFPN_02449	458	S1_46	459	4.7e-89	291.8	3	441	2	449	95.4	1	low		
GUT_GENOME000256_15___3582___5045___+___DABHJPPA_03041	487	S1_26	443	2.1e-195	642.6	2	441	3	461	99.1	1	high		
GUT_GENOME000133_1___33026___34465___+___OJMOKFHE_00028	479	S1_26	443	6.2e-192	631.2	2	441	2	455	99.1	1	high		
GUT_GENOME005372_31___66921___68267___-___IAJJCFIG_03569	448	S1_65	439	4.9e-211	693.7	2	437	2	444	99.1	1	high		
GUT_GENOME000256_21___24926___26215___+___DABHJPPA_03791	429	S3	508	1.6e-131	432.2	73	500	6	428	84.1	1	high	3.1.6.- 3.1.6.19 	
GUT_GENOME045228_46___27527___28816___+___DHEMEBEF_03193	429	S3	508	4.6e-131	430.7	73	500	6	428	84.1	1	high	3.1.6.- 3.1.6.19 	
GUT_GENOME062974_28___76815___78308___+___GDDFAFEC_03460	497	S1_46	459	1e-150	495.1	2	454	11	454	98.5	1	high		
GUT_GENOME002968_196___2567___3943___-___GMMGKOLB_04963	458	S1_46	459	2e-89	293.1	3	441	2	449	95.4	1	low		
GUT_GENOME097727_16___5812___7275___-___BBMDIBHG_04212	487	S1_46	459	9.9e-82	267.7	2	453	7	471	98.3	1	low		
GUT_GENOME005372_2___148822___150294___+___IAJJCFIG_00332	490	S1_108	495	3e-124	408.4	2	489	2	479	98.4	1	high		
GUT_GENOME000950_1___308748___310109___-___DAADOFPN_00251	453	S1_83	449	1.8e-229	754.8	2	446	4	449	98.9	1	high		
GUT_GENOME045228_39___51175___52662___+___DHEMEBEF_02858	495	S1_63	482	5.9e-210	690.7	1	480	2	487	99.4	1	high		
GUT_GENOME019475_13___7153___8616___+___ADDNGEEN_01055	487	S1_26	443	2.3e-195	642.5	2	441	3	461	99.1	1	high		
GUT_GENOME005372_5___104990___106435___-___IAJJCFIG_00893	481	S1_46	459	3.1e-200	658.4	2	458	2	468	99.3	1	high		
GUT_GENOME058689_140___147___1661___+___ACEFEPLF_03066	504	S1_64	483	5.7e-219	721.0	1	483	3	497	99.8	1	high		
GUT_GENOME005372_33___38823___41225___-___IAJJCFIG_03672	800	S1_108	495	2.3e-184	606.7	1	479	325	790	96.6	1	high		
GUT_GENOME002829_52___7850___9310___-___KJMJNODE_03411	486	S1_46	459	6.3e-98	321.1	2	453	3	474	98.3	1	high		
GUT_GENOME096928_186___2379___4781___-___BHEPOOPM_03853	800	S1_108	495	2.7e-184	606.5	1	479	325	790	96.6	1	high		
GUT_GENOME019475_5___32261___33754___-___ADDNGEEN_00432	497	S1_64	483	2e-228	752.1	1	483	3	495	99.8	1	high		
GUT_GENOME002829_1___112005___113411___-___KJMJNODE_00098	468	S1_26	443	6.5e-209	687.2	2	441	4	443	99.1	1	high		
GUT_GENOME097930_1___171456___172916___+___CEFKGCOK_00174	486	S1_64	483	4.9e-204	671.7	1	483	3	484	99.8	1	high		
GUT_GENOME080546_74___11205___12671___+___MAAIFHCL_01378	488	S1_46	459	4.1e-96	315.1	2	447	17	482	96.9	1	high		
GUT_GENOME019475_135___2657___4162___-___ADDNGEEN_04161	501	S1_43	470	6.7e-239	786.1	2	470	2	471	99.6	1	high		
GUT_GENOME096928_20___30060___31523___-___BHEPOOPM_00958	487	S1_26	443	2.3e-195	642.5	2	441	3	461	99.1	1	high		
GUT_GENOME002829_43___34957___36420___-___KJMJNODE_03051	487	S1_26	443	7.9e-193	634.1	2	441	3	461	99.1	1	high		
GUT_GENOME065971_42___27127___29010___-___HJCCIACG_04333	627	S1_64	483	5.5e-219	721.0	1	482	3	521	99.6	1	high		
GUT_GENOME000950_1___121122___122603___+___DAADOFPN_00103	493	S1_61	451	1.9e-193	636.1	1	450	2	455	99.6	1	high		
GUT_GENOME001170_4___277466___278956___+___KENPOGJG_01624	496	S1_64	483	1e-223	736.6	1	483	3	491	99.8	1	high		
GUT_GENOME058689_178___8332___9813___+___ACEFEPLF_03489	493	S1_52	473	2.1e-215	708.8	2	470	4	487	98.9	1	high		
GUT_GENOME097727_6___62137___63513___-___BBMDIBHG_02445	458	S1_65	439	2.1e-206	678.4	2	437	2	451	99.1	1	high		
GUT_GENOME097727_2___281934___283259___-___BBMDIBHG_00927	441	S3	508	6.8e-141	463.1	74	502	6	422	84.3	1	high	3.1.6.- 3.1.6.19 	
GUT_GENOME001698_21___54028___54846___+___FBHHJEAB_04726	272	S1_110	460	5.3e-33	107.2	3	222	2	235	47.6	1	probable fragment		
GUT_GENOME000553_7___142088___143506___+___JKJHMPML_04249	472	S1_9	433	2.1e-147	483.9	2	430	2	440	98.8	1	high	3.1.6.- 	
GUT_GENOME000133_5___31624___33111___-___OJMOKFHE_02263	495	S1_63	482	1.1e-210	693.1	1	480	2	487	99.4	1	high		
GUT_GENOME098371_10___65657___67120___-___JJJIHJNP_02386	487	S1_46	459	7.5e-85	278.0	3	452	2	465	97.8	1	low		
GUT_GENOME005372_11___88799___90124___-___IAJJCFIG_01809	441	S3	508	3.4e-139	457.5	74	502	6	422	84.3	1	high	3.1.6.- 3.1.6.19 	
GUT_GENOME098371_24___22476___23924___+___JJJIHJNP_04001	482	S1_108	495	3.7e-173	569.7	2	482	7	476	97.0	1	high		
GUT_GENOME065971_15___67058___68419___-___HJCCIACG_02584	453	S1_83	449	1.2e-229	755.3	2	446	4	449	98.9	1	high		
GUT_GENOME000553_6___118953___120365___-___JKJHMPML_03935	470	S1_16	444	7e-173	568.0	3	433	4	467	96.8	1	high		
GUT_GENOME000256_1___246833___248248___-___DABHJPPA_00241	471	S1_27	454	2e-173	570.3	3	448	2	463	98.0	1	high	3.1.6.12 3.1.6.- 	
GUT_GENOME000133_4___170890___172353___+___OJMOKFHE_01988	487	S1_26	443	2.3e-195	642.5	2	441	3	461	99.1	1	high		
GUT_GENOME000256_18___84132___85607___-___DABHJPPA_03511	491	S1_64	483	1.2e-208	686.9	1	482	3	488	99.6	1	high		
GUT_GENOME001698_5___277796___278356___+___FBHHJEAB_02076	186	S1_63	482	2.5e-78	256.6	1	184	2	186	38.0	1	probable fragment		
GUT_GENOME005372_39___4803___6284___-___IAJJCFIG_03963	493	S1_64	483	8.3e-192	631.4	2	483	4	487	99.6	1	high		
GUT_GENOME098371_9___156405___157871___+___JJJIHJNP_02322	488	S1_46	459	4.1e-96	315.1	2	447	17	482	96.9	1	high		
GUT_GENOME096928_274___4638___6029___+___BHEPOOPM_04604	463	S1_46	459	4.3e-94	308.4	1	446	2	444	96.9	1	high		
GUT_GENOME000256_2___66650___68131___+___DABHJPPA_00398	493	S1_52	473	1.4e-217	716.1	2	470	4	487	98.9	1	high		
GUT_GENOME000553_11___156563___158098___+___JKJHMPML_05074	511	S1_65	439	3.1e-204	671.3	2	437	3	457	99.1	1	high		
GUT_GENOME097727_10___21111___22523___+___BBMDIBHG_03352	470	S1_16	444	1e-172	567.4	3	433	4	467	96.8	1	high		
GUT_GENOME096928_413___998___3124___-___BHEPOOPM_05298	708	S3	508	4.5e-177	582.5	13	502	19	572	96.3	1	high	3.1.6.- 3.1.6.19 	
GUT_GENOME019475_24___37775___39277___+___ADDNGEEN_01627	500	S1_64	483	7.5e-216	710.7	1	482	3	496	99.6	1	high		
GUT_GENOME065971_34___56945___58432___+___HJCCIACG_03923	495	S1_63	482	2.3e-209	688.8	1	480	2	487	99.4	1	high		
GUT_GENOME097930_18___30505___31911___+___CEFKGCOK_02238	468	S1_27	454	3.6e-127	417.8	2	447	24	459	98.0	1	high	3.1.6.12 3.1.6.- 	
GUT_GENOME001698_1___116879___117637___+___FBHHJEAB_00117	252	S1_52	473	1.4e-51	168.6	219	463	3	236	51.6	1	probable fragment		
GUT_GENOME000133_1___281987___283312___+___OJMOKFHE_00246	441	S3	508	1.9e-139	458.3	74	502	6	422	84.3	1	high	3.1.6.- 3.1.6.19 	
GUT_GENOME002968_5___194___1570___-___GMMGKOLB_00409	458	S1_65	439	1.9e-206	678.5	2	437	2	451	99.1	1	high		
GUT_GENOME097727_4___309844___311346___-___BBMDIBHG_01954	500	S1_64	483	1.4e-214	706.5	1	482	3	496	99.6	1	high		
GUT_GENOME098371_17___126991___128460___-___JJJIHJNP_03395	489	S1_86	441	6.3e-253	832.0	1	441	2	441	99.8	1	high		
GUT_GENOME001698_3___377799___379292___+___FBHHJEAB_01438	497	S1_46	459	7.8e-153	502.1	2	456	11	456	98.9	1	high		
GUT_GENOME062974_28___65665___67191___-___GDDFAFEC_03453	508	S1_61	451	7.8e-195	640.7	1	450	2	455	99.6	1	high		
GUT_GENOME002968_27___39154___40626___+___GMMGKOLB_01600	490	S1_104	473	4.8e-251	826.3	9	473	1	473	98.1	1	high		
GUT_GENOME096928_111___4198___5586___-___BHEPOOPM_02914	462	S1_46	459	6.8e-95	311.1	3	446	3	443	96.5	1	high		
GUT_GENOME097727_8___217553___218842___-___BBMDIBHG_03150	429	S3	508	2.7e-131	431.5	73	500	6	428	84.1	1	high	3.1.6.- 3.1.6.19 	
GUT_GENOME002968_63___18834___20261___+___GMMGKOLB_02854	475	S1_26	443	6.5e-199	654.2	2	441	4	442	99.1	1	high		
GUT_GENOME000256_17___117394___118857___+___DABHJPPA_03417	487	S1_46	459	3.8e-83	272.3	3	452	2	465	97.8	1	low		
GUT_GENOME096928_24___18116___19591___+___BHEPOOPM_01069	491	S1_64	483	6.1e-208	684.6	1	482	3	488	99.6	1	high		
GUT_GENOME001698_22___17984___20386___+___FBHHJEAB_04809	800	S1_108	495	1.3e-184	607.5	1	481	325	792	97.0	1	high		
GUT_GENOME096928_396___2914___4341___+___BHEPOOPM_05233	475	S1_26	443	3.7e-199	655.0	2	441	4	442	99.1	1	high		
GUT_GENOME000256_59___13385___14869___-___DABHJPPA_05933	494	S1_46	459	3.5e-204	671.4	4	457	9	474	98.7	1	high		
GUT_GENOME097930_4___129274___130701___+___CEFKGCOK_00885	475	S1_26	443	3.8e-199	655.0	2	441	4	442	99.1	1	high		
GUT_GENOME001170_35___47244___48587___+___KENPOGJG_05340	447	S1_65	439	1.2e-191	629.8	3	437	2	429	98.9	1	high		
GUT_GENOME065971_28___21257___22750___-___HJCCIACG_03541	497	S1_64	483	1.9e-189	623.6	2	483	4	489	99.6	1	high		
GUT_GENOME058689_35___10803___12248___-___ACEFEPLF_01254	481	S1_46	459	1.6e-200	659.3	2	458	2	468	99.3	1	high		
GUT_GENOME001170_33___60850___62283___+___KENPOGJG_05203	477	S1_27	454	3.8e-136	447.4	2	447	4	439	98.0	1	high	3.1.6.12 3.1.6.- 	
GUT_GENOME045228_50___21350___22738___+___DHEMEBEF_03355	462	S1_27	454	1.3e-166	547.8	2	448	2	447	98.2	1	high	3.1.6.12 3.1.6.- 	
GUT_GENOME002968_95___3429___4847___-___GMMGKOLB_03588	472	S1_26	443	4.3e-188	618.5	2	441	2	439	99.1	1	high		
GUT_GENOME000133_4___88407___89870___+___OJMOKFHE_01918	487	S1_46	459	3.2e-81	266.0	2	453	7	471	98.3	1	low		
GUT_GENOME000553_1___1097460___1099076___-___JKJHMPML_00962	538	S1_63	482	1.5e-193	636.6	1	481	2	495	99.6	1	high		
GUT_GENOME045228_11___13306___14652___+___DHEMEBEF_01057	448	S1_65	439	1.3e-209	689.0	2	437	2	444	99.1	1	high		
GUT_GENOME098371_1___424106___425443___-___JJJIHJNP_00376	445	S1_65	439	1.1e-196	646.4	2	431	3	440	97.7	1	high		
GUT_GENOME000553_5___304634___306010___-___JKJHMPML_03563	458	S1_46	459	2.1e-89	293.0	3	441	2	449	95.4	1	low		
GUT_GENOME000950_14___152477___154045___-___DAADOFPN_04068	522	S1_90	451	2.2e-162	533.6	2	440	12	444	97.1	1	high		
GUT_GENOME019475_62___24292___25629___+___ADDNGEEN_02808	445	S1_65	439	2.5e-196	645.3	2	431	3	440	97.7	1	high		
GUT_GENOME002829_50___11352___12845___-___KJMJNODE_03329	497	S1_46	459	5.8e-151	495.9	2	456	11	456	98.9	1	high		
GUT_GENOME080546_279___16910___18310___+___MAAIFHCL_05062	466	S1_27	454	2.7e-159	523.7	2	444	2	462	97.4	1	high	3.1.6.12 3.1.6.- 	
GUT_GENOME096928_292___496___1983___-___BHEPOOPM_04715	495	S1_63	482	6.9e-208	683.9	1	480	2	487	99.4	1	high		
GUT_GENOME002829_36___33570___34943___-___KJMJNODE_02719	457	S1_14	426	7.7e-162	531.6	3	420	11	418	97.9	1	high		
GUT_GENOME001170_17___61364___63766___-___KENPOGJG_03705	800	S1_108	495	1.3e-184	607.5	1	481	325	792	97.0	1	high		
GUT_GENOME000553_7___136918___138291___-___JKJHMPML_04245	457	S1_27	454	9.7e-174	571.3	2	446	2	456	97.8	1	high	3.1.6.12 3.1.6.- 	
GUT_GENOME002968_3___18425___19906___-___GMMGKOLB_00253	493	S1_52	473	6.8e-215	707.2	2	470	4	487	98.9	1	high		
GUT_GENOME000133_15___21860___23311___+___OJMOKFHE_04496	483	S1_99	469	1e-249	821.9	5	468	4	474	98.7	1	high		
GUT_GENOME001698_46___22976___24478___-___FBHHJEAB_06930	500	S1_64	483	5.7e-216	711.1	1	482	3	496	99.6	1	high		
GUT_GENOME000133_12___87557___89038___-___OJMOKFHE_04008	493	S1_61	451	2.8e-194	638.8	1	450	2	455	99.6	1	high		
GUT_GENOME096928_63___2380___3852___-___BHEPOOPM_02045	490	S1_104	473	2.9e-249	820.4	9	473	1	473	98.1	1	high		
GUT_GENOME097727_7___324767___326143___-___BBMDIBHG_02963	458	S1_46	459	2.5e-89	292.7	3	441	2	449	95.4	1	low		
GUT_GENOME000133_1___681694___683187___-___OJMOKFHE_00612	497	S1_108	495	3.5e-259	853.5	1	491	2	495	99.0	1	high		
GUT_GENOME001698_1___506001___507443___-___FBHHJEAB_00526	480	S1_27	454	4.1e-173	569.3	3	449	2	469	98.2	1	high	3.1.6.12 3.1.6.- 	
GUT_GENOME000553_5___528838___530319___+___JKJHMPML_03733	493	S1_52	473	2e-219	722.1	2	470	4	487	98.9	1	high		
GUT_GENOME098371_4___131767___133269___+___JJJIHJNP_01321	500	S1_64	483	9.4e-216	710.4	1	482	3	496	99.6	1	high		
GUT_GENOME005372_30___11272___12786___-___IAJJCFIG_03449	504	S1_104	473	5.1e-253	832.8	1	473	6	486	99.8	1	high		
GUT_GENOME058689_13___21927___23396___-___ACEFEPLF_00586	489	S1_86	441	4.2e-244	802.9	1	441	2	442	99.8	1	high		
GUT_GENOME000553_4___667496___668956___-___JKJHMPML_03263	486	S1_46	459	2.2e-96	316.0	2	452	3	473	98.0	1	high		
GUT_GENOME005372_32___34862___36151___-___IAJJCFIG_03603	429	S3	508	1.9e-131	432.0	73	500	6	428	84.1	1	high	3.1.6.- 3.1.6.19 	
GUT_GENOME096928_7___1814___3268___+___BHEPOOPM_00441	484	S1_86	441	1.5e-253	834.0	1	441	2	441	99.8	1	high		
GUT_GENOME001170_4___356389___357678___-___KENPOGJG_01686	429	S3	508	5e-130	427.3	73	500	6	428	84.1	1	high	3.1.6.- 3.1.6.19 	
GUT_GENOME000133_7___9456___10862___-___OJMOKFHE_02864	468	S1_26	443	4.4e-210	691.0	2	441	4	443	99.1	1	high		
GUT_GENOME005372_44___44700___46214___+___IAJJCFIG_04257	504	S1_64	483	3.1e-218	718.5	1	483	3	497	99.8	1	high		
GUT_GENOME097930_28___13104___14672___-___CEFKGCOK_02994	522	S1_90	451	2.2e-161	530.4	2	440	12	444	97.1	1	high		
GUT_GENOME098371_12___64686___66146___-___JJJIHJNP_02700	486	S1_46	459	1.7e-96	316.4	2	452	3	473	98.0	1	high		
GUT_GENOME065971_11___110829___112310___+___HJCCIACG_02213	493	S1_61	451	6.6e-193	634.3	1	450	2	455	99.6	1	high		
GUT_GENOME000950_6___336618___338129___+___DAADOFPN_02213	503	S1_64	483	1.1e-211	697.0	1	483	3	487	99.8	1	high		
GUT_GENOME096928_269___1759___3240___+___BHEPOOPM_04569	493	S1_64	483	2.9e-191	629.6	2	483	4	487	99.6	1	high		
GUT_GENOME005372_6___95707___97044___+___IAJJCFIG_01053	445	S1_65	439	6.1e-197	647.2	2	431	3	440	97.7	1	high		
GUT_GENOME002968_12___48228___49574___-___GMMGKOLB_00899	448	S1_65	439	5.8e-210	690.2	2	437	2	444	99.1	1	high		
GUT_GENOME045228_14___64381___65847___+___DHEMEBEF_01346	488	S1_46	459	4.1e-96	315.1	2	447	17	482	96.9	1	high		
GUT_GENOME096928_27___9547___11028___+___BHEPOOPM_01149	493	S1_52	473	2e-215	708.9	2	470	4	487	98.9	1	high		
GUT_GENOME000256_30___73031___74524___+___DABHJPPA_04656	497	S1_46	459	1e-150	495.1	2	454	11	454	98.5	1	high		
GUT_GENOME002968_57___7348___8841___-___GMMGKOLB_02680	497	S1_108	495	2e-259	854.3	1	491	2	495	99.0	1	high		
GUT_GENOME065971_23___33031___34458___+___HJCCIACG_03199	475	S1_26	443	3.7e-199	655.0	2	441	4	442	99.1	1	high		
GUT_GENOME096928_86___96___1052___+___BHEPOOPM_02501	318	S3	508	7.3e-110	360.8	200	502	2	299	59.4	1	high	3.1.6.- 3.1.6.19 	
GUT_GENOME062974_69___13338___14822___-___GDDFAFEC_05124	494	S1_46	459	3.5e-204	671.4	4	457	9	474	98.7	1	high		
GUT_GENOME000950_36___34533___35984___+___DAADOFPN_06139	483	S1_26	443	3.9e-192	631.9	2	441	2	455	99.1	1	high		
GUT_GENOME096928_178___2984___4486___+___BHEPOOPM_03765	500	S1_64	483	1.6e-215	709.6	1	482	3	496	99.6	1	high		
GUT_GENOME001698_26___3317___4852___-___FBHHJEAB_05269	511	S1_65	439	3.1e-204	671.3	2	437	3	457	99.1	1	high		
GUT_GENOME098371_6___8124___9605___+___JJJIHJNP_01719	493	S1_52	473	9.9e-215	706.6	2	470	4	487	98.9	1	high		
GUT_GENOME065971_8___12195___13607___+___HJCCIACG_01708	470	S1_16	444	2.9e-173	569.3	3	433	4	467	96.8	1	high		
GUT_GENOME098371_4___73675___75075___+___JJJIHJNP_01271	466	S1_27	454	1.8e-159	524.3	2	444	2	462	97.4	1	high	3.1.6.12 3.1.6.- 	
GUT_GENOME001698_10___128329___129774___-___FBHHJEAB_03162	481	S1_46	459	4.5e-200	657.8	2	458	2	468	99.3	1	high		
GUT_GENOME019475_135___4219___5664___-___ADDNGEEN_04162	481	S1_46	459	7.6e-200	657.1	2	458	2	468	99.3	1	high		
GUT_GENOME080546_106___42926___44479___-___MAAIFHCL_02090	517	S1_67	492	1.2e-210	692.9	2	491	3	494	99.4	1	high		
GUT_GENOME002829_31___11021___13444___+___KJMJNODE_02443	807	S1_108	495	4.1e-185	609.2	1	478	325	800	96.4	1	high		
GUT_GENOME005372_2___8534___9994___+___IAJJCFIG_00207	486	S1_46	459	1.3e-96	316.8	2	452	3	473	98.0	1	high		
GUT_GENOME001698_21___54834___55490___+___FBHHJEAB_04727	218	S1_46	459	1.4e-50	165.0	263	452	2	196	41.2	1	probable fragment		
GUT_GENOME002968_56___25925___27310___+___GMMGKOLB_02666	461	S1_46	459	1.3e-90	297.0	2	452	3	453	98.0	1	low		
GUT_GENOME000950_3___322148___323566___+___DAADOFPN_01130	472	S1_26	443	4.3e-188	618.5	2	441	2	439	99.1	1	high		
GUT_GENOME096928_32___17778___19271___-___BHEPOOPM_01308	497	S1_46	459	1.8e-152	500.9	2	456	11	456	98.9	1	high		
GUT_GENOME019475_30___15086___17488___+___ADDNGEEN_01833	800	S1_108	495	6.4e-185	608.5	1	479	325	790	96.6	1	high		
GUT_GENOME005372_86___8125___9522___+___IAJJCFIG_05630	465	S1_46	459	1.1e-43	257.9	2	438	3	438	95.0	1	low		fusion of 2 fragments from 253 to 438 score 142.3 fragment 2 from 3 to 250 score 115.6
GUT_GENOME098371_2___118049___119374___+___JJJIHJNP_00607	441	S3	508	1.9e-139	458.3	74	502	6	422	84.3	1	high	3.1.6.- 3.1.6.19 	
GUT_GENOME097930_8___5615___7078___-___CEFKGCOK_01277	487	S1_46	459	3.3e-81	266.0	2	453	7	471	98.3	1	low		
GUT_GENOME058689_8___17770___19176___+___ACEFEPLF_00393	468	S1_26	443	7.7e-210	690.2	2	441	4	443	99.1	1	high		
GUT_GENOME019475_47___4809___6290___-___ADDNGEEN_02384	493	S1_64	483	6.7e-193	635.0	2	483	4	487	99.6	1	high		
GUT_GENOME097930_1___176154___177587___+___CEFKGCOK_00178	477	S1_27	454	1.4e-136	448.8	2	447	4	439	98.0	1	high	3.1.6.12 3.1.6.- 	
GUT_GENOME002829_43___33505___34920___-___KJMJNODE_03050	471	S1_16	444	2.2e-173	569.6	3	433	5	468	96.8	1	high		
GUT_GENOME019475_211___7605___8816___-___ADDNGEEN_04914	403	S1_9	433	1.8e-112	368.8	78	430	14	371	81.3	1	high	3.1.6.- 	
GUT_GENOME098371_7___84485___85858___+___JJJIHJNP_01945	457	S1_27	454	1e-173	571.2	2	446	2	456	97.8	1	high	3.1.6.12 3.1.6.- 	
GUT_GENOME097930_5___70042___71547___+___CEFKGCOK_00970	501	S1_43	470	1.1e-238	785.5	2	470	2	471	99.6	1	high		
GUT_GENOME002968_196___3978___5573___-___GMMGKOLB_04964	531	S1_46	459	1.1e-148	488.5	2	456	2	453	98.9	1	high		
GUT_GENOME002829_47___639___2147___+___KJMJNODE_03192	502	S1_74	455	5.7e-231	759.6	2	450	2	472	98.5	1	high		
GUT_GENOME002968_81___3836___5323___-___GMMGKOLB_03274	495	S1_63	482	2.2e-210	692.1	1	480	2	487	99.4	1	high		
GUT_GENOME001698_48___8016___9467___-___FBHHJEAB_07024	483	S1_26	443	4.1e-192	631.8	2	441	2	455	99.1	1	high		
GUT_GENOME019475_53___8871___10439___-___ADDNGEEN_02573	522	S1_90	451	5.2e-161	529.1	2	440	12	444	97.1	1	high		
GUT_GENOME096928_4___36241___37671___-___BHEPOOPM_00302	476	S1_7	456	2.5e-68	223.8	4	449	2	456	97.6	1	low		
GUT_GENOME001698_3___118881___120173___-___FBHHJEAB_01191	430	S1_16	444	1e-149	491.7	40	433	1	427	88.5	1	high		
GUT_GENOME097727_13___75452___76852___+___BBMDIBHG_03849	466	S1_90	451	7.3e-121	396.8	3	436	2	421	96.0	1	high		
GUT_GENOME005372_18___7362___8774___-___IAJJCFIG_02479	470	S1_16	444	4.6e-173	568.6	3	433	4	467	96.8	1	high		
GUT_GENOME000133_5___317826___319328___-___OJMOKFHE_02533	500	S1_64	483	7.8e-216	710.6	1	482	3	496	99.6	1	high		
GUT_GENOME005372_31___65431___66906___-___IAJJCFIG_03568	491	S1_64	483	3.3e-208	685.5	1	482	3	488	99.6	1	high		
GUT_GENOME097727_7___326178___327773___-___BBMDIBHG_02964	531	S1_46	459	2.7e-149	490.4	2	456	2	453	98.9	1	high		
GUT_GENOME005372_10___137494___138996___-___IAJJCFIG_01720	500	S1_64	483	1.2e-215	710.0	1	482	3	496	99.6	1	high		
GUT_GENOME097930_100___3661___5073___-___CEFKGCOK_05514	470	S1_16	444	7e-173	568.0	3	433	4	467	96.8	1	high		
GUT_GENOME097930_42___29736___31229___+___CEFKGCOK_03813	497	S1_46	459	1.8e-152	500.9	2	456	11	456	98.9	1	high		
GUT_GENOME065971_1___48676___50109___+___HJCCIACG_00040	477	S1_27	454	6.4e-173	568.6	3	448	2	468	98.0	1	high	3.1.6.12 3.1.6.- 	
GUT_GENOME096928_107___4948___6411___-___BHEPOOPM_02858	487	S1_46	459	3.3e-81	266.0	2	453	7	471	98.3	1	low		
GUT_GENOME097727_17___55445___56938___+___BBMDIBHG_04373	497	S1_108	495	2e-259	854.3	1	491	2	495	99.0	1	high		
GUT_GENOME002968_1___65154___66707___+___GMMGKOLB_00062	517	S1_67	492	1.7e-211	695.8	2	491	3	494	99.4	1	high		
GUT_GENOME045228_45___39998___41479___-___DHEMEBEF_03160	493	S1_52	473	9.9e-215	706.6	2	470	4	487	98.9	1	high		
GUT_GENOME000553_6___321042___322499___-___JKJHMPML_04095	485	S1_46	459	3.7e-95	312.0	2	447	13	479	96.9	1	high		
GUT_GENOME096928_391___831___2237___-___BHEPOOPM_05214	468	S1_27	454	5e-127	417.3	2	447	24	459	98.0	1	high	3.1.6.12 3.1.6.- 	
GUT_GENOME001698_25___39869___41254___+___FBHHJEAB_05198	461	S1_46	459	6.7e-91	297.9	2	452	3	453	98.0	1	low		
GUT_GENOME001698_1___130840___132228___+___FBHHJEAB_00129	462	S1_27	454	2.5e-166	546.9	2	448	2	447	98.2	1	high	3.1.6.12 3.1.6.- 	
GUT_GENOME097930_48___42319___43836___+___CEFKGCOK_04125	505	S1_64	483	1.9e-213	702.8	1	482	3	496	99.6	1	high		
GUT_GENOME000950_18___94882___96387___-___DAADOFPN_04637	501	S1_43	470	5.6e-239	786.4	2	470	2	471	99.6	1	high		
GUT_GENOME098371_15___65625___67070___-___JJJIHJNP_03087	481	S1_46	459	1.9e-200	659.1	2	458	2	468	99.3	1	high		
GUT_GENOME097727_14___18073___19548___+___BBMDIBHG_03925	491	S1_64	483	1.7e-208	686.4	1	482	3	488	99.6	1	high		
GUT_GENOME019475_82___11573___12991___-___ADDNGEEN_03249	472	S1_27	454	2.6e-148	487.5	2	452	6	457	99.1	1	high	3.1.6.12 3.1.6.- 	
GUT_GENOME000256_6___155987___157501___-___DABHJPPA_01528	504	S1_64	483	9.4e-219	720.3	1	483	3	497	99.8	1	high		
GUT_GENOME005372_88___10531___12024___-___IAJJCFIG_05665	497	S1_108	495	2.4e-259	854.0	1	491	2	495	99.0	1	high		
GUT_GENOME058689_43___8817___10280___-___ACEFEPLF_01436	487	S1_26	443	1.7e-195	643.0	2	441	3	461	99.1	1	high		
GUT_GENOME000553_2___764665___766140___+___JKJHMPML_01891	491	S1_64	483	6.1e-209	687.9	1	482	3	488	99.6	1	high		
GUT_GENOME005372_18___100000___101505___+___IAJJCFIG_02553	501	S1_61	451	1.8e-197	649.3	1	450	2	464	99.6	1	high		
GUT_GENOME097930_102___9326___10807___+___CEFKGCOK_05557	493	S1_52	473	2e-215	708.9	2	470	4	487	98.9	1	high		
GUT_GENOME005372_26___32053___33426___-___IAJJCFIG_03170	457	S1_27	454	1.7e-173	570.5	2	446	2	456	97.8	1	high	3.1.6.12 3.1.6.- 	
GUT_GENOME080546_28___12583___14097___-___MAAIFHCL_00571	504	S1_64	483	3.7e-219	721.6	1	483	3	497	99.8	1	high		
GUT_GENOME000553_6___313508___314926___-___JKJHMPML_04090	472	S1_27	454	1.1e-148	488.7	2	452	6	457	99.1	1	high	3.1.6.12 3.1.6.- 	
GUT_GENOME019475_262___2330___3811___+___ADDNGEEN_05222	493	S1_52	473	1.4e-219	722.6	2	470	4	487	98.9	1	high		
GUT_GENOME045228_8___79478___80890___+___DHEMEBEF_00864	470	S1_16	444	4.6e-173	568.6	3	433	4	467	96.8	1	high		
GUT_GENOME097930_12___28939___30402___+___CEFKGCOK_01715	487	S1_46	459	5.5e-86	281.7	3	452	2	465	97.8	1	low		
GUT_GENOME000950_16___36791___38293___+___DAADOFPN_04267	500	S1_64	483	1.9e-214	706.1	1	482	3	496	99.6	1	high		
GUT_GENOME097930_21___26829___28202___-___CEFKGCOK_02485	457	S1_27	454	2.4e-173	570.0	2	446	2	456	97.8	1	high	3.1.6.12 3.1.6.- 	
GUT_GENOME080546_119___7277___8722___+___MAAIFHCL_02358	481	S1_46	459	1.9e-200	659.1	2	458	2	468	99.3	1	high		
GUT_GENOME096928_107___12659___14020___+___BHEPOOPM_02863	453	S1_83	449	1.2e-229	755.3	2	446	4	449	98.9	1	high		
GUT_GENOME000133_17___3234___4865___-___OJMOKFHE_04791	543	S1_65	439	2.7e-205	674.8	2	437	3	457	99.1	1	high		
GUT_GENOME098371_32___62753___64222___-___JJJIHJNP_04658	489	S1_86	441	8.7e-245	805.1	1	441	2	442	99.8	1	high		
GUT_GENOME096928_187___4357___5763___-___BHEPOOPM_03864	468	S1_26	443	5.1e-210	690.8	2	441	4	443	99.1	1	high		
GUT_GENOME001170_3___150665___152077___-___KENPOGJG_01146	470	S1_16	444	2.9e-173	569.3	3	433	4	467	96.8	1	high		
GUT_GENOME097727_12___147341___148804___+___BBMDIBHG_03760	487	S1_46	459	1.7e-96	316.4	2	447	16	481	96.9	1	high		
GUT_GENOME002968_15___22932___24395___+___GMMGKOLB_01037	487	S1_26	443	1.5e-195	643.1	2	441	3	461	99.1	1	high		
GUT_GENOME002829_65___15050___16546___-___KJMJNODE_03915	498	S1_64	483	2.8e-229	755.0	1	483	3	495	99.8	1	high		
GUT_GENOME000133_16___72246___73625___+___OJMOKFHE_04704	459	S1_8	443	8.2e-123	403.1	5	432	2	430	96.4	1	high	3.10.1.1 3.1.6.- 	
GUT_GENOME001170_22___84127___85572___-___KENPOGJG_04259	481	S1_46	459	1.9e-200	659.1	2	458	2	468	99.3	1	high		
GUT_GENOME062974_6___123649___125163___+___GDDFAFEC_01171	504	S1_64	483	9.4e-219	720.3	1	483	3	497	99.8	1	high		
GUT_GENOME058689_58___10686___12011___+___ACEFEPLF_01772	441	S3	508	2.9e-139	457.8	74	501	6	421	84.1	1	high	3.1.6.- 3.1.6.19 	
GUT_GENOME000950_23___39110___40495___+___DAADOFPN_05177	461	S1_46	459	1.1e-90	297.2	2	452	3	453	98.0	1	low		
GUT_GENOME080546_58___3391___4851___+___MAAIFHCL_01052	486	S1_46	459	1.4e-96	316.6	2	452	3	473	98.0	1	high		
GUT_GENOME001170_19___113704___115050___-___KENPOGJG_03981	448	S1_65	439	3.5e-210	690.9	2	437	2	444	99.1	1	high		
GUT_GENOME096928_156___8599___10032___+___BHEPOOPM_03526	477	S1_27	454	8.8e-173	568.2	3	448	2	468	98.0	1	high	3.1.6.12 3.1.6.- 	
GUT_GENOME002968_183___1489___3891___+___GMMGKOLB_04861	800	S1_108	495	2e-184	606.9	1	479	325	790	96.6	1	high		
GUT_GENOME019475_45___26542___27930___+___ADDNGEEN_02348	462	S1_27	454	1.7e-166	547.4	2	448	2	447	98.2	1	high	3.1.6.12 3.1.6.- 	
GUT_GENOME098371_19___86175___87638___+___JJJIHJNP_03588	487	S1_26	443	1.3e-195	643.3	2	441	3	461	99.1	1	high		
GUT_GENOME000133_32___23478___25880___-___OJMOKFHE_05928	800	S1_108	495	2.3e-185	610.0	1	479	325	790	96.6	1	high		
GUT_GENOME062974_47___31631___32953___-___GDDFAFEC_04500	440	S1_8	443	2.3e-131	431.2	3	422	2	412	94.6	1	high	3.10.1.1 3.1.6.- 	
GUT_GENOME001170_38___50598___52016___+___KENPOGJG_05552	472	S1_9	433	5.9e-147	482.4	2	430	2	440	98.8	1	high	3.1.6.- 	
GUT_GENOME098371_2___146776___148209___+___JJJIHJNP_00631	477	S1_27	454	8.1e-173	568.3	3	448	2	468	98.0	1	high	3.1.6.12 3.1.6.- 	
GUT_GENOME080546_131___12___1487___-___MAAIFHCL_02529	491	S1_64	483	6.1e-208	684.6	1	482	3	488	99.6	1	high		
GUT_GENOME080546_81___12269___13750___+___MAAIFHCL_01599	493	S1_61	451	2.4e-193	635.8	1	450	2	455	99.6	1	high		
GUT_GENOME001698_9___126885___127682___-___FBHHJEAB_02945	265	S1_27	454	6.1e-67	219.3	197	448	1	257	55.3	1	probable fragment		
GUT_GENOME002968_138___129___1169___+___GMMGKOLB_04342	346	S1_65	439	2.5e-145	477.2	98	431	1	341	75.9	1	high		
GUT_GENOME097727_11___4896___6377___-___BBMDIBHG_03476	493	S1_64	483	6.7e-193	635.0	2	483	4	487	99.6	1	high		
GUT_GENOME097727_17___90927___92315___+___BBMDIBHG_04405	462	S1_27	454	2.6e-166	546.8	2	448	2	447	98.2	1	high	3.1.6.12 3.1.6.- 	
GUT_GENOME062974_22___95158___96630___-___GDDFAFEC_03001	490	S1_108	495	2.9e-126	415.0	2	489	2	479	98.4	1	high		
GUT_GENOME002968_15___24435___25847___+___GMMGKOLB_01038	470	S1_16	444	3.4e-173	569.0	3	433	4	467	96.8	1	high		
GUT_GENOME045228_59___25541___26974___+___DHEMEBEF_03716	477	S1_27	454	8.1e-173	568.3	3	448	2	468	98.0	1	high	3.1.6.12 3.1.6.- 	
GUT_GENOME000950_7___260365___261960___-___DAADOFPN_02450	531	S1_46	459	1.1e-148	488.5	2	456	2	453	98.9	1	high		
GUT_GENOME062974_51___32434___33771___-___GDDFAFEC_04652	445	S1_65	439	1.5e-197	649.3	2	432	3	441	97.9	1	high		
GUT_GENOME098371_30___30407___31696___-___JJJIHJNP_04492	429	S3	508	5e-131	430.6	73	500	6	428	84.1	1	high	3.1.6.- 3.1.6.19 	
GUT_GENOME000553_10___72683___74152___-___JKJHMPML_04846	489	S1_86	441	1e-244	804.9	1	441	2	442	99.8	1	high		
GUT_GENOME098371_18___8339___9745___+___JJJIHJNP_03417	468	S1_27	454	1.6e-127	419.0	2	447	24	459	98.0	1	high	3.1.6.12 3.1.6.- 	
GUT_GENOME097727_16___13523___14884___+___BBMDIBHG_04217	453	S1_83	449	9.9e-230	755.6	2	446	4	449	98.9	1	high		
GUT_GENOME045228_88___3528___4889___-___DHEMEBEF_04515	453	S1_83	449	6.7e-229	752.9	2	446	4	449	98.9	1	high		
GUT_GENOME096928_45___26369___27391___-___BHEPOOPM_01668	340	S1_64	483	4.5e-125	411.3	155	483	3	338	67.9	1	high		
GUT_GENOME000950_1___176521___178074___+___DAADOFPN_00152	517	S1_67	492	2e-211	695.6	2	491	3	494	99.4	1	high		
GUT_GENOME001170_39___50088___51569___-___KENPOGJG_05607	493	S1_52	473	1.7e-218	719.0	2	470	4	487	98.9	1	high		
GUT_GENOME001170_14___126989___129034___+___KENPOGJG_03378	681	S3	508	4.9e-176	579.1	24	502	3	545	94.1	1	high	3.1.6.- 3.1.6.19 	
GUT_GENOME000133_1___874682___875971___+___OJMOKFHE_00781	429	S3	508	5.5e-131	430.4	73	500	6	428	84.1	1	high	3.1.6.- 3.1.6.19 	
GUT_GENOME045228_116___1862___3187___-___DHEMEBEF_04994	441	S3	508	7.9e-141	462.9	74	502	6	422	84.3	1	high	3.1.6.- 3.1.6.19 	
GUT_GENOME002829_2___20770___22233___+___KJMJNODE_00227	487	S1_46	459	1.8e-84	276.8	3	452	2	465	97.8	1	low		
GUT_GENOME019475_126___12001___13488___+___ADDNGEEN_04037	495	S1_63	482	1.9e-210	692.4	1	480	2	487	99.4	1	high		
GUT_GENOME005372_50___45621___47102___-___IAJJCFIG_04550	493	S1_52	473	2e-218	718.8	2	470	4	487	98.9	1	high		
GUT_GENOME097930_5___87631___89148___+___CEFKGCOK_00986	505	S1_108	495	1.8e-241	795.1	2	491	2	494	98.8	1	high		
GUT_GENOME097930_102___7828___9309___+___CEFKGCOK_05556	493	S1_52	473	4e-218	717.8	2	470	4	487	98.9	1	high		
GUT_GENOME065971_28___19728___21245___-___HJCCIACG_03540	505	S1_108	495	7.7e-243	799.6	2	492	2	495	99.0	1	high		
GUT_GENOME065971_11___99622___101115___-___HJCCIACG_02206	497	S1_46	459	1.8e-152	500.9	2	456	11	456	98.9	1	high		
GUT_GENOME097930_36___49533___51026___+___CEFKGCOK_03495	497	S1_108	495	4.2e-259	853.2	1	491	2	495	99.0	1	high		
GUT_GENOME000133_1___97894___99339___+___OJMOKFHE_00082	481	S1_46	459	4.1e-200	657.9	2	458	2	468	99.3	1	high		
GUT_GENOME000256_2___211435___212838___+___DABHJPPA_00557	467	S1_104	473	2.4e-241	794.3	26	473	1	456	94.5	1	high		
GUT_GENOME001170_47___20190___21629___-___KENPOGJG_05954	479	S1_26	443	5.1e-192	631.5	2	441	2	455	99.1	1	high		
GUT_GENOME000133_15___23327___24775___+___OJMOKFHE_04497	482	S1_108	495	2e-173	570.6	2	482	7	476	97.0	1	high		
GUT_GENOME045228_97___862___1272___+___DHEMEBEF_04700	136	S1_108	495	1.3e-36	119.3	351	482	1	130	26.5	1	probable fragment		
GUT_GENOME096928_92___13491___14951___-___BHEPOOPM_02611	486	S1_15	471	2.5e-181	596.4	3	467	2	483	98.5	1	high	3.1.6.4 	
GUT_GENOME097930_3___147782___149257___-___CEFKGCOK_00752	491	S1_64	483	6e-208	684.6	1	482	3	488	99.6	1	high		
GUT_GENOME080546_135___23197___24558___+___MAAIFHCL_02589	453	S1_83	449	5.7e-229	753.1	2	446	4	449	98.9	1	high		
GUT_GENOME000950_43___25257___26675___+___DAADOFPN_06347	472	S1_9	433	8e-146	478.7	2	430	2	440	98.8	1	high	3.1.6.- 	
GUT_GENOME001170_3___243641___245104___-___KENPOGJG_01224	487	S1_46	459	3.3e-81	266.0	2	453	7	471	98.3	1	low		
GUT_GENOME000133_4___172393___173805___+___OJMOKFHE_01989	470	S1_16	444	3.3e-173	569.0	3	433	4	467	96.8	1	high		
GUT_GENOME058689_48___8805___10127___-___ACEFEPLF_01548	440	S1_8	443	3.6e-131	430.6	3	422	2	412	94.6	1	high	3.10.1.1 3.1.6.- 	
GUT_GENOME065971_3___247838___249256___+___HJCCIACG_00958	472	S1_9	433	5.9e-147	482.4	2	430	2	440	98.8	1	high	3.1.6.- 	
GUT_GENOME001698_3___120332___121387___-___FBHHJEAB_01192	351	S1_26	443	1.1e-130	429.3	118	441	2	325	72.9	1	high		
GUT_GENOME058689_254___5531___6949___+___ACEFEPLF_04101	472	S1_9	433	2.6e-146	480.3	2	430	2	440	98.8	1	high	3.1.6.- 	
GUT_GENOME005372_82___11549___13039___+___IAJJCFIG_05570	496	S1_64	483	2.6e-224	738.6	1	483	3	491	99.8	1	high		
GUT_GENOME001698_33___11521___12996___+___FBHHJEAB_05966	491	S1_64	483	6.1e-209	687.9	1	482	3	488	99.6	1	high		
GUT_GENOME001698_38___21460___22998___+___FBHHJEAB_06414	512	S1_64	483	3.2e-203	669.0	1	482	3	494	99.6	1	high		
GUT_GENOME001170_34___42984___44486___+___KENPOGJG_05266	500	S1_64	483	1.6e-215	709.6	1	482	3	496	99.6	1	high		
GUT_GENOME098371_15___58948___60441___-___JJJIHJNP_03082	497	S1_64	483	4.8e-189	622.3	2	483	4	489	99.6	1	high		
GUT_GENOME001698_8___207631___209031___+___FBHHJEAB_02820	466	S1_27	454	9.6e-158	518.6	2	444	2	462	97.4	1	high	3.1.6.12 3.1.6.- 	
GUT_GENOME000553_4___61344___62789___+___JKJHMPML_02705	481	S1_46	459	4.5e-200	657.8	2	458	2	468	99.3	1	high		
GUT_GENOME019475_30___4423___5841___+___ADDNGEEN_01825	472	S1_26	443	1.4e-188	620.1	2	441	2	439	99.1	1	high		
GUT_GENOME080546_135___29974___31443___+___MAAIFHCL_02593	489	S1_86	441	2.9e-253	833.1	1	441	2	441	99.8	1	high		
GUT_GENOME000133_4___80798___82159___-___OJMOKFHE_01913	453	S1_83	449	8.2e-229	752.6	2	446	4	449	98.9	1	high		
GUT_GENOME019475_5___67297___68766___-___ADDNGEEN_00461	489	S1_86	441	1.1e-243	801.5	1	441	2	442	99.8	1	high		
GUT_GENOME000133_11___26498___27916___+___OJMOKFHE_03763	472	S1_9	433	6.9e-147	482.2	2	430	2	440	98.8	1	high	3.1.6.- 	
GUT_GENOME058689_178___6834___8315___+___ACEFEPLF_03488	493	S1_52	473	3.4e-219	721.3	2	470	4	487	98.9	1	high		
GUT_GENOME045228_68___31667___33085___+___DHEMEBEF_04014	472	S1_9	433	6.9e-147	482.2	2	430	2	440	98.8	1	high	3.1.6.- 	
GUT_GENOME001170_1___554830___556263___-___KENPOGJG_00516	477	S1_27	454	6.4e-173	568.6	3	448	2	468	98.0	1	high	3.1.6.12 3.1.6.- 	
GUT_GENOME045228_40___10612___12105___-___DHEMEBEF_02874	497	S1_108	495	2e-259	854.3	1	491	2	495	99.0	1	high		
GUT_GENOME000553_1___350427___351941___-___JKJHMPML_00296	504	S1_64	483	1.8e-218	719.3	1	483	3	497	99.8	1	high		
GUT_GENOME045228_12___9114___10520___+___DHEMEBEF_01131	468	S1_26	443	4.4e-210	691.0	2	441	4	443	99.1	1	high		
GUT_GENOME096928_32___28985___30466___+___BHEPOOPM_01315	493	S1_61	451	6.6e-193	634.3	1	450	2	455	99.6	1	high		
GUT_GENOME058689_55___22487___23947___-___ACEFEPLF_01724	486	S1_46	459	2.5e-96	315.8	2	452	3	473	98.0	1	high		
GUT_GENOME019475_2___17918___19411___+___ADDNGEEN_00122	497	S1_46	459	2.2e-152	500.6	2	456	11	456	98.9	1	high		
GUT_GENOME002829_72___11529___13010___+___KJMJNODE_04113	493	S1_63	482	1.4e-207	682.9	1	480	2	487	99.4	1	high		
GUT_GENOME002968_56___24466___25935___+___GMMGKOLB_02665	489	S1_86	441	2.2e-244	803.8	1	441	2	442	99.8	1	high		
GUT_GENOME097727_4___5309___6823___-___BBMDIBHG_01674	504	S1_64	483	2e-218	719.2	1	483	3	497	99.8	1	high		
GUT_GENOME097930_21___31999___33417___+___CEFKGCOK_02489	472	S1_9	433	2.4e-146	480.4	2	430	2	440	98.8	1	high	3.1.6.- 	
GUT_GENOME080546_278___12154___13527___-___MAAIFHCL_05042	457	S1_27	454	1e-173	571.2	2	446	2	456	97.8	1	high	3.1.6.12 3.1.6.- 	
GUT_GENOME002968_63___23598___25100___+___GMMGKOLB_02857	500	S1_64	483	1.9e-215	709.4	1	482	3	496	99.6	1	high		
GUT_GENOME005372_8___6785___8203___-___IAJJCFIG_01295	472	S1_27	454	1.1e-148	488.8	2	453	6	458	99.3	1	high	3.1.6.12 3.1.6.- 	
GUT_GENOME001170_22___82566___84071___-___KENPOGJG_04258	501	S1_43	470	1.1e-239	788.7	2	470	2	471	99.6	1	high		
GUT_GENOME097930_3___149272___150618___-___CEFKGCOK_00753	448	S1_65	439	4.9e-211	693.7	2	437	2	444	99.1	1	high		
GUT_GENOME062974_1___209604___211079___+___GDDFAFEC_00183	491	S1_9	433	5.4e-145	476.0	1	430	2	459	99.1	1	high	3.1.6.- 	
GUT_GENOME019475_3___110351___111814___+___ADDNGEEN_00296	487	S1_46	459	1.5e-84	277.0	3	452	2	465	97.8	1	low		
GUT_GENOME097930_54___42291___43796___+___CEFKGCOK_04371	501	S1_61	451	6.3e-196	644.3	1	450	2	464	99.6	1	high		
GUT_GENOME097930_1___213716___215167___+___CEFKGCOK_00204	483	S1_99	469	1e-249	821.9	5	468	4	474	98.7	1	high		
GUT_GENOME000133_1___661195___662655___-___OJMOKFHE_00591	486	S1_46	459	8.3e-97	317.4	2	452	3	473	98.0	1	high		
GUT_GENOME000256_3___147667___149142___-___DABHJPPA_00800	491	S1_9	433	5.4e-145	476.0	1	430	2	459	99.1	1	high	3.1.6.- 	
GUT_GENOME097727_2___488592___490037___-___BBMDIBHG_01114	481	S1_46	459	7.4e-200	657.1	2	458	2	468	99.3	1	high		
GUT_GENOME097930_5___86126___87619___+___CEFKGCOK_00985	497	S1_64	483	1.9e-189	623.6	2	483	4	489	99.6	1	high		
GUT_GENOME000256_24___94654___95991___-___DABHJPPA_04115	445	S1_65	439	1.5e-197	649.3	2	432	3	441	97.9	1	high		
GUT_GENOME097930_75___21009___22469___-___CEFKGCOK_05044	486	S1_46	459	8.6e-97	317.3	2	452	3	473	98.0	1	high		
GUT_GENOME001698_15___18748___19743___-___FBHHJEAB_03861	331	S1_52	473	1.6e-136	448.7	151	470	7	325	67.4	1	high		
GUT_GENOME000133_4___73927___75381___-___OJMOKFHE_01909	484	S1_86	441	2.7e-253	833.2	1	441	2	441	99.8	1	high		
GUT_GENOME000256_3___152947___154320___+___DABHJPPA_00804	457	S1_27	454	8.3e-175	574.8	2	446	2	456	97.8	1	high	3.1.6.12 3.1.6.- 	
GUT_GENOME080546_43___52435___53841___-___MAAIFHCL_00842	468	S1_26	443	4.4e-210	691.0	2	441	4	443	99.1	1	high		
GUT_GENOME019475_183___3415___4926___-___ADDNGEEN_04674	503	S1_64	483	5.7e-212	697.9	1	483	3	487	99.8	1	high		
GUT_GENOME098371_5___206319___207809___+___JJJIHJNP_01684	496	S1_64	483	8e-224	737.0	1	483	3	491	99.8	1	high		
GUT_GENOME001170_23___4877___6358___-___KENPOGJG_04279	493	S1_64	483	2.9e-191	629.6	2	483	4	487	99.6	1	high		
GUT_GENOME001698_1___116179___116808___+___FBHHJEAB_00116	209	S1_46	459	3.6e-37	120.8	2	144	3	160	30.9	1	probable fragment		
GUT_GENOME058689_45___12581___14008___+___ACEFEPLF_01490	475	S1_26	443	2.7e-199	655.4	2	441	4	442	99.1	1	high		
GUT_GENOME096928_111___5573___7036___-___BHEPOOPM_02915	487	S1_8	443	1.4e-126	415.4	2	434	2	457	97.5	1	high	3.10.1.1 3.1.6.- 	
GUT_GENOME080546_269___8732___10195___+___MAAIFHCL_04854	487	S1_46	459	7.5e-85	278.0	3	452	2	465	97.8	1	low		
GUT_GENOME097930_58___4392___5831___-___CEFKGCOK_04494	479	S1_26	443	5.7e-192	631.3	2	441	2	455	99.1	1	high		
GUT_GENOME000133_30___30322___31776___+___OJMOKFHE_05865	484	S1_74	455	9e-239	785.3	2	453	2	458	99.1	1	high		
GUT_GENOME096928_111___7033___8661___-___BHEPOOPM_02916	542	S1_46	459	3.7e-136	447.1	1	452	2	443	98.3	1	high		
GUT_GENOME098371_3___78182___79588___-___JJJIHJNP_00985	468	S1_26	443	6.6e-210	690.4	2	441	4	443	99.1	1	high		
GUT_GENOME097930_1___89663___91135___+___CEFKGCOK_00096	490	S1_104	473	2.9e-249	820.4	9	473	1	473	98.1	1	high		
GUT_GENOME058689_92___6479___7960___-___ACEFEPLF_02413	493	S1_61	451	8.6e-194	637.2	1	450	2	455	99.6	1	high		
GUT_GENOME097727_18___125475___126977___-___BBMDIBHG_04558	500	S1_64	483	1.2e-205	677.1	1	482	3	495	99.6	1	high		
GUT_GENOME065971_4___162100___163506___-___HJCCIACG_01089	468	S1_27	454	5e-127	417.3	2	447	24	459	98.0	1	high	3.1.6.12 3.1.6.- 	
GUT_GENOME097727_14___16712___18058___+___BBMDIBHG_03924	448	S1_65	439	6.1e-211	693.4	2	437	2	444	99.1	1	high		
GUT_GENOME065971_13___99665___100954___-___HJCCIACG_02423	429	S3	508	5e-130	427.3	73	500	6	428	84.1	1	high	3.1.6.- 3.1.6.19 	
GUT_GENOME097727_16___49198___50523___+___BBMDIBHG_04245	441	S1_8	443	5.4e-130	426.7	3	422	2	412	94.6	1	high	3.10.1.1 3.1.6.- 	
GUT_GENOME097727_12___156540___157958___+___BBMDIBHG_03766	472	S1_27	454	6.2e-149	489.5	2	452	6	457	99.1	1	high	3.1.6.12 3.1.6.- 	
GUT_GENOME097727_1___356777___358231___+___BBMDIBHG_00293	484	S1_74	455	2.6e-239	787.1	2	453	2	458	99.1	1	high		
GUT_GENOME000950_5___309178___310566___-___DAADOFPN_01860	462	S1_27	454	4.2e-165	542.9	2	448	2	447	98.2	1	high	3.1.6.12 3.1.6.- 	
GUT_GENOME080546_289___7430___8848___+___MAAIFHCL_05145	472	S1_27	454	5.3e-148	486.5	2	452	6	457	99.1	1	high	3.1.6.12 3.1.6.- 	
GUT_GENOME058689_17___11144___12634___+___ACEFEPLF_00726	496	S1_64	483	2.3e-224	738.8	1	483	3	491	99.8	1	high		
GUT_GENOME005372_57___8998___10431___-___IAJJCFIG_04815	477	S1_27	454	1.4e-136	448.8	2	447	4	439	98.0	1	high	3.1.6.12 3.1.6.- 	
GUT_GENOME002968_137___1860___3323___+___GMMGKOLB_04333	487	S1_46	459	1.4e-84	277.1	3	452	2	465	97.8	1	low		
GUT_GENOME019475_24___33011___34438___+___ADDNGEEN_01624	475	S1_26	443	4.7e-200	658.0	2	441	4	442	99.1	1	high		
GUT_GENOME000950_23___37651___39120___+___DAADOFPN_05176	489	S1_86	441	3.8e-244	803.0	1	441	2	442	99.8	1	high		
GUT_GENOME045228_7___96013___97530___-___DHEMEBEF_00799	505	S1_108	495	7.7e-243	799.6	2	492	2	495	99.0	1	high		
GUT_GENOME097930_89___14589___15968___+___CEFKGCOK_05331	459	S1_8	443	9.2e-123	402.9	5	432	2	430	96.4	1	high	3.10.1.1 3.1.6.- 	
GUT_GENOME000133_8___116095___117570___+___OJMOKFHE_03221	491	S1_64	483	6e-208	684.6	1	482	3	488	99.6	1	high		
GUT_GENOME019475_1___91901___93271___+___ADDNGEEN_00081	456	S1_65	439	3e-206	677.9	2	437	2	451	99.1	1	high		
GUT_GENOME096928_20___28608___30020___-___BHEPOOPM_00957	470	S1_16	444	2.9e-173	569.3	3	433	4	467	96.8	1	high		
GUT_GENOME001170_20___106296___107777___-___KENPOGJG_04076	493	S1_64	483	2.7e-214	705.6	1	483	3	492	99.8	1	high		
GUT_GENOME097727_16___20300___21754___+___BBMDIBHG_04221	484	S1_86	441	1.5e-252	830.7	1	441	2	441	99.8	1	high		
GUT_GENOME080546_187___19953___21338___-___MAAIFHCL_03491	461	S1_46	459	2.4e-90	296.1	2	452	3	453	98.0	1	low		
GUT_GENOME098371_24___21009___22460___+___JJJIHJNP_04000	483	S1_99	469	7.6e-250	822.3	5	468	4	474	98.7	1	high		
GUT_GENOME058689_249___5447___6901___-___ACEFEPLF_04072	484	S1_86	441	1.2e-253	834.4	1	441	2	441	99.8	1	high		
GUT_GENOME045228_70___9345___10688___-___DHEMEBEF_04059	447	S1_65	439	1.7e-191	629.3	3	437	2	429	98.9	1	high		
GUT_GENOME001698_9___80254___81849___+___FBHHJEAB_02901	531	S1_46	459	2.7e-149	490.4	2	456	2	453	98.9	1	high		
GUT_GENOME001698_3___313400___314818___-___FBHHJEAB_01371	472	S1_27	454	1.1e-148	488.7	2	452	6	457	99.1	1	high	3.1.6.12 3.1.6.- 	
GUT_GENOME097727_21___27632___29050___+___BBMDIBHG_04846	472	S1_9	433	5e-147	482.7	2	430	2	440	98.8	1	high	3.1.6.- 	
GUT_GENOME002968_260___2586___4067___+___GMMGKOLB_05341	493	S1_64	483	6.7e-193	635.0	2	483	4	487	99.6	1	high		
GUT_GENOME096928_438___367___1827___+___BHEPOOPM_05376	486	S1_46	459	1.8e-96	316.2	2	452	3	473	98.0	1	high		
GUT_GENOME080546_11___17590___19002___-___MAAIFHCL_00227	470	S1_16	444	3.3e-173	569.0	3	433	4	467	96.8	1	high		
GUT_GENOME000133_5___33108___34622___-___OJMOKFHE_02264	504	S1_64	483	5e-219	721.2	1	483	3	497	99.8	1	high		
GUT_GENOME058689_35___9242___10747___-___ACEFEPLF_01253	501	S1_43	470	1.3e-239	788.4	2	470	2	471	99.6	1	high		
GUT_GENOME097930_42___18541___20022___-___CEFKGCOK_03806	493	S1_61	451	6.6e-193	634.3	1	450	2	455	99.6	1	high		
GUT_GENOME045228_56___29239___30426___-___DHEMEBEF_03621	395	S1_104	473	1.8e-189	623.2	26	382	1	365	75.3	1	high		
GUT_GENOME002968_16___47482___48993___-___GMMGKOLB_01107	503	S1_64	483	1.7e-212	699.6	1	483	3	487	99.8	1	high		
GUT_GENOME045228_11___14667___16142___+___DHEMEBEF_01058	491	S1_64	483	1.9e-207	683.0	1	482	3	488	99.6	1	high		
GUT_GENOME000950_3___6499___8010___+___DAADOFPN_00849	503	S1_104	473	9.1e-257	845.1	1	473	6	486	99.8	1	high		
GUT_GENOME000256_4___176717___178237___-___DABHJPPA_01122	506	S1_64	483	1.3e-188	620.9	2	483	4	489	99.6	1	high		
GUT_GENOME001698_14___149692___150936___-___FBHHJEAB_03834	414	S1_65	439	1.8e-192	632.5	2	398	2	412	90.2	1	high		
GUT_GENOME002829_7___25262___26743___+___KJMJNODE_00834	493	S1_52	473	1.7e-216	712.4	2	470	4	487	98.9	1	high		
GUT_GENOME005372_40___42686___44185___+___IAJJCFIG_04052	499	S1_46	459	5.7e-86	281.7	3	452	14	477	97.8	1	low		
GUT_GENOME098371_19___56858___58741___+___JJJIHJNP_03566	627	S1_64	483	5.5e-219	721.0	1	482	3	521	99.6	1	high		
GUT_GENOME065971_1___426787___428280___-___HJCCIACG_00394	497	S1_108	495	1.8e-259	854.4	1	491	2	495	99.0	1	high		
GUT_GENOME096928_105___13339___14784___-___BHEPOOPM_02835	481	S1_46	459	1.9e-200	659.1	2	458	2	468	99.3	1	high		
GUT_GENOME058689_53___16902___18341___-___ACEFEPLF_01680	479	S1_26	443	8.4e-192	630.8	2	441	2	455	99.1	1	high		
GUT_GENOME001170_20___110496___111926___+___KENPOGJG_04079	476	S1_7	456	2.5e-68	223.8	4	449	2	456	97.6	1	low		
GUT_GENOME097930_38___55299___56786___+___CEFKGCOK_03624	495	S1_63	482	1.3e-208	686.4	1	480	2	487	99.4	1	high		
GUT_GENOME001170_2___346119___347525___+___KENPOGJG_00860	468	S1_26	443	5.1e-210	690.8	2	441	4	443	99.1	1	high		
GUT_GENOME002968_273___1652___3040___+___GMMGKOLB_05389	462	S1_27	454	8.1e-166	545.2	2	448	2	447	98.2	1	high	3.1.6.12 3.1.6.- 	
GUT_GENOME065971_2___148871___150277___+___HJCCIACG_00613	468	S1_26	443	5.1e-210	690.8	2	441	4	443	99.1	1	high		
GUT_GENOME097930_5___68541___69986___+___CEFKGCOK_00969	481	S1_46	459	1.6e-200	659.3	2	458	2	468	99.3	1	high		
GUT_GENOME065971_14___6121___7518___+___HJCCIACG_02444	465	S1_46	459	1.1e-43	257.9	2	438	3	438	95.0	1	low		fusion of 2 fragments from 253 to 438 score 142.3 fragment 2 from 3 to 250 score 115.6
GUT_GENOME098371_9___175958___177511___+___JJJIHJNP_02335	517	S1_67	492	2.2e-210	692.1	2	491	3	494	99.4	1	high		
GUT_GENOME065971_47___37904___39385___-___HJCCIACG_04559	493	S1_52	473	1.7e-218	719.0	2	470	4	487	98.9	1	high		
GUT_GENOME001170_3___258130___259584___+___KENPOGJG_01233	484	S1_86	441	1.5e-253	834.0	1	441	2	441	99.8	1	high		
GUT_GENOME097727_12___166876___168429___+___BBMDIBHG_03773	517	S1_67	492	4.8e-211	694.3	2	491	3	494	99.4	1	high		
GUT_GENOME005372_11___61134___62567___-___IAJJCFIG_01786	477	S1_27	454	3.2e-173	569.6	3	448	2	468	98.0	1	high	3.1.6.12 3.1.6.- 	
GUT_GENOME000553_3___294301___295791___-___JKJHMPML_02208	496	S1_64	483	4.3e-224	737.9	1	483	3	491	99.8	1	high		
GUT_GENOME065971_35___38553___40025___+___HJCCIACG_03964	490	S1_104	473	2.9e-249	820.4	9	473	1	473	98.1	1	high		
GUT_GENOME001698_9___127679___128290___-___FBHHJEAB_02946	203	S1_27	454	7.5e-51	166.2	2	172	24	178	37.4	1	probable fragment		
GUT_GENOME096928_478___32___958___+___BHEPOOPM_05516	308	S1_26	443	5.5e-111	364.4	157	441	1	284	64.1	1	high		
GUT_GENOME000950_9___138091___139572___+___DAADOFPN_02884	493	S1_52	473	1.4e-219	722.6	2	470	4	487	98.9	1	high		
GUT_GENOME019475_17___41067___42428___-___ADDNGEEN_01302	453	S1_83	449	4.4e-229	753.5	2	446	4	449	98.9	1	high		
GUT_GENOME096928_201___4019___5392___-___BHEPOOPM_04000	457	S1_27	454	6.2e-173	568.7	2	446	2	456	97.8	1	high	3.1.6.12 3.1.6.- 	
GUT_GENOME080546_81___1032___2525___-___MAAIFHCL_01592	497	S1_46	459	3.2e-152	500.1	2	456	11	456	98.9	1	high		
GUT_GENOME019475_126___10490___12004___+___ADDNGEEN_04036	504	S1_64	483	4.8e-218	717.9	1	483	3	497	99.8	1	high		
GUT_GENOME000133_4___436652___438145___+___OJMOKFHE_02195	497	S1_64	483	8.7e-229	753.4	1	483	3	495	99.8	1	high		
GUT_GENOME000133_1___104523___106016___+___OJMOKFHE_00087	497	S1_64	483	3.1e-189	622.9	2	483	4	489	99.6	1	high		
GUT_GENOME065971_25___68892___70292___+___HJCCIACG_03373	466	S1_27	454	6.8e-160	525.7	2	444	2	462	97.4	1	high	3.1.6.12 3.1.6.- 	
GUT_GENOME097930_83___1789___3114___-___CEFKGCOK_05202	441	S3	508	1.4e-138	455.5	74	502	6	422	84.3	1	high	3.1.6.- 3.1.6.19 	
GUT_GENOME001698_11___163972___165351___-___FBHHJEAB_03372	459	S1_8	443	1.5e-121	398.9	5	432	2	430	96.4	1	high	3.10.1.1 3.1.6.- 	
GUT_GENOME000553_4___285503___286945___+___JKJHMPML_02908	480	S1_27	454	4.1e-173	569.3	3	449	2	469	98.2	1	high	3.1.6.12 3.1.6.- 	
GUT_GENOME096928_27___8049___9530___+___BHEPOOPM_01148	493	S1_52	473	1.7e-218	719.0	2	470	4	487	98.9	1	high		
GUT_GENOME065971_34___55434___56948___+___HJCCIACG_03922	504	S1_64	483	5.5e-219	721.0	1	483	3	497	99.8	1	high		
GUT_GENOME000553_5___306045___307640___-___JKJHMPML_03564	531	S1_46	459	2.7e-149	490.4	2	456	2	453	98.9	1	high		
GUT_GENOME062974_15___5055___6470___+___GDDFAFEC_02219	471	S1_16	444	9.3e-174	570.9	3	434	5	469	97.1	1	high		
GUT_GENOME065971_13___20742___22232___+___HJCCIACG_02361	496	S1_64	483	1e-223	736.6	1	483	3	491	99.8	1	high		
GUT_GENOME080546_28___11099___12586___-___MAAIFHCL_00570	495	S1_63	482	8.6e-209	686.9	1	480	2	487	99.4	1	high		
GUT_GENOME000553_1___1099045___1100613___-___JKJHMPML_00963	522	S1_90	451	2.2e-162	533.6	2	440	12	444	97.1	1	high		
GUT_GENOME000950_19___132002___133348___-___DAADOFPN_04797	448	S1_65	439	6.1e-211	693.4	2	437	2	444	99.1	1	high		
GUT_GENOME045228_14___83934___85487___+___DHEMEBEF_01359	517	S1_67	492	1.2e-210	692.9	2	491	3	494	99.4	1	high		
GUT_GENOME065971_28___26373___27878___-___HJCCIACG_03545	501	S1_43	470	1.1e-239	788.7	2	470	2	471	99.6	1	high		
GUT_GENOME097930_19___4933___6414___-___CEFKGCOK_02295	493	S1_64	483	1.5e-192	633.9	2	483	4	487	99.6	1	high		
GUT_GENOME005372_26___37223___38641___+___IAJJCFIG_03174	472	S1_9	433	2.4e-146	480.4	2	430	2	440	98.8	1	high	3.1.6.- 	
GUT_GENOME058689_29___27465___28970___+___ACEFEPLF_01115	501	S1_61	451	3.4e-197	648.4	1	450	2	464	99.6	1	high		
GUT_GENOME096928_269___3245___4876___+___BHEPOOPM_04570	543	S1_65	439	2.3e-204	671.7	2	437	3	457	99.1	1	high		
GUT_GENOME062974_1___204426___205799___-___GDDFAFEC_00179	457	S1_27	454	8.3e-175	574.8	2	446	2	456	97.8	1	high	3.1.6.12 3.1.6.- 	
GUT_GENOME096928_24___16755___18101___+___BHEPOOPM_01068	448	S1_65	439	3.5e-210	690.9	2	437	2	444	99.1	1	high		
GUT_GENOME002829_50___22469___23995___+___KJMJNODE_03336	508	S1_61	451	1.4e-195	643.1	1	450	2	455	99.6	1	high		
GUT_GENOME000950_10___171517___173004___+___DAADOFPN_03219	495	S1_63	482	1.1e-210	693.2	1	480	2	487	99.4	1	high		
GUT_GENOME097727_2___584116___585567___-___BBMDIBHG_01195	483	S1_26	443	1.9e-192	632.9	2	441	2	455	99.1	1	high		
GUT_GENOME097727_7___319598___321088___+___BBMDIBHG_02960	496	S1_64	483	1.2e-190	627.6	1	482	3	483	99.6	1	high		
GUT_GENOME062974_3___146493___148064___-___GDDFAFEC_00663	523	S1_66	482	1.7e-178	586.8	2	478	2	507	98.8	1	high		
GUT_GENOME080546_219___11178___12668___-___MAAIFHCL_03981	496	S1_64	483	8e-224	737.0	1	483	3	491	99.8	1	high		
GUT_GENOME097930_15___77812___79245___-___CEFKGCOK_02038	477	S1_27	454	3.2e-173	569.6	3	448	2	468	98.0	1	high	3.1.6.12 3.1.6.- 	
GUT_GENOME005372_5___169977___171101___-___IAJJCFIG_00947	374	S1_26	443	4.6e-141	463.5	92	441	2	350	78.8	1	high		
GUT_GENOME005372_8___71296___72789___+___IAJJCFIG_01354	497	S1_46	459	2.4e-152	500.5	2	456	11	456	98.9	1	high		
GUT_GENOME001698_9___35902___36333___-___FBHHJEAB_02857	143	S1_14	426	5e-58	189.6	3	120	2	124	27.5	1	probable fragment		
GUT_GENOME001698_4___162145___163518___+___FBHHJEAB_01620	457	S1_27	454	9.7e-174	571.3	2	446	2	456	97.8	1	high	3.1.6.12 3.1.6.- 	
GUT_GENOME001698_6___164309___165820___+___FBHHJEAB_02266	503	S1_64	483	1.4e-212	700.0	1	483	3	487	99.8	1	high		
GUT_GENOME062974_6___125160___126641___+___GDDFAFEC_01172	493	S1_63	482	3.1e-209	688.3	1	480	2	487	99.4	1	high		
GUT_GENOME080546_11___19042___20505___-___MAAIFHCL_00228	487	S1_26	443	1.3e-195	643.3	2	441	3	461	99.1	1	high		
GUT_GENOME005372_8___15939___17402___-___IAJJCFIG_01301	487	S1_46	459	5.9e-97	317.9	2	447	16	481	96.9	1	high		
GUT_GENOME002968_16___53467___54756___+___GMMGKOLB_01111	429	S3	508	8.9e-132	433.0	73	500	6	428	84.1	1	high	3.1.6.- 3.1.6.19 	
GUT_GENOME096928_4___40390___41871___+___BHEPOOPM_00305	493	S1_64	483	2.7e-214	705.6	1	483	3	492	99.8	1	high		
GUT_GENOME002968_141___7537___9018___+___GMMGKOLB_04398	493	S1_15	471	1.7e-180	593.7	4	467	7	491	98.3	1	high	3.1.6.4 	
GUT_GENOME096928_105___11778___13283___-___BHEPOOPM_02834	501	S1_43	470	1.1e-239	788.7	2	470	2	471	99.6	1	high		
GUT_GENOME080546_125___8190___9533___-___MAAIFHCL_02428	447	S1_65	439	1.7e-191	629.3	3	437	2	429	98.9	1	high		
GUT_GENOME000950_1___409312___410775___+___DAADOFPN_00336	487	S1_26	443	9.3e-196	643.8	2	441	3	461	99.1	1	high		
GUT_GENOME080546_278___17324___18742___+___MAAIFHCL_05046	472	S1_9	433	6.9e-147	482.2	2	430	2	440	98.8	1	high	3.1.6.- 	
GUT_GENOME001698_33___10160___11506___+___FBHHJEAB_05965	448	S1_65	439	7.2e-211	693.2	2	437	2	444	99.1	1	high		
GUT_GENOME000950_19___130512___131987___-___DAADOFPN_04796	491	S1_64	483	6.1e-209	687.9	1	482	3	488	99.6	1	high		
GUT_GENOME019475_44___8529___9935___-___ADDNGEEN_02307	468	S1_27	454	1.1e-126	416.2	2	447	24	459	98.0	1	high	3.1.6.12 3.1.6.- 	
GUT_GENOME096928_201___9189___10607___+___BHEPOOPM_04004	472	S1_9	433	5.9e-147	482.4	2	430	2	440	98.8	1	high	3.1.6.- 	
GUT_GENOME002829_19___32348___33685___-___KJMJNODE_01765	445	S1_65	439	5.7e-198	650.7	2	432	3	441	97.9	1	high		
GUT_GENOME019475_53___7286___8902___-___ADDNGEEN_02572	538	S1_63	482	4.2e-193	635.1	1	481	2	495	99.6	1	high		
GUT_GENOME000256_18___85622___86968___-___DABHJPPA_03512	448	S1_65	439	2.8e-211	694.5	2	437	2	444	99.1	1	high		
GUT_GENOME001698_3___221983___223308___+___FBHHJEAB_01291	441	S1_8	443	5.4e-130	426.7	3	422	2	412	94.6	1	high	3.10.1.1 3.1.6.- 	
GUT_GENOME062974_3___20417___21985___+___GDDFAFEC_00556	522	S1_46	459	9.5e-150	491.9	2	452	2	448	98.0	1	high		
GUT_GENOME002829_74___9235___10578___-___KJMJNODE_04168	447	S1_65	439	1.6e-192	632.7	3	437	2	429	98.9	1	high		
GUT_GENOME096928_57___24133___25476___+___BHEPOOPM_01937	447	S1_65	439	1.2e-191	629.8	3	437	2	429	98.9	1	high		
GUT_GENOME002829_67___11322___12737___+___KJMJNODE_03976	471	S1_27	454	3.9e-173	569.3	3	448	2	463	98.0	1	high	3.1.6.12 3.1.6.- 	
GUT_GENOME001170_10___63869___65332___+___KENPOGJG_02829	487	S1_46	459	8e-85	277.9	3	452	2	465	97.8	1	low		
GUT_GENOME001170_21___18409___19815___-___KENPOGJG_04103	468	S1_27	454	5e-127	417.3	2	447	24	459	98.0	1	high	3.1.6.12 3.1.6.- 	
GUT_GENOME097930_28___16086___17627___-___CEFKGCOK_02996	513	S1_64	483	2.2e-205	676.1	1	482	3	495	99.6	1	high		
GUT_GENOME000553_4___652904___654292___-___JKJHMPML_03252	462	S1_27	454	2.5e-166	546.9	2	448	2	447	98.2	1	high	3.1.6.12 3.1.6.- 	
GUT_GENOME019475_17___48676___50139___+___ADDNGEEN_01307	487	S1_46	459	3.3e-81	265.9	2	453	7	471	98.3	1	low		
GUT_GENOME000553_6___303217___304590___-___JKJHMPML_04083	457	S1_67	492	3.3e-193	635.5	2	441	3	444	89.2	1	high		
GUT_GENOME019475_78___13315___14760___-___ADDNGEEN_03168	481	S1_27	454	8.5e-173	568.2	3	449	2	469	98.2	1	high	3.1.6.12 3.1.6.- 	
GUT_GENOME045228_88___11137___12600___+___DHEMEBEF_04520	487	S1_46	459	2.3e-81	266.5	2	453	7	471	98.3	1	low		
GUT_GENOME058689_219___6524___7885___+___ACEFEPLF_03838	453	S1_83	449	3.7e-229	753.7	2	446	4	449	98.9	1	high		
GUT_GENOME000553_1___465381___466862___-___JKJHMPML_00387	493	S1_15	471	3.8e-181	595.8	4	467	7	491	98.3	1	high	3.1.6.4 	
GUT_GENOME001698_10___126767___128272___-___FBHHJEAB_03161	501	S1_43	470	8.1e-239	785.9	2	470	2	471	99.6	1	high		
GUT_GENOME000950_1___166185___167603___+___DAADOFPN_00145	472	S1_27	454	2.6e-148	487.5	2	452	6	457	99.1	1	high	3.1.6.12 3.1.6.- 	
GUT_GENOME019475_111___3593___5188___+___ADDNGEEN_03804	531	S1_46	459	1.7e-149	491.1	2	456	2	453	98.9	1	high		
GUT_GENOME000553_2___142595___143932___+___JKJHMPML_01330	445	S1_65	439	2.7e-196	645.1	2	431	3	440	97.7	1	high		
GUT_GENOME098371_4___127003___128430___+___JJJIHJNP_01318	475	S1_26	443	1.4e-199	656.4	2	441	4	442	99.1	1	high		
GUT_GENOME000133_1___310725___312158___+___OJMOKFHE_00270	477	S1_27	454	6.4e-173	568.6	3	448	2	468	98.0	1	high	3.1.6.12 3.1.6.- 	
GUT_GENOME058689_108___89___1000___+___ACEFEPLF_02645	303	S1_65	439	7.1e-119	390.0	154	437	2	285	64.5	1	high		
GUT_GENOME000950_4___179669___181048___+___DAADOFPN_01387	459	S1_8	443	1.9e-122	401.9	5	432	2	430	96.4	1	high	3.10.1.1 3.1.6.- 	
GUT_GENOME000553_5___299465___300955___+___JKJHMPML_03560	496	S1_64	483	9.2e-191	628.0	1	482	3	483	99.6	1	high		
GUT_GENOME080546_135___15486___16949___-___MAAIFHCL_02584	487	S1_46	459	6.6e-82	268.3	2	451	7	469	97.8	1	low		
GUT_GENOME065971_14___7531___9012___+___HJCCIACG_02445	493	S1_64	483	2.7e-214	705.6	1	483	3	492	99.8	1	high		
GUT_GENOME000950_14___155459___156997___-___DAADOFPN_04070	512	S1_64	483	6.4e-204	671.3	1	482	3	494	99.6	1	high		
GUT_GENOME002968_1___47106___48503___+___GMMGKOLB_00049	465	S1_46	459	3.4e-77	252.7	43	447	34	459	88.0	1	low		
GUT_GENOME000133_3___129038___130444___-___OJMOKFHE_01451	468	S1_27	454	6.8e-127	416.9	2	447	24	459	98.0	1	high	3.1.6.12 3.1.6.- 	
GUT_GENOME097727_9___196612___198075___-___BBMDIBHG_03327	487	S1_46	459	7.4e-86	281.3	3	452	2	465	97.8	1	low		
GUT_GENOME065971_14___3382___4812___-___HJCCIACG_02442	476	S1_7	456	2.5e-68	223.8	4	449	2	456	97.6	1	low		
GUT_GENOME058689_55___8720___10108___-___ACEFEPLF_01713	462	S1_27	454	2.1e-166	547.1	2	448	2	447	98.2	1	high	3.1.6.12 3.1.6.- 	
GUT_GENOME045228_8___48729___50612___+___DHEMEBEF_00841	627	S1_64	483	5.5e-219	721.0	1	482	3	521	99.6	1	high		
GUT_GENOME000256_13___97795___99363___-___DABHJPPA_02788	522	S1_46	459	9.5e-150	491.9	2	452	2	448	98.0	1	high		
GUT_GENOME005372_86___9535___11016___+___IAJJCFIG_05631	493	S1_64	483	2.7e-214	705.6	1	483	3	492	99.8	1	high		
GUT_GENOME000133_4___152187___154070___+___OJMOKFHE_01974	627	S1_64	483	5.5e-219	721.0	1	482	3	521	99.6	1	high		
GUT_GENOME000553_1___348943___350430___-___JKJHMPML_00295	495	S1_63	482	6.7e-209	687.3	1	480	2	487	99.4	1	high		
GUT_GENOME097930_48___46228___47568___+___CEFKGCOK_04127	446	S1_46	459	1.3e-67	221.1	27	439	18	422	89.8	1	low		
GUT_GENOME000950_7___219412___220818___+___DAADOFPN_02412	468	S1_27	454	2.3e-126	415.2	2	447	24	459	98.0	1	high	3.1.6.12 3.1.6.- 	
GUT_GENOME080546_152___8112___9593___+___MAAIFHCL_02830	493	S1_52	473	2e-215	708.9	2	470	4	487	98.9	1	high		
GUT_GENOME019475_14___16986___18434___+___ADDNGEEN_01130	482	S1_108	495	5.4e-173	569.2	2	482	7	476	97.0	1	high		
GUT_GENOME096928_45___21698___23131___-___BHEPOOPM_01664	477	S1_27	454	1.4e-136	448.8	2	447	4	439	98.0	1	high	3.1.6.12 3.1.6.- 	
GUT_GENOME098371_12___50960___52348___-___JJJIHJNP_02690	462	S1_27	454	1.3e-166	547.8	2	448	2	447	98.2	1	high	3.1.6.12 3.1.6.- 	
GUT_GENOME065971_15___74667___76130___+___HJCCIACG_02589	487	S1_46	459	3.3e-81	266.0	2	453	7	471	98.3	1	low		
GUT_GENOME098371_9___165617___167035___+___JJJIHJNP_02328	472	S1_27	454	5.3e-148	486.5	2	452	6	457	99.1	1	high	3.1.6.12 3.1.6.- 	
GUT_GENOME097727_12___111469___112950___+___BBMDIBHG_03724	493	S1_61	451	4.2e-193	634.9	1	450	2	455	99.6	1	high		
GUT_GENOME005372_5___87358___88851___-___IAJJCFIG_00877	497	S1_64	483	2.7e-190	626.4	2	483	4	489	99.6	1	high		
GUT_GENOME002968_89___354___1799___+___GMMGKOLB_03452	481	S1_46	459	6.7e-200	657.3	2	458	2	468	99.3	1	high		
GUT_GENOME005372_8___60077___61558___-___IAJJCFIG_01347	493	S1_61	451	1.4e-191	629.9	1	450	2	455	99.6	1	high		
GUT_GENOME080546_299___4424___5842___+___MAAIFHCL_05334	472	S1_26	443	1.8e-188	619.7	2	441	2	439	99.1	1	high		
GUT_GENOME045228_15___44702___46087___+___DHEMEBEF_01394	461	S1_46	459	5.1e-91	298.3	2	452	3	453	98.0	1	low		
GUT_GENOME001698_5___161404___162885___+___FBHHJEAB_01971	493	S1_15	471	3.8e-181	595.8	4	467	7	491	98.3	1	high	3.1.6.4 	
GUT_GENOME005372_8___14309___15766___-___IAJJCFIG_01300	485	S1_46	459	2.9e-95	312.3	2	447	13	479	96.9	1	high		
GUT_GENOME002968_1___1158___2639___+___GMMGKOLB_00002	493	S1_61	451	9.9e-194	637.0	1	450	2	455	99.6	1	high		
GUT_GENOME002968_12___46738___48213___-___GMMGKOLB_00898	491	S1_64	483	1.1e-209	690.4	1	482	3	488	99.6	1	high		
GUT_GENOME080546_119___13906___15399___+___MAAIFHCL_02363	497	S1_64	483	2.2e-189	623.4	2	483	4	489	99.6	1	high		
GUT_GENOME098371_17___133876___135237___-___JJJIHJNP_03399	453	S1_83	449	5.7e-229	753.1	2	446	4	449	98.9	1	high		
GUT_GENOME019475_82___20727___22190___-___ADDNGEEN_03255	487	S1_46	459	4.7e-97	318.2	2	447	16	481	96.9	1	high		
GUT_GENOME001170_1___583666___584991___-___KENPOGJG_00540	441	S3	508	4.2e-139	457.2	74	502	6	422	84.3	1	high	3.1.6.- 3.1.6.19 	
GUT_GENOME098371_15___57419___58936___-___JJJIHJNP_03081	505	S1_108	495	7.7e-243	799.6	2	492	2	495	99.0	1	high		
GUT_GENOME000950_1___158622___160079___+___DAADOFPN_00140	485	S1_46	459	2.8e-95	312.3	2	447	13	479	96.9	1	high		
GUT_GENOME000133_5___377786___379186___-___OJMOKFHE_02587	466	S1_27	454	6.8e-160	525.7	2	444	2	462	97.4	1	high	3.1.6.12 3.1.6.- 	
GUT_GENOME065971_63___12818___14164___-___HJCCIACG_05069	448	S1_65	439	3.5e-210	690.9	2	437	2	444	99.1	1	high		
GUT_GENOME045228_154___488___1957___-___DHEMEBEF_05310	489	S1_86	441	2.8e-253	833.1	1	441	2	441	99.8	1	high		
GUT_GENOME000256_2___68149___69630___+___DABHJPPA_00399	493	S1_52	473	1.1e-216	713.1	2	470	4	487	98.9	1	high		
GUT_GENOME096928_60___19829___21712___+___BHEPOOPM_02008	627	S1_64	483	5.5e-219	721.0	1	482	3	521	99.6	1	high		
GUT_GENOME065971_17___65420___66913___+___HJCCIACG_02781	497	S1_64	483	1.4e-228	752.7	1	483	3	495	99.8	1	high		
GUT_GENOME097930_92___9454___10860___-___CEFKGCOK_05387	468	S1_26	443	4.4e-210	691.0	2	441	4	443	99.1	1	high		
GUT_GENOME001698_1___95400___96653___+___FBHHJEAB_00091	417	S1_108	495	3.4e-219	721.6	1	400	2	404	80.6	1	high		
GUT_GENOME019475_111___5223___6599___+___ADDNGEEN_03805	458	S1_46	459	2.1e-89	293.0	3	441	2	449	95.4	1	low		
GUT_GENOME002829_27___3211___4731___+___KJMJNODE_02199	506	S1_64	483	6.1e-189	621.9	2	483	4	489	99.6	1	high		
GUT_GENOME001170_1___190818___192278___+___KENPOGJG_00173	486	S1_46	459	1.8e-96	316.2	2	452	3	473	98.0	1	high		
GUT_GENOME080546_260___34628___36511___+___MAAIFHCL_04678	627	S1_64	483	5.5e-219	721.0	1	482	3	521	99.6	1	high		
GUT_GENOME001170_3___179397___181280___-___KENPOGJG_01168	627	S1_64	483	5.5e-219	721.0	1	482	3	521	99.6	1	high		
GUT_GENOME005372_57___13669___15129___-___IAJJCFIG_04819	486	S1_64	483	4.9e-204	671.7	1	483	3	484	99.8	1	high		
GUT_GENOME001698_38___25949___27565___+___FBHHJEAB_06417	538	S1_63	482	1.5e-193	636.6	1	481	2	495	99.6	1	high		
GUT_GENOME045228_83___21177___22622___+___DHEMEBEF_04414	481	S1_46	459	1.9e-200	659.1	2	458	2	468	99.3	1	high		
GUT_GENOME002829_57___38874___40349___+___KJMJNODE_03631	491	S1_64	483	4.1e-210	691.8	1	482	3	488	99.6	1	high		
GUT_GENOME096928_3___63731___65194___+___BHEPOOPM_00242	487	S1_46	459	6.2e-85	278.3	3	452	2	465	97.8	1	low		
GUT_GENOME058689_43___7365___8777___-___ACEFEPLF_01435	470	S1_16	444	4.3e-173	568.7	3	433	4	467	96.8	1	high		
GUT_GENOME000553_23___34508___35959___+___JKJHMPML_06181	483	S1_26	443	4.1e-192	631.8	2	441	2	455	99.1	1	high		
GUT_GENOME058689_79___11153___12646___+___ACEFEPLF_02197	497	S1_64	483	1.3e-228	752.8	1	483	3	495	99.8	1	high		
GUT_GENOME000553_1___428907___430331___-___JKJHMPML_00362	474	S1_74	455	3e-238	783.6	1	453	4	458	99.3	1	high		
GUT_GENOME097727_11___3260___4891___-___BBMDIBHG_03475	543	S1_65	439	2.9e-205	674.7	2	437	3	457	99.1	1	high		
GUT_GENOME001698_6___64023___65132___+___FBHHJEAB_02179	369	S1_64	483	4.1e-143	470.8	131	483	5	364	72.9	1	high		
GUT_GENOME019475_5___65922___67307___-___ADDNGEEN_00460	461	S1_46	459	6.8e-91	297.9	2	452	3	453	98.0	1	low		
GUT_GENOME000950_7___253785___255275___+___DAADOFPN_02446	496	S1_64	483	1e-191	631.1	1	482	3	483	99.6	1	high		
GUT_GENOME000950_6___247825___249315___+___DAADOFPN_02144	496	S1_64	483	5.3e-224	737.6	1	483	3	491	99.8	1	high		
GUT_GENOME058689_6___29101___30600___-___ACEFEPLF_00321	499	S1_46	459	4.4e-86	282.0	3	452	14	477	97.8	1	low		
GUT_GENOME005372_86___5386___6816___-___IAJJCFIG_05628	476	S1_7	456	1.1e-68	225.0	4	449	2	456	97.6	1	low		
GUT_GENOME001698_9___86939___88429___-___FBHHJEAB_02905	496	S1_64	483	9.2e-191	628.0	1	482	3	483	99.6	1	high		
GUT_GENOME002968_54___22083___23498___-___GMMGKOLB_02592	471	S1_90	451	9.1e-122	399.8	3	436	7	426	96.0	1	high		
GUT_GENOME097930_66___19958___21841___+___CEFKGCOK_04784	627	S1_64	483	5.5e-219	721.0	1	482	3	521	99.6	1	high		
GUT_GENOME001698_15___20245___21726___-___FBHHJEAB_03862	493	S1_52	473	2e-219	722.1	2	470	4	487	98.9	1	high		
GUT_GENOME045228_44___19651___21141___+___DHEMEBEF_03104	496	S1_64	483	8e-224	737.0	1	483	3	491	99.8	1	high		
GUT_GENOME098371_9___101043___102536___-___JJJIHJNP_02269	497	S1_46	459	2.4e-152	500.5	2	456	11	456	98.9	1	high		
GUT_GENOME045228_35___50787___52193___-___DHEMEBEF_02632	468	S1_27	454	1.6e-127	419.0	2	447	24	459	98.0	1	high	3.1.6.12 3.1.6.- 	
GUT_GENOME097930_8___13326___14687___+___CEFKGCOK_01282	453	S1_83	449	1.5e-229	755.1	2	446	4	449	98.9	1	high		
GUT_GENOME019475_145___6506___7978___-___ADDNGEEN_04292	490	S1_104	473	2.1e-251	827.4	9	473	1	473	98.1	1	high		
GUT_GENOME001698_6___158546___159835___-___FBHHJEAB_02262	429	S3	508	1e-130	429.6	73	500	6	428	84.1	1	high	3.1.6.- 3.1.6.19 	
GUT_GENOME001170_20___107790___109187___-___KENPOGJG_04077	465	S1_46	459	1.1e-43	257.9	2	438	3	438	95.0	1	low		fusion of 2 fragments from 253 to 438 score 142.3 fragment 2 from 3 to 250 score 115.6
GUT_GENOME098371_17___141485___142948___+___JJJIHJNP_03404	487	S1_46	459	6.6e-82	268.3	2	451	7	469	97.8	1	low		
GUT_GENOME058689_45___17345___18847___+___ACEFEPLF_01493	500	S1_64	483	9e-216	710.4	1	482	3	496	99.6	1	high		
GUT_GENOME097727_21___22462___23835___-___BBMDIBHG_04842	457	S1_27	454	6.3e-174	571.9	2	446	2	456	97.8	1	high	3.1.6.12 3.1.6.- 	
GUT_GENOME000133_18___7380___8861___-___OJMOKFHE_04937	493	S1_52	473	1.7e-218	719.0	2	470	4	487	98.9	1	high		
GUT_GENOME005372_18___36093___37976___-___IAJJCFIG_02501	627	S1_64	483	5.5e-219	721.0	1	482	3	521	99.6	1	high		
GUT_GENOME097930_38___53788___55302___+___CEFKGCOK_03623	504	S1_64	483	5.5e-219	721.0	1	483	3	497	99.8	1	high		
GUT_GENOME001170_22___75921___77438___-___KENPOGJG_04253	505	S1_108	495	7.7e-243	799.6	2	492	2	495	99.0	1	high		
GUT_GENOME001698_1___533658___534983___-___FBHHJEAB_00553	441	S3	508	1e-139	459.2	74	502	6	422	84.3	1	high	3.1.6.- 3.1.6.19 	
GUT_GENOME000133_8___114734___116080___+___OJMOKFHE_03220	448	S1_65	439	2.7e-210	691.2	2	437	2	444	99.1	1	high		
GUT_GENOME058689_312___4055___5470___+___ACEFEPLF_04446	471	S1_90	451	2.9e-120	394.8	3	436	7	426	96.0	1	high		
GUT_GENOME045228_8___77975___79438___+___DHEMEBEF_00863	487	S1_26	443	2.3e-195	642.5	2	441	3	461	99.1	1	high		
GUT_GENOME001698_9___34916___35905___-___FBHHJEAB_02856	329	S1_14	426	9.2e-92	300.7	140	422	2	292	66.2	1	high		
GUT_GENOME002968_42___11984___13429___+___GMMGKOLB_02194	481	S1_27	454	8.5e-173	568.2	3	449	2	469	98.2	1	high	3.1.6.12 3.1.6.- 	
GUT_GENOME097727_33___35201___36670___+___BBMDIBHG_05826	489	S1_86	441	1.1e-243	801.5	1	441	2	442	99.8	1	high		
GUT_GENOME096928_105___5133___6650___-___BHEPOOPM_02829	505	S1_108	495	7.7e-243	799.6	2	492	2	495	99.0	1	high		
GUT_GENOME019475_47___3173___4804___-___ADDNGEEN_02383	543	S1_65	439	2.7e-203	668.2	2	437	3	457	99.1	1	high		
GUT_GENOME097930_9___6084___7421___+___CEFKGCOK_01385	445	S1_65	439	6.3e-197	647.2	2	431	3	440	97.7	1	high		
GUT_GENOME001698_3___302931___304484___-___FBHHJEAB_01362	517	S1_67	492	7.3e-211	693.7	2	491	3	494	99.4	1	high		
GUT_GENOME019475_23___44121___45446___+___ADDNGEEN_01587	441	S3	508	1.5e-139	458.7	74	502	6	422	84.3	1	high	3.1.6.- 3.1.6.19 	
GUT_GENOME097727_10___19608___21071___+___BBMDIBHG_03351	487	S1_26	443	5.2e-196	644.6	2	441	3	461	99.1	1	high		
GUT_GENOME062974_8___137271___138686___+___GDDFAFEC_01512	471	S1_27	454	2e-173	570.3	3	448	2	463	98.0	1	high	3.1.6.12 3.1.6.- 	
GUT_GENOME002829_84___8189___9664___+___KJMJNODE_04408	491	S1_9	433	1.4e-144	474.6	1	430	2	459	99.1	1	high	3.1.6.- 	
GUT_GENOME001170_9___175571___176971___+___KENPOGJG_02757	466	S1_27	454	6.8e-160	525.7	2	444	2	462	97.4	1	high	3.1.6.12 3.1.6.- 	
GUT_GENOME019475_31___16174___17517___-___ADDNGEEN_01870	447	S1_65	439	1.7e-191	629.3	3	437	2	429	98.9	1	high		
GUT_GENOME045228_18___33227___34654___+___DHEMEBEF_01608	475	S1_26	443	1.4e-199	656.4	2	441	4	442	99.1	1	high		
GUT_GENOME097727_2___252815___254260___-___BBMDIBHG_00903	481	S1_27	454	5.7e-173	568.8	3	449	2	469	98.2	1	high	3.1.6.12 3.1.6.- 	
GUT_GENOME000133_30___20083___21594___+___OJMOKFHE_05855	503	S1_104	473	1.1e-255	841.5	1	473	6	486	99.8	1	high		
GUT_GENOME001170_23___3241___4872___-___KENPOGJG_04278	543	S1_65	439	2.3e-204	671.7	2	437	3	457	99.1	1	high		
GUT_GENOME000553_6___120405___121868___-___JKJHMPML_03936	487	S1_26	443	9.3e-196	643.8	2	441	3	461	99.1	1	high		
GUT_GENOME001170_7___180721___182208___+___KENPOGJG_02403	495	S1_63	482	2.3e-209	688.8	1	480	2	487	99.4	1	high		
GUT_GENOME000950_21___27351___28688___-___DAADOFPN_04956	445	S1_65	439	2e-196	645.6	2	431	3	440	97.7	1	high		
GUT_GENOME058689_14___38278___39567___+___ACEFEPLF_00632	429	S3	508	4.6e-131	430.7	73	500	6	428	84.1	1	high	3.1.6.- 3.1.6.19 	
GUT_GENOME097930_31___58126___59556___-___CEFKGCOK_03227	476	S1_7	456	2.5e-68	223.8	4	449	2	456	97.6	1	low		
GUT_GENOME098371_25___35019___36494___-___JJJIHJNP_04090	491	S1_64	483	6.1e-208	684.6	1	482	3	488	99.6	1	high		
GUT_GENOME000950_9___139589___141070___+___DAADOFPN_02885	493	S1_52	473	6.8e-215	707.2	2	470	4	487	98.9	1	high		
GUT_GENOME002829_37___46151___47719___+___KJMJNODE_02782	522	S1_46	459	6.8e-151	495.7	2	452	2	448	98.0	1	high		
GUT_GENOME045228_14___20198___20488___+___DHEMEBEF_01299	96	S1_61	451	3.3e-39	127.7	1	72	2	73	15.7	1	probable fragment		
GUT_GENOME019475_82___939___2492___-___ADDNGEEN_03242	517	S1_67	492	1.7e-211	695.8	2	491	3	494	99.4	1	high		
GUT_GENOME002968_89___1856___3361___+___GMMGKOLB_03453	501	S1_43	470	6.5e-239	786.2	2	470	2	471	99.6	1	high		
GUT_GENOME000133_2___146083___147420___+___OJMOKFHE_00980	445	S1_65	439	6.3e-197	647.2	2	431	3	440	97.7	1	high		
GUT_GENOME080546_152___6614___8095___+___MAAIFHCL_02829	493	S1_52	473	1.7e-218	719.0	2	470	4	487	98.9	1	high		
GUT_GENOME001170_22___77450___78943___-___KENPOGJG_04254	497	S1_64	483	1.9e-189	623.6	2	483	4	489	99.6	1	high		
GUT_GENOME097727_2___487030___488535___-___BBMDIBHG_01113	501	S1_43	470	8e-239	785.9	2	470	2	471	99.6	1	high		
GUT_GENOME000553_1___656103___657530___-___JKJHMPML_00576	475	S1_26	443	1.8e-199	656.0	2	441	4	442	99.1	1	high		
GUT_GENOME000553_4___688254___689747___-___JKJHMPML_03284	497	S1_108	495	2e-259	854.3	1	491	2	495	99.0	1	high		
GUT_GENOME097727_7___279712___281118___+___BBMDIBHG_02923	468	S1_27	454	2e-127	418.6	2	447	24	459	98.0	1	high	3.1.6.12 3.1.6.- 	
GUT_GENOME000950_14___156999___158501___-___DAADOFPN_04071	500	S1_64	483	1.2e-205	677.0	1	482	3	495	99.6	1	high		
GUT_GENOME062974_13___39076___40551___+___GDDFAFEC_02032	491	S1_64	483	1.2e-208	686.9	1	482	3	488	99.6	1	high		
GUT_GENOME097727_12___100280___101773___-___BBMDIBHG_03717	497	S1_46	459	1.8e-152	500.9	2	456	11	456	98.9	1	high		
GUT_GENOME080546_157___89___1129___+___MAAIFHCL_02954	346	S1_65	439	4.3e-145	476.4	98	431	1	341	75.9	1	high		
GUT_GENOME001698_3___366601___368082___-___FBHHJEAB_01429	493	S1_61	451	8.7e-194	637.2	1	450	2	455	99.6	1	high		
GUT_GENOME097930_4___73671___75071___+___CEFKGCOK_00835	466	S1_27	454	1.6e-157	517.9	2	444	2	462	97.4	1	high	3.1.6.12 3.1.6.- 	
GUT_GENOME097727_4___3825___5312___-___BBMDIBHG_01673	495	S1_63	482	7.8e-210	690.3	2	480	3	487	99.2	1	high		
GUT_GENOME000133_15___178742___180160___+___OJMOKFHE_04629	472	S1_26	443	1.2e-188	620.4	2	441	2	439	99.1	1	high		
GUT_GENOME000133_5___322665___324092___-___OJMOKFHE_02536	475	S1_26	443	1.4e-199	656.4	2	441	4	442	99.1	1	high		
GUT_GENOME065971_1___406617___408077___-___HJCCIACG_00374	486	S1_46	459	1.8e-96	316.2	2	452	3	473	98.0	1	high		
GUT_GENOME096928_159___5146___6636___+___BHEPOOPM_03560	496	S1_64	483	1e-223	736.6	1	483	3	491	99.8	1	high		
GUT_GENOME005372_44___46211___47698___+___IAJJCFIG_04258	495	S1_63	482	1.8e-210	692.4	1	480	2	487	99.4	1	high		
GUT_GENOME019475_14___15519___16970___+___ADDNGEEN_01129	483	S1_99	469	5.7e-250	822.7	5	468	4	474	98.7	1	high		
GUT_GENOME000553_5___351572___352990___+___JKJHMPML_03600	472	S1_14	426	1e-163	537.8	3	422	2	435	98.4	1	high		
GUT_GENOME058689_21___29022___30455___-___ACEFEPLF_00873	477	S1_27	454	5.3e-173	568.9	3	448	2	468	98.0	1	high	3.1.6.12 3.1.6.- 	
GUT_GENOME001698_3___322564___324027___-___FBHHJEAB_01377	487	S1_46	459	1.1e-96	317.0	2	447	16	481	96.9	1	high		
GUT_GENOME002829_3___64897___66219___+___KJMJNODE_00436	440	S1_8	443	3.1e-131	430.8	3	422	2	412	94.6	1	high	3.10.1.1 3.1.6.- 	
GUT_GENOME000133_16___75907___77307___+___OJMOKFHE_04708	466	S1_90	451	6.4e-120	393.7	3	436	2	421	96.0	1	high		
GUT_GENOME080546_107___7513___9015___+___MAAIFHCL_02098	500	S1_64	483	1.5e-214	706.4	1	482	3	496	99.6	1	high		
GUT_GENOME080546_246___3885___5210___+___MAAIFHCL_04456	441	S3	508	1.9e-139	458.3	74	502	6	422	84.3	1	high	3.1.6.- 3.1.6.19 	
GUT_GENOME001170_3___152117___153580___-___KENPOGJG_01147	487	S1_26	443	2.3e-195	642.5	2	441	3	461	99.1	1	high		
GUT_GENOME062974_57___28473___29876___+___GDDFAFEC_04840	467	S1_104	473	9.4e-242	795.6	26	473	1	456	94.5	1	high		
GUT_GENOME019475_53___11853___13391___-___ADDNGEEN_02575	512	S1_64	483	3e-203	669.1	1	482	3	494	99.6	1	high		
GUT_GENOME001698_9___81884___83260___+___FBHHJEAB_02902	458	S1_46	459	2.1e-89	293.0	3	441	2	449	95.4	1	low		
GUT_GENOME000133_26___24160___25503___+___OJMOKFHE_05643	447	S1_65	439	1.1e-191	630.0	3	437	2	429	98.9	1	high		
GUT_GENOME005372_3___135912___137291___-___IAJJCFIG_00513	459	S1_8	443	6.1e-121	396.9	5	432	2	430	96.4	1	high	3.10.1.1 3.1.6.- 	
GUT_GENOME000256_30___61881___63407___-___DABHJPPA_04649	508	S1_61	451	7.8e-195	640.7	1	450	2	455	99.6	1	high		
GUT_GENOME045228_83___22678___24183___+___DHEMEBEF_04415	501	S1_43	470	9.1e-240	789.0	2	470	2	471	99.6	1	high		
GUT_GENOME000553_3___199612___200901___+___JKJHMPML_02135	429	S3	508	1e-130	429.6	73	500	6	428	84.1	1	high	3.1.6.- 3.1.6.19 	
GUT_GENOME097727_18___119368___120984___-___BBMDIBHG_04554	538	S1_63	482	5.1e-193	634.9	1	481	2	495	99.6	1	high		
GUT_GENOME097727_3___441724___443061___-___BBMDIBHG_01599	445	S1_65	439	2.7e-196	645.1	2	431	3	440	97.7	1	high		
GUT_GENOME058689_340___3886___5049___-___ACEFEPLF_04583	387	S1_46	459	3.6e-61	199.9	168	453	83	371	62.1	1	probable fragment		
GUT_GENOME001698_3___121384___121794___-___FBHHJEAB_01193	136	S1_26	443	2e-52	171.4	2	106	3	126	23.5	1	probable fragment		
GUT_GENOME000133_11___21328___22701___-___OJMOKFHE_03759	457	S1_27	454	2.4e-173	570.0	2	446	2	456	97.8	1	high	3.1.6.12 3.1.6.- 	
GUT_GENOME000950_1___301877___303331___-___DAADOFPN_00247	484	S1_86	441	2.9e-253	833.1	1	441	2	441	99.8	1	high		
GUT_GENOME045228_68___26497___27870___-___DHEMEBEF_04010	457	S1_27	454	6.2e-173	568.7	2	446	2	456	97.8	1	high	3.1.6.12 3.1.6.- 	
GUT_GENOME001170_7___179210___180724___+___KENPOGJG_02402	504	S1_64	483	2e-218	719.2	1	483	3	497	99.8	1	high		
GUT_GENOME098371_9___158044___159501___+___JJJIHJNP_02323	485	S1_46	459	2.8e-94	309.1	2	447	13	479	96.9	1	high		
GUT_GENOME005372_12___128940___129350___-___IAJJCFIG_01957	136	S1_108	495	2.3e-36	118.5	351	482	1	130	26.5	1	probable fragment		
GUT_GENOME058689_114___14679___15359___-___ACEFEPLF_02744	226	S1_46	459	4.1e-59	193.1	268	456	1	185	41.0	1	probable fragment		
GUT_GENOME065971_1___19948___21273___+___HJCCIACG_00016	441	S3	508	4.2e-139	457.2	74	502	6	422	84.3	1	high	3.1.6.- 3.1.6.19 	
GUT_GENOME097930_1___386399___388801___+___CEFKGCOK_00351	800	S1_108	495	1.4e-184	607.4	1	479	325	790	96.6	1	high		
GUT_GENOME002829_49___44132___45421___+___KJMJNODE_03315	429	S3	508	1.7e-131	432.1	73	500	6	428	84.1	1	high	3.1.6.- 3.1.6.19 	
GUT_GENOME000950_5___343544___345037___-___DAADOFPN_01891	497	S1_108	495	2e-259	854.3	1	491	2	495	99.0	1	high		
GUT_GENOME000553_3___634346___636748___-___JKJHMPML_02526	800	S1_108	495	1.3e-184	607.5	1	481	325	792	97.0	1	high		
GUT_GENOME005372_115___918___2471___-___IAJJCFIG_05951	517	S1_67	492	3.4e-209	688.2	2	491	3	494	99.4	1	high		
GUT_GENOME098371_6___102082___103269___+___JJJIHJNP_01793	395	S1_104	473	1.8e-189	623.2	26	382	1	365	75.3	1	high		
GUT_GENOME000553_20___45103___46446___+___JKJHMPML_06004	447	S1_65	439	8.3e-192	630.3	3	437	2	429	98.9	1	high		
GUT_GENOME000553_6___222076___223401___+___JKJHMPML_04023	441	S1_8	443	5.4e-130	426.7	3	422	2	412	94.6	1	high	3.10.1.1 3.1.6.- 	
GUT_GENOME058689_42___19928___21421___+___ACEFEPLF_01422	497	S1_108	495	1.1e-259	855.2	1	491	2	495	99.0	1	high		
GUT_GENOME001698_3___320934___322391___-___FBHHJEAB_01376	485	S1_46	459	3.7e-95	312.0	2	447	13	479	96.9	1	high		
GUT_GENOME001170_1___170615___172108___+___KENPOGJG_00153	497	S1_108	495	1.8e-259	854.4	1	491	2	495	99.0	1	high		
GUT_GENOME005372_8___162330___163808___-___IAJJCFIG_01434	492	S1_64	483	3.9e-181	596.2	1	480	3	486	99.2	1	high		
GUT_GENOME097727_1___230295___231776___+___BBMDIBHG_00187	493	S1_52	473	1.7e-219	722.3	2	470	4	487	98.9	1	high		
GUT_GENOME080546_187___21328___22797___-___MAAIFHCL_03492	489	S1_86	441	1.5e-244	804.4	1	441	2	442	99.8	1	high		
GUT_GENOME098371_29___50103___51590___+___JJJIHJNP_04434	495	S1_63	482	1.5e-210	692.7	1	480	2	487	99.4	1	high		
GUT_GENOME096928_111___12304___13704___-___BHEPOOPM_02919	466	S1_26	443	3.3e-181	595.8	19	441	1	439	95.3	1	high		
GUT_GENOME065971_16___4896___6377___-___HJCCIACG_02628	493	S1_64	483	2.9e-191	629.6	2	483	4	487	99.6	1	high		
GUT_GENOME065971_6___128981___130318___+___HJCCIACG_01453	445	S1_65	439	6.3e-197	647.2	2	431	3	440	97.7	1	high		
GUT_GENOME097727_35___30533___31876___-___BBMDIBHG_05910	447	S1_65	439	1.2e-191	629.8	3	437	2	429	98.9	1	high		
GUT_GENOME080546_119___8778___10283___+___MAAIFHCL_02359	501	S1_43	470	1.3e-239	788.4	2	470	2	471	99.6	1	high		
GUT_GENOME045228_3___129649___130986___-___DHEMEBEF_00395	445	S1_65	439	6.3e-197	647.2	2	431	3	440	97.7	1	high		
GUT_GENOME002968_43___37546___38964___+___GMMGKOLB_02259	472	S1_9	433	4.4e-147	482.8	2	430	2	440	98.8	1	high	3.1.6.- 	
GUT_GENOME097930_4___134038___135540___+___CEFKGCOK_00888	500	S1_64	483	7.5e-216	710.7	1	482	3	496	99.6	1	high		
GUT_GENOME001698_38___19956___21458___+___FBHHJEAB_06413	500	S1_64	483	3.8e-205	675.4	1	482	3	495	99.6	1	high		
GUT_GENOME098371_12___84841___86334___-___JJJIHJNP_02721	497	S1_108	495	1.1e-259	855.2	1	491	2	495	99.0	1	high		
GUT_GENOME002968_192___906___2396___-___GMMGKOLB_04933	496	S1_64	483	1e-191	631.1	1	482	3	483	99.6	1	high		
GUT_GENOME002829_84___3011___4384___-___KJMJNODE_04404	457	S1_27	454	1.8e-174	573.7	2	446	2	456	97.8	1	high	3.1.6.12 3.1.6.- 	
GUT_GENOME002968_1___45373___46836___+___GMMGKOLB_00048	487	S1_46	459	4.7e-97	318.2	2	447	16	481	96.9	1	high		
GUT_GENOME097727_1___231793___233274___+___BBMDIBHG_00188	493	S1_52	473	8e-215	706.9	2	470	4	487	98.9	1	high		
GUT_GENOME000950_25___88939___90264___+___DAADOFPN_05429	441	S3	508	1.4e-139	458.8	74	502	6	422	84.3	1	high	3.1.6.- 3.1.6.19 	
GUT_GENOME019475_45___11859___13319___+___ADDNGEEN_02337	486	S1_46	459	2.1e-96	316.1	2	452	3	473	98.0	1	high		
GUT_GENOME097727_18___120953___122521___-___BBMDIBHG_04555	522	S1_90	451	2.2e-162	533.6	2	440	12	444	97.1	1	high		
GUT_GENOME000553_4___62846___64351___+___JKJHMPML_02706	501	S1_43	470	8.1e-239	785.9	2	470	2	471	99.6	1	high		
GUT_GENOME096928_92___15000___16514___-___BHEPOOPM_02612	504	S1_55	499	8.5e-239	785.9	2	499	3	501	99.6	1	high		
GUT_GENOME098371_15___64064___65569___-___JJJIHJNP_03086	501	S1_43	470	9.1e-240	789.0	2	470	2	471	99.6	1	high		
GUT_GENOME097930_31___60865___62262___+___CEFKGCOK_03229	465	S1_46	459	6.1e-44	258.9	2	438	3	438	95.0	1	low		fusion of 2 fragments from 253 to 438 score 143.1 fragment 2 from 3 to 252 score 115.8
GUT_GENOME097727_8___223316___224827___+___BBMDIBHG_03154	503	S1_64	483	1.6e-212	699.7	1	483	3	487	99.8	1	high		
GUT_GENOME000950_2___379349___380725___+___DAADOFPN_00756	458	S1_65	439	1.9e-206	678.5	2	437	2	451	99.1	1	high		
GUT_GENOME045228_14___66020___67477___+___DHEMEBEF_01347	485	S1_46	459	4.2e-95	311.8	2	447	13	479	96.9	1	high		
GUT_GENOME098371_40___32398___33741___-___JJJIHJNP_05113	447	S1_65	439	1.7e-191	629.3	3	437	2	429	98.9	1	high		
GUT_GENOME002968_54___25752___27131___-___GMMGKOLB_02596	459	S1_8	443	8.3e-122	399.8	5	432	2	430	96.4	1	high	3.10.1.1 3.1.6.- 	
GUT_GENOME000950_6___330855___332144___-___DAADOFPN_02209	429	S3	508	2e-130	428.6	73	500	6	428	84.1	1	high	3.1.6.- 3.1.6.19 	
GUT_GENOME005372_39___3167___4798___-___IAJJCFIG_03962	543	S1_65	439	3.3e-204	671.2	2	437	3	457	99.1	1	high		
GUT_GENOME097727_12___148977___150434___+___BBMDIBHG_03761	485	S1_46	459	4.2e-95	311.8	2	447	13	479	96.9	1	high		
GUT_GENOME058689_152___9555___11006___-___ACEFEPLF_03208	483	S1_99	469	2.5e-249	820.6	5	468	4	474	98.7	1	high		
GUT_GENOME000256_35___26862___28433___-___DABHJPPA_04941	523	S1_66	482	1.7e-178	586.8	2	478	2	507	98.8	1	high		
GUT_GENOME000950_1___156986___158449___+___DAADOFPN_00139	487	S1_46	459	1.2e-96	316.8	2	447	16	481	96.9	1	high		
GUT_GENOME000950_1___316358___317821___+___DAADOFPN_00256	487	S1_46	459	2.8e-81	266.2	2	453	7	471	98.3	1	low		
GUT_GENOME000553_5___259597___261003___+___JKJHMPML_03523	468	S1_27	454	4.1e-128	420.9	2	447	24	459	98.0	1	high	3.1.6.12 3.1.6.- 	
GUT_GENOME000950_18___96443___97888___-___DAADOFPN_04638	481	S1_46	459	1.9e-200	659.1	2	458	2	468	99.3	1	high		
GUT_GENOME097930_2___141232___142704___-___CEFKGCOK_00517	490	S1_108	495	5.3e-124	407.6	2	489	2	479	98.4	1	high		
GUT_GENOME045228_14___73593___75011___+___DHEMEBEF_01352	472	S1_27	454	5.3e-148	486.5	2	452	6	457	99.1	1	high	3.1.6.12 3.1.6.- 	
GUT_GENOME001170_19___112214___113689___-___KENPOGJG_03980	491	S1_64	483	6.1e-208	684.6	1	482	3	488	99.6	1	high		
GUT_GENOME001698_11___160319___161719___-___FBHHJEAB_03367	466	S1_90	451	7.3e-121	396.8	3	436	2	421	96.0	1	high		
GUT_GENOME019475_51___27142___28557___-___ADDNGEEN_02528	471	S1_90	451	1e-121	399.6	3	436	7	426	96.0	1	high		
GUT_GENOME001698_46___27815___29242___-___FBHHJEAB_06933	475	S1_26	443	1.8e-199	656.0	2	441	4	442	99.1	1	high		
GUT_GENOME045228_14___8979___10472___-___DHEMEBEF_01292	497	S1_46	459	4.5e-152	499.6	2	456	11	456	98.9	1	high		
GUT_GENOME000553_11___155077___156558___+___JKJHMPML_05073	493	S1_64	483	2.7e-192	633.0	2	483	4	487	99.6	1	high		
GUT_GENOME080546_20___15608___17101___-___MAAIFHCL_00412	497	S1_108	495	1.3e-259	854.9	1	491	2	495	99.0	1	high		
GUT_GENOME097930_30___30841___32184___-___CEFKGCOK_03141	447	S1_65	439	1.8e-191	629.3	3	437	2	429	98.9	1	high		
GUT_GENOME005372_10___142333___143760___-___IAJJCFIG_01723	475	S1_26	443	3.8e-199	655.0	2	441	4	442	99.1	1	high		
GUT_GENOME097727_4___82628___84052___-___BBMDIBHG_01739	474	S1_74	455	5.1e-238	782.8	1	453	4	458	99.3	1	high		
GUT_GENOME001170_16___18506___19987___-___KENPOGJG_03531	493	S1_61	451	6.6e-193	634.3	1	450	2	455	99.6	1	high		
GUT_GENOME096928_292___1980___3494___-___BHEPOOPM_04716	504	S1_64	483	5.5e-219	721.0	1	483	3	497	99.8	1	high		
GUT_GENOME000553_4___257957___259282___+___JKJHMPML_02885	441	S3	508	1e-139	459.2	74	502	6	422	84.3	1	high	3.1.6.- 3.1.6.19 	
GUT_GENOME000133_14___124045___125508___+___OJMOKFHE_04434	487	S1_46	459	7.5e-85	278.0	3	452	2	465	97.8	1	low		
GUT_GENOME001170_39___48590___50071___-___KENPOGJG_05606	493	S1_52	473	2e-215	708.9	2	470	4	487	98.9	1	high		
GUT_GENOME000553_5___530336___531817___+___JKJHMPML_03734	493	S1_52	473	3.7e-215	708.1	2	470	4	487	98.9	1	high		
GUT_GENOME097930_8___20104___21558___+___CEFKGCOK_01286	484	S1_86	441	1.5e-253	834.0	1	441	2	441	99.8	1	high		
GUT_GENOME058689_90___17001___18476___+___ACEFEPLF_02388	491	S1_64	483	1.2e-208	686.9	1	482	3	488	99.6	1	high		
GUT_GENOME062974_13___37715___39061___+___GDDFAFEC_02031	448	S1_65	439	2.8e-211	694.5	2	437	2	444	99.1	1	high		
GUT_GENOME001170_16___29701___31194___+___KENPOGJG_03538	497	S1_46	459	1.8e-152	500.9	2	456	11	456	98.9	1	high		
GUT_GENOME062974_12___68131___69612___+___GDDFAFEC_01944	493	S1_52	473	1.1e-216	713.1	2	470	4	487	98.9	1	high		
GUT_GENOME001698_5___278356___279282___+___FBHHJEAB_02077	308	S1_63	482	7.7e-125	410.1	186	480	1	300	61.0	1	high		
GUT_GENOME062974_5___44026___45315___+___GDDFAFEC_00942	429	S3	508	1.6e-131	432.2	73	500	6	428	84.1	1	high	3.1.6.- 3.1.6.19 	
