protein	query length	HMM	HMM length	e-value	score	hmmbegin	hmmend	begin	end	coverage	num domaine	prediction confidence	EC prediction	comment
GUT_GENOME239801_4___321239___322696___-___CJOEOPDH_02120	485	S1_46	459	3.7e-95	312.0	2	447	13	479	96.9	1	high		
GUT_GENOME194553_3___89674___90999___-___MFGMNLMP_00369	441	S3	508	1.9e-139	458.3	74	502	6	422	84.3	1	high	3.1.6.- 3.1.6.19 	
GUT_GENOME191697_4___135482___136939___-___DFFFGNIE_01175	485	S1_46	459	5.2e-95	311.5	2	447	13	479	96.9	1	high		
GUT_GENOME194553_46___42135___43616___-___MFGMNLMP_02870	493	S1_15	471	9.6e-180	591.2	4	467	7	491	98.3	1	high	3.1.6.4 	
GUT_GENOME185279_8___97891___99393___+___JFMLEIKM_01231	500	S1_64	483	7.5e-216	710.7	1	482	3	496	99.6	1	high		
GUT_GENOME185648_72___3773___5260___-___KJICBEDJ_02356	495	S1_63	482	2.3e-209	688.8	1	480	2	487	99.4	1	high		
GUT_GENOME185165_45___26834___28351___+___AIKLDHKH_02889	505	S1_64	483	1.9e-213	702.8	1	482	3	496	99.6	1	high		
GUT_GENOME228848_85___40380___41669___-___BHEHKKKF_03890	429	S3	508	1e-130	429.6	73	500	6	428	84.1	1	high	3.1.6.- 3.1.6.19 	
GUT_GENOME185165_10___4813___6294___-___AIKLDHKH_01020	493	S1_64	483	1.5e-192	633.9	2	483	4	487	99.6	1	high		
GUT_GENOME230198_66___21050___22540___-___JLFLLHAM_02413	496	S1_64	483	8e-224	737.0	1	483	3	491	99.8	1	high		
GUT_GENOME225018_92___3210___4334___-___MIAGAFMP_02273	374	S1_64	483	2.3e-134	442.0	137	482	21	370	71.4	1	high		
GUT_GENOME232003_30___15322___16824___-___EINMMJKI_02759	500	S1_64	483	3.8e-205	675.4	1	482	3	495	99.6	1	high		
GUT_GENOME239709_8___132628___134034___+___FAJBHEGO_02858	468	S1_27	454	5.6e-128	420.5	2	447	24	459	98.0	1	high	3.1.6.12 3.1.6.- 	
GUT_GENOME194553_2___111191___112618___-___MFGMNLMP_00255	475	S1_26	443	1.4e-199	656.4	2	441	4	442	99.1	1	high		
GUT_GENOME185648_82___12925___14352___-___KJICBEDJ_02565	475	S1_26	443	3.8e-199	655.0	2	441	4	442	99.1	1	high		
GUT_GENOME230198_7___62787___64256___-___JLFLLHAM_00143	489	S1_86	441	8.7e-245	805.1	1	441	2	442	99.8	1	high		
GUT_GENOME191697_1___395305___396810___-___DFFFGNIE_00359	501	S1_43	470	9.1e-240	789.0	2	470	2	471	99.6	1	high		
GUT_GENOME225933_46___2081___3676___-___GMGPFJIC_00922	531	S1_46	459	2.7e-149	490.4	2	456	2	453	98.9	1	high		
GUT_GENOME208142_8___210452___211870___+___KEGOALKH_03376	472	S1_9	433	2.1e-147	483.9	2	430	2	440	98.8	1	high	3.1.6.- 	
GUT_GENOME208142_20___2366___3703___-___KEGOALKH_05197	445	S1_65	439	2.7e-196	645.1	2	431	3	440	97.7	1	high		
GUT_GENOME185165_132___5588___7090___-___AIKLDHKH_04682	500	S1_64	483	7.5e-216	710.7	1	482	3	496	99.6	1	high		
GUT_GENOME191697_10___509___1978___-___DFFFGNIE_02198	489	S1_86	441	2.8e-253	833.1	1	441	2	441	99.8	1	high		
GUT_GENOME228848_51___131712___133205___-___BHEHKKKF_01946	497	S1_108	495	2e-259	854.3	1	491	2	495	99.0	1	high		
GUT_GENOME239801_4___366917___368398___-___CJOEOPDH_02168	493	S1_61	451	8.7e-194	637.2	1	450	2	455	99.6	1	high		
GUT_GENOME208018_5___100543___102033___-___MMNABIND_02348	496	S1_64	483	9.2e-191	628.0	1	482	3	483	99.6	1	high		
GUT_GENOME225933_175___18920___20344___+___GMGPFJIC_03292	474	S1_74	455	3e-238	783.6	1	453	4	458	99.3	1	high		
GUT_GENOME225018_195___3315___4661___+___MIAGAFMP_04681	448	S1_65	439	2.7e-210	691.2	2	437	2	444	99.1	1	high		
GUT_GENOME192012_6___126794___128179___-___HJOHLJNN_01461	461	S1_90	451	5.8e-113	370.8	3	393	2	376	86.5	1	high		
GUT_GENOME194553_63___23082___24533___+___MFGMNLMP_03419	483	S1_26	443	1.7e-191	629.7	2	441	2	455	99.1	1	high		
GUT_GENOME208142_9___118980___120356___+___KEGOALKH_03541	458	S1_65	439	2.1e-206	678.4	2	437	2	451	99.1	1	high		
GUT_GENOME239801_4___118787___120199___-___CJOEOPDH_01961	470	S1_16	444	7e-173	568.0	3	433	4	467	96.8	1	high		
GUT_GENOME186263_21___30422___31840___-___DACIOADA_01706	472	S1_9	433	2.4e-146	480.4	2	430	2	440	98.8	1	high	3.1.6.- 	
GUT_GENOME192012_11___181467___182948___-___HJOHLJNN_02637	493	S1_55	499	4.4e-107	351.4	2	487	2	478	97.2	1	high		
GUT_GENOME186263_246___292___1563___+___DACIOADA_05609	423	S3	508	2.6e-126	415.0	91	502	8	404	80.9	1	high	3.1.6.- 3.1.6.19 	
GUT_GENOME186263_77___9010___10551___+___DACIOADA_03685	513	S1_64	483	2.2e-205	676.1	1	482	3	495	99.6	1	high		
GUT_GENOME239709_26___18897___20354___-___FAJBHEGO_05577	485	S1_46	459	3.7e-95	312.0	2	447	13	479	96.9	1	high		
GUT_GENOME225018_92___4273___4713___-___MIAGAFMP_02274	146	S1_64	483	1.6e-79	261.1	1	137	3	139	28.2	1	probable fragment		
GUT_GENOME188404_1___363082___364593___+___FMKOMKII_00312	503	S1_64	483	1.4e-212	700.0	1	483	3	487	99.8	1	high		
GUT_GENOME230198_55___87747___89159___+___JLFLLHAM_01949	470	S1_16	444	3.3e-173	569.0	3	433	4	467	96.8	1	high		
GUT_GENOME225933_113___5439___6764___+___GMGPFJIC_02258	441	S3	508	1e-139	459.2	74	502	6	422	84.3	1	high	3.1.6.- 3.1.6.19 	
GUT_GENOME239801_1___687510___689012___-___CJOEOPDH_00612	500	S1_64	483	5.7e-216	711.1	1	482	3	496	99.6	1	high		
GUT_GENOME185279_4___143707___145323___+___JFMLEIKM_00737	538	S1_63	482	1.4e-191	630.2	1	481	2	495	99.6	1	high		
GUT_GENOME239709_12___71900___73279___+___FAJBHEGO_03699	459	S1_8	443	1.5e-121	398.9	5	432	2	430	96.4	1	high	3.10.1.1 3.1.6.- 	
GUT_GENOME239801_4___322869___324332___-___CJOEOPDH_02121	487	S1_46	459	1.1e-96	317.0	2	447	16	481	96.9	1	high		
GUT_GENOME225933_17___27322___28740___+___GMGPFJIC_00315	472	S1_9	433	2.1e-147	483.9	2	430	2	440	98.8	1	high	3.1.6.- 	
GUT_GENOME185279_15___21201___22661___-___JFMLEIKM_01964	486	S1_46	459	8.6e-97	317.3	2	452	3	473	98.0	1	high		
GUT_GENOME185279_10___98509___99954___+___JFMLEIKM_01456	481	S1_46	459	1.6e-200	659.3	2	458	2	468	99.3	1	high		
GUT_GENOME230198_3___1598___2971___-___JLFLLHAM_00035	457	S1_27	454	1e-173	571.2	2	446	2	456	97.8	1	high	3.1.6.12 3.1.6.- 	
GUT_GENOME194553_6___40235___41740___+___MFGMNLMP_00684	501	S1_43	470	9.1e-240	789.0	2	470	2	471	99.6	1	high		
GUT_GENOME230198_134___73646___75094___-___JLFLLHAM_04819	482	S1_108	495	3.7e-173	569.7	2	482	7	476	97.0	1	high		
GUT_GENOME185279_23___53385___54899___+___JFMLEIKM_02690	504	S1_64	483	5.5e-219	721.0	1	483	3	497	99.8	1	high		
GUT_GENOME194553_13___47442___48932___+___MFGMNLMP_01223	496	S1_64	483	3.2e-224	738.3	1	483	3	491	99.8	1	high		
GUT_GENOME208018_11___73504___74967___-___MMNABIND_03779	487	S1_46	459	4.2e-86	282.1	3	452	2	465	97.8	1	low		
GUT_GENOME225933_38___3935___5335___+___GMGPFJIC_00783	466	S1_90	451	7.3e-121	396.8	3	436	2	421	96.0	1	high		
GUT_GENOME186263_62___14457___15917___-___DACIOADA_03286	486	S1_46	459	8.6e-97	317.3	2	452	3	473	98.0	1	high		
GUT_GENOME239801_8___57098___58504___-___CJOEOPDH_03461	468	S1_27	454	5.6e-128	420.5	2	447	24	459	98.0	1	high	3.1.6.12 3.1.6.- 	
GUT_GENOME225933_91___1259___2740___-___GMGPFJIC_01845	493	S1_52	473	3.7e-215	708.1	2	470	4	487	98.9	1	high		
GUT_GENOME188404_5___61932___63377___+___FMKOMKII_01946	481	S1_46	459	6.2e-200	657.4	2	458	2	468	99.3	1	high		
GUT_GENOME225933_183___652___2127___+___GMGPFJIC_03495	491	S1_64	483	6.1e-209	687.9	1	482	3	488	99.6	1	high		
GUT_GENOME185648_48___9398___10852___-___KJICBEDJ_01790	484	S1_86	441	1.5e-253	834.0	1	441	2	441	99.8	1	high		
GUT_GENOME225933_6___12216___13661___+___GMGPFJIC_00085	481	S1_46	459	4.5e-200	657.8	2	458	2	468	99.3	1	high		
GUT_GENOME185165_48___29736___31229___+___AIKLDHKH_02985	497	S1_46	459	1.8e-152	500.9	2	456	11	456	98.9	1	high		
GUT_GENOME186263_54___20936___22381___+___DACIOADA_03037	481	S1_46	459	1.6e-200	659.3	2	458	2	468	99.3	1	high		
GUT_GENOME186263_77___11965___13533___+___DACIOADA_03687	522	S1_90	451	2.2e-161	530.4	2	440	12	444	97.1	1	high		
GUT_GENOME185279_75___1789___3114___-___JFMLEIKM_04953	441	S3	508	1.4e-138	455.5	74	502	6	422	84.3	1	high	3.1.6.- 3.1.6.19 	
GUT_GENOME208142_5___351528___352946___+___KEGOALKH_02577	472	S1_14	426	6.5e-164	538.4	3	422	2	435	98.4	1	high		
GUT_GENOME185662_4___18016___19470___+___BMIFDJDC_00188	484	S1_86	441	1.5e-253	834.0	1	441	2	441	99.8	1	high		
GUT_GENOME194553_57___37474___38661___+___MFGMNLMP_03239	395	S1_104	473	1.8e-189	623.2	26	382	1	365	75.3	1	high		
GUT_GENOME185279_19___11016___12491___+___JFMLEIKM_02322	491	S1_64	483	6e-208	684.6	1	482	3	488	99.6	1	high		
GUT_GENOME228848_51___110954___112414___-___BHEHKKKF_01925	486	S1_46	459	2.2e-96	316.0	2	452	3	473	98.0	1	high		
GUT_GENOME185648_48___16269___17630___-___KJICBEDJ_01794	453	S1_83	449	1.5e-229	755.1	2	446	4	449	98.9	1	high		
GUT_GENOME208018_9___118833___120245___-___MMNABIND_03446	470	S1_16	444	1e-172	567.4	3	433	4	467	96.8	1	high		
GUT_GENOME185648_115___9454___10860___-___KJICBEDJ_03185	468	S1_26	443	4.4e-210	691.0	2	441	4	443	99.1	1	high		
GUT_GENOME185662_50___12890___14290___+___BMIFDJDC_01679	466	S1_27	454	1.6e-157	517.9	2	444	2	462	97.4	1	high	3.1.6.12 3.1.6.- 	
GUT_GENOME208142_1___290994___292394___+___KEGOALKH_00243	466	S1_27	454	9.6e-158	518.6	2	444	2	462	97.4	1	high	3.1.6.12 3.1.6.- 	
GUT_GENOME239709_14___187669___189132___-___FAJBHEGO_04205	487	S1_46	459	4.2e-86	282.1	3	452	2	465	97.8	1	low		
GUT_GENOME185662_5___38060___39541___+___BMIFDJDC_00252	493	S1_61	451	6.6e-193	634.3	1	450	2	455	99.6	1	high		
GUT_GENOME232003_31___151512___152993___-___EINMMJKI_02903	493	S1_64	483	2.7e-192	633.0	2	483	4	487	99.6	1	high		
GUT_GENOME185648_48___23878___25341___+___KJICBEDJ_01799	487	S1_46	459	3.3e-81	266.0	2	453	7	471	98.3	1	low		
GUT_GENOME185279_12___36531___37910___+___JFMLEIKM_01617	459	S1_8	443	9.2e-123	402.9	5	432	2	430	96.4	1	high	3.10.1.1 3.1.6.- 	
GUT_GENOME185648_1___72608___74047___-___KJICBEDJ_00061	479	S1_26	443	5.7e-192	631.3	2	441	2	455	99.1	1	high		
GUT_GENOME185165_8___73682___75181___-___AIKLDHKH_00911	499	S1_46	459	6.1e-85	278.3	3	452	14	477	97.8	1	low		
GUT_GENOME228848_50___7999___9450___-___BHEHKKKF_01800	483	S1_26	443	4.1e-192	631.8	2	441	2	455	99.1	1	high		
GUT_GENOME232003_36___322680___324143___-___EINMMJKI_03716	487	S1_46	459	1.1e-96	317.0	2	447	16	481	96.9	1	high		
GUT_GENOME239709_1___423926___425350___+___FAJBHEGO_00394	474	S1_74	455	3e-238	783.6	1	453	4	458	99.3	1	high		
GUT_GENOME225018_80___19858___21258___-___MIAGAFMP_01993	466	S1_90	451	6.4e-120	393.7	3	436	2	421	96.0	1	high		
GUT_GENOME185648_18___5761___7134___-___KJICBEDJ_00840	457	S1_27	454	2.4e-173	570.0	2	446	2	456	97.8	1	high	3.1.6.12 3.1.6.- 	
GUT_GENOME230198_56___21630___23036___-___JLFLLHAM_02004	468	S1_26	443	6.6e-210	690.4	2	441	4	443	99.1	1	high		
GUT_GENOME188404_3___275990___277414___+___FMKOMKII_01303	474	S1_74	455	3e-238	783.6	1	453	4	458	99.3	1	high		
GUT_GENOME208018_13___81189___82658___-___MMNABIND_04145	489	S1_86	441	1e-244	804.9	1	441	2	442	99.8	1	high		
GUT_GENOME208142_15___79814___81199___-___KEGOALKH_04665	461	S1_46	459	6.7e-91	297.9	2	452	3	453	98.0	1	low		
GUT_GENOME225933_53___83___859___+___GMGPFJIC_01050	258	S1_43	470	2.6e-108	355.6	242	470	2	228	48.5	1	high		
GUT_GENOME228848_47___35193___36662___+___BHEHKKKF_01677	489	S1_86	441	1e-244	804.9	1	441	2	442	99.8	1	high		
GUT_GENOME225018_171___22945___24438___-___MIAGAFMP_04167	497	S1_64	483	3.1e-189	622.9	2	483	4	489	99.6	1	high		
GUT_GENOME239709_9___18593___20098___+___FAJBHEGO_02976	501	S1_43	470	8.1e-239	785.9	2	470	2	471	99.6	1	high		
GUT_GENOME185662_334___3511___4938___+___BMIFDJDC_04586	475	S1_26	443	3.8e-199	655.0	2	441	4	442	99.1	1	high		
GUT_GENOME185279_8___37524___38924___+___JFMLEIKM_01179	466	S1_27	454	1.6e-157	517.9	2	444	2	462	97.4	1	high	3.1.6.12 3.1.6.- 	
GUT_GENOME208142_1___350098___351600___+___KEGOALKH_00295	500	S1_64	483	5.7e-216	711.1	1	482	3	496	99.6	1	high		
GUT_GENOME239709_20___3286___4821___-___FAJBHEGO_04917	511	S1_65	439	3.1e-204	671.3	2	437	3	457	99.1	1	high		
GUT_GENOME185279_64___19904___21787___+___JFMLEIKM_04672	627	S1_64	483	5.5e-219	721.0	1	482	3	521	99.6	1	high		
GUT_GENOME208142_1___662612___664126___+___KEGOALKH_00587	504	S1_64	483	1.8e-218	719.3	1	483	3	497	99.8	1	high		
GUT_GENOME185165_75___14682___16187___-___AIKLDHKH_03663	501	S1_43	470	1.1e-238	785.5	2	470	2	471	99.6	1	high		
GUT_GENOME185617_4___160522___161985___-___FOKNAGOB_00625	487	S1_26	443	2.3e-195	642.5	2	441	3	461	99.1	1	high		
GUT_GENOME185279_23___54896___56383___+___JFMLEIKM_02691	495	S1_63	482	2.3e-209	688.8	1	480	2	487	99.4	1	high		
GUT_GENOME225933_222___6967___8583___-___GMGPFJIC_04325	538	S1_63	482	1.5e-193	636.6	1	481	2	495	99.6	1	high		
GUT_GENOME208018_23___45049___46392___+___MMNABIND_05134	447	S1_65	439	8.3e-192	630.3	3	437	2	429	98.9	1	high		
GUT_GENOME191697_1___396866___398311___-___DFFFGNIE_00360	481	S1_46	459	1.9e-200	659.1	2	458	2	468	99.3	1	high		
GUT_GENOME208142_1___572507___573931___+___KEGOALKH_00506	474	S1_74	455	3e-238	783.6	1	453	4	458	99.3	1	high		
GUT_GENOME185279_35___35875___37248___+___JFMLEIKM_03452	457	S1_27	454	2.4e-173	570.0	2	446	2	456	97.8	1	high	3.1.6.12 3.1.6.- 	
GUT_GENOME185165_78___7609___9069___-___AIKLDHKH_03719	486	S1_64	483	4.9e-204	671.7	1	483	3	484	99.8	1	high		
GUT_GENOME225933_131___23852___25345___+___GMGPFJIC_02478	497	S1_108	495	2e-259	854.3	1	491	2	495	99.0	1	high		
GUT_GENOME186263_54___22437___23942___+___DACIOADA_03038	501	S1_43	470	1.1e-238	785.5	2	470	2	471	99.6	1	high		
GUT_GENOME194553_124___2882___4288___-___MFGMNLMP_04660	468	S1_26	443	4.4e-210	691.0	2	441	4	443	99.1	1	high		
GUT_GENOME225933_183___74___637___+___GMGPFJIC_03494	187	S1_65	439	1.7e-76	250.4	255	437	2	183	41.5	1	probable fragment		
GUT_GENOME232003_49___107444___108823___-___EINMMJKI_05245	459	S1_8	443	1.5e-121	398.9	5	432	2	430	96.4	1	high	3.10.1.1 3.1.6.- 	
GUT_GENOME225018_19___8068___9393___+___MIAGAFMP_00474	441	S3	508	2.2e-138	454.8	74	502	6	422	84.3	1	high	3.1.6.- 3.1.6.19 	
GUT_GENOME239801_16___3301___4836___-___CJOEOPDH_05002	511	S1_65	439	3.1e-204	671.3	2	437	3	457	99.1	1	high		
GUT_GENOME225018_224___30787___32250___+___MIAGAFMP_05252	487	S1_46	459	3.2e-81	266.0	2	453	7	471	98.3	1	low		
GUT_GENOME185662_169___2299___3801___+___BMIFDJDC_03359	500	S1_64	483	7.5e-216	710.7	1	482	3	496	99.6	1	high		
GUT_GENOME194553_51___33353___34867___-___MFGMNLMP_03040	504	S1_64	483	3.7e-219	721.6	1	483	3	497	99.8	1	high		
GUT_GENOME192012_14___106036___107541___+___HJOHLJNN_02993	501	S1_90	451	1.3e-214	705.8	1	450	4	456	99.6	1	high		
GUT_GENOME228848_103___36722___38203___+___BHEHKKKF_05142	493	S1_15	471	3.8e-181	595.8	4	467	7	491	98.3	1	high	3.1.6.4 	
GUT_GENOME191697_31___306___716___+___DFFFGNIE_04312	136	S1_108	495	1.3e-36	119.3	351	482	1	130	26.5	1	probable fragment		
GUT_GENOME239801_34___15253___16755___-___CJOEOPDH_06450	500	S1_64	483	3.8e-205	675.4	1	482	3	495	99.6	1	high		
GUT_GENOME185648_153___10939___12390___+___KJICBEDJ_03748	483	S1_99	469	1e-249	821.9	5	468	4	474	98.7	1	high		
GUT_GENOME230198_8___14634___15971___+___JLFLLHAM_00186	445	S1_65	439	1.1e-196	646.4	2	431	3	440	97.7	1	high		
GUT_GENOME208142_18___105754___107235___-___KEGOALKH_05075	493	S1_61	451	8.7e-194	637.2	1	450	2	455	99.6	1	high		
GUT_GENOME191697_21___24941___25936___-___DFFFGNIE_03554	331	S1_108	495	1.2e-123	406.5	160	479	6	321	64.4	1	high		
GUT_GENOME232003_26___212173___213633___-___EINMMJKI_02500	486	S1_46	459	2.2e-96	316.0	2	452	3	473	98.0	1	high		
GUT_GENOME185165_111___9126___10607___-___AIKLDHKH_04370	493	S1_52	473	4e-218	717.8	2	470	4	487	98.9	1	high		
GUT_GENOME232003_20___119884___121383___+___EINMMJKI_01872	499	S1_46	459	5.9e-86	281.6	3	452	14	477	97.8	1	low		
GUT_GENOME228848_21___17948___20350___+___BHEHKKKF_00678	800	S1_108	495	1.3e-184	607.5	1	481	325	792	97.0	1	high		
GUT_GENOME225018_124___3236___4717___-___MIAGAFMP_02945	493	S1_52	473	1.7e-218	719.0	2	470	4	487	98.9	1	high		
GUT_GENOME188404_4___118744___120156___-___FMKOMKII_01585	470	S1_16	444	7e-173	568.0	3	433	4	467	96.8	1	high		
GUT_GENOME185617_11___68485___69936___+___FOKNAGOB_01491	483	S1_99	469	1e-249	821.9	5	468	4	474	98.7	1	high		
GUT_GENOME185648_236___8563___10056___-___KJICBEDJ_04684	497	S1_46	459	1.8e-152	500.9	2	456	11	456	98.9	1	high		
GUT_GENOME191697_5___94975___96435___+___DFFFGNIE_01406	486	S1_46	459	9.1e-97	317.3	2	452	3	473	98.0	1	high		
GUT_GENOME191697_22___84369___85742___+___DFFFGNIE_03706	457	S1_27	454	6.2e-173	568.7	2	446	2	456	97.8	1	high	3.1.6.12 3.1.6.- 	
GUT_GENOME232003_33___143098___144588___+___EINMMJKI_03249	496	S1_64	483	9.2e-191	628.0	1	482	3	483	99.6	1	high		
GUT_GENOME192012_14___32250___33875___+___HJOHLJNN_02931	541	S1_63	482	2e-193	636.2	2	481	4	494	99.4	1	high		
GUT_GENOME185165_1___9683___11029___+___AIKLDHKH_00009	448	S1_65	439	4.9e-211	693.7	2	437	2	444	99.1	1	high		
GUT_GENOME228848_91___24130___25698___+___BHEHKKKF_04239	522	S1_90	451	2.2e-162	533.6	2	440	12	444	97.1	1	high		
GUT_GENOME239709_16___106274___107659___+___FAJBHEGO_04456	461	S1_46	459	6.7e-91	297.9	2	452	3	453	98.0	1	low		
GUT_GENOME185662_255___5274___6788___-___BMIFDJDC_04098	504	S1_64	483	5.5e-219	721.0	1	483	3	497	99.8	1	high		
GUT_GENOME230198_89___21368___22801___-___JLFLLHAM_03271	477	S1_27	454	8.1e-173	568.3	3	448	2	468	98.0	1	high	3.1.6.12 3.1.6.- 	
GUT_GENOME185648_71___8485___9945___+___KJICBEDJ_02341	486	S1_46	459	8.6e-97	317.3	2	452	3	473	98.0	1	high		
GUT_GENOME185165_10___3177___4808___-___AIKLDHKH_01019	543	S1_65	439	2.7e-205	674.8	2	437	3	457	99.1	1	high		
GUT_GENOME208018_7___205282___206655___-___MMNABIND_03079	457	S1_27	454	9.7e-174	571.3	2	446	2	456	97.8	1	high	3.1.6.12 3.1.6.- 	
GUT_GENOME228848_72___182993___184318___-___BHEHKKKF_03269	441	S1_8	443	5.4e-130	426.7	3	422	2	412	94.6	1	high	3.10.1.1 3.1.6.- 	
GUT_GENOME186263_114___12415___13917___-___DACIOADA_04421	500	S1_64	483	2.5e-215	709.0	1	482	3	496	99.6	1	high		
GUT_GENOME185279_10___24306___25745___+___JFMLEIKM_01395	479	S1_26	443	5.7e-192	631.3	2	441	2	455	99.1	1	high		
GUT_GENOME208018_3___456270___457760___-___MMNABIND_01858	496	S1_64	483	4.3e-224	737.9	1	483	3	491	99.8	1	high		
GUT_GENOME185662_213___4086___5558___+___BMIFDJDC_03765	490	S1_108	495	5.3e-124	407.6	2	489	2	479	98.4	1	high		
GUT_GENOME185617_57___9586___11004___+___FOKNAGOB_04519	472	S1_9	433	2.4e-146	480.4	2	430	2	440	98.8	1	high	3.1.6.- 	
GUT_GENOME185662_217___2093___3523___-___BMIFDJDC_03801	476	S1_7	456	2.5e-68	223.8	4	449	2	456	97.6	1	low		
GUT_GENOME239801_4___303234___304787___-___CJOEOPDH_02108	517	S1_67	492	7.3e-211	693.7	2	491	3	494	99.4	1	high		
GUT_GENOME208142_11___117240___118703___+___KEGOALKH_03965	487	S1_26	443	9.3e-196	643.8	2	441	3	461	99.1	1	high		
GUT_GENOME228848_108___17432___18895___+___BHEHKKKF_05624	487	S1_46	459	4.2e-86	282.1	3	452	2	465	97.8	1	low		
GUT_GENOME185662_503___2169___2858___-___BMIFDJDC_05243	229	S1_64	483	5.5e-76	249.4	264	483	1	223	45.3	1	probable fragment		
GUT_GENOME192012_7___54395___55909___+___HJOHLJNN_01646	504	S1_64	483	8.2e-213	700.7	1	482	3	495	99.6	1	high		
GUT_GENOME232003_2___153121___154446___-___EINMMJKI_00174	441	S3	508	1e-139	459.2	74	502	6	422	84.3	1	high	3.1.6.- 3.1.6.19 	
GUT_GENOME208142_4___348047___349552___-___KEGOALKH_02191	501	S1_43	470	8.1e-239	785.9	2	470	2	471	99.6	1	high		
GUT_GENOME185617_6___60386___61792___-___FOKNAGOB_00839	468	S1_27	454	3.6e-127	417.8	2	447	24	459	98.0	1	high	3.1.6.12 3.1.6.- 	
GUT_GENOME230198_58___39824___41305___-___JLFLLHAM_02252	493	S1_52	473	9.9e-215	706.6	2	470	4	487	98.9	1	high		
GUT_GENOME186263_203___205___1548___-___DACIOADA_05412	447	S1_65	439	1.8e-191	629.3	3	437	2	429	98.9	1	high		
GUT_GENOME185617_2___97076___98521___+___FOKNAGOB_00239	481	S1_46	459	1.6e-200	659.3	2	458	2	468	99.3	1	high		
GUT_GENOME194553_12___16307___18190___-___MFGMNLMP_01134	627	S1_64	483	5.5e-219	721.0	1	482	3	521	99.6	1	high		
GUT_GENOME185617_64___11518___13134___-___FOKNAGOB_04770	538	S1_63	482	1.4e-191	630.2	1	481	2	495	99.6	1	high		
GUT_GENOME194553_85___9538___10899___-___MFGMNLMP_04013	453	S1_83	449	4.5e-229	753.5	2	446	4	449	98.9	1	high		
GUT_GENOME208018_4___349609___351054___-___MMNABIND_02189	481	S1_46	459	4.5e-200	657.8	2	458	2	468	99.3	1	high		
GUT_GENOME225933_116___15314___16849___+___GMGPFJIC_02296	511	S1_65	439	3.1e-204	671.3	2	437	3	457	99.1	1	high		
GUT_GENOME239801_7___251659___253119___-___CJOEOPDH_03304	486	S1_46	459	2.2e-96	316.0	2	452	3	473	98.0	1	high		
GUT_GENOME185279_6___129231___130712___+___JFMLEIKM_00994	493	S1_61	451	6.6e-193	634.3	1	450	2	455	99.6	1	high		
GUT_GENOME185648_72___5257___6771___-___KJICBEDJ_02357	504	S1_64	483	5.5e-219	721.0	1	483	3	497	99.8	1	high		
GUT_GENOME186263_82___17524___19005___+___DACIOADA_03809	493	S1_64	483	2.5e-214	705.7	1	483	3	492	99.8	1	high		
GUT_GENOME185617_57___4416___5789___-___FOKNAGOB_04515	457	S1_27	454	2.4e-173	570.0	2	446	2	456	97.8	1	high	3.1.6.12 3.1.6.- 	
GUT_GENOME186263_77___13502___15118___+___DACIOADA_03688	538	S1_63	482	1.4e-191	630.2	1	481	2	495	99.6	1	high		
GUT_GENOME185662_375___1301___2590___+___BMIFDJDC_04802	429	S3	508	1.1e-130	429.5	73	500	6	428	84.1	1	high	3.1.6.- 3.1.6.19 	
GUT_GENOME185617_64___13103___14671___-___FOKNAGOB_04771	522	S1_90	451	2.2e-161	530.4	2	440	12	444	97.1	1	high		
GUT_GENOME185648_377___147___1592___+___KJICBEDJ_05579	481	S1_46	459	1.6e-200	659.3	2	458	2	468	99.3	1	high		
GUT_GENOME188404_23___43777___45237___+___FMKOMKII_05204	486	S1_46	459	2e-95	312.8	2	452	3	473	98.0	1	high		
GUT_GENOME185648_7___12512___14053___-___KJICBEDJ_00404	513	S1_64	483	2.2e-205	676.1	1	482	3	495	99.6	1	high		
GUT_GENOME239709_26___64575___66056___-___FAJBHEGO_05625	493	S1_61	451	8.7e-194	637.2	1	450	2	455	99.6	1	high		
GUT_GENOME225018_1___22109___23548___-___MIAGAFMP_00019	479	S1_26	443	6.2e-192	631.2	2	441	2	455	99.1	1	high		
GUT_GENOME188404_15___5388___6869___-___FMKOMKII_04104	493	S1_64	483	2.7e-192	633.0	2	483	4	487	99.6	1	high		
GUT_GENOME239801_12___187706___189169___-___CJOEOPDH_04518	487	S1_46	459	4.2e-86	282.1	3	452	2	465	97.8	1	low		
GUT_GENOME194553_93___11020___12495___+___MFGMNLMP_04186	491	S1_64	483	6.1e-208	684.6	1	482	3	488	99.6	1	high		
GUT_GENOME185617_44___38185___39699___-___FOKNAGOB_03991	504	S1_64	483	5.5e-219	721.0	1	483	3	497	99.8	1	high		
GUT_GENOME185617_2___22873___24312___+___FOKNAGOB_00178	479	S1_26	443	5.7e-192	631.3	2	441	2	455	99.1	1	high		
GUT_GENOME232003_41___52272___53648___-___EINMMJKI_04253	458	S1_65	439	2.1e-206	678.4	2	437	2	451	99.1	1	high		
GUT_GENOME191697_1___388660___390177___-___DFFFGNIE_00354	505	S1_108	495	7.7e-243	799.6	2	492	2	495	99.0	1	high		
GUT_GENOME185165_51___14162___15613___+___AIKLDHKH_03051	483	S1_99	469	1e-249	821.9	5	468	4	474	98.7	1	high		
GUT_GENOME225933_192___17431___18894___+___GMGPFJIC_03739	487	S1_46	459	4.2e-86	282.1	3	452	2	465	97.8	1	low		
GUT_GENOME185165_26___9454___10860___-___AIKLDHKH_02061	468	S1_26	443	4.4e-210	691.0	2	441	4	443	99.1	1	high		
GUT_GENOME232003_2___348050___349555___-___EINMMJKI_00355	501	S1_43	470	8.1e-239	785.9	2	470	2	471	99.6	1	high		
GUT_GENOME232003_36___321050___322507___-___EINMMJKI_03715	485	S1_46	459	3.7e-95	312.0	2	447	13	479	96.9	1	high		
GUT_GENOME228848_98___229830___231272___+___BHEHKKKF_04899	480	S1_27	454	4.1e-173	569.3	3	449	2	469	98.2	1	high	3.1.6.12 3.1.6.- 	
GUT_GENOME239801_2___128522___129811___+___CJOEOPDH_00983	429	S3	508	1e-130	429.6	73	500	6	428	84.1	1	high	3.1.6.- 3.1.6.19 	
GUT_GENOME232003_28___131799___133172___-___EINMMJKI_02650	457	S1_27	454	9.7e-174	571.3	2	446	2	456	97.8	1	high	3.1.6.12 3.1.6.- 	
GUT_GENOME225933_222___8552___10120___-___GMGPFJIC_04326	522	S1_90	451	2.2e-162	533.6	2	440	12	444	97.1	1	high		
GUT_GENOME185165_41___24177___25520___+___AIKLDHKH_02726	447	S1_65	439	1.8e-191	629.3	3	437	2	429	98.9	1	high		
GUT_GENOME185279_69___23277___24617___+___JFMLEIKM_04820	446	S1_46	459	1.3e-67	221.1	27	439	18	422	89.8	1	low		
GUT_GENOME228848_62___40290___41708___+___BHEHKKKF_02856	472	S1_14	426	1e-163	537.8	3	422	2	435	98.4	1	high		
GUT_GENOME188404_5___63434___64939___+___FMKOMKII_01947	501	S1_43	470	8.1e-239	785.9	2	470	2	471	99.6	1	high		
GUT_GENOME208142_1___21259___22797___+___KEGOALKH_00016	512	S1_64	483	3.2e-203	669.0	1	482	3	494	99.6	1	high		
GUT_GENOME185279_86___7353___8834___-___JFMLEIKM_05155	493	S1_52	473	4e-218	717.8	2	470	4	487	98.9	1	high		
GUT_GENOME185648_321___4363___6246___+___KJICBEDJ_05305	627	S1_64	483	5.5e-219	721.0	1	482	3	521	99.6	1	high		
GUT_GENOME186263_92___7275___8687___-___DACIOADA_04010	470	S1_16	444	7e-173	568.0	3	433	4	467	96.8	1	high		
GUT_GENOME228848_89___103089___104624___+___BHEHKKKF_04152	511	S1_65	439	3.1e-204	671.3	2	437	3	457	99.1	1	high		
GUT_GENOME225933_91___2757___3980___-___GMGPFJIC_01846	407	S1_52	473	1.5e-168	554.3	84	470	1	401	81.6	1	high		
GUT_GENOME228848_35___93549___95039___+___BHEHKKKF_01085	496	S1_64	483	9.2e-191	628.0	1	482	3	483	99.6	1	high		
GUT_GENOME186263_10___83938___85401___+___DACIOADA_00974	487	S1_46	459	3.3e-81	266.0	2	453	7	471	98.3	1	low		
GUT_GENOME185279_86___5855___7336___-___JFMLEIKM_05154	493	S1_52	473	2e-215	708.9	2	470	4	487	98.9	1	high		
GUT_GENOME191697_33___62017___63423___-___DFFFGNIE_04500	468	S1_27	454	1.6e-127	419.0	2	447	24	459	98.0	1	high	3.1.6.12 3.1.6.- 	
GUT_GENOME186263_130___5855___7336___-___DACIOADA_04669	493	S1_52	473	2e-215	708.9	2	470	4	487	98.9	1	high		
GUT_GENOME232003_33___195206___196624___+___EINMMJKI_03288	472	S1_14	426	1e-163	537.8	3	422	2	435	98.4	1	high		
GUT_GENOME185165_60___24554___25987___+___AIKLDHKH_03313	477	S1_27	454	3.2e-173	569.6	3	448	2	468	98.0	1	high	3.1.6.12 3.1.6.- 	
GUT_GENOME186263_33___9612___10958___+___DACIOADA_02251	448	S1_65	439	4.9e-211	693.7	2	437	2	444	99.1	1	high		
GUT_GENOME230198_26___48952___50445___-___JLFLLHAM_00727	497	S1_108	495	1.1e-259	855.2	1	491	2	495	99.0	1	high		
GUT_GENOME186263_18___68706___70199___+___DACIOADA_01551	497	S1_108	495	4.2e-259	853.2	1	491	2	495	99.0	1	high		
GUT_GENOME185662_89___6648___8054___-___BMIFDJDC_02375	468	S1_26	443	4.4e-210	691.0	2	441	4	443	99.1	1	high		
GUT_GENOME186263_49___10536___11942___+___DACIOADA_02880	468	S1_27	454	3.6e-127	417.8	2	447	24	459	98.0	1	high	3.1.6.12 3.1.6.- 	
GUT_GENOME225933_246___11618___12907___+___GMGPFJIC_04875	429	S3	508	1e-130	429.6	73	500	6	428	84.1	1	high	3.1.6.- 3.1.6.19 	
GUT_GENOME191697_8___37816___39318___+___DFFFGNIE_01923	500	S1_64	483	7.5e-216	710.7	1	482	3	496	99.6	1	high		
GUT_GENOME185279_3___197173___198621___-___JFMLEIKM_00603	482	S1_108	495	3.6e-173	569.8	2	482	7	476	97.0	1	high		
GUT_GENOME185165_11___49012___50418___-___AIKLDHKH_01148	468	S1_27	454	3.6e-127	417.8	2	447	24	459	98.0	1	high	3.1.6.12 3.1.6.- 	
GUT_GENOME191697_9___16653___17999___+___DFFFGNIE_02083	448	S1_65	439	1.3e-209	689.0	2	437	2	444	99.1	1	high		
GUT_GENOME185662_300___6007___6777___-___BMIFDJDC_04391	256	S1_64	483	6.2e-81	265.8	241	483	1	248	50.1	1	probable fragment		
GUT_GENOME225018_169___56234___57727___-___MIAGAFMP_04112	497	S1_46	459	1.8e-152	500.9	2	456	11	456	98.9	1	high		
GUT_GENOME185165_25___30581___31999___-___AIKLDHKH_02022	472	S1_9	433	2.4e-146	480.4	2	430	2	440	98.8	1	high	3.1.6.- 	
GUT_GENOME192012_14___104272___105831___-___HJOHLJNN_02992	519	S1_46	459	3.2e-138	453.9	2	456	3	468	98.9	1	high		
GUT_GENOME225018_189___7556___8962___+___MIAGAFMP_04496	468	S1_27	454	6.8e-127	416.9	2	447	24	459	98.0	1	high	3.1.6.12 3.1.6.- 	
GUT_GENOME230198_32___149547___151049___-___JLFLLHAM_01074	500	S1_64	483	9.4e-216	710.4	1	482	3	496	99.6	1	high		
GUT_GENOME208018_1___19797___21299___+___MMNABIND_00015	500	S1_64	483	3.8e-205	675.4	1	482	3	495	99.6	1	high		
GUT_GENOME185617_16___13385___14746___+___FOKNAGOB_02049	453	S1_83	449	1.5e-229	755.1	2	446	4	449	98.9	1	high		
GUT_GENOME186263_159___3839___5332___+___DACIOADA_05058	497	S1_64	483	1.9e-189	623.6	2	483	4	489	99.6	1	high		
GUT_GENOME239801_4___221911___223236___+___CJOEOPDH_02048	441	S1_8	443	5.4e-130	426.7	3	422	2	412	94.6	1	high	3.10.1.1 3.1.6.- 	
GUT_GENOME188404_34___34495___35946___+___FMKOMKII_05971	483	S1_26	443	4.1e-192	631.8	2	441	2	455	99.1	1	high		
GUT_GENOME230198_55___56927___58810___+___JLFLLHAM_01926	627	S1_64	483	5.5e-219	721.0	1	482	3	521	99.6	1	high		
GUT_GENOME208018_5___95488___96864___+___MMNABIND_02345	458	S1_46	459	2.1e-89	293.0	3	441	2	449	95.4	1	low		
GUT_GENOME185279_1___101135___102607___+___JFMLEIKM_00093	490	S1_108	495	5.3e-124	407.6	2	489	2	479	98.4	1	high		
GUT_GENOME232003_35___61062___62543___+___EINMMJKI_03383	493	S1_52	473	3.7e-215	708.1	2	470	4	487	98.9	1	high		
GUT_GENOME232003_33___149678___151273___-___EINMMJKI_03253	531	S1_46	459	2.7e-149	490.4	2	456	2	453	98.9	1	high		
GUT_GENOME185648_118___8070___9551___-___KJICBEDJ_03235	493	S1_61	451	6.6e-193	634.3	1	450	2	455	99.6	1	high		
GUT_GENOME225018_80___23540___24919___-___MIAGAFMP_01997	459	S1_8	443	8.2e-123	403.1	5	432	2	430	96.4	1	high	3.10.1.1 3.1.6.- 	
GUT_GENOME228848_91___19674___21176___+___BHEHKKKF_04236	500	S1_64	483	3.8e-205	675.4	1	482	3	495	99.6	1	high		
GUT_GENOME228848_85___46143___47654___+___BHEHKKKF_03894	503	S1_64	483	1.4e-212	700.0	1	483	3	487	99.8	1	high		
GUT_GENOME188404_6___133801___135174___-___FMKOMKII_02391	457	S1_27	454	9.7e-174	571.3	2	446	2	456	97.8	1	high	3.1.6.12 3.1.6.- 	
GUT_GENOME186263_114___17254___18681___-___DACIOADA_04424	475	S1_26	443	8.6e-199	653.8	2	441	4	442	99.1	1	high		
GUT_GENOME185617_4___159070___160482___-___FOKNAGOB_00624	470	S1_16	444	7e-173	568.0	3	433	4	467	96.8	1	high		
GUT_GENOME194553_94___13650___15056___-___MFGMNLMP_04213	468	S1_27	454	1.6e-127	419.0	2	447	24	459	98.0	1	high	3.1.6.12 3.1.6.- 	
GUT_GENOME188404_11___77658___79034___+___FMKOMKII_03455	458	S1_46	459	2.1e-89	293.0	3	441	2	449	95.4	1	low		
GUT_GENOME194553_126___12451___13899___+___MFGMNLMP_04688	482	S1_108	495	3.7e-173	569.7	2	482	7	476	97.0	1	high		
GUT_GENOME188404_3___354353___355867___+___FMKOMKII_01369	504	S1_64	483	1.8e-218	719.3	1	483	3	497	99.8	1	high		
GUT_GENOME191697_4___127948___129366___-___DFFFGNIE_01170	472	S1_27	454	5.3e-148	486.5	2	452	6	457	99.1	1	high	3.1.6.12 3.1.6.- 	
GUT_GENOME185165_204___7130___8215___-___AIKLDHKH_05443	361	S1_64	483	2.8e-141	464.8	140	483	8	354	71.0	1	high		
GUT_GENOME225933_40___6922___8310___-___GMGPFJIC_00804	462	S1_27	454	2.5e-166	546.9	2	448	2	447	98.2	1	high	3.1.6.12 3.1.6.- 	
GUT_GENOME239709_26___75775___77268___+___FAJBHEGO_05632	497	S1_46	459	7.8e-153	502.1	2	456	11	456	98.9	1	high		
GUT_GENOME239709_10___130317___131798___+___FAJBHEGO_03313	493	S1_52	473	3.7e-215	708.1	2	470	4	487	98.9	1	high		
GUT_GENOME185648_99___15631___17103___-___KJICBEDJ_02899	490	S1_104	473	2.9e-249	820.4	9	473	1	473	98.1	1	high		
GUT_GENOME186263_130___7353___8834___-___DACIOADA_04670	493	S1_52	473	4e-218	717.8	2	470	4	487	98.9	1	high		
GUT_GENOME239709_17___122543___124054___-___FAJBHEGO_04620	503	S1_64	483	1.4e-212	700.0	1	483	3	487	99.8	1	high		
GUT_GENOME228848_79___61034___62515___+___BHEHKKKF_03716	493	S1_52	473	3.7e-215	708.1	2	470	4	487	98.9	1	high		
GUT_GENOME230198_11___8373___9779___+___JLFLLHAM_00277	468	S1_27	454	1.6e-127	419.0	2	447	24	459	98.0	1	high	3.1.6.12 3.1.6.- 	
GUT_GENOME186263_168___823___2310___-___DACIOADA_05147	495	S1_63	482	2.3e-209	688.8	1	480	2	487	99.4	1	high		
GUT_GENOME185662_299___1789___3114___-___BMIFDJDC_04382	441	S3	508	1.4e-138	455.5	74	502	6	422	84.3	1	high	3.1.6.- 3.1.6.19 	
GUT_GENOME191697_11___137658___139139___-___DFFFGNIE_02439	493	S1_52	473	9.9e-215	706.6	2	470	4	487	98.9	1	high		
GUT_GENOME188404_2___150181___151557___-___FMKOMKII_00717	458	S1_65	439	2.1e-206	678.4	2	437	2	451	99.1	1	high		
GUT_GENOME225018_124___1738___3219___-___MIAGAFMP_02944	493	S1_52	473	3.4e-215	708.2	2	470	4	487	98.9	1	high		
GUT_GENOME185648_63___16511___17800___+___KJICBEDJ_02167	429	S3	508	1.1e-130	429.5	73	500	6	428	84.1	1	high	3.1.6.- 3.1.6.19 	
GUT_GENOME225018_201___58669___60162___+___MIAGAFMP_04782	497	S1_64	483	8.7e-229	753.4	1	483	3	495	99.8	1	high		
GUT_GENOME230198_111___19741___21228___+___JLFLLHAM_03925	495	S1_63	482	1.5e-210	692.7	1	480	2	487	99.4	1	high		
GUT_GENOME186263_24___29706___31199___+___DACIOADA_01864	497	S1_46	459	1.8e-152	500.9	2	456	11	456	98.9	1	high		
GUT_GENOME185279_32___53991___55463___-___JFMLEIKM_03301	490	S1_104	473	2.9e-249	820.4	9	473	1	473	98.1	1	high		
GUT_GENOME185662_100___9200___10606___-___BMIFDJDC_02528	468	S1_27	454	3.6e-127	417.8	2	447	24	459	98.0	1	high	3.1.6.12 3.1.6.- 	
GUT_GENOME194553_5___53991___55484___-___MFGMNLMP_00594	497	S1_46	459	2.7e-152	500.3	2	456	11	456	98.9	1	high		
GUT_GENOME228848_7___111688___113061___+___BHEHKKKF_00334	457	S1_27	454	9.7e-174	571.3	2	446	2	456	97.8	1	high	3.1.6.12 3.1.6.- 	
GUT_GENOME239709_30___70666___72168___-___FAJBHEGO_05996	500	S1_64	483	3.8e-205	675.4	1	482	3	495	99.6	1	high		
GUT_GENOME239709_9___17091___18536___+___FAJBHEGO_02975	481	S1_46	459	4.5e-200	657.8	2	458	2	468	99.3	1	high		
GUT_GENOME186263_9___12231___13682___+___DACIOADA_00848	483	S1_99	469	1e-249	821.9	5	468	4	474	98.7	1	high		
GUT_GENOME208142_2___335017___337419___-___KEGOALKH_01201	800	S1_108	495	1.3e-184	607.5	1	481	325	792	97.0	1	high		
GUT_GENOME239709_20___4826___6307___-___FAJBHEGO_04918	493	S1_64	483	2.7e-192	633.0	2	483	4	487	99.6	1	high		
GUT_GENOME225933_38___301___1680___+___GMGPFJIC_00779	459	S1_8	443	1.5e-121	398.9	5	432	2	430	96.4	1	high	3.10.1.1 3.1.6.- 	
GUT_GENOME185662_500___93___1574___+___BMIFDJDC_05238	493	S1_52	473	4.9e-218	717.5	2	470	4	487	98.9	1	high		
GUT_GENOME208142_18___116954___118447___+___KEGOALKH_05082	497	S1_46	459	7.8e-153	502.1	2	456	11	456	98.9	1	high		
GUT_GENOME208018_8___51440___52993___-___MMNABIND_03186	517	S1_67	492	7.3e-211	693.7	2	491	3	494	99.4	1	high		
GUT_GENOME188404_4___320831___322288___-___FMKOMKII_01743	485	S1_46	459	3.7e-95	312.0	2	447	13	479	96.9	1	high		
GUT_GENOME225933_248___1120___3522___+___GMGPFJIC_04890	800	S1_108	495	1.3e-184	607.5	1	481	325	792	97.0	1	high		
GUT_GENOME225018_219___37542___39023___+___MIAGAFMP_05168	493	S1_64	483	1.4e-213	703.2	1	483	3	492	99.8	1	high		
GUT_GENOME208018_4___153094___154419___-___MMNABIND_02009	441	S3	508	1e-139	459.2	74	502	6	422	84.3	1	high	3.1.6.- 3.1.6.19 	
GUT_GENOME186263_19___59860___61332___-___DACIOADA_01616	490	S1_108	495	5.3e-124	407.6	2	489	2	479	98.4	1	high		
GUT_GENOME225018_171___28061___29566___-___MIAGAFMP_04171	501	S1_43	470	9.1e-240	789.0	2	470	2	471	99.6	1	high		
GUT_GENOME232003_40___237117___238517___+___EINMMJKI_04135	466	S1_27	454	9.6e-158	518.6	2	444	2	462	97.4	1	high	3.1.6.12 3.1.6.- 	
GUT_GENOME185648_18___10931___12349___+___KJICBEDJ_00844	472	S1_9	433	2.4e-146	480.4	2	430	2	440	98.8	1	high	3.1.6.- 	
GUT_GENOME228848_98___202284___203609___+___BHEHKKKF_04876	441	S3	508	1e-139	459.2	74	502	6	422	84.3	1	high	3.1.6.- 3.1.6.19 	
GUT_GENOME228848_72___26980___28473___-___BHEHKKKF_03143	497	S1_46	459	7.8e-153	502.1	2	456	11	456	98.9	1	high		
GUT_GENOME185662_88___2770___4242___+___BMIFDJDC_02354	490	S1_104	473	2.9e-249	820.4	9	473	1	473	98.1	1	high		
GUT_GENOME228848_56___102849___104351___-___BHEHKKKF_02315	500	S1_64	483	5.7e-216	711.1	1	482	3	496	99.6	1	high		
GUT_GENOME188404_5___258567___259892___+___FMKOMKII_02125	441	S3	508	1e-139	459.2	74	502	6	422	84.3	1	high	3.1.6.- 3.1.6.19 	
GUT_GENOME225933_146___13297___14799___+___GMGPFJIC_02737	500	S1_64	483	5.7e-216	711.1	1	482	3	496	99.6	1	high		
GUT_GENOME239801_19___92345___93730___+___CJOEOPDH_05452	461	S1_46	459	6.7e-91	297.9	2	452	3	453	98.0	1	low		
GUT_GENOME188404_15___3848___5383___-___FMKOMKII_04103	511	S1_65	439	3.1e-204	671.3	2	437	3	457	99.1	1	high		
GUT_GENOME185165_159___815___2275___+___AIKLDHKH_05006	486	S1_46	459	8.6e-97	317.3	2	452	3	473	98.0	1	high		
GUT_GENOME185617_22___84372___86003___+___FOKNAGOB_02624	543	S1_65	439	2.7e-205	674.8	2	437	3	457	99.1	1	high		
GUT_GENOME185617_3___73635___75035___+___FOKNAGOB_00387	466	S1_27	454	1.6e-157	517.9	2	444	2	462	97.4	1	high	3.1.6.12 3.1.6.- 	
GUT_GENOME191697_1___212063___213388___-___DFFFGNIE_00192	441	S3	508	7.9e-141	462.9	74	502	6	422	84.3	1	high	3.1.6.- 3.1.6.19 	
GUT_GENOME239709_5___78555___79880___-___FAJBHEGO_02032	441	S1_8	443	5.4e-130	426.7	3	422	2	412	94.6	1	high	3.10.1.1 3.1.6.- 	
GUT_GENOME185165_49___13156___15039___-___AIKLDHKH_02999	627	S1_64	483	5.5e-219	721.0	1	482	3	521	99.6	1	high		
GUT_GENOME185662_5___26853___28346___-___BMIFDJDC_00245	497	S1_46	459	1.8e-152	500.9	2	456	11	456	98.9	1	high		
GUT_GENOME230198_17___19015___20520___+___JLFLLHAM_00373	501	S1_43	470	9.1e-240	789.0	2	470	2	471	99.6	1	high		
GUT_GENOME225933_37___22440___23777___-___GMGPFJIC_00767	445	S1_65	439	2.7e-196	645.1	2	431	3	440	97.7	1	high		
GUT_GENOME208142_5___299420___300910___+___KEGOALKH_02537	496	S1_64	483	9.2e-191	628.0	1	482	3	483	99.6	1	high		
GUT_GENOME188404_13___173000___174502___-___FMKOMKII_03903	500	S1_64	483	3.8e-205	675.4	1	482	3	495	99.6	1	high		
GUT_GENOME185617_5___60035___61495___+___FOKNAGOB_00691	486	S1_46	459	8.6e-97	317.3	2	452	3	473	98.0	1	high		
GUT_GENOME185662_410___2793___4238___+___BMIFDJDC_04947	481	S1_46	459	1.6e-200	659.3	2	458	2	468	99.3	1	high		
GUT_GENOME194553_60___23140___24519___-___MFGMNLMP_03319	459	S1_8	443	1.1e-121	399.4	5	432	2	430	96.4	1	high	3.10.1.1 3.1.6.- 	
GUT_GENOME232003_30___9215___10831___-___EINMMJKI_02755	538	S1_63	482	1.5e-193	636.6	1	481	2	495	99.6	1	high		
GUT_GENOME188404_26___79513___80898___-___FMKOMKII_05509	461	S1_46	459	6.7e-91	297.9	2	452	3	453	98.0	1	low		
GUT_GENOME185662_217___6242___7723___+___BMIFDJDC_03804	493	S1_64	483	2.5e-214	705.7	1	483	3	492	99.8	1	high		
GUT_GENOME230198_75___32432___33775___-___JLFLLHAM_02707	447	S1_65	439	1.7e-191	629.3	3	437	2	429	98.9	1	high		
GUT_GENOME191697_8___33052___34479___+___DFFFGNIE_01920	475	S1_26	443	1.4e-199	656.4	2	441	4	442	99.1	1	high		
GUT_GENOME232003_39___15889___17274___+___EINMMJKI_03858	461	S1_46	459	6.7e-91	297.9	2	452	3	453	98.0	1	low		
GUT_GENOME208018_10___130411___131892___+___MMNABIND_03646	493	S1_52	473	3.7e-215	708.1	2	470	4	487	98.9	1	high		
GUT_GENOME185165_120___2346___3809___-___AIKLDHKH_04511	487	S1_46	459	3.3e-81	266.0	2	453	7	471	98.3	1	low		
GUT_GENOME185648_78___19132___20595___-___KJICBEDJ_02487	487	S1_26	443	2.3e-195	642.5	2	441	3	461	99.1	1	high		
GUT_GENOME239801_2___223238___224728___-___CJOEOPDH_01056	496	S1_64	483	4.3e-224	737.9	1	483	3	491	99.8	1	high		
GUT_GENOME228848_56___161983___163383___-___BHEHKKKF_02367	466	S1_27	454	9.6e-158	518.6	2	444	2	462	97.4	1	high	3.1.6.12 3.1.6.- 	
GUT_GENOME225018_225___102611___103948___-___MIAGAFMP_05347	445	S1_65	439	6.3e-197	647.2	2	431	3	440	97.7	1	high		
GUT_GENOME208142_12___84922___86403___-___KEGOALKH_04139	493	S1_52	473	3.7e-215	708.1	2	470	4	487	98.9	1	high		
GUT_GENOME191697_34___20582___22051___-___DFFFGNIE_04520	489	S1_86	441	1.5e-244	804.4	1	441	2	442	99.8	1	high		
GUT_GENOME239801_1___746716___748116___-___CJOEOPDH_00664	466	S1_27	454	9.6e-158	518.6	2	444	2	462	97.4	1	high	3.1.6.12 3.1.6.- 	
GUT_GENOME185617_3___129238___130665___+___FOKNAGOB_00437	475	S1_26	443	3.8e-199	655.0	2	441	4	442	99.1	1	high		
GUT_GENOME208018_1___24253___25821___+___MMNABIND_00018	522	S1_90	451	2.2e-162	533.6	2	440	12	444	97.1	1	high		
GUT_GENOME228848_56___107688___109115___-___BHEHKKKF_02318	475	S1_26	443	1.8e-199	656.0	2	441	4	442	99.1	1	high		
GUT_GENOME194553_4___78049___79437___+___MFGMNLMP_00492	462	S1_27	454	1.3e-166	547.8	2	448	2	447	98.2	1	high	3.1.6.12 3.1.6.- 	
GUT_GENOME230198_32___154386___155813___-___JLFLLHAM_01077	475	S1_26	443	1.4e-199	656.4	2	441	4	442	99.1	1	high		
GUT_GENOME192012_12___82085___83551___+___HJOHLJNN_02736	488	S1_54	481	3e-220	725.1	2	479	2	485	99.2	1	high		
GUT_GENOME185165_190___1312___2784___+___AIKLDHKH_05322	490	S1_108	495	5.3e-124	407.6	2	489	2	479	98.4	1	high		
GUT_GENOME225018_211___15682___18084___-___MIAGAFMP_04986	800	S1_108	495	2.3e-185	610.0	1	479	325	790	96.6	1	high		
GUT_GENOME239801_10___6566___8077___-___CJOEOPDH_03958	503	S1_104	473	1.1e-256	844.9	1	473	6	486	99.8	1	high		
GUT_GENOME186263_171___325___1725___-___DACIOADA_05171	466	S1_27	454	1.6e-157	517.9	2	444	2	462	97.4	1	high	3.1.6.12 3.1.6.- 	
GUT_GENOME239709_13___116140___117600___+___FAJBHEGO_03941	486	S1_46	459	2.2e-96	316.0	2	452	3	473	98.0	1	high		
GUT_GENOME185662_300___4478___5995___-___BMIFDJDC_04390	505	S1_108	495	1.8e-241	795.1	2	491	2	494	98.8	1	high		
GUT_GENOME239801_25___40512___41930___+___CJOEOPDH_05957	472	S1_14	426	1e-163	537.8	3	422	2	435	98.4	1	high		
GUT_GENOME239801_1___692349___693776___-___CJOEOPDH_00615	475	S1_26	443	1.8e-199	656.0	2	441	4	442	99.1	1	high		
GUT_GENOME185165_35___21786___24188___+___AIKLDHKH_02484	800	S1_108	495	1.4e-184	607.4	1	479	325	790	96.6	1	high		
GUT_GENOME185662_119___8605___10038___-___BMIFDJDC_02781	477	S1_27	454	3.2e-173	569.6	3	448	2	468	98.0	1	high	3.1.6.12 3.1.6.- 	
GUT_GENOME194553_5___65186___66667___+___MFGMNLMP_00601	493	S1_61	451	5.9e-194	637.7	1	450	2	455	99.6	1	high		
GUT_GENOME239709_28___82768___84114___-___FAJBHEGO_05833	448	S1_65	439	7.2e-211	693.2	2	437	2	444	99.1	1	high		
GUT_GENOME185279_53___1622___3127___-___JFMLEIKM_04279	501	S1_61	451	1.8e-197	649.3	1	450	2	464	99.6	1	high		
GUT_GENOME185165_111___7628___9109___-___AIKLDHKH_04369	493	S1_52	473	2e-215	708.9	2	470	4	487	98.9	1	high		
GUT_GENOME232003_36___118959___120371___-___EINMMJKI_03557	470	S1_16	444	7e-173	568.0	3	433	4	467	96.8	1	high		
GUT_GENOME185648_7___7945___9561___-___KJICBEDJ_00401	538	S1_63	482	1.4e-191	630.2	1	481	2	495	99.6	1	high		
GUT_GENOME192012_7___49647___51086___+___HJOHLJNN_01643	479	S1_26	443	1.6e-202	666.0	2	441	4	441	99.1	1	high		
GUT_GENOME208142_11___15698___17023___-___KEGOALKH_03879	441	S1_8	443	5.4e-130	426.7	3	422	2	412	94.6	1	high	3.10.1.1 3.1.6.- 	
GUT_GENOME239801_4___378117___379610___+___CJOEOPDH_02175	497	S1_46	459	7.8e-153	502.1	2	456	11	456	98.9	1	high		
GUT_GENOME228848_35___53681___55087___+___BHEHKKKF_01048	468	S1_27	454	5.6e-128	420.5	2	447	24	459	98.0	1	high	3.1.6.12 3.1.6.- 	
GUT_GENOME225933_145___2589___4046___-___GMGPFJIC_02673	485	S1_46	459	3.7e-95	312.0	2	447	13	479	96.9	1	high		
GUT_GENOME185279_4___139215___140756___+___JFMLEIKM_00734	513	S1_64	483	2.2e-205	676.1	1	482	3	495	99.6	1	high		
GUT_GENOME194553_3___60827___62272___-___MFGMNLMP_00345	481	S1_27	454	1.6e-172	567.3	3	449	2	469	98.2	1	high	3.1.6.12 3.1.6.- 	
GUT_GENOME185662_4___11238___12599___+___BMIFDJDC_00184	453	S1_83	449	1.5e-229	755.1	2	446	4	449	98.9	1	high		
GUT_GENOME230198_137___40166___41584___-___JLFLLHAM_04965	472	S1_27	454	5.3e-148	486.5	2	452	6	457	99.1	1	high	3.1.6.12 3.1.6.- 	
GUT_GENOME194553_5___110358___111776___+___MFGMNLMP_00643	472	S1_27	454	5.3e-148	486.5	2	452	6	457	99.1	1	high	3.1.6.12 3.1.6.- 	
GUT_GENOME185648_224___4555___6072___-___KJICBEDJ_04571	505	S1_108	495	1.8e-241	795.1	2	491	2	494	98.8	1	high		
GUT_GENOME208018_8___69445___70902___-___MMNABIND_03198	485	S1_46	459	3.7e-95	312.0	2	447	13	479	96.9	1	high		
GUT_GENOME188404_1___262402___263892___+___FMKOMKII_00235	496	S1_64	483	4.3e-224	737.9	1	483	3	491	99.8	1	high		
GUT_GENOME185617_9___18511___19992___-___FOKNAGOB_01207	493	S1_61	451	6.6e-193	634.3	1	450	2	455	99.6	1	high		
GUT_GENOME225933_239___459___1952___+___GMGPFJIC_04766	497	S1_46	459	7.8e-153	502.1	2	456	11	456	98.9	1	high		
GUT_GENOME228848_103___151643___153157___+___BHEHKKKF_05234	504	S1_64	483	1.8e-218	719.3	1	483	3	497	99.8	1	high		
GUT_GENOME239709_3___50352___51842___-___FAJBHEGO_01309	496	S1_64	483	4.3e-224	737.9	1	483	3	491	99.8	1	high		
GUT_GENOME208018_27___25071___26417___-___MMNABIND_05421	448	S1_65	439	7.2e-211	693.2	2	437	2	444	99.1	1	high		
GUT_GENOME230198_137___104665___106158___+___JLFLLHAM_05024	497	S1_46	459	2.4e-152	500.5	2	456	11	456	98.9	1	high		
GUT_GENOME208018_10___128913___130394___+___MMNABIND_03645	493	S1_52	473	2e-219	722.1	2	470	4	487	98.9	1	high		
GUT_GENOME192012_7___224932___226407___+___HJOHLJNN_01811	491	S1_46	459	6e-158	519.0	2	458	3	445	99.3	1	high		
GUT_GENOME208142_14___156536___158071___+___KEGOALKH_04558	511	S1_65	439	3.1e-204	671.3	2	437	3	457	99.1	1	high		
GUT_GENOME185662_10___33560___34972___-___BMIFDJDC_00478	470	S1_16	444	7e-173	568.0	3	433	4	467	96.8	1	high		
GUT_GENOME225018_171___21416___22933___-___MIAGAFMP_04166	505	S1_108	495	9.8e-243	799.2	2	492	2	495	99.0	1	high		
GUT_GENOME185648_78___17680___19092___-___KJICBEDJ_02486	470	S1_16	444	7e-173	568.0	3	433	4	467	96.8	1	high		
GUT_GENOME239709_8___177665___179041___-___FAJBHEGO_02898	458	S1_46	459	2.1e-89	293.0	3	441	2	449	95.4	1	low		
GUT_GENOME228848_93___131245___132621___+___BHEHKKKF_04482	458	S1_65	439	2.1e-206	678.4	2	437	2	451	99.1	1	high		
GUT_GENOME185662_147___6697___8190___-___BMIFDJDC_03121	497	S1_108	495	4.2e-259	853.2	1	491	2	495	99.0	1	high		
GUT_GENOME232003_51___122609___124120___-___EINMMJKI_05384	503	S1_64	483	1.4e-212	700.0	1	483	3	487	99.8	1	high		
GUT_GENOME185165_38___42285___43790___+___AIKLDHKH_02621	501	S1_61	451	1.8e-197	649.3	1	450	2	464	99.6	1	high		
GUT_GENOME232003_1___9127___10608___+___EINMMJKI_00007	493	S1_61	451	8.7e-194	637.2	1	450	2	455	99.6	1	high		
GUT_GENOME230198_17___24143___25636___+___JLFLLHAM_00377	497	S1_64	483	4.8e-189	622.3	2	483	4	489	99.6	1	high		
GUT_GENOME185165_20___16085___17626___-___AIKLDHKH_01739	513	S1_64	483	2.2e-205	676.1	1	482	3	495	99.6	1	high		
GUT_GENOME185165_17___52891___54291___+___AIKLDHKH_01580	466	S1_27	454	1.6e-157	517.9	2	444	2	462	97.4	1	high	3.1.6.12 3.1.6.- 	
GUT_GENOME239801_6___381339___382685___+___CJOEOPDH_03014	448	S1_65	439	7.2e-211	693.2	2	437	2	444	99.1	1	high		
GUT_GENOME239709_1___502317___503831___+___FAJBHEGO_00460	504	S1_64	483	1.8e-218	719.3	1	483	3	497	99.8	1	high		
GUT_GENOME225018_224___23178___24539___-___MIAGAFMP_05247	453	S1_83	449	8.2e-229	752.6	2	446	4	449	98.9	1	high		
GUT_GENOME232003_48___196513___198027___+___EINMMJKI_04962	504	S1_64	483	1.8e-218	719.3	1	483	3	497	99.8	1	high		
GUT_GENOME194553_33___26496___27869___-___MFGMNLMP_02336	457	S1_27	454	1e-173	571.2	2	446	2	456	97.8	1	high	3.1.6.12 3.1.6.- 	
GUT_GENOME194553_6___45363___46856___+___MFGMNLMP_00688	497	S1_64	483	4.8e-189	622.3	2	483	4	489	99.6	1	high		
GUT_GENOME228848_51___96362___97750___-___BHEHKKKF_01914	462	S1_27	454	2.5e-166	546.9	2	448	2	447	98.2	1	high	3.1.6.12 3.1.6.- 	
GUT_GENOME185617_54___30912___32201___-___FOKNAGOB_04424	429	S3	508	1.1e-130	429.5	73	500	6	428	84.1	1	high	3.1.6.- 3.1.6.19 	
GUT_GENOME239801_34___13713___15251___-___CJOEOPDH_06449	512	S1_64	483	3.2e-203	669.0	1	482	3	494	99.6	1	high		
GUT_GENOME208018_1___664165___665652___+___MMNABIND_00587	495	S1_63	482	6.7e-209	687.3	1	480	2	487	99.4	1	high		
GUT_GENOME188404_19___10234___11715___-___FMKOMKII_04741	493	S1_52	473	2e-219	722.1	2	470	4	487	98.9	1	high		
GUT_GENOME185662_33___4050___5450___+___BMIFDJDC_01246	466	S1_90	451	9e-123	403.1	3	438	2	423	96.5	1	high		
GUT_GENOME185617_2___98577___100082___+___FOKNAGOB_00240	501	S1_43	470	1.1e-238	785.5	2	470	2	471	99.6	1	high		
GUT_GENOME232003_31___2410___3747___-___EINMMJKI_02776	445	S1_65	439	2.7e-196	645.1	2	431	3	440	97.7	1	high		
GUT_GENOME208142_1___24211___25779___+___KEGOALKH_00018	522	S1_90	451	2.2e-162	533.6	2	440	12	444	97.1	1	high		
GUT_GENOME228848_7___106473___107891___-___BHEHKKKF_00330	472	S1_9	433	2.1e-147	483.9	2	430	2	440	98.8	1	high	3.1.6.- 	
GUT_GENOME191697_10___78855___80738___+___DFFFGNIE_02263	627	S1_64	483	5.5e-219	721.0	1	482	3	521	99.6	1	high		
GUT_GENOME188404_4___302826___304379___-___FMKOMKII_01731	517	S1_67	492	7.3e-211	693.7	2	491	3	494	99.4	1	high		
GUT_GENOME192012_11___175843___177201___-___HJOHLJNN_02632	452	S1_65	439	3e-210	691.1	3	437	3	451	98.9	1	high		
GUT_GENOME208018_12___154908___156389___+___MMNABIND_04036	493	S1_64	483	2.7e-192	633.0	2	483	4	487	99.6	1	high		
GUT_GENOME185648_144___5855___7336___-___KJICBEDJ_03624	493	S1_52	473	2e-215	708.9	2	470	4	487	98.9	1	high		
GUT_GENOME185648_83___9872___11218___+___KJICBEDJ_02582	448	S1_65	439	4.9e-211	693.7	2	437	2	444	99.1	1	high		
GUT_GENOME194553_2___106352___107854___-___MFGMNLMP_00252	500	S1_64	483	9.4e-216	710.4	1	482	3	496	99.6	1	high		
GUT_GENOME208142_18___61706___63169___-___KEGOALKH_05028	487	S1_46	459	1.1e-96	317.0	2	447	16	481	96.9	1	high		
GUT_GENOME239801_3___143645___145024___-___CJOEOPDH_01531	459	S1_8	443	1.5e-121	398.9	5	432	2	430	96.4	1	high	3.10.1.1 3.1.6.- 	
GUT_GENOME188404_13___168478___170046___-___FMKOMKII_03900	522	S1_90	451	2.2e-162	533.6	2	440	12	444	97.1	1	high		
GUT_GENOME185617_10___127400___128875___-___FOKNAGOB_01424	491	S1_64	483	6e-208	684.6	1	482	3	488	99.6	1	high		
GUT_GENOME192012_14___112286___113788___+___HJOHLJNN_02997	500	S1_90	451	1.7e-213	702.2	1	450	2	450	99.6	1	high		
GUT_GENOME185662_98___7571___9070___-___BMIFDJDC_02494	499	S1_46	459	6.1e-85	278.3	3	452	14	477	97.8	1	low		
GUT_GENOME186263_90___8154___9593___+___DACIOADA_03973	479	S1_26	443	5.7e-192	631.3	2	441	2	455	99.1	1	high		
GUT_GENOME239709_1___503828___505315___+___FAJBHEGO_00461	495	S1_63	482	6.7e-209	687.3	1	480	2	487	99.4	1	high		
GUT_GENOME185279_2___20160___21614___+___JFMLEIKM_00244	484	S1_86	441	1.5e-253	834.0	1	441	2	441	99.8	1	high		
GUT_GENOME208142_30___52336___53682___+___KEGOALKH_06103	448	S1_65	439	7.2e-211	693.2	2	437	2	444	99.1	1	high		
GUT_GENOME225933_79___42596___44086___-___GMGPFJIC_01602	496	S1_64	483	4.3e-224	737.9	1	483	3	491	99.8	1	high		
GUT_GENOME188404_13___171460___172998___-___FMKOMKII_03902	512	S1_64	483	3.2e-203	669.0	1	482	3	494	99.6	1	high		
GUT_GENOME208018_1___536018___537499___+___MMNABIND_00480	493	S1_15	471	3.8e-181	595.8	4	467	7	491	98.3	1	high	3.1.6.4 	
GUT_GENOME186263_82___16114___17511___+___DACIOADA_03808	465	S1_46	459	6.1e-44	258.9	2	438	3	438	95.0	1	low		fusion of 2 fragments from 253 to 438 score 143.1 fragment 2 from 3 to 252 score 115.8
GUT_GENOME185617_14___36531___37910___+___FOKNAGOB_01861	459	S1_8	443	9.2e-123	402.9	5	432	2	430	96.4	1	high	3.10.1.1 3.1.6.- 	
GUT_GENOME185662_474___140___1258___+___BMIFDJDC_05173	372	S1_9	433	2.3e-103	338.8	98	430	1	340	76.7	1	high	3.1.6.- 	
GUT_GENOME185165_20___13103___14671___-___AIKLDHKH_01737	522	S1_90	451	2.2e-161	530.4	2	440	12	444	97.1	1	high		
GUT_GENOME208018_32___6596___8107___-___MMNABIND_05667	503	S1_104	473	1.1e-256	844.9	1	473	6	486	99.8	1	high		
GUT_GENOME239801_2___563346___565748___-___CJOEOPDH_01374	800	S1_108	495	1.3e-184	607.5	1	481	325	792	97.0	1	high		
GUT_GENOME225933_116___13828___15309___+___GMGPFJIC_02295	493	S1_64	483	2.7e-192	633.0	2	483	4	487	99.6	1	high		
GUT_GENOME185279_70___6353___7834___-___JFMLEIKM_04832	493	S1_64	483	2.5e-214	705.7	1	483	3	492	99.8	1	high		
GUT_GENOME239801_4___120239___121702___-___CJOEOPDH_01962	487	S1_26	443	9.3e-196	643.8	2	441	3	461	99.1	1	high		
GUT_GENOME228848_6___17069___18415___+___BHEHKKKF_00198	448	S1_65	439	7.2e-211	693.2	2	437	2	444	99.1	1	high		
GUT_GENOME185617_53___1623___3128___-___FOKNAGOB_04363	501	S1_61	451	1.8e-197	649.3	1	450	2	464	99.6	1	high		
GUT_GENOME185648_53___20747___23149___-___KJICBEDJ_01923	800	S1_108	495	1.4e-184	607.4	1	479	325	790	96.6	1	high		
GUT_GENOME239709_8___179076___180671___-___FAJBHEGO_02899	531	S1_46	459	2.7e-149	490.4	2	456	2	453	98.9	1	high		
GUT_GENOME185617_64___16085___17626___-___FOKNAGOB_04773	513	S1_64	483	2.2e-205	676.1	1	482	3	495	99.6	1	high		
GUT_GENOME191697_34___19207___20592___-___DFFFGNIE_04519	461	S1_46	459	5.1e-91	298.3	2	452	3	453	98.0	1	low		
GUT_GENOME185279_69___19368___20885___+___JFMLEIKM_04818	505	S1_64	483	1.9e-213	702.8	1	482	3	496	99.6	1	high		
GUT_GENOME192012_13___81506___82999___+___HJOHLJNN_02870	497	S1_108	495	1.1e-257	848.6	1	491	2	495	99.0	1	high		
GUT_GENOME191697_23___20976___22376___-___DFFFGNIE_03750	466	S1_27	454	2.7e-159	523.7	2	444	2	462	97.4	1	high	3.1.6.12 3.1.6.- 	
GUT_GENOME239709_1___387395___388876___+___FAJBHEGO_00369	493	S1_15	471	3.8e-181	595.8	4	467	7	491	98.3	1	high	3.1.6.4 	
GUT_GENOME192012_3___97857___99341___+___HJOHLJNN_00702	494	S1_64	483	5.2e-224	737.6	1	483	3	491	99.8	1	high		
GUT_GENOME230198_137___47700___49157___-___JLFLLHAM_04970	485	S1_46	459	2.8e-94	309.1	2	447	13	479	96.9	1	high		
GUT_GENOME230198_131___1672___2997___-___JLFLLHAM_04627	441	S3	508	1.9e-139	458.3	74	502	6	422	84.3	1	high	3.1.6.- 3.1.6.19 	
GUT_GENOME186263_95___19903___21786___+___DACIOADA_04077	627	S1_64	483	5.5e-219	721.0	1	482	3	521	99.6	1	high		
GUT_GENOME232003_37___7949___9400___-___EINMMJKI_03753	483	S1_26	443	4.1e-192	631.8	2	441	2	455	99.1	1	high		
GUT_GENOME230198_28___7104___8465___-___JLFLLHAM_00800	453	S1_83	449	2.6e-229	754.3	2	446	4	449	98.9	1	high		
GUT_GENOME232003_48___198024___199511___+___EINMMJKI_04963	495	S1_63	482	6.7e-209	687.3	1	480	2	487	99.4	1	high		
GUT_GENOME239801_5___195873___197198___-___CJOEOPDH_02433	441	S3	508	1e-139	459.2	74	502	6	422	84.3	1	high	3.1.6.- 3.1.6.19 	
GUT_GENOME232003_36___303045___304598___-___EINMMJKI_03703	517	S1_67	492	7.3e-211	693.7	2	491	3	494	99.4	1	high		
GUT_GENOME185617_7___146407___147813___+___FOKNAGOB_01045	468	S1_26	443	4.4e-210	691.0	2	441	4	443	99.1	1	high		
GUT_GENOME228848_6___18430___19905___+___BHEHKKKF_00199	491	S1_64	483	6.1e-209	687.9	1	482	3	488	99.6	1	high		
GUT_GENOME239801_8___10461___12056___+___CJOEOPDH_03420	531	S1_46	459	2.7e-149	490.4	2	456	2	453	98.9	1	high		
GUT_GENOME225018_195___4676___6151___+___MIAGAFMP_04682	491	S1_64	483	6e-208	684.6	1	482	3	488	99.6	1	high		
GUT_GENOME230198_7___61412___62797___-___JLFLLHAM_00142	461	S1_46	459	9.8e-91	297.4	2	452	3	453	98.0	1	low		
GUT_GENOME225018_125___9___455___-___MIAGAFMP_02952	148	S1_26	443	1.2e-69	228.2	2	138	4	141	30.7	1	probable fragment		
GUT_GENOME185617_79___1789___3114___-___FOKNAGOB_05136	441	S3	508	1.4e-138	455.5	74	502	6	422	84.3	1	high	3.1.6.- 3.1.6.19 	
GUT_GENOME194553_5___102785___104242___+___MFGMNLMP_00638	485	S1_46	459	2.8e-94	309.1	2	447	13	479	96.9	1	high		
GUT_GENOME192012_6___18484___19839___-___HJOHLJNN_01364	451	S1_65	439	2.6e-206	678.1	2	436	2	450	98.9	1	high		
GUT_GENOME225018_69___37328___38671___-___MIAGAFMP_01717	447	S1_65	439	1.1e-191	630.0	3	437	2	429	98.9	1	high		
GUT_GENOME191697_22___79154___80572___-___DFFFGNIE_03702	472	S1_9	433	6.9e-147	482.2	2	430	2	440	98.8	1	high	3.1.6.- 	
GUT_GENOME194553_4___44063___45556___+___MFGMNLMP_00461	497	S1_108	495	1.1e-259	855.2	1	491	2	495	99.0	1	high		
GUT_GENOME185165_20___11518___13134___-___AIKLDHKH_01736	538	S1_63	482	1.4e-191	630.2	1	481	2	495	99.6	1	high		
GUT_GENOME225933_64___42556___44025___+___GMGPFJIC_01328	489	S1_86	441	1e-244	804.9	1	441	2	442	99.8	1	high		
GUT_GENOME185279_6___118024___119517___-___JFMLEIKM_00987	497	S1_46	459	1.8e-152	500.9	2	456	11	456	98.9	1	high		
GUT_GENOME185279_15___41700___43193___-___JFMLEIKM_01985	497	S1_108	495	4.2e-259	853.2	1	491	2	495	99.0	1	high		
GUT_GENOME230198_37___14490___15965___+___JLFLLHAM_01170	491	S1_64	483	6.1e-208	684.6	1	482	3	488	99.6	1	high		
GUT_GENOME185662_28___13156___15039___-___BMIFDJDC_01115	627	S1_64	483	1.2e-218	719.9	1	482	3	521	99.6	1	high		
GUT_GENOME188404_7___269111___271513___+___FMKOMKII_02765	800	S1_108	495	1.3e-184	607.5	1	481	325	792	97.0	1	high		
GUT_GENOME239801_5___168210___169652___-___CJOEOPDH_02410	480	S1_27	454	4.1e-173	569.3	3	449	2	469	98.2	1	high	3.1.6.12 3.1.6.- 	
GUT_GENOME185617_20___9378___10895___-___FOKNAGOB_02390	505	S1_64	483	1.9e-213	702.8	1	482	3	496	99.6	1	high		
GUT_GENOME185279_4___26327___27787___-___JFMLEIKM_00638	486	S1_64	483	4.9e-204	671.7	1	483	3	484	99.8	1	high		
GUT_GENOME185279_21___21873___23504___-___JFMLEIKM_02500	543	S1_65	439	2.7e-205	674.8	2	437	3	457	99.1	1	high		
GUT_GENOME188404_26___80888___82357___-___FMKOMKII_05510	489	S1_86	441	1e-244	804.9	1	441	2	442	99.8	1	high		
GUT_GENOME188404_24___85008___86354___-___FMKOMKII_05334	448	S1_65	439	7.2e-211	693.2	2	437	2	444	99.1	1	high		
GUT_GENOME239709_1___142387___143787___+___FAJBHEGO_00130	466	S1_27	454	9.6e-158	518.6	2	444	2	462	97.4	1	high	3.1.6.12 3.1.6.- 	
GUT_GENOME225933_219___96112___97512___+___GMGPFJIC_04300	466	S1_27	454	3.1e-157	516.9	2	444	2	462	97.4	1	high	3.1.6.12 3.1.6.- 	
GUT_GENOME225933_51___45582___47069___+___GMGPFJIC_01038	495	S1_63	482	6.7e-209	687.3	1	480	2	487	99.4	1	high		
GUT_GENOME232003_49___103789___105189___-___EINMMJKI_05241	466	S1_90	451	7.3e-121	396.8	3	436	2	421	96.0	1	high		
GUT_GENOME191697_9___18014___19489___+___DFFFGNIE_02084	491	S1_64	483	1.9e-207	683.0	1	482	3	488	99.6	1	high		
GUT_GENOME232003_26___197581___198969___-___EINMMJKI_02489	462	S1_27	454	2.5e-166	546.9	2	448	2	447	98.2	1	high	3.1.6.12 3.1.6.- 	
GUT_GENOME192012_14___21899___23374___+___HJOHLJNN_02921	491	S1_12	483	2.4e-167	550.4	3	482	4	485	99.2	1	high	3.1.6.6 3.1.6.- 	
GUT_GENOME185648_82___8086___9588___-___KJICBEDJ_02562	500	S1_64	483	7.5e-216	710.7	1	482	3	496	99.6	1	high		
GUT_GENOME208018_8___71075___72538___-___MMNABIND_03199	487	S1_46	459	1.1e-96	317.0	2	447	16	481	96.9	1	high		
GUT_GENOME239801_24___44026___45369___-___CJOEOPDH_05890	447	S1_65	439	8.3e-192	630.3	3	437	2	429	98.9	1	high		
GUT_GENOME230198_37___13129___14475___+___JLFLLHAM_01169	448	S1_65	439	4.2e-210	690.6	2	437	2	444	99.1	1	high		
GUT_GENOME225018_72___458___2503___-___MIAGAFMP_01753	681	S3	508	1.7e-177	583.9	24	502	3	545	94.1	1	high	3.1.6.- 3.1.6.19 	
GUT_GENOME186263_35___41612___43093___+___DACIOADA_02369	493	S1_64	483	1.5e-192	633.9	2	483	4	487	99.6	1	high		
GUT_GENOME230198_58___41322___42803___-___JLFLLHAM_02253	493	S1_52	473	1.7e-218	719.0	2	470	4	487	98.9	1	high		
GUT_GENOME239709_6___138112___139488___+___FAJBHEGO_02347	458	S1_65	439	2.1e-206	678.4	2	437	2	451	99.1	1	high		
GUT_GENOME225933_210___1751___3157___-___GMGPFJIC_04012	468	S1_27	454	5.6e-128	420.5	2	447	24	459	98.0	1	high	3.1.6.12 3.1.6.- 	
GUT_GENOME186263_87___28___1317___+___DACIOADA_03906	429	S3	508	1.1e-130	429.5	73	500	6	428	84.1	1	high	3.1.6.- 3.1.6.19 	
GUT_GENOME191697_5___74455___75948___+___DFFFGNIE_01385	497	S1_108	495	2e-259	854.3	1	491	2	495	99.0	1	high		
GUT_GENOME208018_1___21301___22839___+___MMNABIND_00016	512	S1_64	483	3.2e-203	669.0	1	482	3	494	99.6	1	high		
GUT_GENOME186263_159___5344___6861___+___DACIOADA_05059	505	S1_108	495	1.8e-241	795.1	2	491	2	494	98.8	1	high		
GUT_GENOME185279_2___13382___14743___+___JFMLEIKM_00240	453	S1_83	449	1.5e-229	755.1	2	446	4	449	98.9	1	high		
GUT_GENOME185662_217___4832___6229___+___BMIFDJDC_03803	465	S1_46	459	6.1e-44	258.9	2	438	3	438	95.0	1	low		fusion of 2 fragments from 253 to 438 score 143.1 fragment 2 from 3 to 252 score 115.8
GUT_GENOME185617_15___25003___27405___-___FOKNAGOB_01952	800	S1_108	495	1.4e-184	607.4	1	479	325	790	96.6	1	high		
GUT_GENOME225018_81___55206___57089___+___MIAGAFMP_02122	627	S1_64	483	5.5e-219	721.0	1	482	3	521	99.6	1	high		
GUT_GENOME185617_2___114661___116154___+___FOKNAGOB_00255	497	S1_64	483	1.9e-189	623.6	2	483	4	489	99.6	1	high		
GUT_GENOME191697_1___183228___184661___-___DFFFGNIE_00168	477	S1_27	454	8.1e-173	568.3	3	448	2	468	98.0	1	high	3.1.6.12 3.1.6.- 	
GUT_GENOME186263_10___69458___70912___-___DACIOADA_00965	484	S1_86	441	1.5e-253	834.0	1	441	2	441	99.8	1	high		
GUT_GENOME186263_4___9454___10860___-___DACIOADA_00385	468	S1_26	443	4.4e-210	691.0	2	441	4	443	99.1	1	high		
GUT_GENOME185648_208___10404___11747___+___KJICBEDJ_04419	447	S1_65	439	1.8e-191	629.3	3	437	2	429	98.9	1	high		
GUT_GENOME239709_26___892___2445___-___FAJBHEGO_05565	517	S1_67	492	7.3e-211	693.7	2	491	3	494	99.4	1	high		
GUT_GENOME194553_28___37447___38847___+___MFGMNLMP_02080	466	S1_27	454	1.8e-159	524.3	2	444	2	462	97.4	1	high	3.1.6.12 3.1.6.- 	
GUT_GENOME191697_11___44014___45201___-___DFFFGNIE_02365	395	S1_104	473	1.8e-189	623.2	26	382	1	365	75.3	1	high		
GUT_GENOME185617_40___24527___25870___+___FOKNAGOB_03767	447	S1_65	439	1.8e-191	629.3	3	437	2	429	98.9	1	high		
GUT_GENOME208018_5___48507___49925___-___MMNABIND_02310	472	S1_14	426	6.5e-164	538.4	3	422	2	435	98.4	1	high		
GUT_GENOME232003_2___125458___126900___-___EINMMJKI_00151	480	S1_27	454	4.1e-173	569.3	3	449	2	469	98.2	1	high	3.1.6.12 3.1.6.- 	
GUT_GENOME185165_132___10427___11854___-___AIKLDHKH_04685	475	S1_26	443	3.8e-199	655.0	2	441	4	442	99.1	1	high		
GUT_GENOME225933_222___13074___14576___-___GMGPFJIC_04329	500	S1_64	483	3.8e-205	675.4	1	482	3	495	99.6	1	high		
GUT_GENOME232003_36___313516___314934___-___EINMMJKI_03710	472	S1_27	454	1.1e-148	488.7	2	452	6	457	99.1	1	high	3.1.6.12 3.1.6.- 	
GUT_GENOME225933_246___5633___7144___-___GMGPFJIC_04871	503	S1_64	483	1.4e-212	700.0	1	483	3	487	99.8	1	high		
GUT_GENOME185165_75___16243___17688___-___AIKLDHKH_03664	481	S1_46	459	1.6e-200	659.3	2	458	2	468	99.3	1	high		
GUT_GENOME208018_1___291036___292436___+___MMNABIND_00243	466	S1_27	454	9.6e-158	518.6	2	444	2	462	97.4	1	high	3.1.6.12 3.1.6.- 	
GUT_GENOME191697_10___7395___8756___-___DFFFGNIE_02202	453	S1_83	449	6.7e-229	752.9	2	446	4	449	98.9	1	high		
GUT_GENOME208018_3___100735___102123___-___MMNABIND_01561	462	S1_27	454	2.5e-166	546.9	2	448	2	447	98.2	1	high	3.1.6.12 3.1.6.- 	
GUT_GENOME239709_30___64559___66175___-___FAJBHEGO_05992	538	S1_63	482	1.5e-193	636.6	1	481	2	495	99.6	1	high		
GUT_GENOME239801_10___115131___116612___-___CJOEOPDH_04054	493	S1_52	473	3.7e-215	708.1	2	470	4	487	98.9	1	high		
GUT_GENOME188404_16___83474___84874___+___FMKOMKII_04357	466	S1_90	451	7.3e-121	396.8	3	436	2	421	96.0	1	high		
GUT_GENOME185617_71___19097___20494___+___FOKNAGOB_04974	465	S1_46	459	6.1e-44	258.9	2	438	3	438	95.0	1	low		fusion of 2 fragments from 253 to 438 score 143.1 fragment 2 from 3 to 252 score 115.8
GUT_GENOME208142_4___420148___421599___-___KEGOALKH_02253	483	S1_26	443	4.1e-192	631.8	2	441	2	455	99.1	1	high		
GUT_GENOME239709_13___130804___132192___+___FAJBHEGO_03952	462	S1_27	454	2.5e-166	546.9	2	448	2	447	98.2	1	high	3.1.6.12 3.1.6.- 	
GUT_GENOME225933_145___4219___5682___-___GMGPFJIC_02674	487	S1_46	459	1.1e-96	317.0	2	447	16	481	96.9	1	high		
GUT_GENOME232003_51___128594___129883___+___EINMMJKI_05388	429	S3	508	1e-130	429.6	73	500	6	428	84.1	1	high	3.1.6.- 3.1.6.19 	
GUT_GENOME185165_204___5646___7133___-___AIKLDHKH_05442	495	S1_63	482	1.2e-209	689.7	1	480	2	487	99.4	1	high		
GUT_GENOME208142_1___25748___27364___+___KEGOALKH_00019	538	S1_63	482	1.5e-193	636.6	1	481	2	495	99.6	1	high		
GUT_GENOME185165_16___36705___38084___-___AIKLDHKH_01496	459	S1_8	443	9.2e-123	402.9	5	432	2	430	96.4	1	high	3.10.1.1 3.1.6.- 	
GUT_GENOME186263_35___43098___44729___+___DACIOADA_02370	543	S1_65	439	2.7e-205	674.8	2	437	3	457	99.1	1	high		
GUT_GENOME185165_39___41319___42782___-___AIKLDHKH_02669	487	S1_26	443	2.3e-195	642.5	2	441	3	461	99.1	1	high		
GUT_GENOME194553_127___12069___13685___-___MFGMNLMP_04700	538	S1_63	482	3.1e-193	635.6	1	481	2	495	99.6	1	high		
GUT_GENOME208142_12___86420___87901___-___KEGOALKH_04140	493	S1_52	473	2e-219	722.1	2	470	4	487	98.9	1	high		
GUT_GENOME185165_48___18541___20022___-___AIKLDHKH_02978	493	S1_61	451	6.6e-193	634.3	1	450	2	455	99.6	1	high		
GUT_GENOME232003_30___10800___12368___-___EINMMJKI_02756	522	S1_90	451	2.2e-162	533.6	2	440	12	444	97.1	1	high		
GUT_GENOME208018_4___125431___126873___-___MMNABIND_01986	480	S1_27	454	4.1e-173	569.3	3	449	2	469	98.2	1	high	3.1.6.12 3.1.6.- 	
GUT_GENOME228848_91___21178___22716___+___BHEHKKKF_04237	512	S1_64	483	3.2e-203	669.0	1	482	3	494	99.6	1	high		
GUT_GENOME239709_5___186167___187630___+___FAJBHEGO_02126	487	S1_26	443	9.3e-196	643.8	2	441	3	461	99.1	1	high		
GUT_GENOME191697_4___117472___119025___-___DFFFGNIE_01163	517	S1_67	492	1.2e-210	692.9	2	491	3	494	99.4	1	high		
GUT_GENOME208142_18___52542___53960___-___KEGOALKH_05022	472	S1_27	454	1.1e-148	488.7	2	452	6	457	99.1	1	high	3.1.6.12 3.1.6.- 	
GUT_GENOME185165_39___39867___41279___-___AIKLDHKH_02668	470	S1_16	444	7e-173	568.0	3	433	4	467	96.8	1	high		
GUT_GENOME185165_76___23126___24469___-___AIKLDHKH_03692	447	S1_64	483	1.1e-168	555.1	48	483	1	439	90.1	1	high		
GUT_GENOME188404_3___239460___240941___+___FMKOMKII_01278	493	S1_15	471	3.8e-181	595.8	4	467	7	491	98.3	1	high	3.1.6.4 	
GUT_GENOME185279_3___25003___27405___-___JFMLEIKM_00457	800	S1_108	495	1.4e-184	607.4	1	479	325	790	96.6	1	high		
GUT_GENOME191697_4___137112___138578___-___DFFFGNIE_01176	488	S1_46	459	4.1e-96	315.1	2	447	17	482	96.9	1	high		
GUT_GENOME239709_41___34444___35895___+___FAJBHEGO_06540	483	S1_26	443	4.1e-192	631.8	2	441	2	455	99.1	1	high		
GUT_GENOME208018_13___79814___81199___-___MMNABIND_04144	461	S1_46	459	6.7e-91	297.9	2	452	3	453	98.0	1	low		
GUT_GENOME185648_170___6540___8021___+___KJICBEDJ_03967	493	S1_64	483	2.5e-214	705.7	1	483	3	492	99.8	1	high		
GUT_GENOME191697_3___78295___79632___+___DFFFGNIE_00841	445	S1_65	439	6.3e-197	647.2	2	431	3	440	97.7	1	high		
GUT_GENOME185648_273___74___1579___-___KJICBEDJ_04986	501	S1_61	451	1.8e-197	649.3	1	450	2	464	99.6	1	high		
GUT_GENOME194553_33___31666___33084___+___MFGMNLMP_02340	472	S1_9	433	6.9e-147	482.2	2	430	2	440	98.8	1	high	3.1.6.- 	
GUT_GENOME225018_184___56420___57793___-___MIAGAFMP_04444	457	S1_27	454	2.4e-173	570.0	2	446	2	456	97.8	1	high	3.1.6.12 3.1.6.- 	
GUT_GENOME208142_10___79808___81187___-___KEGOALKH_03720	459	S1_8	443	1.5e-121	398.9	5	432	2	430	96.4	1	high	3.10.1.1 3.1.6.- 	
GUT_GENOME208142_3___323612___325105___+___KEGOALKH_01739	497	S1_108	495	2e-259	854.3	1	491	2	495	99.0	1	high		
GUT_GENOME185648_113___4591___6024___+___KJICBEDJ_03138	477	S1_27	454	3.2e-173	569.6	3	448	2	468	98.0	1	high	3.1.6.12 3.1.6.- 	
GUT_GENOME185617_9___29706___31199___+___FOKNAGOB_01214	497	S1_46	459	1.8e-152	500.9	2	456	11	456	98.9	1	high		
GUT_GENOME188404_3___53595___55097___+___FMKOMKII_01092	500	S1_64	483	5.7e-216	711.1	1	482	3	496	99.6	1	high		
GUT_GENOME225933_180___11507___12925___-___GMGPFJIC_03456	472	S1_27	454	1.1e-148	488.7	2	452	6	457	99.1	1	high	3.1.6.12 3.1.6.- 	
GUT_GENOME230198_26___15071___16459___-___JLFLLHAM_00696	462	S1_27	454	1.3e-166	547.8	2	448	2	447	98.2	1	high	3.1.6.12 3.1.6.- 	
GUT_GENOME186263_37___26250___27710___+___DACIOADA_02438	486	S1_64	483	4.9e-204	671.7	1	483	3	484	99.8	1	high		
GUT_GENOME185165_53___11275___12714___-___AIKLDHKH_03102	479	S1_26	443	5.7e-192	631.3	2	441	2	455	99.1	1	high		
GUT_GENOME185648_19___37287___38918___+___KJICBEDJ_00908	543	S1_65	439	2.7e-205	674.8	2	437	3	457	99.1	1	high		
GUT_GENOME239801_7___272417___273910___-___CJOEOPDH_03325	497	S1_108	495	2e-259	854.3	1	491	2	495	99.0	1	high		
GUT_GENOME230198_137___49330___50796___-___JLFLLHAM_04971	488	S1_46	459	4.1e-96	315.1	2	447	17	482	96.9	1	high		
GUT_GENOME208018_3___361554___362843___+___MMNABIND_01785	429	S3	508	1e-130	429.6	73	500	6	428	84.1	1	high	3.1.6.- 3.1.6.19 	
GUT_GENOME225933_145___48267___49748___-___GMGPFJIC_02721	493	S1_61	451	8.7e-194	637.2	1	450	2	455	99.6	1	high		
GUT_GENOME228848_13___18508___19851___-___BHEHKKKF_00547	447	S1_65	439	8.3e-192	630.3	3	437	2	429	98.9	1	high		
GUT_GENOME191697_5___108773___110161___+___DFFFGNIE_01416	462	S1_27	454	1.3e-166	547.8	2	448	2	447	98.2	1	high	3.1.6.12 3.1.6.- 	
GUT_GENOME192012_7___241846___243336___+___HJOHLJNN_01824	496	S1_88	450	5.2e-173	568.5	1	449	11	463	99.6	1	high		
GUT_GENOME194553_9___44312___45775___-___MFGMNLMP_00942	487	S1_46	459	6.2e-85	278.2	3	452	2	465	97.8	1	low		
GUT_GENOME239801_5___392366___393811___-___CJOEOPDH_02613	481	S1_46	459	4.5e-200	657.8	2	458	2	468	99.3	1	high		
GUT_GENOME188404_19___8736___10217___-___FMKOMKII_04740	493	S1_52	473	3.7e-215	708.1	2	470	4	487	98.9	1	high		
GUT_GENOME228848_72___82258___83721___+___BHEHKKKF_03197	487	S1_46	459	1.1e-96	317.0	2	447	16	481	96.9	1	high		
GUT_GENOME191697_10___15004___16467___+___DFFFGNIE_02207	487	S1_46	459	2.3e-81	266.5	2	453	7	471	98.3	1	low		
GUT_GENOME225018_169___67441___68922___+___MIAGAFMP_04119	493	S1_61	451	2.8e-194	638.8	1	450	2	455	99.6	1	high		
GUT_GENOME239709_4___276311___277729___+___FAJBHEGO_01883	472	S1_9	433	2.1e-147	483.9	2	430	2	440	98.8	1	high	3.1.6.- 	
GUT_GENOME185662_255___3790___5277___-___BMIFDJDC_04097	495	S1_63	482	3.5e-207	681.6	1	480	2	487	99.4	1	high		
GUT_GENOME208018_3___355569___357080___-___MMNABIND_01781	503	S1_64	483	1.4e-212	700.0	1	483	3	487	99.8	1	high		
GUT_GENOME188404_4___366509___367990___-___FMKOMKII_01791	493	S1_61	451	8.7e-194	637.2	1	450	2	455	99.6	1	high		
GUT_GENOME185165_51___15629___17077___+___AIKLDHKH_03052	482	S1_108	495	3.6e-173	569.8	2	482	7	476	97.0	1	high		
GUT_GENOME230198_140___30439___31728___-___JLFLLHAM_05113	429	S3	508	5e-131	430.6	73	500	6	428	84.1	1	high	3.1.6.- 3.1.6.19 	
GUT_GENOME208018_3___115327___116787___-___MMNABIND_01572	486	S1_46	459	2.2e-96	316.0	2	452	3	473	98.0	1	high		
GUT_GENOME239801_18___22144___23517___-___CJOEOPDH_05290	457	S1_27	454	9.7e-174	571.3	2	446	2	456	97.8	1	high	3.1.6.12 3.1.6.- 	
GUT_GENOME185279_4___21656___23089___-___JFMLEIKM_00634	477	S1_27	454	1.4e-136	448.8	2	447	4	439	98.0	1	high	3.1.6.12 3.1.6.- 	
GUT_GENOME208018_5___140495___141901___-___MMNABIND_02385	468	S1_27	454	5.6e-128	420.5	2	447	24	459	98.0	1	high	3.1.6.12 3.1.6.- 	
GUT_GENOME232003_15___47219___48562___+___EINMMJKI_01295	447	S1_65	439	8.3e-192	630.3	3	437	2	429	98.9	1	high		
GUT_GENOME194553_93___9659___11005___+___MFGMNLMP_04185	448	S1_65	439	2e-210	691.7	2	437	2	444	99.1	1	high		
GUT_GENOME208018_1___662654___664168___+___MMNABIND_00586	504	S1_64	483	1.8e-218	719.3	1	483	3	497	99.8	1	high		
GUT_GENOME232003_2___349612___351057___-___EINMMJKI_00356	481	S1_46	459	4.5e-200	657.8	2	458	2	468	99.3	1	high		
GUT_GENOME239709_17___128528___129817___+___FAJBHEGO_04624	429	S3	508	1e-130	429.6	73	500	6	428	84.1	1	high	3.1.6.- 3.1.6.19 	
GUT_GENOME185648_193___4059___5465___-___KJICBEDJ_04256	468	S1_27	454	3.6e-127	417.8	2	447	24	459	98.0	1	high	3.1.6.12 3.1.6.- 	
GUT_GENOME232003_28___136969___138387___+___EINMMJKI_02654	472	S1_9	433	2.1e-147	483.9	2	430	2	440	98.8	1	high	3.1.6.- 	
GUT_GENOME191697_12___30392___31681___-___DFFFGNIE_02473	429	S3	508	4.6e-131	430.7	73	500	6	428	84.1	1	high	3.1.6.- 3.1.6.19 	
GUT_GENOME228848_120___61329___62774___+___BHEHKKKF_05959	481	S1_46	459	4.5e-200	657.8	2	458	2	468	99.3	1	high		
GUT_GENOME185662_503___533___2164___-___BMIFDJDC_05242	543	S1_65	439	2.7e-205	674.8	2	437	3	457	99.1	1	high		
GUT_GENOME208142_5___304589___305965___-___KEGOALKH_02540	458	S1_46	459	2.1e-89	293.0	3	441	2	449	95.4	1	low		
GUT_GENOME232003_18___6725___8236___-___EINMMJKI_01558	503	S1_104	473	1.1e-256	844.9	1	473	6	486	99.8	1	high		
GUT_GENOME185617_11___26253___27713___+___FOKNAGOB_01461	486	S1_64	483	4.9e-204	671.7	1	483	3	484	99.8	1	high		
GUT_GENOME185662_170___3116___4567___-___BMIFDJDC_03369	483	S1_99	469	1e-249	821.9	5	468	4	474	98.7	1	high		
GUT_GENOME225933_17___22152___23525___-___GMGPFJIC_00311	457	S1_27	454	9.7e-174	571.3	2	446	2	456	97.8	1	high	3.1.6.12 3.1.6.- 	
GUT_GENOME185165_25___35796___37169___+___AIKLDHKH_02026	457	S1_27	454	2.4e-173	570.0	2	446	2	456	97.8	1	high	3.1.6.12 3.1.6.- 	
GUT_GENOME239709_4___271141___272514___-___FAJBHEGO_01879	457	S1_27	454	9.7e-174	571.3	2	446	2	456	97.8	1	high	3.1.6.12 3.1.6.- 	
GUT_GENOME239801_34___10731___12299___-___CJOEOPDH_06447	522	S1_90	451	2.2e-162	533.6	2	440	12	444	97.1	1	high		
GUT_GENOME186263_40___1615___3120___-___DACIOADA_02529	501	S1_61	451	1.8e-197	649.3	1	450	2	464	99.6	1	high		
GUT_GENOME208142_13___132307___133770___+___KEGOALKH_04355	487	S1_46	459	4.2e-86	282.1	3	452	2	465	97.8	1	low		
GUT_GENOME186263_97___18075___19508___+___DACIOADA_04116	477	S1_27	454	3.2e-173	569.6	3	448	2	468	98.0	1	high	3.1.6.12 3.1.6.- 	
GUT_GENOME186263_92___8727___10190___-___DACIOADA_04011	487	S1_26	443	2.3e-195	642.5	2	441	3	461	99.1	1	high		
GUT_GENOME188404_1___357319___358608___-___FMKOMKII_00308	429	S3	508	1e-130	429.6	73	500	6	428	84.1	1	high	3.1.6.- 3.1.6.19 	
GUT_GENOME185648_170___2391___3821___-___KJICBEDJ_03964	476	S1_7	456	2.5e-68	223.8	4	449	2	456	97.6	1	low		
GUT_GENOME186263_168___2307___3821___-___DACIOADA_05148	504	S1_64	483	5.5e-219	721.0	1	483	3	497	99.8	1	high		
GUT_GENOME228848_72___101803___103356___+___BHEHKKKF_03210	517	S1_67	492	7.3e-211	693.7	2	491	3	494	99.4	1	high		
GUT_GENOME185617_66___19904___21787___+___FOKNAGOB_04834	627	S1_64	483	5.5e-219	721.0	1	482	3	521	99.6	1	high		
GUT_GENOME208142_18___60076___61533___-___KEGOALKH_05027	485	S1_46	459	3.7e-95	312.0	2	447	13	479	96.9	1	high		
GUT_GENOME194553_126___10984___12435___+___MFGMNLMP_04687	483	S1_99	469	7.6e-250	822.3	5	468	4	474	98.7	1	high		
GUT_GENOME232003_45___823___2316___+___EINMMJKI_04599	497	S1_46	459	7.8e-153	502.1	2	456	11	456	98.9	1	high		
GUT_GENOME239801_4___313705___315123___-___CJOEOPDH_02115	472	S1_27	454	1.1e-148	488.7	2	452	6	457	99.1	1	high	3.1.6.12 3.1.6.- 	
GUT_GENOME185648_31___14586___15965___+___KJICBEDJ_01307	459	S1_8	443	9.2e-123	402.9	5	432	2	430	96.4	1	high	3.10.1.1 3.1.6.- 	
GUT_GENOME225018_150___15893___17293___-___MIAGAFMP_03549	466	S1_27	454	6.8e-160	525.7	2	444	2	462	97.4	1	high	3.1.6.12 3.1.6.- 	
GUT_GENOME185648_120___9208___10725___-___KJICBEDJ_03267	505	S1_64	483	1.9e-213	702.8	1	482	3	496	99.6	1	high		
GUT_GENOME185165_81___1789___3114___-___AIKLDHKH_03782	441	S3	508	1.4e-138	455.5	74	502	6	422	84.3	1	high	3.1.6.- 3.1.6.19 	
GUT_GENOME230198_137___93470___94951___-___JLFLLHAM_05017	493	S1_61	451	3.9e-192	631.8	1	450	2	455	99.6	1	high		
GUT_GENOME225018_25___4623___6041___-___MIAGAFMP_00734	472	S1_26	443	1.2e-188	620.4	2	441	2	439	99.1	1	high		
GUT_GENOME228848_41___180334___181824___+___BHEHKKKF_01439	496	S1_64	483	4.3e-224	737.9	1	483	3	491	99.8	1	high		
GUT_GENOME185648_13___7361___8854___-___KJICBEDJ_00647	497	S1_108	495	4.2e-259	853.2	1	491	2	495	99.0	1	high		
GUT_GENOME232003_48___81593___83074___+___EINMMJKI_04871	493	S1_15	471	3.8e-181	595.8	4	467	7	491	98.3	1	high	3.1.6.4 	
GUT_GENOME188404_11___122665___124071___-___FMKOMKII_03495	468	S1_27	454	5.6e-128	420.5	2	447	24	459	98.0	1	high	3.1.6.12 3.1.6.- 	
GUT_GENOME239709_3___391059___393461___-___FAJBHEGO_01627	800	S1_108	495	1.3e-184	607.5	1	481	325	792	97.0	1	high		
GUT_GENOME185662_101___2216___4618___+___BMIFDJDC_02535	800	S1_108	495	2.4e-184	606.6	1	479	325	790	96.6	1	high		
GUT_GENOME192012_6___130331___131692___-___HJOHLJNN_01465	453	S1_8	443	3.9e-125	410.7	5	435	2	431	97.1	1	high	3.10.1.1 3.1.6.- 	
GUT_GENOME225018_109___3180___4811___-___MIAGAFMP_02661	543	S1_65	439	2.7e-205	674.8	2	437	3	457	99.1	1	high		
GUT_GENOME239801_8___17146___18636___-___CJOEOPDH_03424	496	S1_64	483	9.2e-191	628.0	1	482	3	483	99.6	1	high		
GUT_GENOME228848_87___22371___23750___+___BHEHKKKF_03990	459	S1_8	443	1.5e-121	398.9	5	432	2	430	96.4	1	high	3.10.1.1 3.1.6.- 	
GUT_GENOME185648_120___5476___6816___-___KJICBEDJ_03265	446	S1_46	459	1.3e-67	221.1	27	439	18	422	89.8	1	low		
GUT_GENOME185617_10___128890___130236___-___FOKNAGOB_01425	448	S1_65	439	4.9e-211	693.7	2	437	2	444	99.1	1	high		
GUT_GENOME228848_35___100129___101724___-___BHEHKKKF_01089	531	S1_46	459	2.7e-149	490.4	2	456	2	453	98.9	1	high		
GUT_GENOME188404_4___322461___323924___-___FMKOMKII_01744	487	S1_46	459	1.1e-96	317.0	2	447	16	481	96.9	1	high		
GUT_GENOME208018_8___115123___116604___-___MMNABIND_03246	493	S1_61	451	8.7e-194	637.2	1	450	2	455	99.6	1	high		
GUT_GENOME239709_16___104815___106284___+___FAJBHEGO_04455	489	S1_86	441	1e-244	804.9	1	441	2	442	99.8	1	high		
GUT_GENOME192012_14___102590___104227___-___HJOHLJNN_02991	545	S1_63	482	1.5e-194	639.9	1	481	3	495	99.6	1	high		
GUT_GENOME225933_180___1036___2589___-___GMGPFJIC_03449	517	S1_67	492	7.3e-211	693.7	2	491	3	494	99.4	1	high		
GUT_GENOME185662_4___3527___4990___-___BMIFDJDC_00179	487	S1_46	459	3.3e-81	266.0	2	453	7	471	98.3	1	low		
GUT_GENOME185279_8___93127___94554___+___JFMLEIKM_01228	475	S1_26	443	3.8e-199	655.0	2	441	4	442	99.1	1	high		
GUT_GENOME185279_10___117599___119116___+___JFMLEIKM_01473	505	S1_108	495	1.8e-241	795.1	2	491	2	494	98.8	1	high		
GUT_GENOME194553_4___64251___65711___+___MFGMNLMP_00482	486	S1_46	459	1.7e-96	316.4	2	452	3	473	98.0	1	high		
GUT_GENOME186263_21___35637___37010___+___DACIOADA_01710	457	S1_27	454	2.4e-173	570.0	2	446	2	456	97.8	1	high	3.1.6.12 3.1.6.- 	
GUT_GENOME185617_69___6358___7791___-___FOKNAGOB_04906	477	S1_27	454	3.2e-173	569.6	3	448	2	468	98.0	1	high	3.1.6.12 3.1.6.- 	
GUT_GENOME230198_52___24369___25832___+___JLFLLHAM_01813	487	S1_46	459	7.5e-85	278.0	3	452	2	465	97.8	1	low		
GUT_GENOME230198_28___14713___16176___+___JLFLLHAM_00805	487	S1_46	459	6.6e-82	268.3	2	451	7	469	97.8	1	low		
GUT_GENOME230198_55___86244___87707___+___JLFLLHAM_01948	487	S1_26	443	1.3e-195	643.3	2	441	3	461	99.1	1	high		
GUT_GENOME225933_40___21514___22974___-___GMGPFJIC_00815	486	S1_46	459	2.2e-96	316.0	2	452	3	473	98.0	1	high		
GUT_GENOME239709_12___75534___76934___+___FAJBHEGO_03703	466	S1_90	451	7.3e-121	396.8	3	436	2	421	96.0	1	high		
GUT_GENOME232003_35___59564___61045___+___EINMMJKI_03382	493	S1_52	473	2e-219	722.1	2	470	4	487	98.9	1	high		
GUT_GENOME239801_1___386700___388214___-___CJOEOPDH_00334	504	S1_64	483	1.8e-218	719.3	1	483	3	497	99.8	1	high		
GUT_GENOME185617_17___28798___30297___+___FOKNAGOB_02151	499	S1_46	459	6.1e-85	278.3	3	452	14	477	97.8	1	low		
GUT_GENOME191697_1___390189___391682___-___DFFFGNIE_00355	497	S1_64	483	2.5e-189	623.2	2	483	4	489	99.6	1	high		
GUT_GENOME194553_5___120699___122252___+___MFGMNLMP_00650	517	S1_67	492	2.2e-210	692.1	2	491	3	494	99.4	1	high		
GUT_GENOME225933_100___959___2449___-___GMGPFJIC_01993	496	S1_64	483	9.2e-191	628.0	1	482	3	483	99.6	1	high		
GUT_GENOME208018_8___126323___127816___+___MMNABIND_03253	497	S1_46	459	7.8e-153	502.1	2	456	11	456	98.9	1	high		
GUT_GENOME185165_236___2620___3645___+___AIKLDHKH_05625	341	S1_90	451	3.5e-49	160.5	149	386	97	324	52.5	1	probable fragment		
GUT_GENOME225933_222___11534___13072___-___GMGPFJIC_04328	512	S1_64	483	3.2e-203	669.0	1	482	3	494	99.6	1	high		
GUT_GENOME239801_34___9146___10762___-___CJOEOPDH_06446	538	S1_63	482	1.5e-193	636.6	1	481	2	495	99.6	1	high		
GUT_GENOME194553_37___4___585___+___MFGMNLMP_02481	193	S1_64	483	1.3e-50	165.7	307	483	2	177	36.4	1	probable fragment		
GUT_GENOME228848_79___59536___61017___+___BHEHKKKF_03715	493	S1_52	473	2e-219	722.1	2	470	4	487	98.9	1	high		
GUT_GENOME185165_55___16144___17637___+___AIKLDHKH_03164	497	S1_108	495	4.2e-259	853.2	1	491	2	495	99.0	1	high		
GUT_GENOME185279_10___100010___101515___+___JFMLEIKM_01457	501	S1_43	470	1.1e-238	785.5	2	470	2	471	99.6	1	high		
GUT_GENOME186263_37___30948___32381___+___DACIOADA_02442	477	S1_27	454	1.4e-136	448.8	2	447	4	439	98.0	1	high	3.1.6.12 3.1.6.- 	
GUT_GENOME230198_26___28797___30257___-___JLFLLHAM_00706	486	S1_46	459	1.7e-96	316.4	2	452	3	473	98.0	1	high		
GUT_GENOME194553_56___13713___15056___-___MFGMNLMP_03189	447	S1_65	439	1.7e-191	629.3	3	437	2	429	98.9	1	high		
GUT_GENOME239801_19___90886___92355___+___CJOEOPDH_05451	489	S1_86	441	1e-244	804.9	1	441	2	442	99.8	1	high		
GUT_GENOME208018_1___25790___27406___+___MMNABIND_00019	538	S1_63	482	1.5e-193	636.6	1	481	2	495	99.6	1	high		
GUT_GENOME185662_10___35012___36475___-___BMIFDJDC_00479	487	S1_26	443	2.3e-195	642.5	2	441	3	461	99.1	1	high		
GUT_GENOME239801_8___12091___13467___+___CJOEOPDH_03421	458	S1_46	459	2.1e-89	293.0	3	441	2	449	95.4	1	low		
GUT_GENOME188404_29___6574___8085___-___FMKOMKII_05667	503	S1_104	473	1.1e-256	844.9	1	473	6	486	99.8	1	high		
GUT_GENOME194553_39___14804___16297___+___MFGMNLMP_02576	497	S1_64	483	7.9e-229	753.5	1	483	3	495	99.8	1	high		
GUT_GENOME192012_4___104963___106417___-___HJOHLJNN_00962	484	S1_46	459	3.6e-163	536.2	2	458	3	445	99.3	1	high		
GUT_GENOME192012_25___37994___39439___-___HJOHLJNN_03966	481	S1_46	459	1.5e-201	662.6	2	458	2	468	99.3	1	high		
GUT_GENOME194553_100___5842___7254___-___MFGMNLMP_04326	470	S1_16	444	3.3e-173	569.0	3	433	4	467	96.8	1	high		
GUT_GENOME208018_8___61911___63329___-___MMNABIND_03193	472	S1_27	454	1.1e-148	488.7	2	452	6	457	99.1	1	high	3.1.6.12 3.1.6.- 	
GUT_GENOME185648_144___7353___8834___-___KJICBEDJ_03625	493	S1_52	473	4e-218	717.8	2	470	4	487	98.9	1	high		
GUT_GENOME185648_224___6084___7577___-___KJICBEDJ_04572	497	S1_64	483	1.9e-189	623.6	2	483	4	489	99.6	1	high		
GUT_GENOME239709_30___69126___70664___-___FAJBHEGO_05995	512	S1_64	483	3.2e-203	669.0	1	482	3	494	99.6	1	high		
GUT_GENOME185648_19___35801___37282___+___KJICBEDJ_00907	493	S1_64	483	1.5e-192	633.9	2	483	4	487	99.6	1	high		
GUT_GENOME185648_14___5993___7465___+___KJICBEDJ_00684	490	S1_108	495	5.3e-124	407.6	2	489	2	479	98.4	1	high		
GUT_GENOME185279_17___24563___25996___+___JFMLEIKM_02159	477	S1_27	454	3.2e-173	569.6	3	448	2	468	98.0	1	high	3.1.6.12 3.1.6.- 	
GUT_GENOME239801_6___382700___384175___+___CJOEOPDH_03015	491	S1_64	483	6.1e-209	687.9	1	482	3	488	99.6	1	high		
GUT_GENOME185617_96___7338___8819___-___FOKNAGOB_05464	493	S1_52	473	4e-218	717.8	2	470	4	487	98.9	1	high		
GUT_GENOME225018_171___29622___31067___-___MIAGAFMP_04172	481	S1_46	459	4.1e-200	657.9	2	458	2	468	99.3	1	high		
GUT_GENOME185617_3___134002___135504___+___FOKNAGOB_00440	500	S1_64	483	7.5e-216	710.7	1	482	3	496	99.6	1	high		
GUT_GENOME185279_12___40150___41550___+___JFMLEIKM_01621	466	S1_90	451	9e-123	403.1	3	438	2	423	96.5	1	high		
GUT_GENOME225933_266___811___2223___-___GMGPFJIC_05123	470	S1_16	444	7e-173	568.0	3	433	4	467	96.8	1	high		
GUT_GENOME185617_2___116166___117683___+___FOKNAGOB_00256	505	S1_108	495	1.8e-241	795.1	2	491	2	494	98.8	1	high		
GUT_GENOME191697_25___29635___31125___-___DFFFGNIE_03924	496	S1_64	483	8e-224	737.0	1	483	3	491	99.8	1	high		
GUT_GENOME188404_9___177235___178698___-___FMKOMKII_03148	487	S1_46	459	4.2e-86	282.1	3	452	2	465	97.8	1	low		
GUT_GENOME194553_47___5361___6650___+___MFGMNLMP_02875	429	S3	508	4.6e-131	430.7	73	500	6	428	84.1	1	high	3.1.6.- 3.1.6.19 	
GUT_GENOME225018_9___12029___13522___+___MIAGAFMP_00234	497	S1_108	495	3.5e-259	853.5	1	491	2	495	99.0	1	high		
GUT_GENOME239709_30___66144___67712___-___FAJBHEGO_05993	522	S1_90	451	2.2e-162	533.6	2	440	12	444	97.1	1	high		
GUT_GENOME239709_1___196727___198154___+___FAJBHEGO_00180	475	S1_26	443	1.8e-199	656.0	2	441	4	442	99.1	1	high		
GUT_GENOME230198_3___6768___8186___+___JLFLLHAM_00039	472	S1_9	433	6.9e-147	482.2	2	430	2	440	98.8	1	high	3.1.6.- 	
GUT_GENOME185617_11___69952___71400___+___FOKNAGOB_01492	482	S1_108	495	3.6e-173	569.8	2	482	7	476	97.0	1	high		
GUT_GENOME230198_69___20211___21449___+___JLFLLHAM_02459	412	S1_104	473	1.3e-196	646.8	9	382	1	382	78.9	1	high		
GUT_GENOME185617_71___20507___21988___+___FOKNAGOB_04975	493	S1_64	483	2.5e-214	705.7	1	483	3	492	99.8	1	high		
GUT_GENOME208018_4___420148___421599___-___MMNABIND_02250	483	S1_26	443	4.1e-192	631.8	2	441	2	455	99.1	1	high		
GUT_GENOME232003_40___291457___292884___+___EINMMJKI_04184	475	S1_26	443	1.8e-199	656.0	2	441	4	442	99.1	1	high		
GUT_GENOME232003_36___222083___223408___+___EINMMJKI_03644	441	S1_8	443	5.4e-130	426.7	3	422	2	412	94.6	1	high	3.10.1.1 3.1.6.- 	
GUT_GENOME185648_153___12406___13854___+___KJICBEDJ_03749	482	S1_108	495	3.6e-173	569.8	2	482	7	476	97.0	1	high		
GUT_GENOME185279_5___24458___25747___-___JFMLEIKM_00771	429	S3	508	1.1e-130	429.5	73	500	6	428	84.1	1	high	3.1.6.- 3.1.6.19 	
GUT_GENOME232003_53___54302___55777___-___EINMMJKI_05848	491	S1_64	483	6.1e-209	687.9	1	482	3	488	99.6	1	high		
GUT_GENOME239801_3___139990___141390___-___CJOEOPDH_01527	466	S1_90	451	7.3e-121	396.8	3	436	2	421	96.0	1	high		
GUT_GENOME194553_34___44966___46303___-___MFGMNLMP_02394	445	S1_65	439	1.1e-196	646.4	2	431	3	440	97.7	1	high		
GUT_GENOME208142_18___42071___43624___-___KEGOALKH_05015	517	S1_67	492	7.3e-211	693.7	2	491	3	494	99.4	1	high		
GUT_GENOME185279_4___142170___143738___+___JFMLEIKM_00736	522	S1_90	451	2.2e-161	530.4	2	440	12	444	97.1	1	high		
GUT_GENOME185662_35___22054___23400___-___BMIFDJDC_01315	448	S1_65	439	4.9e-211	693.7	2	437	2	444	99.1	1	high		
GUT_GENOME239709_1___201491___202993___+___FAJBHEGO_00183	500	S1_64	483	5.7e-216	711.1	1	482	3	496	99.6	1	high		
GUT_GENOME188404_11___76028___77623___+___FMKOMKII_03454	531	S1_46	459	2.7e-149	490.4	2	456	2	453	98.9	1	high		
GUT_GENOME225018_109___4816___6297___-___MIAGAFMP_02662	493	S1_64	483	4.5e-194	638.9	2	483	4	487	99.6	1	high		
GUT_GENOME225933_62___15452___16933___+___GMGPFJIC_01260	493	S1_15	471	3.8e-181	595.8	4	467	7	491	98.3	1	high	3.1.6.4 	
GUT_GENOME191697_4___181288___182769___-___DFFFGNIE_01222	493	S1_61	451	1.2e-193	636.8	1	450	2	455	99.6	1	high		
GUT_GENOME188404_4___377709___379202___+___FMKOMKII_01798	497	S1_46	459	7.8e-153	502.1	2	456	11	456	98.9	1	high		
GUT_GENOME188404_25___95869___97269___+___FMKOMKII_05433	466	S1_27	454	9.6e-158	518.6	2	444	2	462	97.4	1	high	3.1.6.12 3.1.6.- 	
GUT_GENOME185662_127___12439___13878___-___BMIFDJDC_02880	479	S1_26	443	5.7e-192	631.3	2	441	2	455	99.1	1	high		
GUT_GENOME228848_89___101603___103084___+___BHEHKKKF_04151	493	S1_64	483	2.7e-192	633.0	2	483	4	487	99.6	1	high		
GUT_GENOME188404_11___82713___84203___-___FMKOMKII_03458	496	S1_64	483	9.2e-191	628.0	1	482	3	483	99.6	1	high		
GUT_GENOME185662_170___1652___3100___-___BMIFDJDC_03368	482	S1_108	495	3.6e-173	569.8	2	482	7	476	97.0	1	high		
GUT_GENOME208142_1___19755___21257___+___KEGOALKH_00015	500	S1_64	483	3.8e-205	675.4	1	482	3	495	99.6	1	high		
GUT_GENOME185648_31___18205___19605___+___KJICBEDJ_01311	466	S1_90	451	9e-123	403.1	3	438	2	423	96.5	1	high		
GUT_GENOME191697_36___30655___31998___-___DFFFGNIE_04638	447	S1_65	439	1.7e-191	629.3	3	437	2	429	98.9	1	high		
GUT_GENOME208018_3___136085___137578___-___MMNABIND_01593	497	S1_108	495	2e-259	854.3	1	491	2	495	99.0	1	high		
GUT_GENOME194553_60___19471___20886___-___MFGMNLMP_03315	471	S1_90	451	1e-121	399.6	3	436	7	426	96.0	1	high		
GUT_GENOME208142_4___349609___351054___-___KEGOALKH_02192	481	S1_46	459	4.5e-200	657.8	2	458	2	468	99.3	1	high		
GUT_GENOME186263_33___10973___12448___+___DACIOADA_02252	491	S1_64	483	1.7e-207	683.2	1	482	3	488	99.6	1	high		
GUT_GENOME191697_11___139156___140637___-___DFFFGNIE_02440	493	S1_52	473	1.7e-218	719.0	2	470	4	487	98.9	1	high		
GUT_GENOME225018_191___30409___31863___+___MIAGAFMP_04612	484	S1_74	455	9e-239	785.3	2	453	2	458	99.1	1	high		
GUT_GENOME225018_19___36777___38210___+___MIAGAFMP_00498	477	S1_27	454	6.4e-173	568.6	3	448	2	468	98.0	1	high	3.1.6.12 3.1.6.- 	
GUT_GENOME230198_134___75110___76561___-___JLFLLHAM_04820	483	S1_99	469	7.6e-250	822.3	5	468	4	474	98.7	1	high		
GUT_GENOME225018_219___36132___37529___+___MIAGAFMP_05167	465	S1_46	459	1.1e-43	257.9	2	438	3	438	95.0	1	low		fusion of 2 fragments from 253 to 438 score 142.3 fragment 2 from 3 to 250 score 115.6
GUT_GENOME192012_25___36466___37971___-___HJOHLJNN_03965	501	S1_43	470	4.3e-236	776.9	2	470	2	471	99.6	1	high		
GUT_GENOME194553_51___31869___33356___-___MFGMNLMP_03039	495	S1_63	482	1.5e-210	692.7	1	480	2	487	99.4	1	high		
GUT_GENOME188404_8___87400___88737___-___FMKOMKII_02860	445	S1_65	439	2.7e-196	645.1	2	431	3	440	97.7	1	high		
GUT_GENOME208142_3___344403___345863___+___KEGOALKH_01760	486	S1_46	459	2.2e-96	316.0	2	452	3	473	98.0	1	high		
GUT_GENOME232003_40___296221___297723___+___EINMMJKI_04187	500	S1_64	483	5.7e-216	711.1	1	482	3	496	99.6	1	high		
GUT_GENOME185279_35___30660___32078___-___JFMLEIKM_03448	472	S1_9	433	2.4e-146	480.4	2	430	2	440	98.8	1	high	3.1.6.- 	
GUT_GENOME225933_46___670___2046___-___GMGPFJIC_00921	458	S1_46	459	2.1e-89	293.0	3	441	2	449	95.4	1	low		
GUT_GENOME188404_13___166893___168509___-___FMKOMKII_03899	538	S1_63	482	1.5e-193	636.6	1	481	2	495	99.6	1	high		
GUT_GENOME225018_22___7222___8709___+___MIAGAFMP_00631	495	S1_63	482	1.1e-210	693.1	1	480	2	487	99.4	1	high		
GUT_GENOME185648_83___11233___12708___+___KJICBEDJ_02583	491	S1_64	483	6e-208	684.6	1	482	3	488	99.6	1	high		
GUT_GENOME208142_8___205282___206655___-___KEGOALKH_03372	457	S1_27	454	9.7e-174	571.3	2	446	2	456	97.8	1	high	3.1.6.12 3.1.6.- 	
GUT_GENOME225018_191___20170___21681___+___MIAGAFMP_04602	503	S1_104	473	1.1e-255	841.5	1	473	6	486	99.8	1	high		
GUT_GENOME225018_177___53809___55098___+___MIAGAFMP_04331	429	S3	508	1.2e-129	426.0	73	500	6	428	84.1	1	high	3.1.6.- 3.1.6.19 	
GUT_GENOME185617_14___40150___41550___+___FOKNAGOB_01865	466	S1_90	451	9e-123	403.1	3	438	2	423	96.5	1	high		
GUT_GENOME185662_150___9633___11201___-___BMIFDJDC_03156	522	S1_90	451	2.2e-161	530.4	2	440	12	444	97.1	1	high		
GUT_GENOME185165_78___2938___4371___-___AIKLDHKH_03715	477	S1_27	454	1.4e-136	448.8	2	447	4	439	98.0	1	high	3.1.6.12 3.1.6.- 	
GUT_GENOME186263_8___83975___85375___-___DACIOADA_00830	466	S1_90	451	9e-123	403.1	3	438	2	423	96.5	1	high		
GUT_GENOME194553_6___46868___48385___+___MFGMNLMP_00689	505	S1_108	495	7.7e-243	799.6	2	492	2	495	99.0	1	high		
GUT_GENOME185165_1___11044___12519___+___AIKLDHKH_00010	491	S1_64	483	6e-208	684.6	1	482	3	488	99.6	1	high		
GUT_GENOME188404_6___138971___140389___+___FMKOMKII_02395	472	S1_9	433	2.1e-147	483.9	2	430	2	440	98.8	1	high	3.1.6.- 	
GUT_GENOME185617_22___82886___84367___+___FOKNAGOB_02623	493	S1_64	483	1.5e-192	633.9	2	483	4	487	99.6	1	high		
GUT_GENOME208018_27___23581___25056___-___MMNABIND_05420	491	S1_64	483	6.1e-209	687.9	1	482	3	488	99.6	1	high		
GUT_GENOME208142_3___98347___99636___-___KEGOALKH_01547	429	S3	508	1e-130	429.6	73	500	6	428	84.1	1	high	3.1.6.- 3.1.6.19 	
GUT_GENOME191697_10___109604___111016___+___DFFFGNIE_02286	470	S1_16	444	4.6e-173	568.6	3	433	4	467	96.8	1	high		
GUT_GENOME188404_23___58441___59829___+___FMKOMKII_05215	462	S1_27	454	2.5e-166	546.9	2	448	2	447	98.2	1	high	3.1.6.12 3.1.6.- 	
GUT_GENOME185279_19___9655___11001___+___JFMLEIKM_02321	448	S1_65	439	4.9e-211	693.7	2	437	2	444	99.1	1	high		
GUT_GENOME225018_79___37854___39281___+___MIAGAFMP_01975	475	S1_26	443	1.4e-199	656.4	2	441	4	442	99.1	1	high		
GUT_GENOME208018_2___335017___337419___-___MMNABIND_01198	800	S1_108	495	1.3e-184	607.5	1	481	325	792	97.0	1	high		
GUT_GENOME239709_8___224604___226022___+___FAJBHEGO_02934	472	S1_14	426	1e-163	537.8	3	422	2	435	98.4	1	high		
GUT_GENOME225933_266___2263___3726___-___GMGPFJIC_05124	487	S1_26	443	9.3e-196	643.8	2	441	3	461	99.1	1	high		
GUT_GENOME232003_30___13782___15320___-___EINMMJKI_02758	512	S1_64	483	3.2e-203	669.0	1	482	3	494	99.6	1	high		
GUT_GENOME239709_28___81278___82753___-___FAJBHEGO_05832	491	S1_64	483	6.1e-209	687.9	1	482	3	488	99.6	1	high		
GUT_GENOME208142_1___664123___665610___+___KEGOALKH_00588	495	S1_63	482	6.7e-209	687.3	1	480	2	487	99.4	1	high		
GUT_GENOME191697_13___133628___135142___+___DFFFGNIE_02687	504	S1_64	483	4.6e-219	721.3	1	483	3	497	99.8	1	high		
GUT_GENOME188404_23___22991___24484___+___FMKOMKII_05182	497	S1_108	495	1.7e-258	851.2	1	491	2	495	99.0	1	high		
GUT_GENOME208018_9___221965___223290___+___MMNABIND_03533	441	S1_8	443	5.4e-130	426.7	3	422	2	412	94.6	1	high	3.10.1.1 3.1.6.- 	
GUT_GENOME185165_76___21597___23114___-___AIKLDHKH_03691	505	S1_108	495	1.8e-241	795.1	2	491	2	494	98.8	1	high		
GUT_GENOME225018_184___61590___63008___+___MIAGAFMP_04448	472	S1_9	433	6.9e-147	482.2	2	430	2	440	98.8	1	high	3.1.6.- 	
GUT_GENOME185617_11___30951___32384___+___FOKNAGOB_01465	477	S1_27	454	1.4e-136	448.8	2	447	4	439	98.0	1	high	3.1.6.12 3.1.6.- 	
GUT_GENOME185165_45___30743___32083___+___AIKLDHKH_02891	446	S1_46	459	1.3e-67	221.1	27	439	18	422	89.8	1	low		
GUT_GENOME232003_39___14430___15899___+___EINMMJKI_03857	489	S1_86	441	1e-244	804.9	1	441	2	442	99.8	1	high		
GUT_GENOME185279_44___27464___28807___-___JFMLEIKM_03912	447	S1_65	439	1.8e-191	629.3	3	437	2	429	98.9	1	high		
GUT_GENOME185648_170___5130___6527___+___KJICBEDJ_03966	465	S1_46	459	6.1e-44	258.9	2	438	3	438	95.0	1	low		fusion of 2 fragments from 253 to 438 score 143.1 fragment 2 from 3 to 252 score 115.8
GUT_GENOME208018_7___210452___211870___+___MMNABIND_03083	472	S1_9	433	2.1e-147	483.9	2	430	2	440	98.8	1	high	3.1.6.- 	
GUT_GENOME208018_17___112435___113772___+___MMNABIND_04638	445	S1_65	439	2.7e-196	645.1	2	431	3	440	97.7	1	high		
GUT_GENOME228848_120___62831___64336___+___BHEHKKKF_05960	501	S1_43	470	8.1e-239	785.9	2	470	2	471	99.6	1	high		
GUT_GENOME185617_44___36701___38188___-___FOKNAGOB_03990	495	S1_63	482	2.3e-209	688.8	1	480	2	487	99.4	1	high		
GUT_GENOME232003_36___120411___121874___-___EINMMJKI_03558	487	S1_26	443	9.3e-196	643.8	2	441	3	461	99.1	1	high		
GUT_GENOME194553_100___7294___8757___-___MFGMNLMP_04327	487	S1_26	443	1.3e-195	643.3	2	441	3	461	99.1	1	high		
GUT_GENOME230198_137___29690___31243___-___JLFLLHAM_04958	517	S1_67	492	2.2e-210	692.1	2	491	3	494	99.4	1	high		
GUT_GENOME239801_18___27314___28732___+___CJOEOPDH_05294	472	S1_9	433	2.1e-147	483.9	2	430	2	440	98.8	1	high	3.1.6.- 	
GUT_GENOME230198_17___25648___27165___+___JLFLLHAM_00378	505	S1_108	495	7.7e-243	799.6	2	492	2	495	99.0	1	high		
GUT_GENOME225018_43___84___1061___+___MIAGAFMP_01182	325	S1_26	443	1.3e-132	435.7	141	441	1	300	67.7	1	high		
GUT_GENOME194553_85___2668___4122___-___MFGMNLMP_04009	484	S1_86	441	2.7e-253	833.2	1	441	2	441	99.8	1	high		
GUT_GENOME185617_16___20163___21617___+___FOKNAGOB_02053	484	S1_86	441	1.5e-253	834.0	1	441	2	441	99.8	1	high		
GUT_GENOME208018_1___345376___346803___+___MMNABIND_00292	475	S1_26	443	1.8e-199	656.0	2	441	4	442	99.1	1	high		
GUT_GENOME185165_16___33065___34465___-___AIKLDHKH_01492	466	S1_90	451	9e-123	403.1	3	438	2	423	96.5	1	high		
GUT_GENOME208018_1___350140___351642___+___MMNABIND_00295	500	S1_64	483	5.7e-216	711.1	1	482	3	496	99.6	1	high		
GUT_GENOME230198_111___18230___19744___+___JLFLLHAM_03924	504	S1_64	483	3.7e-219	721.6	1	483	3	497	99.8	1	high		
GUT_GENOME194553_85___17139___18602___+___MFGMNLMP_04018	487	S1_46	459	1e-80	264.3	2	453	7	471	98.3	1	low		
GUT_GENOME239709_5___187670___189082___+___FAJBHEGO_02127	470	S1_16	444	7e-173	568.0	3	433	4	467	96.8	1	high		
GUT_GENOME228848_72___91467___92885___+___BHEHKKKF_03203	472	S1_27	454	1.1e-148	488.7	2	452	6	457	99.1	1	high	3.1.6.12 3.1.6.- 	
GUT_GENOME232003_48___118123___119547___+___EINMMJKI_04896	474	S1_74	455	3e-238	783.6	1	453	4	458	99.3	1	high		
GUT_GENOME188404_24___83518___84993___-___FMKOMKII_05333	491	S1_64	483	6.1e-209	687.9	1	482	3	488	99.6	1	high		
GUT_GENOME230198_109___65683___67083___+___JLFLLHAM_03903	466	S1_27	454	1.8e-159	524.3	2	444	2	462	97.4	1	high	3.1.6.12 3.1.6.- 	
GUT_GENOME230198_28___219___1688___-___JLFLLHAM_00796	489	S1_86	441	6.3e-253	832.0	1	441	2	441	99.8	1	high		
GUT_GENOME232003_51___223310___224800___-___EINMMJKI_05462	496	S1_64	483	4.3e-224	737.9	1	483	3	491	99.8	1	high		
GUT_GENOME185279_21___23509___24990___-___JFMLEIKM_02501	493	S1_64	483	1.5e-192	633.9	2	483	4	487	99.6	1	high		
GUT_GENOME186263_10___76329___77690___-___DACIOADA_00969	453	S1_83	449	1.5e-229	755.1	2	446	4	449	98.9	1	high		
GUT_GENOME239709_26___20527___21990___-___FAJBHEGO_05578	487	S1_46	459	1.1e-96	317.0	2	447	16	481	96.9	1	high		
GUT_GENOME208142_10___76153___77553___-___KEGOALKH_03716	466	S1_90	451	7.3e-121	396.8	3	436	2	421	96.0	1	high		
GUT_GENOME185648_95___3034___4533___-___KJICBEDJ_02814	499	S1_46	459	6.1e-85	278.3	3	452	14	477	97.8	1	low		
GUT_GENOME188404_5___286113___287555___+___FMKOMKII_02148	480	S1_27	454	4.1e-173	569.3	3	449	2	469	98.2	1	high	3.1.6.12 3.1.6.- 	
GUT_GENOME186263_82___13375___14805___-___DACIOADA_03806	476	S1_7	456	2.5e-68	223.8	4	449	2	456	97.6	1	low		
GUT_GENOME208018_9___120285___121748___-___MMNABIND_03447	487	S1_26	443	9.3e-196	643.8	2	441	3	461	99.1	1	high		
GUT_GENOME208142_4___153094___154419___-___KEGOALKH_02012	441	S3	508	1e-139	459.2	74	502	6	422	84.3	1	high	3.1.6.- 3.1.6.19 	
GUT_GENOME185617_33___11344___12816___+___FOKNAGOB_03338	490	S1_104	473	2.9e-249	820.4	9	473	1	473	98.1	1	high		
GUT_GENOME208142_3___359067___360455___+___KEGOALKH_01771	462	S1_27	454	2.5e-166	546.9	2	448	2	447	98.2	1	high	3.1.6.12 3.1.6.- 	
GUT_GENOME239801_1___385216___386703___-___CJOEOPDH_00333	495	S1_63	482	6.7e-209	687.3	1	480	2	487	99.4	1	high		
GUT_GENOME208142_14___155050___156531___+___KEGOALKH_04557	493	S1_64	483	2.7e-192	633.0	2	483	4	487	99.6	1	high		
GUT_GENOME228848_103___153154___154641___+___BHEHKKKF_05235	495	S1_63	482	6.7e-209	687.3	1	480	2	487	99.4	1	high		
GUT_GENOME239709_7___81863___83188___+___FAJBHEGO_02546	441	S3	508	1e-139	459.2	74	502	6	422	84.3	1	high	3.1.6.- 3.1.6.19 	
GUT_GENOME185617_39___26193___27665___-___FOKNAGOB_03717	490	S1_108	495	5.3e-124	407.6	2	489	2	479	98.4	1	high		
GUT_GENOME191697_4___192495___193988___+___DFFFGNIE_01229	497	S1_46	459	4.5e-152	499.6	2	456	11	456	98.9	1	high		
GUT_GENOME225933_51___44071___45585___+___GMGPFJIC_01037	504	S1_64	483	1.8e-218	719.3	1	483	3	497	99.8	1	high		
GUT_GENOME239801_1___501653___503134___-___CJOEOPDH_00426	493	S1_15	471	3.8e-181	595.8	4	467	7	491	98.3	1	high	3.1.6.4 	
GUT_GENOME186263_79___1830___3347___+___DACIOADA_03731	505	S1_64	483	1.9e-213	702.8	1	482	3	496	99.6	1	high		
GUT_GENOME228848_103___73252___74676___+___BHEHKKKF_05168	474	S1_74	455	3e-238	783.6	1	453	4	458	99.3	1	high		
GUT_GENOME225018_22___5711___7225___+___MIAGAFMP_00630	504	S1_64	483	5e-219	721.2	1	483	3	497	99.8	1	high		
GUT_GENOME186263_24___18511___19992___-___DACIOADA_01857	493	S1_61	451	6.6e-193	634.3	1	450	2	455	99.6	1	high		
GUT_GENOME186263_13___53937___55436___-___DACIOADA_01170	499	S1_46	459	6.1e-85	278.3	3	452	14	477	97.8	1	low		
GUT_GENOME186263_79___5739___7079___+___DACIOADA_03733	446	S1_46	459	1.3e-67	221.1	27	439	18	422	89.8	1	low		
GUT_GENOME191697_21___25955___27343___-___DFFFGNIE_03555	462	S1_108	495	3.9e-55	180.5	1	141	325	461	28.3	1	probable fragment		
GUT_GENOME239709_13___95349___96842___+___FAJBHEGO_03920	497	S1_108	495	2e-259	854.3	1	491	2	495	99.0	1	high		
GUT_GENOME225018_53___13649___15061___-___MIAGAFMP_01300	470	S1_16	444	3.3e-173	569.0	3	433	4	467	96.8	1	high		
GUT_GENOME225933_191___57080___58405___-___GMGPFJIC_03690	441	S1_8	443	5.4e-130	426.7	3	422	2	412	94.6	1	high	3.10.1.1 3.1.6.- 	
GUT_GENOME188404_16___79840___81219___+___FMKOMKII_04353	459	S1_8	443	1.5e-121	398.9	5	432	2	430	96.4	1	high	3.10.1.1 3.1.6.- 	
GUT_GENOME208142_4___125431___126873___-___KEGOALKH_01989	480	S1_27	454	4.1e-173	569.3	3	449	2	469	98.2	1	high	3.1.6.12 3.1.6.- 	
GUT_GENOME185165_120___10057___11418___+___AIKLDHKH_04516	453	S1_83	449	1.5e-229	755.1	2	446	4	449	98.9	1	high		
GUT_GENOME228848_91___25667___27283___+___BHEHKKKF_04240	538	S1_63	482	1.5e-193	636.6	1	481	2	495	99.6	1	high		
GUT_GENOME185662_33___431___1810___+___BMIFDJDC_01242	459	S1_8	443	9.2e-123	402.9	5	432	2	430	96.4	1	high	3.10.1.1 3.1.6.- 	
GUT_GENOME208142_15___81189___82658___-___KEGOALKH_04666	489	S1_86	441	1e-244	804.9	1	441	2	442	99.8	1	high		
GUT_GENOME225018_67___19987___21438___-___MIAGAFMP_01608	483	S1_99	469	1e-249	821.9	5	468	4	474	98.7	1	high		
GUT_GENOME185279_70___10553___11983___+___JFMLEIKM_04835	476	S1_7	456	2.5e-68	223.8	4	449	2	456	97.6	1	low		
GUT_GENOME225018_38___59322___60785___-___MIAGAFMP_01064	487	S1_46	459	2.5e-85	279.5	3	452	2	465	97.8	1	low		
GUT_GENOME191697_7___54797___56203___-___DFFFGNIE_01768	468	S1_26	443	4.4e-210	691.0	2	441	4	443	99.1	1	high		
GUT_GENOME194553_6___38734___40179___+___MFGMNLMP_00683	481	S1_46	459	1.9e-200	659.1	2	458	2	468	99.3	1	high		
GUT_GENOME208142_5___306000___307595___-___KEGOALKH_02541	531	S1_46	459	2.7e-149	490.4	2	456	2	453	98.9	1	high		
GUT_GENOME188404_4___120196___121659___-___FMKOMKII_01586	487	S1_26	443	9.3e-196	643.8	2	441	3	461	99.1	1	high		
GUT_GENOME185617_16___5674___7137___-___FOKNAGOB_02044	487	S1_46	459	3.3e-81	266.0	2	453	7	471	98.3	1	low		
GUT_GENOME208142_11___118743___120155___+___KEGOALKH_03966	470	S1_16	444	1e-172	567.4	3	433	4	467	96.8	1	high		
GUT_GENOME208142_3___104110___105621___+___KEGOALKH_01551	503	S1_64	483	1.4e-212	700.0	1	483	3	487	99.8	1	high		
GUT_GENOME192012_4___184301___185833___-___HJOHLJNN_01034	510	S1_108	495	3.2e-238	784.3	1	492	2	506	99.2	1	high		
GUT_GENOME208018_5___93858___95453___+___MMNABIND_02344	531	S1_46	459	2.7e-149	490.4	2	456	2	453	98.9	1	high		
GUT_GENOME239709_10___128819___130300___+___FAJBHEGO_03312	493	S1_52	473	2e-219	722.1	2	470	4	487	98.9	1	high		
GUT_GENOME239709_26___11363___12781___-___FAJBHEGO_05572	472	S1_27	454	1.1e-148	488.7	2	452	6	457	99.1	1	high	3.1.6.12 3.1.6.- 	
GUT_GENOME185165_67___10553___11983___+___AIKLDHKH_03477	476	S1_7	456	2.5e-68	223.8	4	449	2	456	97.6	1	low		
GUT_GENOME194553_5___101146___102612___+___MFGMNLMP_00637	488	S1_46	459	4.1e-96	315.1	2	447	17	482	96.9	1	high		
GUT_GENOME185165_67___7847___9244___-___AIKLDHKH_03475	465	S1_46	459	6.1e-44	258.9	2	438	3	438	95.0	1	low		fusion of 2 fragments from 253 to 438 score 143.1 fragment 2 from 3 to 252 score 115.8
GUT_GENOME185279_2___5671___7134___-___JFMLEIKM_00235	487	S1_46	459	3.3e-81	266.0	2	453	7	471	98.3	1	low		
GUT_GENOME232003_33___148267___149643___-___EINMMJKI_03252	458	S1_46	459	2.1e-89	293.0	3	441	2	449	95.4	1	low		
GUT_GENOME185662_229___3739___5112___-___BMIFDJDC_03902	457	S1_27	454	2.4e-173	570.0	2	446	2	456	97.8	1	high	3.1.6.12 3.1.6.- 	
GUT_GENOME185648_62___17___1417___-___KJICBEDJ_02130	466	S1_27	454	1.6e-157	517.9	2	444	2	462	97.4	1	high	3.1.6.12 3.1.6.- 	
GUT_GENOME239801_16___4841___6322___-___CJOEOPDH_05003	493	S1_64	483	2.7e-192	633.0	2	483	4	487	99.6	1	high		
GUT_GENOME225018_67___18523___19971___-___MIAGAFMP_01607	482	S1_108	495	2e-173	570.6	2	482	7	476	97.0	1	high		
GUT_GENOME225018_53___15101___16564___-___MIAGAFMP_01301	487	S1_26	443	2.3e-195	642.5	2	441	3	461	99.1	1	high		
GUT_GENOME232003_26___232931___234424___-___EINMMJKI_02521	497	S1_108	495	2e-259	854.3	1	491	2	495	99.0	1	high		
GUT_GENOME208018_4___348047___349552___-___MMNABIND_02188	501	S1_43	470	8.1e-239	785.9	2	470	2	471	99.6	1	high		
GUT_GENOME239801_35___34435___35886___+___CJOEOPDH_06492	483	S1_26	443	4.1e-192	631.8	2	441	2	455	99.1	1	high		
GUT_GENOME230198_17___17514___18959___+___JLFLLHAM_00372	481	S1_46	459	1.9e-200	659.1	2	458	2	468	99.3	1	high		
GUT_GENOME239801_1___465179___466603___-___CJOEOPDH_00401	474	S1_74	455	3e-238	783.6	1	453	4	458	99.3	1	high		
GUT_GENOME228848_47___36652___38037___+___BHEHKKKF_01678	461	S1_46	459	6.7e-91	297.9	2	452	3	453	98.0	1	low		
GUT_GENOME225933_14___2031___3473___-___GMGPFJIC_00246	480	S1_27	454	4.1e-173	569.3	3	449	2	469	98.2	1	high	3.1.6.12 3.1.6.- 	
GUT_GENOME185279_70___7847___9244___-___JFMLEIKM_04833	465	S1_46	459	6.1e-44	258.9	2	438	3	438	95.0	1	low		fusion of 2 fragments from 253 to 438 score 143.1 fragment 2 from 3 to 252 score 115.8
GUT_GENOME192012_12___107786___109132___+___HJOHLJNN_02757	448	S1_65	439	6.5e-196	643.9	2	430	3	440	97.5	1	high		
GUT_GENOME194553_45___21336___23738___+___MFGMNLMP_02821	800	S1_108	495	1.7e-184	607.1	1	479	325	790	96.6	1	high		
GUT_GENOME239801_7___237067___238455___-___CJOEOPDH_03293	462	S1_27	454	2.5e-166	546.9	2	448	2	447	98.2	1	high	3.1.6.12 3.1.6.- 	
GUT_GENOME185648_7___9530___11098___-___KJICBEDJ_00402	522	S1_90	451	2.2e-161	530.4	2	440	12	444	97.1	1	high		
GUT_GENOME239709_7___109409___110851___+___FAJBHEGO_02569	480	S1_27	454	4.1e-173	569.3	3	449	2	469	98.2	1	high	3.1.6.12 3.1.6.- 	
GUT_GENOME228848_72___83894___85351___+___BHEHKKKF_03198	485	S1_46	459	3.7e-95	312.0	2	447	13	479	96.9	1	high		
GUT_GENOME186263_8___87615___88994___-___DACIOADA_00834	459	S1_8	443	9.2e-123	402.9	5	432	2	430	96.4	1	high	3.10.1.1 3.1.6.- 	
GUT_GENOME185617_5___39503___40996___+___FOKNAGOB_00670	497	S1_108	495	4.2e-259	853.2	1	491	2	495	99.0	1	high		
GUT_GENOME185662_35___20564___22039___-___BMIFDJDC_01314	491	S1_64	483	6e-208	684.6	1	482	3	488	99.6	1	high		
GUT_GENOME232003_31___149972___151507___-___EINMMJKI_02902	511	S1_65	439	3.1e-204	671.3	2	437	3	457	99.1	1	high		
GUT_GENOME228848_72___284527___285990___+___BHEHKKKF_03355	487	S1_26	443	9.3e-196	643.8	2	441	3	461	99.1	1	high		
GUT_GENOME232003_53___55792___57138___-___EINMMJKI_05849	448	S1_65	439	7.2e-211	693.2	2	437	2	444	99.1	1	high		
GUT_GENOME188404_4___313297___314715___-___FMKOMKII_01738	472	S1_27	454	1.1e-148	488.7	2	452	6	457	99.1	1	high	3.1.6.12 3.1.6.- 	
GUT_GENOME191697_10___108101___109564___+___DFFFGNIE_02285	487	S1_26	443	2.3e-195	642.5	2	441	3	461	99.1	1	high		
GUT_GENOME239801_14___52096___53472___-___CJOEOPDH_04754	458	S1_65	439	2.1e-206	678.4	2	437	2	451	99.1	1	high		
GUT_GENOME225933_64___44015___45400___+___GMGPFJIC_01329	461	S1_46	459	6.7e-91	297.9	2	452	3	453	98.0	1	low		
GUT_GENOME239801_17___60706___62043___+___CJOEOPDH_05204	445	S1_65	439	2.7e-196	645.1	2	431	3	440	97.7	1	high		
GUT_GENOME228848_87___26005___27405___+___BHEHKKKF_03994	466	S1_90	451	7.3e-121	396.8	3	436	2	421	96.0	1	high		
GUT_GENOME185617_20___5646___6986___-___FOKNAGOB_02388	446	S1_46	459	1.3e-67	221.1	27	439	18	422	89.8	1	low		
GUT_GENOME185617_96___5840___7321___-___FOKNAGOB_05463	493	S1_52	473	2e-215	708.9	2	470	4	487	98.9	1	high		
GUT_GENOME185648_47___10047___11372___-___KJICBEDJ_01767	441	S3	508	1.4e-138	455.5	74	502	6	422	84.3	1	high	3.1.6.- 3.1.6.19 	
GUT_GENOME191697_13___135139___136626___+___DFFFGNIE_02688	495	S1_63	482	5.9e-210	690.7	1	480	2	487	99.4	1	high		
GUT_GENOME208142_30___53697___55172___+___KEGOALKH_06104	491	S1_64	483	6.1e-209	687.9	1	482	3	488	99.6	1	high		
GUT_GENOME188404_11___30677___32095___-___FMKOMKII_03419	472	S1_14	426	1e-163	537.8	3	422	2	435	98.4	1	high		
GUT_GENOME239801_2___122537___124048___-___CJOEOPDH_00979	503	S1_64	483	1.4e-212	700.0	1	483	3	487	99.8	1	high		
GUT_GENOME232003_52___75406___77808___-___EINMMJKI_05780	800	S1_108	495	1.3e-184	607.5	1	481	325	792	97.0	1	high		
GUT_GENOME192012_3___47597___49057___-___HJOHLJNN_00648	486	S1_54	481	3.7e-95	312.5	2	471	2	471	97.5	1	high		
GUT_GENOME192012_9___3183___6101___+___HJOHLJNN_02059	972	S3	508	1.1e-160	528.4	56	503	69	568	88.0	1	high	3.1.6.- 3.1.6.19 	
GUT_GENOME186263_50___9863___12265___+___DACIOADA_02918	800	S1_108	495	1.4e-184	607.4	1	479	325	790	96.6	1	high		
GUT_GENOME208142_1___535976___537457___+___KEGOALKH_00481	493	S1_15	471	3.8e-181	595.8	4	467	7	491	98.3	1	high	3.1.6.4 	
GUT_GENOME185662_150___8048___9664___-___BMIFDJDC_03155	538	S1_63	482	1.4e-191	630.2	1	481	2	495	99.6	1	high		
GUT_GENOME208142_5___259552___260958___+___KEGOALKH_02500	468	S1_27	454	5.6e-128	420.5	2	447	24	459	98.0	1	high	3.1.6.12 3.1.6.- 	
GUT_GENOME185617_71___16358___17788___-___FOKNAGOB_04972	476	S1_7	456	2.5e-68	223.8	4	449	2	456	97.6	1	low		
GUT_GENOME185662_260___45___1505___+___BMIFDJDC_04126	486	S1_46	459	8.6e-97	317.3	2	452	3	473	98.0	1	high		
GUT_GENOME228848_72___38192___39673___+___BHEHKKKF_03150	493	S1_61	451	8.7e-194	637.2	1	450	2	455	99.6	1	high		
GUT_GENOME185165_24___11343___12815___+___AIKLDHKH_01949	490	S1_104	473	4.2e-249	819.9	9	473	1	473	98.1	1	high		
GUT_GENOME188404_4___221876___223201___+___FMKOMKII_01672	441	S1_8	443	5.4e-130	426.7	3	422	2	412	94.6	1	high	3.10.1.1 3.1.6.- 	
GUT_GENOME208142_1___345334___346761___+___KEGOALKH_00292	475	S1_26	443	1.8e-199	656.0	2	441	4	442	99.1	1	high		
GUT_GENOME228848_35___98718___100094___-___BHEHKKKF_01088	458	S1_46	459	2.1e-89	293.0	3	441	2	449	95.4	1	low		
GUT_GENOME208018_31___775___2151___-___MMNABIND_05630	458	S1_65	439	2.1e-206	678.4	2	437	2	451	99.1	1	high		
GUT_GENOME225933_146___8533___9960___+___GMGPFJIC_02734	475	S1_26	443	1.8e-199	656.0	2	441	4	442	99.1	1	high		
GUT_GENOME185648_377___1648___3153___+___KJICBEDJ_05580	501	S1_43	470	1.1e-238	785.5	2	470	2	471	99.6	1	high		
GUT_GENOME191697_2___291431___292894___+___DFFFGNIE_00686	487	S1_46	459	4.3e-86	282.1	3	452	2	465	97.8	1	low		
GUT_GENOME239709_2___78102___79439___+___FAJBHEGO_00827	445	S1_65	439	2.7e-196	645.1	2	431	3	440	97.7	1	high		
GUT_GENOME239801_10___116629___118110___-___CJOEOPDH_04055	493	S1_52	473	2e-219	722.1	2	470	4	487	98.9	1	high		
GUT_GENOME208142_27___44056___45399___-___KEGOALKH_05877	447	S1_65	439	8.3e-192	630.3	3	437	2	429	98.9	1	high		
GUT_GENOME185165_71___18249___19538___+___AIKLDHKH_03583	429	S3	508	1.1e-130	429.5	73	500	6	428	84.1	1	high	3.1.6.- 3.1.6.19 	
GUT_GENOME186263_9___13698___15146___+___DACIOADA_00849	482	S1_108	495	3.6e-173	569.8	2	482	7	476	97.0	1	high		
GUT_GENOME225933_26___26766___28142___+___GMGPFJIC_00556	458	S1_65	439	2.1e-206	678.4	2	437	2	451	99.1	1	high		
GUT_GENOME225018_219___33393___34823___-___MIAGAFMP_05165	476	S1_7	456	8e-68	222.1	4	449	2	456	97.6	1	low		
GUT_GENOME188404_3___355864___357351___+___FMKOMKII_01370	495	S1_63	482	6.7e-209	687.3	1	480	2	487	99.4	1	high		
GUT_GENOME228848_72___286030___287442___+___BHEHKKKF_03356	470	S1_16	444	7e-173	568.0	3	433	4	467	96.8	1	high		
GUT_GENOME185279_3___198637___200088___-___JFMLEIKM_00604	483	S1_99	469	1e-249	821.9	5	468	4	474	98.7	1	high		
GUT_GENOME185662_254___205___1548___-___BMIFDJDC_04090	447	S1_65	439	1.8e-191	629.3	3	437	2	429	98.9	1	high		
GUT_GENOME185279_10___116094___117587___+___JFMLEIKM_01472	497	S1_64	483	1.9e-189	623.6	2	483	4	489	99.6	1	high		
GUT_GENOME239709_8___172496___173986___+___FAJBHEGO_02895	496	S1_64	483	9.2e-191	628.0	1	482	3	483	99.6	1	high		
GUT_GENOME239709_10___238817___240328___+___FAJBHEGO_03409	503	S1_104	473	1.1e-256	844.9	1	473	6	486	99.8	1	high		
GUT_GENOME228848_76___31685___33022___+___BHEHKKKF_03556	445	S1_65	439	2.7e-196	645.1	2	431	3	440	97.7	1	high		
GUT_GENOME192012_4___10602___12002___-___HJOHLJNN_00884	466	S1_27	454	6.5e-177	581.8	3	447	2	458	97.8	1	high	3.1.6.12 3.1.6.- 	
GUT_GENOME185165_67___6353___7834___-___AIKLDHKH_03474	493	S1_64	483	2.5e-214	705.7	1	483	3	492	99.8	1	high		
GUT_GENOME225018_224___16307___17761___-___MIAGAFMP_05243	484	S1_86	441	2.7e-253	833.2	1	441	2	441	99.8	1	high		
GUT_GENOME232003_33___103230___104636___+___EINMMJKI_03212	468	S1_27	454	5.6e-128	420.5	2	447	24	459	98.0	1	high	3.1.6.12 3.1.6.- 	
GUT_GENOME188404_3___48831___50258___+___FMKOMKII_01089	475	S1_26	443	1.8e-199	656.0	2	441	4	442	99.1	1	high		
GUT_GENOME185279_16___60386___61792___-___JFMLEIKM_02098	468	S1_27	454	3.6e-127	417.8	2	447	24	459	98.0	1	high	3.1.6.12 3.1.6.- 	
GUT_GENOME225018_18___4515___5975___+___MIAGAFMP_00420	486	S1_46	459	8.3e-97	317.4	2	452	3	473	98.0	1	high		
GUT_GENOME208142_3___3430___4920___+___KEGOALKH_01474	496	S1_64	483	4.3e-224	737.9	1	483	3	491	99.8	1	high		
GUT_GENOME208018_12___156394___157929___+___MMNABIND_04037	511	S1_65	439	3.1e-204	671.3	2	437	3	457	99.1	1	high		
GUT_GENOME208018_1___572549___573973___+___MMNABIND_00505	474	S1_74	455	3e-238	783.6	1	453	4	458	99.3	1	high		
GUT_GENOME239801_5___390804___392309___-___CJOEOPDH_02612	501	S1_43	470	8.1e-239	785.9	2	470	2	471	99.6	1	high		
