sampleID	genus	relAb	Income status
A01_02_1FE	g__Bacteroides	0.009668508287292803	LMIS
A02_01_1FE	g__Bacteroides	0	LMIS
A03_01_1FE	g__Bacteroides	0	LMIS
A04_01_1FE	g__Bacteroides	3.911342894393742e-4	LMIS
A04_04_1FE	g__Bacteroides	0.001374608236652554	LMIS
A05_01_1FE	g__Bacteroides	0.00269541778975741	LMIS
A06_01_1FE	g__Bacteroides	0	LMIS
A07_01_1FE	g__Bacteroides	0.002896918001126575	LMIS
A08_01_1FE	g__Bacteroides	0.008625862586258614	LMIS
A09_01_1FE	g__Bacteroides	5.203590477429426e-4	LMIS
A09_02_1FE	g__Bacteroides	2.4778848774685927e-5	LMIS
A10_01_1FE	g__Bacteroides	0	LMIS
A10_02_1FE	g__Bacteroides	0.00145067698259187	LMIS
A11_01_1FE	g__Bacteroides	0	LMIS
A13_01_1FE	g__Bacteroides	3.907267517582704e-4	LMIS
A13_03_1FE	g__Bacteroides	5.469462169553328e-4	LMIS
A14_01_1FE	g__Bacteroides	0	LMIS
A15_02_1FE	g__Bacteroides	0.1317717283169033	LMIS
A19_01_1FE	g__Bacteroides	0	LMIS
A20_01_1FE	g__Bacteroides	3.248862897985705e-4	LMIS
A20_03_1FE	g__Bacteroides	0.00107053645771381	LMIS
A22_01_1FE	g__Bacteroides	3.46860908775581e-4	LMIS
A23_01_1FE	g__Bacteroides	0.0011787819253438114	LMIS
A24_02_1FE	g__Bacteroides	0.0016396802623488355	LMIS
A24_04_1FE	g__Bacteroides	0.004177109440267335	LMIS
A25_01_1FE	g__Bacteroides	0	LMIS
A27_02_1FE	g__Bacteroides	0.023320895522388044	LMIS
A28_02_1FE	g__Bacteroides	2.2521677114222438e-4	LMIS
A29_01_1FE	g__Bacteroides	0.00823529411764705	LMIS
A32_01_1FE	g__Bacteroides	0.00862745098039215	LMIS
A34_01_1FE	g__Bacteroides	5.417118093174431e-4	LMIS
A34_02_1FE	g__Bacteroides	3.97456279809221e-4	LMIS
A35_01_1FE	g__Bacteroides	0	LMIS
A36_01_1FE	g__Bacteroides	0.0032879988043640713	LMIS
A36_02_1FE	g__Bacteroides	0.002478753541076485	LMIS
A39_01_1FE	g__Bacteroides	0	LMIS
A39_02_1FE	g__Bacteroides	0.09493219129193434	LMIS
A39_04_1FE	g__Bacteroides	3.129237509126942e-4	LMIS
A40_02_1FE	g__Bacteroides	0.006174153715137318	LMIS
A41_01_1FE	g__Bacteroides	0.004654771140418927	LMIS
A42_02_1FE	g__Bacteroides	0	LMIS
A43_02_1FE	g__Bacteroides	0.0020855057351407656	LMIS
A44_01_1FE	g__Bacteroides	0	LMIS
A45_02_1FE	g__Bacteroides	0.002139364303178484	LMIS
A46_01_1FE	g__Bacteroides	0.00337303678718246	LMIS
A46_02_1FE	g__Bacteroides	6.825938566552901e-4	LMIS
A47_01_1FE	g__Bacteroides	0.00124817973788225	LMIS
A47_02_1FE	g__Bacteroides	4.570906182150611e-4	LMIS
A48_01_1FE	g__Bacteroides	0.00501367365542388	LMIS
A48_05_1FE	g__Bacteroides	0.001989258006763477	LMIS
A49_01_1FE	g__Bacteroides	0	LMIS
A53_01_1FE	g__Bacteroides	4.868845475016737e-4	LMIS
A54_02_1FE	g__Bacteroides	0	LMIS
A55_01_1FE	g__Bacteroides	0.3703404220910487	LMIS
A55_02_1FE	g__Bacteroides	0.002951593860684762	LMIS
A56_01_1FE	g__Bacteroides	0.01440755154425767	LMIS
A58_01_1FE	g__Bacteroides	0.16061574208539062	LMIS
A58_03_1FE	g__Bacteroides	9.710623422023695e-4	LMIS
A59_01_1FE	g__Bacteroides	1.32013201320132e-4	LMIS
A62_01_1FE	g__Bacteroides	8.901116685547824e-4	LMIS
A62_03_1FE	g__Bacteroides	3.610108303249098e-4	LMIS
A66_02_1FE	g__Bacteroides	3.188267176789415e-4	LMIS
A67_01_1FE	g__Bacteroides	0.02606635071090046	LMIS
A68_01_1FE	g__Bacteroides	0	LMIS
A69_01_1FE	g__Bacteroides	0.008350444900752896	LMIS
A69_02_1FE	g__Bacteroides	0.0020741671904462603	LMIS
A70_01_1FE	g__Bacteroides	4.107619634421853e-4	LMIS
A70_03_1FE	g__Bacteroides	7.640148982905167e-4	LMIS
A72_01_1FE	g__Bacteroides	0.007589025102159939	LMIS
A72_02_1FE	g__Bacteroides	5.609573672400897e-4	LMIS
A73_01_1FE	g__Bacteroides	0	LMIS
A73_02_1FE	g__Bacteroides	0.0050308858179965495	LMIS
A75_02_1FE	g__Bacteroides	8.652015919709292e-4	LMIS
A79_02_1FE	g__Bacteroides	5.765112831493987e-4	LMIS
A81_01_1FE	g__Bacteroides	1.410039481105471e-4	LMIS
A81_03_1FE	g__Bacteroides	0.002995594713656384	LMIS
A82_02_1FE	g__Bacteroides	0	LMIS
A83_02_1FE	g__Bacteroides	3.179650238473768e-4	LMIS
A85_01_1FE	g__Bacteroides	0.0014455044810638912	LMIS
A88_02_1FE	g__Bacteroides	0.0017118233870491674	LMIS
A89_01_1FE	g__Bacteroides	0.004558048082938596	LMIS
A89_02_1FE	g__Bacteroides	0.005736981465136801	LMIS
A90_03_1FE	g__Bacteroides	9.980039920159682e-4	LMIS
A90_04_1FE	g__Bacteroides	0.0013347110996297243	LMIS
A91_01_1FE	g__Bacteroides	2.0938023450586265e-4	LMIS
A91_02_1FE	g__Bacteroides	0.022041603526656534	LMIS
A92_01_1FE	g__Bacteroides	1.0376673238559718e-4	LMIS
A93_01_1FE	g__Bacteroides	1.5998720102391808e-4	LMIS
A94_01_1FE	g__Bacteroides	9.075508228460794e-4	LMIS
A94_02_1FE	g__Bacteroides	0.00492440005548619	LMIS
A94_03_1FE	g__Bacteroides	0.014152055979243645	LMIS
A95_01_1FE	g__Bacteroides	4.858074814352141e-4	LMIS
BGI-06A	g__Bacteroides	0.4583333333333333	HIS
BGI-15A	g__Bacteroides	0.37436955524988536	HIS
BGI-17A	g__Bacteroides	0.21264108352144465	HIS
BGI-27A	g__Bacteroides	0.5408792903972233	HIS
BGI-28A	g__Bacteroides	0.303030303030303	HIS
BGI-33A	g__Bacteroides	0.07966747488742636	HIS
BGI-34A	g__Bacteroides	0.43979591836734694	HIS
BGI001A	g__Bacteroides	0.05259348612786485	HIS
BGI002A	g__Bacteroides	0.12100986651189778	HIS
BGI003A	g__Bacteroides	0.4470578980490874	HIS
BGI089A	g__Bacteroides	0.4704443139557643	HIS
C16-20002-TZ	g__Bacteroides	0.05880493202655703	LMIS
C16-20003-TZ	g__Bacteroides	0.0063994204298478624	LMIS
C16-20005-GH	g__Bacteroides	2.6229508196721314e-4	LMIS
C16-20005-TZ	g__Bacteroides	0.01824310926036089	LMIS
C16-20006-GH	g__Bacteroides	0.00837634317624162	LMIS
C16-20009-GH	g__Bacteroides	5.172413793103447e-4	LMIS
C16-20010-GH	g__Bacteroides	0.005985319028797283	LMIS
C16-20029-GH	g__Bacteroides	0.005261489698890645	LMIS
C16-20030-GH	g__Bacteroides	0.003294892915980222	LMIS
C16-20047-GH	g__Bacteroides	0.031411642998213085	LMIS
C16-20048-GH	g__Bacteroides	0.04928566972362589	LMIS
C16-20065-GH	g__Bacteroides	0.0027066651629637944	LMIS
C16-20066-GH	g__Bacteroides	0.6427086751996499	LMIS
C16-20070-TZ	g__Bacteroides	0.006153057300346101	LMIS
C16-20071-TZ	g__Bacteroides	0.024418604651162787	LMIS
C16-20108-GH	g__Bacteroides	0.0033549783549783455	LMIS
C16-20117-TZ	g__Bacteroides	0.43635589612601106	LMIS
C16-20118-TZ	g__Bacteroides	0.004550773631517342	LMIS
C16-20124-GH	g__Bacteroides	0.029606544604596767	LMIS
C16-20125-GH	g__Bacteroides	0.11283914178680891	LMIS
C16-20152-TZ	g__Bacteroides	0.028712713351411685	LMIS
C16-20153-TZ	g__Bacteroides	0.044025157232704365	LMIS
C16-20197-TZ	g__Bacteroides	0.01974486966167497	LMIS
C16-20211-TZ	g__Bacteroides	0.00827720522600016	LMIS
C16-20212-TZ	g__Bacteroides	0.020306647940074887	LMIS
C16-20215-TZ	g__Bacteroides	0.03007866728366494	LMIS
C16-20237-TZ	g__Bacteroides	0.016240298936475987	LMIS
C16-20238-TZ	g__Bacteroides	0.016938519447929734	LMIS
C16-20241-GH	g__Bacteroides	5.767012687427912e-5	LMIS
C16-20242-GH	g__Bacteroides	0.0024848836246169135	LMIS
C16-20246-TZ	g__Bacteroides	0.1283379187570804	LMIS
C16-20248-TZ	g__Bacteroides	0.13756859826992832	LMIS
C16-20273-GH	g__Bacteroides	0.0031654676258992807	LMIS
C16-20274-GH	g__Bacteroides	0.04405602777445227	LMIS
C16-20288-GH	g__Bacteroides	0.19829222011385195	LMIS
C16-20292-GH	g__Bacteroides	0.00944159697868896	LMIS
C16-20340-TZ	g__Bacteroides	0.19771906052393856	LMIS
C16-20345-TZ	g__Bacteroides	0.22684637818239137	LMIS
C16-20346-TZ	g__Bacteroides	0.0038339358089604556	LMIS
C16-20362-GH	g__Bacteroides	0.012929236757959109	LMIS
C16-20363-GH	g__Bacteroides	0.0024710424710424677	LMIS
C16-20371-TZ	g__Bacteroides	0.0030037151213342795	LMIS
C16-20374-GH	g__Bacteroides	0.0149422400803616	LMIS
C16-20375-GH	g__Bacteroides	0.45913137307796054	LMIS
C16-20415-TZ	g__Bacteroides	0.02492467817036428	LMIS
C16-20416-TZ	g__Bacteroides	0.0035396069815696327	LMIS
C16-20437-TZ	g__Bacteroides	0.016250820748522632	LMIS
C16-20438-TZ	g__Bacteroides	0.029446523537522133	LMIS
C16-20470-TZ	g__Bacteroides	0.0012658227848101264	LMIS
C16-20471-TZ	g__Bacteroides	0.12719707905239025	LMIS
C16-20473-TZ	g__Bacteroides	0.09923605216451886	LMIS
C16-20491-TZ	g__Bacteroides	7.446016381236039e-4	LMIS
C16-20554-TZ	g__Bacteroides	0.06903485254691685	LMIS
C16-20558-TZ	g__Bacteroides	0.026000288892098787	LMIS
C16-20625-TZ	g__Bacteroides	0.002322988292139003	LMIS
C16-20626-TZ	g__Bacteroides	0.00425590334980779	LMIS
C16-20627-TZ	g__Bacteroides	0.10257309941520468	LMIS
C16-20645-TZ	g__Bacteroides	0.039312358092766765	LMIS
C16-20646-TZ	g__Bacteroides	6.530399007379351e-4	LMIS
CM_A01_M0_18	g__Bacteroides	0.02232289950576604	LMIS
CM_A04_M0_18	g__Bacteroides	0.0031033223804308096	LMIS
CM_A06_M0_18	g__Bacteroides	0.00874125874125874	LMIS
CM_D02_M0_18	g__Bacteroides	0.015297202797202787	LMIS
CM_D03_M0_18	g__Bacteroides	0.03729059278350515	LMIS
CM_D04_M0_18	g__Bacteroides	0.009460348798947006	LMIS
CM_D05_M0_18	g__Bacteroides	0.06065082330451403	LMIS
CM_D06_M0_18	g__Bacteroides	0.0048506897074427685	LMIS
CM_D07_M0_18	g__Bacteroides	0.004212825713839897	LMIS
CM_D08_M0_18	g__Bacteroides	0.007718696397941671	LMIS
CM_D09_M0_18	g__Bacteroides	0.0020898641588296763	LMIS
CM_D10_M0_18	g__Bacteroides	0.016307513104251586	LMIS
CM_D11_M0_18	g__Bacteroides	0.008586679043861678	LMIS
CM_D13_M0_18	g__Bacteroides	0.012179003021148008	LMIS
CM_D15_M0_18	g__Bacteroides	0.0030295782508171815	LMIS
CM_D21_M0_18	g__Bacteroides	0.02752356235486955	LMIS
CM_D24_M0_18	g__Bacteroides	0.004104390923875156	LMIS
CM_D26_M0_18	g__Bacteroides	0.02209029407703987	LMIS
CM_D33_M0_18	g__Bacteroides	0.005601587116349621	LMIS
CM_D39_M0_18	g__Bacteroides	0.020572840942134324	LMIS
CM_D40_M0_18	g__Bacteroides	0.01138986079059033	LMIS
CM_D43_M0_18	g__Bacteroides	0.011146496815286623	LMIS
CM_D48_M0_18	g__Bacteroides	0.007310357922719059	LMIS
CM_D50_M0_18	g__Bacteroides	0.03498063923344489	LMIS
DRR127488	g__Bacteroides	0.030439148126618378	HIS
DRR127524	g__Bacteroides	0.0275937554006567	HIS
DRR127532	g__Bacteroides	0.14206283013622462	HIS
DRR127535	g__Bacteroides	0.06695801467145307	HIS
DRR127537	g__Bacteroides	0.1320524017467249	HIS
DRR127546	g__Bacteroides	0.309378480730675	HIS
DRR127552	g__Bacteroides	0.508740564163687	HIS
DRR127583	g__Bacteroides	0.2783097153070343	HIS
DRR127588	g__Bacteroides	0.36178688291364347	HIS
DRR127596	g__Bacteroides	0.02259180926744855	HIS
DRR127597	g__Bacteroides	0.0778549067646658	HIS
DRR127613	g__Bacteroides	0.03570708089570301	HIS
DRR127616	g__Bacteroides	0.3068863701304886	HIS
DRR127619	g__Bacteroides	0.5505425471159338	HIS
DRR127628	g__Bacteroides	0.26540030049366814	HIS
DRR127634	g__Bacteroides	0.3690216479275046	HIS
DRR127649	g__Bacteroides	0.15609310816978547	HIS
DRR127672	g__Bacteroides	0.5263400399324221	HIS
DRR127683	g__Bacteroides	0.519709827539009	HIS
DRR127692	g__Bacteroides	0.0795814066682891	HIS
DRR127704	g__Bacteroides	0.467065868263473	HIS
DRR127707	g__Bacteroides	0.4555954576336989	HIS
DRR127713	g__Bacteroides	0.6301860785665059	HIS
DRR127721	g__Bacteroides	0.4333414872798434	HIS
DRR127724	g__Bacteroides	0.4386489479512735	HIS
DRR127728	g__Bacteroides	0.6608649225840897	HIS
DRR127731	g__Bacteroides	0.40954319312528265	HIS
DRR127736	g__Bacteroides	0.5632335487274165	HIS
DRR127748	g__Bacteroides	0.19828183455729526	HIS
DRR127751	g__Bacteroides	7.532182963571624e-4	HIS
DRR127752	g__Bacteroides	0.25616921269095183	HIS
DRR127755	g__Bacteroides	0.18780537459283383	HIS
DRR127756	g__Bacteroides	0.15069860279441116	HIS
DRR127762	g__Bacteroides	0.17512622907254846	HIS
DRR127763	g__Bacteroides	0.21841915921471886	HIS
DRR127776	g__Bacteroides	0.07972192127121704	HIS
DRR127777	g__Bacteroides	0.18028966206092892	HIS
DRR162775	g__Bacteroides	0.4731551561021759	HIS
DRR162776	g__Bacteroides	0.52328382175833	HIS
DRR171467	g__Bacteroides	0.02176470588235292	HIS
DRR171469	g__Bacteroides	0.2018105991252161	HIS
DRR171474	g__Bacteroides	0.5418921844555098	HIS
DRR171477	g__Bacteroides	0.34283697953422726	HIS
DRR171479	g__Bacteroides	0.08824097316084183	HIS
DRR171487	g__Bacteroides	0.218694885361552	HIS
DRR171488	g__Bacteroides	0.0693019343986543	HIS
DRR171497	g__Bacteroides	0.3973312089225254	HIS
DRR171499	g__Bacteroides	0.15790944661822243	HIS
DRR171500	g__Bacteroides	0.1726856561546287	HIS
DRR171503	g__Bacteroides	0.4471418732782369	HIS
DRR171506	g__Bacteroides	0.41644757598064985	HIS
DRR171509	g__Bacteroides	0.0502099370188943	HIS
DRR171513	g__Bacteroides	0.2970082157804991	HIS
DRR171514	g__Bacteroides	0.2859598853868195	HIS
DRR171515	g__Bacteroides	0.2314338413746238	HIS
DRR171517	g__Bacteroides	0.19118679775280895	HIS
DRR171518	g__Bacteroides	0.5136101182293098	HIS
DRR171523	g__Bacteroides	0.17804654011022655	HIS
DRR171525	g__Bacteroides	0.3696642483549856	HIS
DRR171527	g__Bacteroides	0.19898510041027853	HIS
DRR171530	g__Bacteroides	0.554735013032146	HIS
DRR171538	g__Bacteroides	0.07606245303498368	HIS
DRR171539	g__Bacteroides	0.15230855855855854	HIS
DRR171543	g__Bacteroides	0.1352836879432624	HIS
DRR171545	g__Bacteroides	0.08215519949732952	HIS
DRR171546	g__Bacteroides	0.39522821576763484	HIS
DRR171552	g__Bacteroides	0.3384438881935753	HIS
DRR171555	g__Bacteroides	0.3549358470803875	HIS
DRR171560	g__Bacteroides	0.4650602409638554	HIS
DRR171563	g__Bacteroides	0.3110963455149502	HIS
DRR171567	g__Bacteroides	0.20827403943891032	HIS
DRR171568	g__Bacteroides	0.10672645739910308	HIS
DRR171569	g__Bacteroides	0.20186806771745475	HIS
DRR171571	g__Bacteroides	0.41213672639662696	HIS
DRR171572	g__Bacteroides	0.21149778888675252	HIS
DRR171576	g__Bacteroides	0	HIS
DRR171578	g__Bacteroides	0.4995619158878504	HIS
DRR171580	g__Bacteroides	0.01933820369574557	HIS
DRR171581	g__Bacteroides	0.453209520375045	HIS
DRR171585	g__Bacteroides	0.10788960133816555	HIS
DRR171586	g__Bacteroides	0.07316586921850078	HIS
DRR171587	g__Bacteroides	0.1617773202950763	HIS
DRR171588	g__Bacteroides	0.06924004825090466	HIS
DRR171589	g__Bacteroides	0.3469141755062681	HIS
DRR171591	g__Bacteroides	0.2511750881316098	HIS
DRR171592	g__Bacteroides	0.6039215686274509	HIS
DRR171594	g__Bacteroides	0.12491420727522301	HIS
DRR171598	g__Bacteroides	0.19139194139194135	HIS
DRR171599	g__Bacteroides	0.46602632515119174	HIS
DRR171601	g__Bacteroides	0.36207958605396084	HIS
DRR171604	g__Bacteroides	0.16698939603503915	HIS
DRR171605	g__Bacteroides	0.28777436114940086	HIS
DRR171606	g__Bacteroides	0.23107290113167822	HIS
DRR171607	g__Bacteroides	0.3513088417031794	HIS
DRR171608	g__Bacteroides	0.04386317907444665	HIS
DRR171610	g__Bacteroides	0.08439591405424439	HIS
DRR171613	g__Bacteroides	0.10725954259303527	HIS
DRR171616	g__Bacteroides	0.1593665430490127	HIS
DRR171617	g__Bacteroides	0.035630014157621494	HIS
DRR171619	g__Bacteroides	0.266062528318985	HIS
DRR171620	g__Bacteroides	0.40681399631675874	HIS
DRR171621	g__Bacteroides	0.10415299521889937	HIS
DRR171623	g__Bacteroides	0.1611281764870148	HIS
DRR171624	g__Bacteroides	0.458941824275796	HIS
DRR171625	g__Bacteroides	0.27850217318622533	HIS
DRR171626	g__Bacteroides	0.07478797224363916	HIS
DRR171628	g__Bacteroides	0.3873685837971552	HIS
DRR171629	g__Bacteroides	0.540034188034188	HIS
DRR171631	g__Bacteroides	0.008986564640982289	HIS
DRR171637	g__Bacteroides	0.5516478655164786	HIS
DRR171639	g__Bacteroides	0.3927867004790081	HIS
DRR171640	g__Bacteroides	0.04605519933091716	HIS
DRR171641	g__Bacteroides	0.499079673941625	HIS
DRR171642	g__Bacteroides	0.23673548138143927	HIS
DRR171643	g__Bacteroides	0.31188784328788166	HIS
DRR171644	g__Bacteroides	0.330835734870317	HIS
DRR171645	g__Bacteroides	0.03989742816200313	HIS
DRR171646	g__Bacteroides	0.5253604531410916	HIS
DRR171647	g__Bacteroides	0.4884875846501129	HIS
DRR171648	g__Bacteroides	0.1411216660577274	HIS
DRR171650	g__Bacteroides	0.24960629921259836	HIS
DRR171651	g__Bacteroides	0.03787878787878785	HIS
DRR171652	g__Bacteroides	0.24683431425004454	HIS
DRR171653	g__Bacteroides	0.1797935385203594	HIS
DRR171654	g__Bacteroides	0.2894601542416452	HIS
DRR171655	g__Bacteroides	0.3048327137546468	HIS
DRR171656	g__Bacteroides	0.019184389388292016	HIS
DRR171657	g__Bacteroides	0.023530664395229953	HIS
DRR171659	g__Bacteroides	0.2850022251891411	HIS
DRR171662	g__Bacteroides	0.38425925925925924	HIS
DRR171663	g__Bacteroides	0.5032803615687418	HIS
DRR171673	g__Bacteroides	0.19734495740043587	HIS
DRR171676	g__Bacteroides	0.08575722747767657	HIS
DRR171686	g__Bacteroides	0.14694131226138682	HIS
DRR171689	g__Bacteroides	0.26253259924659517	HIS
DRR171691	g__Bacteroides	0.3782094432156938	HIS
DRR171694	g__Bacteroides	0.1838435771597725	HIS
DRR171698	g__Bacteroides	0.04767589345668877	HIS
DRR171700	g__Bacteroides	0.40425798371947397	HIS
DRR171705	g__Bacteroides	0.2791199309749784	HIS
DRR171710	g__Bacteroides	0	HIS
DRR171711	g__Bacteroides	0.10898409804517367	HIS
DRR171712	g__Bacteroides	0.07411241072352755	HIS
DRR171713	g__Bacteroides	0.259792252759143	HIS
DRR171714	g__Bacteroides	0.6298636037329505	HIS
DRR171715	g__Bacteroides	0.25471877979027646	HIS
DRR171716	g__Bacteroides	0.3274504824784154	HIS
DRR171717	g__Bacteroides	0.32843829426715615	HIS
DRR171718	g__Bacteroides	0	HIS
DRR171719	g__Bacteroides	0.35359116022099446	HIS
DRR171720	g__Bacteroides	0.3265529841656516	HIS
DRR171721	g__Bacteroides	0.05081300813008127	HIS
DRR171722	g__Bacteroides	0.05989556670420804	HIS
DRR171723	g__Bacteroides	0.30658464979728783	HIS
DRR171724	g__Bacteroides	0.5145483401666446	HIS
DRR171725	g__Bacteroides	0.14932508436445444	HIS
DRR171726	g__Bacteroides	0.35677187375149816	HIS
DRR171727	g__Bacteroides	0.06390753169276656	HIS
DRR171733	g__Bacteroides	0.5061624435428308	HIS
DRR171737	g__Bacteroides	0.36860491322965966	HIS
DRR171741	g__Bacteroides	0.22621365742295035	HIS
DRR171745	g__Bacteroides	0.2800802139037433	HIS
DRR171747	g__Bacteroides	0.06623505976095614	HIS
DRR171755	g__Bacteroides	0.3049833887043189	HIS
DRR171762	g__Bacteroides	0.014581855442579	HIS
DRR171763	g__Bacteroides	0.13196919186113343	HIS
DRR171765	g__Bacteroides	0.18533351746996268	HIS
DRR171770	g__Bacteroides	0.41826003824091773	HIS
DRR171771	g__Bacteroides	0.1979148566463944	HIS
DRR171772	g__Bacteroides	0.37582717010509925	HIS
DRR171773	g__Bacteroides	0.12097636876397937	HIS
DRR171777	g__Bacteroides	0.2556802813091696	HIS
DRR171779	g__Bacteroides	0.2206474472539861	HIS
DRR171782	g__Bacteroides	0.2557788470610435	HIS
DRR171783	g__Bacteroides	0.43649165983046206	HIS
DRR171786	g__Bacteroides	0.237360431564421	HIS
DRR171791	g__Bacteroides	0.18543235770807512	HIS
DRR171793	g__Bacteroides	0.4620660694288914	HIS
DRR171796	g__Bacteroides	0.08908252178370063	HIS
DRR171798	g__Bacteroides	0.6564335796854274	HIS
DRR171801	g__Bacteroides	0.07507861635220123	HIS
DRR171802	g__Bacteroides	0.26358776358776353	HIS
DRR171807	g__Bacteroides	0.526595072646873	HIS
DRR171810	g__Bacteroides	0.20121703853955372	HIS
DRR171812	g__Bacteroides	0.2470075160063097	HIS
DRR171813	g__Bacteroides	0.1779154439734811	HIS
DRR171816	g__Bacteroides	0.5175919948353777	HIS
DRR171817	g__Bacteroides	0.23777705345501954	HIS
DRR171821	g__Bacteroides	0.3935699772917413	HIS
DRR171825	g__Bacteroides	0.38142343268242546	HIS
DRR171829	g__Bacteroides	0.2539860997547016	HIS
DRR171833	g__Bacteroides	0.16446865443425074	HIS
DRR171834	g__Bacteroides	0.08748271092669431	HIS
DRR171838	g__Bacteroides	0.4979411316150678	HIS
DRR171840	g__Bacteroides	0.40053573946144083	HIS
DRR171842	g__Bacteroides	0.5149554213402358	HIS
DRR171843	g__Bacteroides	0.07116412998765938	HIS
DRR171845	g__Bacteroides	0.010443864229765005	HIS
DRR171849	g__Bacteroides	0	HIS
DRR171850	g__Bacteroides	0.37646484374999994	HIS
DRR171852	g__Bacteroides	0.5200892857142857	HIS
DRR171855	g__Bacteroides	0.025925479319908316	HIS
DRR171856	g__Bacteroides	0.5023126734505088	HIS
DRR171862	g__Bacteroides	0.0813596094738745	HIS
DRR171863	g__Bacteroides	0.6088200238379023	HIS
DRR171864	g__Bacteroides	0.022857142857142826	HIS
DRR171865	g__Bacteroides	0.36623943277883825	HIS
DRR171870	g__Bacteroides	0.33307117577664175	HIS
DRR171872	g__Bacteroides	0.027999138488046468	HIS
DRR171876	g__Bacteroides	0.08499841420869009	HIS
DRR171886	g__Bacteroides	0.19342507645259935	HIS
DRR171890	g__Bacteroides	0.30164081816138455	HIS
DRR171897	g__Bacteroides	0.0741446552029782	HIS
DRR171899	g__Bacteroides	0.29428315641386366	HIS
DRR171902	g__Bacteroides	0.17385943279901353	HIS
DRR171915	g__Bacteroides	0.11204455352086082	HIS
DRR171917	g__Bacteroides	0.30122621564482027	HIS
DRR171919	g__Bacteroides	0.09397698066823106	HIS
DRR171921	g__Bacteroides	0.13848090642047836	HIS
DRR171922	g__Bacteroides	0.36990141991498593	HIS
DRR171923	g__Bacteroides	0.1759560807667256	HIS
DRR171925	g__Bacteroides	0.2771739130434782	HIS
DRR171928	g__Bacteroides	0.5802723895996699	HIS
DRR171930	g__Bacteroides	0.10123706134814435	HIS
DRR171931	g__Bacteroides	0.3664071401443221	HIS
DRR171933	g__Bacteroides	0.135929665499004	HIS
DRR171934	g__Bacteroides	0.04506811430912625	HIS
DRR171935	g__Bacteroides	0.21185383244206774	HIS
DRR171936	g__Bacteroides	0.4073149236192714	HIS
DRR171938	g__Bacteroides	0.03942193359553641	HIS
DRR171939	g__Bacteroides	0.5217063042657606	HIS
DRR171941	g__Bacteroides	0.18950777202072536	HIS
DRR171942	g__Bacteroides	0.02651652742462765	HIS
DRR171943	g__Bacteroides	0.4180458624127617	HIS
DRR171948	g__Bacteroides	0.2772487844408428	HIS
DRR171950	g__Bacteroides	0.3788813886210221	HIS
DRR171951	g__Bacteroides	0.5282712305025996	HIS
DRR171952	g__Bacteroides	0.1713171317131713	HIS
DRR171953	g__Bacteroides	0.02206593973804761	HIS
DRR171954	g__Bacteroides	0.12392677790377446	HIS
DRR171957	g__Bacteroides	0.08095567183334978	HIS
DRR171959	g__Bacteroides	0.24025745018515252	HIS
DRR171964	g__Bacteroides	0.42519761881526297	HIS
DRR171965	g__Bacteroides	0.28084298118668594	HIS
DRR173016	g__Bacteroides	0.4960343688037012	HIS
DRR173017	g__Bacteroides	0.24021418020679466	HIS
ERR2619707	g__Bacteroides	0.035602392480774694	LMIS
ERR2619708	g__Bacteroides	0.011774177317097704	LMIS
ERR2619709	g__Bacteroides	0.008676962267154899	LMIS
ERR2619710	g__Bacteroides	0.007819287576020838	LMIS
ERR2619711	g__Bacteroides	0.025217267417010965	LMIS
ERR2619712	g__Bacteroides	0.00529986052998604	LMIS
ERR2619713	g__Bacteroides	0	LMIS
ERR2619714	g__Bacteroides	0.039035797805360664	LMIS
ERR2619715	g__Bacteroides	0.01685167848067405	LMIS
ERR2619716	g__Bacteroides	0.019557714431803642	LMIS
ERR2619717	g__Bacteroides	7.172743574417215e-4	LMIS
ERR2619718	g__Bacteroides	7.626795474768018e-4	LMIS
ERR2619719	g__Bacteroides	0.10785241248817405	LMIS
ERR2619720	g__Bacteroides	0.005252713902182781	LMIS
ERR2619721	g__Bacteroides	0.005679335954565308	LMIS
ERR2619722	g__Bacteroides	0.004642166344293999	LMIS
ERR2619723	g__Bacteroides	0.0032137118371719257	LMIS
ERR2619724	g__Bacteroides	0.0044390637610976485	LMIS
ERR2619725	g__Bacteroides	0.008378122036041718	LMIS
ERR2619726	g__Bacteroides	0.0032562683165092724	LMIS
ERR2619727	g__Bacteroides	0.018690634255949325	LMIS
ERR2619728	g__Bacteroides	0.007018951168154003	LMIS
ERR2619729	g__Bacteroides	0.013723995207493714	LMIS
ERR2619730	g__Bacteroides	0.03927055191045928	LMIS
ERR2619731	g__Bacteroides	0.001866621415238418	LMIS
ERR2619732	g__Bacteroides	0.010107816711590282	LMIS
ERR2619733	g__Bacteroides	0.005472130313056751	LMIS
ERR2619734	g__Bacteroides	0.010930110352075664	LMIS
ERR2619735	g__Bacteroides	0.03966208476517754	LMIS
ERR2619736	g__Bacteroides	0.009755562863093271	LMIS
ERR2619737	g__Bacteroides	0.012104689203925826	LMIS
ERR2619738	g__Bacteroides	0.018234442836468866	LMIS
ERR2619739	g__Bacteroides	0.012551395801774508	LMIS
ERR2619740	g__Bacteroides	0.0015605841043361945	LMIS
ERR2619741	g__Bacteroides	0.00471243440077112	LMIS
ERR2619742	g__Bacteroides	8.574858514834505e-4	LMIS
ERR2619743	g__Bacteroides	0.01653288606685036	LMIS
ERR2619744	g__Bacteroides	0.01558033161806745	LMIS
ERR2619745	g__Bacteroides	0.0016763522574877068	LMIS
ERR2619746	g__Bacteroides	2.2197558268590456e-4	LMIS
ERR2619747	g__Bacteroides	0.0014219234746639092	LMIS
ERR2619748	g__Bacteroides	0.025554724507604067	LMIS
ERR2619749	g__Bacteroides	0	LMIS
ERR2619750	g__Bacteroides	0.002332905633967098	LMIS
ERR2619751	g__Bacteroides	0.006686217008797643	LMIS
ERR2619752	g__Bacteroides	0.007337303275202031	LMIS
ERR2619753	g__Bacteroides	1.2071463061323032e-4	LMIS
ERR2619754	g__Bacteroides	0	LMIS
ERR2619755	g__Bacteroides	0.006547874624302271	LMIS
ERR2619756	g__Bacteroides	0.0022417934347477913	LMIS
ERR2619757	g__Bacteroides	0.005941845764854611	LMIS
ERR2619758	g__Bacteroides	0.0025606008876749744	LMIS
ERR2619759	g__Bacteroides	0.010380094642039374	LMIS
ERR2619760	g__Bacteroides	0.017154510556621868	LMIS
ERR2619761	g__Bacteroides	0.02078458362009634	LMIS
ERR2619762	g__Bacteroides	0.01411015020482476	LMIS
ERR2619763	g__Bacteroides	7.972362476747275e-4	LMIS
ERR4330026	g__Bacteroides	0.4711323763955343	HIS
ERR4330027	g__Bacteroides	0.029958218508311818	HIS
ERR4330028	g__Bacteroides	0.11579988461221459	HIS
ERR4330029	g__Bacteroides	0.05710296171088405	HIS
ERR4330030	g__Bacteroides	0.10817446562680527	HIS
ERR4330031	g__Bacteroides	0.16685218165627777	HIS
ERR4330032	g__Bacteroides	0.10549943883277212	HIS
ERR4330033	g__Bacteroides	0.051689265113491596	HIS
ERR4330034	g__Bacteroides	0.09560887279311903	HIS
ERR4330035	g__Bacteroides	0.23703876693134046	HIS
ERR4330036	g__Bacteroides	0.06777122531124212	HIS
ERR4330037	g__Bacteroides	0.1052281052281052	HIS
ERR4330038	g__Bacteroides	0.10600536193029488	HIS
ERR4330039	g__Bacteroides	0.26836695850780357	HIS
ERR4330040	g__Bacteroides	0.05912948261702707	HIS
ERR4330041	g__Bacteroides	0.08746130030959748	HIS
ERR4330042	g__Bacteroides	0.0365785658525705	HIS
ERR4330043	g__Bacteroides	0.07159375602235496	HIS
ERR4330044	g__Bacteroides	0.15501446480231434	HIS
ERR4330045	g__Bacteroides	0.04241533631687927	HIS
ERR4330046	g__Bacteroides	0.19209819716148827	HIS
ERR4330047	g__Bacteroides	0.18498023715415018	HIS
ERR4330048	g__Bacteroides	0.07731765963131174	HIS
ERR4330049	g__Bacteroides	0.19179600886917958	HIS
ERR4330050	g__Bacteroides	0.009789354077440766	HIS
ERR4330051	g__Bacteroides	0.06631671041119855	HIS
ERR4330052	g__Bacteroides	0.018028419182948466	HIS
ERR4330053	g__Bacteroides	0.15696615207594203	HIS
ERR4330054	g__Bacteroides	0.06272040302267001	HIS
ERR4330055	g__Bacteroides	0.20865173765698716	HIS
ERR4330056	g__Bacteroides	0.1345610969216292	HIS
ERR4330057	g__Bacteroides	0.04074250735352568	HIS
ERR4330058	g__Bacteroides	0.11245458335815112	HIS
ERR4330059	g__Bacteroides	0.12557101880378194	HIS
ERR4330060	g__Bacteroides	0.21475342746060974	HIS
ERR4330061	g__Bacteroides	0.057780030410542305	HIS
ERR4330062	g__Bacteroides	0.19433628318584067	HIS
ERR4330063	g__Bacteroides	0.12279243714938706	HIS
ERR4330064	g__Bacteroides	0.3244150034411562	HIS
ERR4330065	g__Bacteroides	0.12619098030912554	HIS
ERR4330066	g__Bacteroides	0.1577752553916004	HIS
ERR4330067	g__Bacteroides	0.0376280714480007	HIS
ERR4330068	g__Bacteroides	0.07389162561576348	HIS
ERR4330069	g__Bacteroides	0.15957555351494743	HIS
ERR4330070	g__Bacteroides	0.09189737643136683	HIS
ERR4330071	g__Bacteroides	0.4265663597574668	HIS
ERR4330072	g__Bacteroides	0.24079535724479115	HIS
ERR4330073	g__Bacteroides	0.10722610722610719	HIS
ERR4330074	g__Bacteroides	0.2998661311914324	HIS
ERR4330075	g__Bacteroides	0.0234826901493568	HIS
ERR4330076	g__Bacteroides	0.18850451553650696	HIS
ERR4330077	g__Bacteroides	0.11784075034923168	HIS
ERR4330078	g__Bacteroides	0.0949464012251148	HIS
ERR4330079	g__Bacteroides	0.20086982906847373	HIS
ERR4330080	g__Bacteroides	0.03501877565278138	HIS
ERR4330081	g__Bacteroides	0.07645613527966469	HIS
ERR4330082	g__Bacteroides	0.11353573687539528	HIS
ERR4330083	g__Bacteroides	0.022630834512022614	HIS
ERR4330084	g__Bacteroides	0.10542145446132486	HIS
ERR4330085	g__Bacteroides	0.09666859233583668	HIS
ERR4330086	g__Bacteroides	0.17157966898442856	HIS
ERR4330087	g__Bacteroides	0.14728821156432093	HIS
ERR4330088	g__Bacteroides	0.062101086769018446	HIS
ERR4330089	g__Bacteroides	0.3950439071334054	HIS
ERR4330090	g__Bacteroides	0.30996505347876735	HIS
ERR4330091	g__Bacteroides	0.1512737287302056	HIS
ERR4330092	g__Bacteroides	0.06980728051391859	HIS
ERR4330093	g__Bacteroides	0.1138203638441756	HIS
ERR4330094	g__Bacteroides	0.07588332938107656	HIS
ERR4330095	g__Bacteroides	0.029139474882379685	HIS
ERR4330096	g__Bacteroides	0.11988000461520709	HIS
ERR4330097	g__Bacteroides	0.05801840164246061	HIS
ERR4330098	g__Bacteroides	0.027400601674932894	HIS
ERR4330099	g__Bacteroides	0.07324711477121147	HIS
ERR4330100	g__Bacteroides	0.058502267888549425	HIS
ERR4330101	g__Bacteroides	0.10025839793281648	HIS
ERR4330102	g__Bacteroides	0.06718924972004474	HIS
ERR4330103	g__Bacteroides	0.23220193603725028	HIS
ERR4330104	g__Bacteroides	0.18909475913181575	HIS
ERR4330105	g__Bacteroides	0.01999245567710298	HIS
ERR4330106	g__Bacteroides	0.05244192287050523	HIS
ERR4330107	g__Bacteroides	0.09093578700078304	HIS
ERR4330108	g__Bacteroides	0.090568340306834	HIS
ERR4330109	g__Bacteroides	0.20259391771019677	HIS
ERR4330110	g__Bacteroides	0.13461228437852646	HIS
ERR4330111	g__Bacteroides	0.0550427924148347	HIS
ERR4330112	g__Bacteroides	0.0809377320462501	HIS
ERR4330113	g__Bacteroides	0.09488601355514477	HIS
ERR4330114	g__Bacteroides	0.21018665607625098	HIS
ERR4330115	g__Bacteroides	0.06265831222503664	HIS
ERR4330116	g__Bacteroides	0.13165862958394076	HIS
ERR4330117	g__Bacteroides	0.16268565968904714	HIS
ERR4330118	g__Bacteroides	0.1878423273772111	HIS
ERR4330119	g__Bacteroides	0.3834923664122137	HIS
ERR4330120	g__Bacteroides	0.19258792839794905	HIS
ERR4330121	g__Bacteroides	0.06295467263570227	HIS
ERR4330122	g__Bacteroides	0.095674591807505	HIS
ERR4330123	g__Bacteroides	0.07381193124368043	HIS
ERR4330124	g__Bacteroides	0.1020813414723836	HIS
ERR4333869	g__Bacteroides	0.05420501927464398	HIS
ERR4333870	g__Bacteroides	0.012891077636152928	HIS
ERR4333871	g__Bacteroides	0.12471131639722859	HIS
ERR4333872	g__Bacteroides	0.05293113261240748	HIS
ERR4333873	g__Bacteroides	0.09074782933432918	HIS
ERR4333874	g__Bacteroides	0.12694769899746342	HIS
ERR4333875	g__Bacteroides	0.10593176928593381	HIS
ERR4333876	g__Bacteroides	0.05426494059230358	HIS
ERR4333877	g__Bacteroides	0.06476911635453987	HIS
ERR4333878	g__Bacteroides	0.04965399158165081	HIS
ERR4333879	g__Bacteroides	0.18715835140997827	HIS
ERR4333880	g__Bacteroides	0.2385024507247888	HIS
ERR4333881	g__Bacteroides	0.07965784549585667	HIS
ERR4333882	g__Bacteroides	0.2902428057553956	HIS
ERR4333883	g__Bacteroides	0.021675940536500266	HIS
ERR4333884	g__Bacteroides	0.23428632615911762	HIS
ERR4333885	g__Bacteroides	0.04512268102932372	HIS
ERR4333886	g__Bacteroides	0.06999161777032689	HIS
ERR4333887	g__Bacteroides	0.21403876375065475	HIS
ERR4333888	g__Bacteroides	0.18081712462694244	HIS
ERR4333889	g__Bacteroides	0.17772846479725637	HIS
ERR4333890	g__Bacteroides	0.06251145737855175	HIS
ERR4333891	g__Bacteroides	0.11391488077271351	HIS
ERR4333892	g__Bacteroides	0.031085958005249322	HIS
ERR4333893	g__Bacteroides	0.1340080390467987	HIS
ERR4333894	g__Bacteroides	0.0843004160280271	HIS
ERR4333895	g__Bacteroides	0.25113417916186076	HIS
ERR4333896	g__Bacteroides	0.12984963801744936	HIS
ERR4333897	g__Bacteroides	0.2933212996389891	HIS
ERR4333898	g__Bacteroides	0.16723252372246886	HIS
ERR4333899	g__Bacteroides	0.08366580614879134	HIS
ERR4333900	g__Bacteroides	0.10594315245478032	HIS
ERR4333901	g__Bacteroides	0.16901668049027735	HIS
ERR4333902	g__Bacteroides	0.11973049820744218	HIS
ERR4333903	g__Bacteroides	0.06747303040209217	HIS
ERR4333904	g__Bacteroides	0.06501520300482917	HIS
ERR4333905	g__Bacteroides	0.05495699411498414	HIS
ERR4333906	g__Bacteroides	0.1125834513453368	HIS
ERR4333907	g__Bacteroides	0.10947822569772142	HIS
ERR4333908	g__Bacteroides	0.07046693933196996	HIS
ERR4333909	g__Bacteroides	0.17091883334348165	HIS
ERR4333910	g__Bacteroides	0.056356189320388335	HIS
ERR4333911	g__Bacteroides	0.03763661202185789	HIS
ERR4333912	g__Bacteroides	0.16822906052577946	HIS
ERR4333913	g__Bacteroides	0.07768814233616973	HIS
ERR4333914	g__Bacteroides	0.12227460223924569	HIS
ERR4333915	g__Bacteroides	0.10020252676246502	HIS
ERR4333916	g__Bacteroides	0.07671077197824495	HIS
ERR4333917	g__Bacteroides	0.13521318158654658	HIS
ERR4333918	g__Bacteroides	0.045355850422195386	HIS
ERR4333919	g__Bacteroides	0.090164672005759	HIS
ERR4333920	g__Bacteroides	0.09400351258676924	HIS
ERR4333921	g__Bacteroides	0.058620689655172364	HIS
ERR4333922	g__Bacteroides	0.09097910850101083	HIS
ERR4333923	g__Bacteroides	0.1900780992190078	HIS
ERR4333924	g__Bacteroides	0.09526907705177055	HIS
ERR4333925	g__Bacteroides	0.01948445792266868	HIS
ERR4333926	g__Bacteroides	0.06285981017582071	HIS
ERR4333927	g__Bacteroides	0.2793280953671092	HIS
ERR4333928	g__Bacteroides	0.17697937458416496	HIS
ERR4333929	g__Bacteroides	0.11417575368826169	HIS
ERR4333930	g__Bacteroides	0.07391640866873062	HIS
ERR4333931	g__Bacteroides	0.293350017876296	HIS
ERR4333932	g__Bacteroides	0.09393778048223926	HIS
ERR4333933	g__Bacteroides	0.056082612710939436	HIS
ERR4333934	g__Bacteroides	0.09179226439077535	HIS
ERR4333935	g__Bacteroides	0.2830103139521704	HIS
ERR4333936	g__Bacteroides	0.19360035146811158	HIS
ERR4333937	g__Bacteroides	0.049550075961201326	HIS
ERR4333938	g__Bacteroides	0.10830051499545588	HIS
ERR4333939	g__Bacteroides	0.006084311169056925	HIS
ERR4333940	g__Bacteroides	0.031190692301344948	HIS
ERR4333941	g__Bacteroides	0.024476071316859548	HIS
ERR4333942	g__Bacteroides	0.22908816880180857	HIS
ERR4333943	g__Bacteroides	0.07640586797066008	HIS
ERR4333944	g__Bacteroides	0.1428484848484848	HIS
ERR4333945	g__Bacteroides	0.05997100303150123	HIS
ERR4333946	g__Bacteroides	0.1156103602390824	HIS
ERR4333947	g__Bacteroides	0.22866708895122612	HIS
ERR4333948	g__Bacteroides	0.35378143038841603	HIS
ERR4333949	g__Bacteroides	0.0867103861891149	HIS
ERR4333950	g__Bacteroides	0.3404765472800839	HIS
ERR4333951	g__Bacteroides	0.07507093014339389	HIS
ERR4333952	g__Bacteroides	0.105153021187549	HIS
ERR4333953	g__Bacteroides	0.12264404954227243	HIS
ERR4333954	g__Bacteroides	0.24863490868009785	HIS
ERR4333955	g__Bacteroides	0.08212685280937605	HIS
ERR4333956	g__Bacteroides	0.038739932714853674	HIS
ERR4333957	g__Bacteroides	0.08871111111111106	HIS
ERR4333958	g__Bacteroides	0.34051962410171366	HIS
ERR4333959	g__Bacteroides	0.08142555119299301	HIS
ERR4333960	g__Bacteroides	0.16268775850809084	HIS
ERR4333961	g__Bacteroides	0.12155725823151788	HIS
ERR4333962	g__Bacteroides	0.025669073142273725	HIS
ERR4333963	g__Bacteroides	0.18384100237632314	HIS
ERR4333964	g__Bacteroides	0	HIS
ERR4333965	g__Bacteroides	0.03769290551793045	HIS
ERR4333966	g__Bacteroides	0.14080650514437434	HIS
ERR4333967	g__Bacteroides	0.14290354011042544	HIS
ERR4333968	g__Bacteroides	0.1296175752644426	HIS
ERR4333969	g__Bacteroides	0.09323432343234321	HIS
ERR4333970	g__Bacteroides	0.19390060240963852	HIS
ERR4333971	g__Bacteroides	0.2530815887301897	HIS
ERR4333972	g__Bacteroides	0.10656027116729043	HIS
ERR4333973	g__Bacteroides	0.03829990448901621	HIS
ERR4333974	g__Bacteroides	0.12559169338830353	HIS
ERR4333975	g__Bacteroides	0.09823593345038036	HIS
ERR4333976	g__Bacteroides	0.5294872892236583	HIS
ERR4333977	g__Bacteroides	0.05199746353836395	HIS
ERR4333978	g__Bacteroides	0.09756097560975609	HIS
ERR4333979	g__Bacteroides	0.05315158722898177	HIS
ERR4333980	g__Bacteroides	0.026462683481496763	HIS
ERR4333981	g__Bacteroides	0.22428188433550358	HIS
ERR4333982	g__Bacteroides	0.08704305712200622	HIS
ERR4333983	g__Bacteroides	0.08651348651348648	HIS
ERR4333984	g__Bacteroides	0.042487954445904495	HIS
ERR4333985	g__Bacteroides	0.31947104423164613	HIS
ERR4333986	g__Bacteroides	0.22391420911528148	HIS
ERR4333987	g__Bacteroides	0.04052658750645325	HIS
ERR4333988	g__Bacteroides	0.1413455004368508	HIS
ERR4333989	g__Bacteroides	0.18023462495556344	HIS
ERR4333990	g__Bacteroides	0.3055610922862268	HIS
ERR4333991	g__Bacteroides	0.2045454545454545	HIS
ERR4333992	g__Bacteroides	0.16972436408756533	HIS
ERR4333993	g__Bacteroides	0.11013073653628876	HIS
ERR4333994	g__Bacteroides	0.31628916316289163	HIS
ERR4333995	g__Bacteroides	0.1980293663060278	HIS
ERR4333996	g__Bacteroides	0.3471447943347898	HIS
ERR4333997	g__Bacteroides	0.09425216316440048	HIS
ERR4333998	g__Bacteroides	0.0943101234016416	HIS
ERR4333999	g__Bacteroides	0.1989664082687338	HIS
ERR4334000	g__Bacteroides	0.0807094967325808	HIS
ERR4334001	g__Bacteroides	0.10986911920764059	HIS
ERR4334002	g__Bacteroides	0.17946639150943391	HIS
ERR4334003	g__Bacteroides	0.1047120418848167	HIS
ERR4334004	g__Bacteroides	0.09232978543672915	HIS
ERR4334005	g__Bacteroides	0.08904190905853018	HIS
ERR4334006	g__Bacteroides	0.12166200713390529	HIS
ERR4334007	g__Bacteroides	0.08281641810743032	HIS
ERR4334008	g__Bacteroides	0.10419692128957302	HIS
ERR4334009	g__Bacteroides	0.310128112158569	HIS
ERR4334010	g__Bacteroides	0.16501383763837635	HIS
ERR4334011	g__Bacteroides	0.03910088865656035	HIS
ERR4334012	g__Bacteroides	0.12574387510626783	HIS
ERR4334013	g__Bacteroides	0.09127805188604168	HIS
ERR4334014	g__Bacteroides	0.19920235096557512	HIS
ERR4334015	g__Bacteroides	0.08664960734139235	HIS
ERR4334016	g__Bacteroides	0.18163915978994744	HIS
ERR4334017	g__Bacteroides	0.27948596657205926	HIS
ERR4334018	g__Bacteroides	0.2137011429377734	HIS
ERR4334019	g__Bacteroides	0.16561085972850675	HIS
ERR4334020	g__Bacteroides	0.10083846965406183	HIS
ERR4334021	g__Bacteroides	0.0796060730406237	HIS
ERR4334022	g__Bacteroides	0.12838553487668325	HIS
ERR4334023	g__Bacteroides	0.08152	HIS
ERR4334024	g__Bacteroides	0.12378416562516976	HIS
ERR4334025	g__Bacteroides	0.09109098567818025	HIS
ERR4334026	g__Bacteroides	0.10043027576765105	HIS
ERR4334027	g__Bacteroides	0.06449808929070741	HIS
ERR4334028	g__Bacteroides	0.07419380910046065	HIS
ERR4334029	g__Bacteroides	0.16555419761210866	HIS
ERR4334030	g__Bacteroides	0.030130363463696755	HIS
ERR4334031	g__Bacteroides	0.15412122295726796	HIS
ERR4334032	g__Bacteroides	0.07986141956116193	HIS
ERR4334033	g__Bacteroides	0.04612414914152187	HIS
ERR4334034	g__Bacteroides	0.2418340434165145	HIS
ERR4334035	g__Bacteroides	0.2067480977172607	HIS
ERR4334036	g__Bacteroides	0.12924823520850007	HIS
ERR4334037	g__Bacteroides	0.13232583855510502	HIS
ERR4334038	g__Bacteroides	0.06679087098276663	HIS
ERR4334039	g__Bacteroides	0.18633610051604216	HIS
ERR4334040	g__Bacteroides	0.04028011508604304	HIS
ERR4334041	g__Bacteroides	0.14859905884384572	HIS
ERR4334042	g__Bacteroides	0.05047406581148909	HIS
ERR4334043	g__Bacteroides	0.022471910112359536	HIS
ERR4334044	g__Bacteroides	0.0684789248625534	HIS
ERR4334045	g__Bacteroides	0.06862189095033622	HIS
ERR4334046	g__Bacteroides	0.07865685372585092	HIS
ERR4334047	g__Bacteroides	0.18392682130022867	HIS
ERR4334048	g__Bacteroides	0.03197972606045975	HIS
ERR4334049	g__Bacteroides	0.18911712423464347	HIS
ERR4334050	g__Bacteroides	0.050561531535800563	HIS
ERR4334051	g__Bacteroides	0.076418400059643593	HIS
ERR4334052	g__Bacteroides	0.09013147473467445	HIS
ERR4334053	g__Bacteroides	0.038129364204336616	HIS
ERR4334054	g__Bacteroides	0.0026055951727920997	HIS
ERR4334055	g__Bacteroides	0.11435963777490295	HIS
ERR4334056	g__Bacteroides	0.14583333333333331	HIS
ERR4334057	g__Bacteroides	0.2667168171180207	HIS
ERR4334058	g__Bacteroides	0.051238738738738715	HIS
ERR4334059	g__Bacteroides	0.21512067950550834	HIS
ERR4334060	g__Bacteroides	0.16155264922870555	HIS
ERR4334061	g__Bacteroides	0.015985581632253235	HIS
ERR4334062	g__Bacteroides	0.21443380392931183	HIS
ERR4334063	g__Bacteroides	0.030307716097108365	HIS
ERR4334064	g__Bacteroides	0.09790252930289942	HIS
ERR4334065	g__Bacteroides	0.12153007270323857	HIS
ERR4334066	g__Bacteroides	0.0696179279941219	HIS
ERR4334067	g__Bacteroides	0.1953381192945138	HIS
ERR4334068	g__Bacteroides	0.4128417037507946	HIS
ERR4334069	g__Bacteroides	0.07044854881266482	HIS
ERR4334070	g__Bacteroides	0.2512717067181196	HIS
ERR4334071	g__Bacteroides	0.07404657441781974	HIS
ERR4334072	g__Bacteroides	0.18757236588189885	HIS
ERR4334073	g__Bacteroides	0.09219200659250099	HIS
ERR4334074	g__Bacteroides	0.1305418719211822	HIS
ERR4334075	g__Bacteroides	0.0817133892640338	HIS
ERR4334076	g__Bacteroides	0.09345724907063192	HIS
ERR4334077	g__Bacteroides	0.0868611907572946	HIS
ERR4334078	g__Bacteroides	0.24720103845529773	HIS
ERR4334079	g__Bacteroides	0.02804242315297498	HIS
ERR4334080	g__Bacteroides	0.12346681096681092	HIS
ERR4334081	g__Bacteroides	0.08968219416630385	HIS
ERR4334082	g__Bacteroides	0.18697060288988535	HIS
ERR4334083	g__Bacteroides	0.11745472837022128	HIS
ERR4334084	g__Bacteroides	0.1704902483846108	HIS
ERR4334085	g__Bacteroides	0.06061855670103091	HIS
ERR4334086	g__Bacteroides	0.11660470879801732	HIS
ERR4334087	g__Bacteroides	0.01688822004849089	HIS
ERR4334088	g__Bacteroides	0.11765349677136913	HIS
ERR4334089	g__Bacteroides	0.10362077179609334	HIS
ERR4334090	g__Bacteroides	0.1449219749296495	HIS
ERR4334091	g__Bacteroides	0.09584107806691447	HIS
ERR4334092	g__Bacteroides	0.18053821611874044	HIS
ERR4334093	g__Bacteroides	0.023437499999999997	HIS
ERR4334094	g__Bacteroides	0.07713166616450735	HIS
ERR4334095	g__Bacteroides	0.03792582648095315	HIS
ERR4334096	g__Bacteroides	0.12473894057338139	HIS
ERR4334097	g__Bacteroides	0.03515452538631342	HIS
ERR4334098	g__Bacteroides	0.14126589899902156	HIS
ERR4334099	g__Bacteroides	0.3177885915112192	HIS
ERR4334100	g__Bacteroides	0.14188014373478608	HIS
ERR4334101	g__Bacteroides	0.08025918562697884	HIS
ERR4334102	g__Bacteroides	0.06824003924347304	HIS
ERR4334103	g__Bacteroides	0.20775649535368856	HIS
ERR4334104	g__Bacteroides	0.07566616390145796	HIS
ERR4334105	g__Bacteroides	0.10544638712672129	HIS
ERR4334106	g__Bacteroides	0.06040268456375836	HIS
ERR4334107	g__Bacteroides	0.05265269280914648	HIS
ERR4334108	g__Bacteroides	0.07707794075352312	HIS
ERR4334109	g__Bacteroides	0.09056205328135147	HIS
ERR4334110	g__Bacteroides	0.04880940618515953	HIS
ERR4334111	g__Bacteroides	0.04504090449489841	HIS
ERR4334112	g__Bacteroides	0.10134216785592928	HIS
ERR4334113	g__Bacteroides	0.05423516797712648	HIS
ERR4334114	g__Bacteroides	0.03558823529411763	HIS
ERR4334115	g__Bacteroides	0.42652889583083026	HIS
ERR4334116	g__Bacteroides	0.1527129879695556	HIS
ERR4334117	g__Bacteroides	0.05300642148277871	HIS
ERR4334118	g__Bacteroides	0.22505161734342738	HIS
ERR4334119	g__Bacteroides	0.21041035527402915	HIS
ERR4334120	g__Bacteroides	0.07176079734219264	HIS
ERR4334121	g__Bacteroides	0.07943291276624607	HIS
ERR4334122	g__Bacteroides	0.08624001617632188	HIS
ERR4334123	g__Bacteroides	0.03357716324710078	HIS
ERR4334124	g__Bacteroides	0.11069607068457722	HIS
ERR4334125	g__Bacteroides	0.12181799443471088	HIS
ERR4334126	g__Bacteroides	0.13970902866923404	HIS
ERR4334127	g__Bacteroides	0.059849600744243704	HIS
ERR4334128	g__Bacteroides	0.03065742210341656	HIS
ERR4334129	g__Bacteroides	0.05333749220212099	HIS
ERR4334130	g__Bacteroides	0.17812293456708522	HIS
ERR4334131	g__Bacteroides	0.22159587909417822	HIS
ERR4334132	g__Bacteroides	0.01549016834064224	HIS
ERR4334133	g__Bacteroides	0.05698896129804492	HIS
ERR4334134	g__Bacteroides	0.18187874750166552	HIS
ERR4334135	g__Bacteroides	0.14583622966773246	HIS
ERR4334136	g__Bacteroides	0.13926834915489694	HIS
ERR4334137	g__Bacteroides	0.11978648330769923	HIS
ERR4334138	g__Bacteroides	0.47714727312872596	HIS
ERR4334139	g__Bacteroides	0.05676758682101509	HIS
ERR4334140	g__Bacteroides	0.13370519235501596	HIS
ERR4334141	g__Bacteroides	0.05893730799863462	HIS
ERR4334142	g__Bacteroides	0.07763500076487681	HIS
ERR4334143	g__Bacteroides	0.07150447851829358	HIS
ERR4334144	g__Bacteroides	0.20334402972470864	HIS
ERR4334145	g__Bacteroides	0.013555492798644427	HIS
ERR4334146	g__Bacteroides	0.07823195775474276	HIS
ERR4334147	g__Bacteroides	0.14461160577218296	HIS
ERR4334148	g__Bacteroides	0.20975046621081606	HIS
ERR4334149	g__Bacteroides	0.07873154729360303	HIS
ERR4334150	g__Bacteroides	0.12482442176233724	HIS
ERR4334151	g__Bacteroides	0.11265960110156051	HIS
ERR4334152	g__Bacteroides	0.1902101808532923	HIS
ERR4334153	g__Bacteroides	0.052432502934654984	HIS
ERR4334154	g__Bacteroides	0.055406708820062114	HIS
ERR4334155	g__Bacteroides	0.17073170731707316	HIS
ERR4334156	g__Bacteroides	0.1711518973088616	HIS
ERR4334157	g__Bacteroides	0.1778701936187619	HIS
ERR4334158	g__Bacteroides	0.06578947368421048	HIS
ERR4334159	g__Bacteroides	0.14815635034879854	HIS
ERR4334160	g__Bacteroides	0.07383376216579032	HIS
ERR4334161	g__Bacteroides	0.16906085324478448	HIS
ERR4334162	g__Bacteroides	0.0916153001773199	HIS
ERR4334163	g__Bacteroides	0.09342327150084315	HIS
ERR4334164	g__Bacteroides	0.022249190938511302	HIS
ERR4334165	g__Bacteroides	0.11985446243846755	HIS
ERR4334166	g__Bacteroides	0.028052967140755242	HIS
ERR4334167	g__Bacteroides	0.03650487705157407	HIS
ERR4334168	g__Bacteroides	0.13045391215076627	HIS
ERR4334169	g__Bacteroides	0.3415241057542768	HIS
ERR4334170	g__Bacteroides	0.14608155109894175	HIS
ERR4334171	g__Bacteroides	0.1833306542356534	HIS
ERR4334172	g__Bacteroides	0.12663841529516107	HIS
ERR4334173	g__Bacteroides	0.05615370888108973	HIS
ERR4334174	g__Bacteroides	0.12442013432112438	HIS
ERR4334175	g__Bacteroides	0.09501984237884967	HIS
ERR4334176	g__Bacteroides	0.14491992648989235	HIS
ERR4334177	g__Bacteroides	0.16095024567094401	HIS
ERR4334178	g__Bacteroides	0.11314070629912538	HIS
ERR4334179	g__Bacteroides	0.12593108249216842	HIS
ERR4334180	g__Bacteroides	0.19117028731604763	HIS
ERR4334181	g__Bacteroides	0.12150451174841415	HIS
ERR4334182	g__Bacteroides	0.14191338390017125	HIS
ERR4334183	g__Bacteroides	0.1505211117049706	HIS
ERR4334184	g__Bacteroides	0.040341349883630716	HIS
ERR4334185	g__Bacteroides	0.011509963311991922	HIS
ERR4334186	g__Bacteroides	0.13646443846031997	HIS
ERR4334187	g__Bacteroides	0.07944599403674135	HIS
ERR4334188	g__Bacteroides	0.08903777065734532	HIS
ERR4334189	g__Bacteroides	0.09549584380436882	HIS
ERR4334190	g__Bacteroides	0.022905906130698386	HIS
ERR4334191	g__Bacteroides	0.3587955365933705	HIS
ERR4334192	g__Bacteroides	0.20327606871753892	HIS
ERR4334193	g__Bacteroides	0.10232586020860807	HIS
ERR4334194	g__Bacteroides	0.040311029261305475	HIS
ERR4334195	g__Bacteroides	0.021206993795826242	HIS
ERR4334196	g__Bacteroides	0.24002450792678254	HIS
ERR4334197	g__Bacteroides	0.10838261763949601	HIS
ERR4334198	g__Bacteroides	0.10178018575851389	HIS
ERR4334199	g__Bacteroides	0.07557725561997758	HIS
ERR4334200	g__Bacteroides	0.19382866423061304	HIS
ERR4334201	g__Bacteroides	0.005935395502796468	HIS
ERR4334202	g__Bacteroides	0.07680740312319256	HIS
ERR4334203	g__Bacteroides	0.1650386082426272	HIS
ERR4334205	g__Bacteroides	0.060993975903614425	HIS
ERR4334206	g__Bacteroides	0.07837492002559177	HIS
ERR4334207	g__Bacteroides	0.08743310892456409	HIS
ERR4334208	g__Bacteroides	0.22389502762430935	HIS
ERR4334209	g__Bacteroides	0.11119179449940997	HIS
ERR4334210	g__Bacteroides	0.16269508306762878	HIS
ERR4334211	g__Bacteroides	0.25834499300419744	HIS
ERR4334212	g__Bacteroides	0.27419547792798177	HIS
ERR4334213	g__Bacteroides	0.23332403014233877	HIS
ERR4334214	g__Bacteroides	0.2390971157865403	HIS
ERR4334215	g__Bacteroides	0.05988998218021225	HIS
ERR4334216	g__Bacteroides	0.20500339597011547	HIS
ERR4334217	g__Bacteroides	0.021740927502686584	HIS
ERR4334218	g__Bacteroides	0.13699302759501122	HIS
ERR4334219	g__Bacteroides	0.04372791519434627	HIS
ERR4334220	g__Bacteroides	0.08338321561115762	HIS
ERR4334221	g__Bacteroides	0.16129032258064513	HIS
ERR4334222	g__Bacteroides	0.04483804052975901	HIS
ERR4334223	g__Bacteroides	0.1551243177683444	HIS
ERR4334224	g__Bacteroides	0.06812900827214421	HIS
ERR4334225	g__Bacteroides	0.11529773199602418	HIS
ERR4334226	g__Bacteroides	0.11755670009939455	HIS
ERR4334227	g__Bacteroides	0.01720627832140275	HIS
ERR4334228	g__Bacteroides	0.03370549820939537	HIS
ERR4334229	g__Bacteroides	0.09170600134861764	HIS
ERR4334230	g__Bacteroides	0.2255443275341181	HIS
ERR4334231	g__Bacteroides	0.21788856304985332	HIS
ERR4334232	g__Bacteroides	0.3075332614167565	HIS
ERR4334233	g__Bacteroides	0.25748770675011173	HIS
ERR4334234	g__Bacteroides	0.03543501930119763	HIS
ERR4334235	g__Bacteroides	0.058513115008536364	HIS
ERR4334236	g__Bacteroides	0.07801485101983263	HIS
ERR4334237	g__Bacteroides	0.04009044796186514	HIS
ERR4334238	g__Bacteroides	0.12354085603112838	HIS
ERR4334239	g__Bacteroides	0.11932962694384013	HIS
ERR4334240	g__Bacteroides	0.12287229831367269	HIS
ERR4334241	g__Bacteroides	0.052730874445806965	HIS
ERR4334242	g__Bacteroides	0.10823290911138637	HIS
ERR4334243	g__Bacteroides	0.4496855345911949	HIS
ERR4334244	g__Bacteroides	0.11891352810043408	HIS
ERR4334245	g__Bacteroides	0.17867599219258293	HIS
ERR4334246	g__Bacteroides	0.03882051705624843	HIS
ERR4334247	g__Bacteroides	0.06570048309178741	HIS
ERR4334248	g__Bacteroides	0.03883992621438816	HIS
ERR4334249	g__Bacteroides	0.028112449799196776	HIS
ERR4334250	g__Bacteroides	0.035829152193490255	HIS
ERR4334251	g__Bacteroides	0.08231587239070498	HIS
ERR4334252	g__Bacteroides	0.09691938387677534	HIS
ERR4334253	g__Bacteroides	0.34215167548500885	HIS
ERR4334254	g__Bacteroides	0.02838792549775205	HIS
ERR4334255	g__Bacteroides	0.27228070175438596	HIS
ERR4334256	g__Bacteroides	0.1207612185762393	HIS
ERR4334257	g__Bacteroides	0.17310755302204706	HIS
ERR4334258	g__Bacteroides	0.13144394394394393	HIS
ERR4334259	g__Bacteroides	0.1294067796610169	HIS
ERR4334260	g__Bacteroides	0.110281517747858	HIS
ERR4334261	g__Bacteroides	0.025070464322800738	HIS
ERR4334262	g__Bacteroides	0.04470099284229967	HIS
ERR4334263	g__Bacteroides	0.05405699369153794	HIS
ERR4334264	g__Bacteroides	0.1797978177150192	HIS
ERR4334265	g__Bacteroides	0.12988308306089652	HIS
ERR4334266	g__Bacteroides	0.029153429265557817	HIS
ERR4334267	g__Bacteroides	0.23953305645975978	HIS
ERR4334268	g__Bacteroides	0.21175419438101853	HIS
ERR4335019	g__Bacteroides	0.19917864476386035	HIS
ERR4335020	g__Bacteroides	0.3455394190871369	HIS
ERR4335021	g__Bacteroides	0.13417115499700774	HIS
ERR4335022	g__Bacteroides	0.07820472768926376	HIS
ERR4335023	g__Bacteroides	0.05096666666666665	HIS
ERR4335024	g__Bacteroides	0.12894256668694065	HIS
ERR4335025	g__Bacteroides	0.01940396266579334	HIS
ERR4335026	g__Bacteroides	0.09609268514311672	HIS
ERR4335027	g__Bacteroides	0.09956492637215526	HIS
ERR4335028	g__Bacteroides	0.1849993029415865	HIS
ERR4335029	g__Bacteroides	0.11281917665450751	HIS
ERR4335030	g__Bacteroides	0.21236604864772915	HIS
ERR4335031	g__Bacteroides	0.17482854048850913	HIS
ERR4335032	g__Bacteroides	0.02722860187048653	HIS
ERR4335033	g__Bacteroides	0.02335456475583861	HIS
ERR4335034	g__Bacteroides	0.059480872701472204	HIS
ERR4335035	g__Bacteroides	0.07159601484664971	HIS
ERR4335036	g__Bacteroides	0.24754588134869823	HIS
ERR4335037	g__Bacteroides	0.10249013951845524	HIS
ERR4335038	g__Bacteroides	0.15939278937381404	HIS
ERR4335039	g__Bacteroides	0.10777729636048525	HIS
ERR4335040	g__Bacteroides	0.04174260175301569	HIS
ERR4335041	g__Bacteroides	0.10293458781362005	HIS
ERR4335042	g__Bacteroides	0.20389489953632145	HIS
ERR4335043	g__Bacteroides	0.029512489927477813	HIS
ERR4335044	g__Bacteroides	0.1409707676896457	HIS
ERR4335045	g__Bacteroides	0.1437977564623638	HIS
ERR4335046	g__Bacteroides	0.04569555576978693	HIS
ERR4335047	g__Bacteroides	0.03227304388205245	HIS
ERR4335048	g__Bacteroides	0.10284342688330869	HIS
ERR4335049	g__Bacteroides	0.09358649789029533	HIS
ERR4335050	g__Bacteroides	0.13380504805153656	HIS
ERR4335051	g__Bacteroides	0.08946135831381732	HIS
ERR4335052	g__Bacteroides	0.06863695090439274	HIS
ERR4335053	g__Bacteroides	0.13032610591175953	HIS
ERR4335054	g__Bacteroides	0.3185094933495786	HIS
ERR4335055	g__Bacteroides	0.09508171681686266	HIS
ERR4335056	g__Bacteroides	0.053146313215802314	HIS
ERR4335057	g__Bacteroides	0.07898200965335672	HIS
ERR4335058	g__Bacteroides	0.1260571530312472	HIS
ERR4335059	g__Bacteroides	0.03593287265547876	HIS
ERR4335060	g__Bacteroides	0.14550742077817888	HIS
ERR4335061	g__Bacteroides	0.09051049170059502	HIS
ERR4335062	g__Bacteroides	0.1519728729963008	HIS
ERR4335063	g__Bacteroides	0.09077075249182072	HIS
ERR4335064	g__Bacteroides	0.09006137865911235	HIS
ERR4335065	g__Bacteroides	0.010285714285714264	HIS
ERR4335066	g__Bacteroides	0	HIS
ERR4335067	g__Bacteroides	0.0664470071389346	HIS
ERR4335068	g__Bacteroides	0.12559307842590006	HIS
ERR4335069	g__Bacteroides	0.09336414658303063	HIS
ERR4335070	g__Bacteroides	0.10049731964089641	HIS
ERR4335071	g__Bacteroides	0.12490792381353255	HIS
ERR4335072	g__Bacteroides	0.11617672944904064	HIS
ERR4335073	g__Bacteroides	0.0870434018064103	HIS
ERR4335074	g__Bacteroides	0.1005272810637322	HIS
ERR4335075	g__Bacteroides	0.1296542553191489	HIS
ERR4335076	g__Bacteroides	0.09959385484725408	HIS
ERR4335077	g__Bacteroides	0.13411341134113408	HIS
ERR4335078	g__Bacteroides	0.003661513425549218	HIS
ERR4335079	g__Bacteroides	0.04848201774871553	HIS
ERR4335080	g__Bacteroides	0.05954759296255717	HIS
ERR4335081	g__Bacteroides	0.07280282568044877	HIS
ERR4335082	g__Bacteroides	0.23659102630221762	HIS
ERR4335083	g__Bacteroides	0.15700171821305836	HIS
ERR4335084	g__Bacteroides	0.17677151745592806	HIS
ERR4335085	g__Bacteroides	0.09784714747039824	HIS
ERR4335086	g__Bacteroides	0.1979445933869526	HIS
ERR4335087	g__Bacteroides	0.06395583681163321	HIS
ERR4335088	g__Bacteroides	0.2683469986840773	HIS
ERR4335089	g__Bacteroides	0.17767382858955044	HIS
ERR4335090	g__Bacteroides	0.14476317545030015	HIS
ERR4335091	g__Bacteroides	0.02288707131582721	HIS
ERR4335092	g__Bacteroides	0.13267027795044845	HIS
ERR4335093	g__Bacteroides	0.04506476920270019	HIS
ERR4335094	g__Bacteroides	0.06693141391577724	HIS
ERR4335095	g__Bacteroides	0.1276581693303394	HIS
ERR4335096	g__Bacteroides	0.1313735428281804	HIS
ERR4335097	g__Bacteroides	0.029097735539129397	HIS
ERR4335098	g__Bacteroides	0.06696898002103045	HIS
ERR4335099	g__Bacteroides	0.1147381242387332	HIS
ERR4335100	g__Bacteroides	0.11711476550944047	HIS
ERR4335101	g__Bacteroides	0.07983339118361678	HIS
ERR4335102	g__Bacteroides	0.13092610576498628	HIS
ERR4335103	g__Bacteroides	0.10454401016841433	HIS
ERR4335104	g__Bacteroides	0.12812142973722862	HIS
ERR4335105	g__Bacteroides	0.11882904936760504	HIS
ERR4335106	g__Bacteroides	0.37567104511707594	HIS
ERR4335107	g__Bacteroides	0.42986236618935075	HIS
ERR4335108	g__Bacteroides	0.12769538234984745	HIS
ERR4335109	g__Bacteroides	0.26735042735042736	HIS
ERR4335110	g__Bacteroides	0.03784247800271833	HIS
ERR4335111	g__Bacteroides	0.124048145418816	HIS
ERR4335112	g__Bacteroides	0.06189555125725333	HIS
ERR4335113	g__Bacteroides	0.03817246835443035	HIS
ERR4335114	g__Bacteroides	0.07980351676514555	HIS
ERR4335115	g__Bacteroides	0.1345955958016052	HIS
ERR4335116	g__Bacteroides	0.07184705519580632	HIS
ERR4335117	g__Bacteroides	0.11208088489457306	HIS
ERR4335118	g__Bacteroides	0.1243800833168022	HIS
ERR4335119	g__Bacteroides	0.14621710526315784	HIS
ERR4335120	g__Bacteroides	0.14798992222587357	HIS
ERR4335121	g__Bacteroides	0.04350010046212571	HIS
ERR4335122	g__Bacteroides	0.09257714762301915	HIS
ERR4335123	g__Bacteroides	0.006240382971448099	HIS
ERR4335124	g__Bacteroides	0.07192683304913965	HIS
ERR4335125	g__Bacteroides	0.12651389735993723	HIS
ERR4335126	g__Bacteroides	0.10485436893203881	HIS
ERR4335127	g__Bacteroides	0.15634052892253059	HIS
ERR4335128	g__Bacteroides	0.2945307512236646	HIS
ERR4335129	g__Bacteroides	0.05550767109119114	HIS
ERR4335130	g__Bacteroides	0.26360189573459714	HIS
ERR4335131	g__Bacteroides	0.05912732569688138	HIS
ERR4335132	g__Bacteroides	0.039959636730575135	HIS
ERR4335133	g__Bacteroides	0.3436696005416385	HIS
ERR4335134	g__Bacteroides	0.1734346724574737	HIS
ERR4335135	g__Bacteroides	0.0757591733445803	HIS
ERR4335136	g__Bacteroides	0.1177386215055102	HIS
ERR4335137	g__Bacteroides	0.21705678370177717	HIS
ERR4335138	g__Bacteroides	0.1274183541090868	HIS
ERR4335139	g__Bacteroides	0.12912764908822078	HIS
ERR4335140	g__Bacteroides	0.11122970191354727	HIS
ERR4335141	g__Bacteroides	0.14207392003024857	HIS
ERR4335142	g__Bacteroides	0.18687200676119822	HIS
ERR4335143	g__Bacteroides	0.06816247582205026	HIS
ERR4335144	g__Bacteroides	0.11643631301580985	HIS
ERR4335145	g__Bacteroides	0.1195455459481198	HIS
ERR4335146	g__Bacteroides	0.0617011494252873	HIS
ERR4335147	g__Bacteroides	0.029022988505747097	HIS
ERR4335148	g__Bacteroides	0.029086863228164953	HIS
ERR4335149	g__Bacteroides	0.05035577449370549	HIS
ERR4335150	g__Bacteroides	0.12414917753828696	HIS
ERR4335151	g__Bacteroides	0.2502151833362024	HIS
ERR4335152	g__Bacteroides	0.12530075883768274	HIS
ERR4335153	g__Bacteroides	0.06116269681065803	HIS
ERR4335154	g__Bacteroides	0.07746031746031744	HIS
ERR4335155	g__Bacteroides	0.17243228747653525	HIS
ERR4335156	g__Bacteroides	0.21669356284740898	HIS
ERR4335157	g__Bacteroides	0.20567616943535708	HIS
ERR4335158	g__Bacteroides	0.057112146184163326	HIS
ERR4335159	g__Bacteroides	0.033333333333333284	HIS
ERR4335160	g__Bacteroides	0.07774447358561255	HIS
ERR4335161	g__Bacteroides	0.048120107789041425	HIS
ERR4335162	g__Bacteroides	0.04630629486120813	HIS
ERR4335163	g__Bacteroides	0.07971445568114215	HIS
ERR4335164	g__Bacteroides	0.1614888628370457	HIS
ERR4335165	g__Bacteroides	0.3686269031987708	HIS
ERR4335166	g__Bacteroides	0.2283307470627355	HIS
ERR4335167	g__Bacteroides	0.06892285298398836	HIS
ERR4335169	g__Bacteroides	0.07539540968010461	HIS
ERR4335170	g__Bacteroides	0.28933171859517776	HIS
ERR4335171	g__Bacteroides	0.1899546586627498	HIS
ERR4335172	g__Bacteroides	0.18968285828984344	HIS
ERR4335173	g__Bacteroides	0.06953113659457104	HIS
ERR4335174	g__Bacteroides	0.08909730363423209	HIS
ERR4335175	g__Bacteroides	0.06596548555090367	HIS
ERR4335176	g__Bacteroides	0.09929281345565742	HIS
ERR4335177	g__Bacteroides	0.04103710326329902	HIS
ERR4335178	g__Bacteroides	0.13291556728232184	HIS
ERR4335179	g__Bacteroides	0.05056088440903917	HIS
ERR4335180	g__Bacteroides	0.07488951386098833	HIS
ERR4335181	g__Bacteroides	0.1285351874471483	HIS
ERR4335182	g__Bacteroides	0.11251447216082515	HIS
ERR4335183	g__Bacteroides	0.1771252346473585	HIS
ERR4335184	g__Bacteroides	0.15255277368679426	HIS
ERR4335185	g__Bacteroides	0.0056358152087632955	HIS
ERR4335186	g__Bacteroides	0.17686364585508452	HIS
ERR4335187	g__Bacteroides	0.05636864222576435	HIS
ERR4335188	g__Bacteroides	0.12653061224489792	HIS
ERR4335189	g__Bacteroides	0.1161684782608695	HIS
ERR4335190	g__Bacteroides	0.03323952232448463	HIS
ERR4335191	g__Bacteroides	0.2068998199222822	HIS
ERR4335192	g__Bacteroides	0.06241806263656224	HIS
ERR4335193	g__Bacteroides	0.08589629426673057	HIS
ERR4335194	g__Bacteroides	0.021499563355096257	HIS
ERR4335195	g__Bacteroides	0.1557190635451505	HIS
ERR4335196	g__Bacteroides	0.06568273997296077	HIS
ERR4335197	g__Bacteroides	0.07587513533020565	HIS
ERR4335198	g__Bacteroides	0.08553247239378624	HIS
ERR4335199	g__Bacteroides	0.13730150156638216	HIS
ERR4335200	g__Bacteroides	0.23775192528264782	HIS
ERR4335201	g__Bacteroides	0.21990761706367173	HIS
ERR4335202	g__Bacteroides	0.1628559286017849	HIS
ERR4335203	g__Bacteroides	0.07484168105929762	HIS
ERR4335204	g__Bacteroides	0.08832874391018847	HIS
ERR4335205	g__Bacteroides	0.08052739183043348	HIS
ERR4335206	g__Bacteroides	0.047346315387552476	HIS
ERR4335207	g__Bacteroides	0.1508081517919887	HIS
ERR4335208	g__Bacteroides	0.09834168916313146	HIS
ERR4335209	g__Bacteroides	0.26480263157894735	HIS
ERR4335210	g__Bacteroides	0.03969013006885997	HIS
ERR4335211	g__Bacteroides	0.051395007342143875	HIS
ERR4335212	g__Bacteroides	0.248509150730002	HIS
ERR4335213	g__Bacteroides	0.12713237396359472	HIS
ERR4335214	g__Bacteroides	0.06025147176393627	HIS
ERR4335215	g__Bacteroides	0.2194790046656298	HIS
ERR4335216	g__Bacteroides	0.05729426433915209	HIS
ERR4335217	g__Bacteroides	0.18614718614718614	HIS
ERR4335218	g__Bacteroides	0.041083916083916046	HIS
ERR4335219	g__Bacteroides	0.1237733241188666	HIS
ERR4335220	g__Bacteroides	0.13475177304964536	HIS
ERR4335221	g__Bacteroides	0.050492610837438376	HIS
ERR4335222	g__Bacteroides	0.07253886010362692	HIS
ERR4335223	g__Bacteroides	0.10463178940353213	HIS
ERR4335224	g__Bacteroides	0.12248692620569429	HIS
ERR4335225	g__Bacteroides	0.04443621551564522	HIS
ERR4335226	g__Bacteroides	0.25969213226909915	HIS
ERR4335227	g__Bacteroides	0.3534761696545693	HIS
ERR4335228	g__Bacteroides	0.1404153491154602	HIS
ERR4335229	g__Bacteroides	0.049609097370291344	HIS
ERR4335230	g__Bacteroides	0.12358954941310107	HIS
ERR4335231	g__Bacteroides	0.2822699515687513	HIS
ERR4335232	g__Bacteroides	0.15573974305843347	HIS
ERR4335233	g__Bacteroides	0.02916147779161476	HIS
ERR4335234	g__Bacteroides	0.08979052267642869	HIS
ERR4335235	g__Bacteroides	0.09019579086309301	HIS
ERR4335236	g__Bacteroides	0.16640948590920163	HIS
ERR4335237	g__Bacteroides	0.2265054992921703	HIS
ERR4335238	g__Bacteroides	0.025688381464069814	HIS
ERR4335239	g__Bacteroides	0.0025680534155110356	HIS
ERR4335240	g__Bacteroides	0.08096653456627033	HIS
ERR4335241	g__Bacteroides	0.10966981132075468	HIS
ERR4335242	g__Bacteroides	0.006327573618885373	HIS
ERR4335243	g__Bacteroides	0.10249200038785994	HIS
ERR4335244	g__Bacteroides	0.0530188489063602	HIS
ERR4335245	g__Bacteroides	0.03682008368200834	HIS
ERR4335246	g__Bacteroides	0.15167903408376304	HIS
ERR4335247	g__Bacteroides	0.024237881059470223	HIS
ERR4335248	g__Bacteroides	0.04954538449684079	HIS
ERR4335249	g__Bacteroides	0.1718161266013564	HIS
ERR4335250	g__Bacteroides	0.23404450983998526	HIS
ERR4335251	g__Bacteroides	0.3257013866494679	HIS
ERR4335252	g__Bacteroides	0.05422288855572209	HIS
ERR4335253	g__Bacteroides	0.09705280028492559	HIS
ERR4335254	g__Bacteroides	0.09545141281874565	HIS
ERR4335255	g__Bacteroides	0.15565432942986576	HIS
ERR4335256	g__Bacteroides	0.3618362897047557	HIS
ERR4335257	g__Bacteroides	0.26647677045476864	HIS
ERR4335258	g__Bacteroides	0.21705980462234925	HIS
ERR4335259	g__Bacteroides	0.21028210838901257	HIS
ERR4335260	g__Bacteroides	0.20435222672064773	HIS
ERR4335261	g__Bacteroides	0.17618270799347469	HIS
ERR4335262	g__Bacteroides	0.06605161117796494	HIS
ERR4335263	g__Bacteroides	0.41065909280761836	HIS
ERR4335264	g__Bacteroides	0.12497574228604694	HIS
ERR4335265	g__Bacteroides	0.2068489367578017	HIS
ERR4335266	g__Bacteroides	0.20966484801247076	HIS
ERR4335267	g__Bacteroides	0.24530663329161448	HIS
ERR4335268	g__Bacteroides	0.0591688730286635	HIS
ERR4335269	g__Bacteroides	0.0794059524522426	HIS
ERR4335270	g__Bacteroides	0.31052912880812394	HIS
ERR4335271	g__Bacteroides	0.03657344025034224	HIS
ERR4335272	g__Bacteroides	0.5118515973892133	HIS
ERR4335273	g__Bacteroides	0.09986617597858811	HIS
ERR4335274	g__Bacteroides	0.13849431818181812	HIS
ERR4335275	g__Bacteroides	0.02836930112905526	HIS
ERR4335276	g__Bacteroides	0.07130031423013614	HIS
ERR4335277	g__Bacteroides	0.06090123665932575	HIS
ERR4335278	g__Bacteroides	0.16612334508682056	HIS
ERR4335279	g__Bacteroides	0.053138159213956274	HIS
ERR4335280	g__Bacteroides	0.26193771626297574	HIS
ERR4335281	g__Bacteroides	0.3964315166054427	HIS
ERR4335282	g__Bacteroides	0.02626597944148391	HIS
ERR4335283	g__Bacteroides	0.14804287802501212	HIS
ERR4335284	g__Bacteroides	0.030085522296884517	HIS
ERR4335285	g__Bacteroides	0.07962657880285556	HIS
ERR4335286	g__Bacteroides	0.18508634222919934	HIS
ERR4335287	g__Bacteroides	0.15695364238410592	HIS
ERR4335288	g__Bacteroides	0.18401701610452748	HIS
ERR4335289	g__Bacteroides	0.170350653859507	HIS
ERR4335290	g__Bacteroides	0.08565706362655982	HIS
ERR4335291	g__Bacteroides	0.10647915620291305	HIS
ERR4335292	g__Bacteroides	0.19579728059332505	HIS
ERR4335293	g__Bacteroides	0.1478244164825665	HIS
ERR4335294	g__Bacteroides	0.0659760087241003	HIS
ERR4335295	g__Bacteroides	0.1163921836334158	HIS
ERR4335296	g__Bacteroides	0.2277286721620816	HIS
ERR4335297	g__Bacteroides	0.20263893743446346	HIS
ERR4335298	g__Bacteroides	0.2845793050636546	HIS
ERR4335299	g__Bacteroides	0.06812283737024219	HIS
ERR4335300	g__Bacteroides	0.02751241880015283	HIS
ERR4335301	g__Bacteroides	0.1369938553647392	HIS
ERR4335302	g__Bacteroides	0.18743904817632143	HIS
ERR4335303	g__Bacteroides	0.2168570546464958	HIS
ERR4335304	g__Bacteroides	0.14915890549418812	HIS
ERR4335305	g__Bacteroides	0.04361030126336247	HIS
ERR4335306	g__Bacteroides	0.07368941641938674	HIS
ERR4335307	g__Bacteroides	0.08337432365961629	HIS
ERR4335308	g__Bacteroides	0.13485485996004926	HIS
ERR4335309	g__Bacteroides	0.1390465891682436	HIS
ERR4335310	g__Bacteroides	0.03263369752731451	HIS
ERR4335311	g__Bacteroides	0.07737832346965812	HIS
ERR4335312	g__Bacteroides	0.05390572137433271	HIS
ERR4335313	g__Bacteroides	0.11439527081003353	HIS
ERR4335314	g__Bacteroides	0.3003378378378378	HIS
ERR4335315	g__Bacteroides	0.21365218367576064	HIS
ERR4335316	g__Bacteroides	0.16466914247130315	HIS
ERR4335317	g__Bacteroides	0.07385746079395472	HIS
ERR4335318	g__Bacteroides	0.1892031379025598	HIS
ERR4341661	g__Bacteroides	0.07505540032758451	HIS
ERR4341662	g__Bacteroides	0.15907492772872878	HIS
ERR4341663	g__Bacteroides	0.09890211274102773	HIS
ERR4341664	g__Bacteroides	0.14433859881828046	HIS
ERR4341665	g__Bacteroides	0.078019609206592	HIS
ERR4341666	g__Bacteroides	0.20594333102971665	HIS
ERR4341667	g__Bacteroides	0.16438356164383558	HIS
ERR4341668	g__Bacteroides	0.07762030323005929	HIS
ERR4341669	g__Bacteroides	0.16552348906431988	HIS
ERR4341670	g__Bacteroides	0.04399902224395009	HIS
ERR4341671	g__Bacteroides	0.17996826285820963	HIS
ERR4341672	g__Bacteroides	0.09926176287467754	HIS
ERR4341673	g__Bacteroides	0.08990031972917055	HIS
ERR4341674	g__Bacteroides	0.2969353380987593	HIS
ERR4341675	g__Bacteroides	0.07306590257879653	HIS
ERR4341676	g__Bacteroides	0.09834881320949429	HIS
ERR4341677	g__Bacteroides	0.10498058030614574	HIS
ERR4341678	g__Bacteroides	0.14702389787739345	HIS
ERR4341679	g__Bacteroides	0.29347697407363554	HIS
ERR4341680	g__Bacteroides	0.04194361677744669	HIS
ERR4341681	g__Bacteroides	0.2490328820116054	HIS
ERR4341682	g__Bacteroides	0.07570382670390215	HIS
ERR4341683	g__Bacteroides	0.0824302134646962	HIS
ERR4341684	g__Bacteroides	0.20726115336893774	HIS
ERR4341685	g__Bacteroides	0.12087604846225532	HIS
ERR4341686	g__Bacteroides	0.21814254859611226	HIS
ERR4341687	g__Bacteroides	0.1707470841651781	HIS
ERR4341688	g__Bacteroides	0.08254716981132071	HIS
ERR4341689	g__Bacteroides	0.1617137028221693	HIS
ERR4341690	g__Bacteroides	0.27248627153948113	HIS
ERR4341691	g__Bacteroides	0.11413187395180509	HIS
ERR4341692	g__Bacteroides	0.05856123662306775	HIS
ERR4341693	g__Bacteroides	0.05866666666666664	HIS
ERR4341694	g__Bacteroides	0.03743211792086887	HIS
ERR4341695	g__Bacteroides	0.28480329637986856	HIS
ERR4341696	g__Bacteroides	0.05706221622284941	HIS
ERR4341697	g__Bacteroides	0.06345302508607964	HIS
ERR4341698	g__Bacteroides	0.21761658031088082	HIS
ERR4341699	g__Bacteroides	0.19895244429664113	HIS
ERR4341700	g__Bacteroides	0.1793385162735538	HIS
ERR4341701	g__Bacteroides	0.08990306946688204	HIS
ERR4341702	g__Bacteroides	0.06440171737913007	HIS
ERR4341703	g__Bacteroides	0.12020550130831571	HIS
ERR4341704	g__Bacteroides	0.17435394177298003	HIS
ERR4341705	g__Bacteroides	0.02011716591135181	HIS
ERR4341706	g__Bacteroides	0.16786671131949094	HIS
ERR4341707	g__Bacteroides	0.19538400318344606	HIS
ERR4341708	g__Bacteroides	0.0724738675958188	HIS
ERR4341709	g__Bacteroides	0.2120645103804686	HIS
ERR4341710	g__Bacteroides	0.11278682457438934	HIS
ERR4341711	g__Bacteroides	0.04187734221640591	HIS
ERR4341712	g__Bacteroides	0.056017445822543255	HIS
ERR4341713	g__Bacteroides	0.06383110835144362	HIS
ERR4341714	g__Bacteroides	0.15930314288583186	HIS
ERR4341715	g__Bacteroides	0.09923433407213378	HIS
ERR4341716	g__Bacteroides	0.17775718257645967	HIS
ERR4341717	g__Bacteroides	0.3568750544947249	HIS
ERR4341718	g__Bacteroides	0.057953873447664075	HIS
ERR4341719	g__Bacteroides	0.13961966696226225	HIS
ERR4341720	g__Bacteroides	0.1362605894284691	HIS
ERR4341721	g__Bacteroides	0.05343964712867926	HIS
ERR4341722	g__Bacteroides	0.08192748625221359	HIS
ERR4341723	g__Bacteroides	0.10921926910299001	HIS
ERR4341724	g__Bacteroides	0.16578259836909193	HIS
ERR4341725	g__Bacteroides	0.07626933972543033	HIS
ERR4341726	g__Bacteroides	0.1698513800424628	HIS
ERR4341727	g__Bacteroides	0.1729780271154745	HIS
ERR4341728	g__Bacteroides	0.18980915671711945	HIS
ERR4341729	g__Bacteroides	0.12409347300564058	HIS
ERR4341730	g__Bacteroides	0.03720848982443879	HIS
ERR4341731	g__Bacteroides	0.048327137546468356	HIS
ERR4341732	g__Bacteroides	0.15471730987019772	HIS
ERR4341733	g__Bacteroides	0.08565436241610734	HIS
ERR4341734	g__Bacteroides	0.06161640925063327	HIS
ERR4341735	g__Bacteroides	0.07486209613869182	HIS
ERR4341736	g__Bacteroides	0.2484744305973356	HIS
ERR4341737	g__Bacteroides	0.03948735711811565	HIS
ERR4341738	g__Bacteroides	0.009765624999999977	HIS
ERR4341739	g__Bacteroides	0.10700017370158066	HIS
ERR4341740	g__Bacteroides	0.2000733406674	HIS
ERR4341741	g__Bacteroides	0.12542723977213874	HIS
ERR4341742	g__Bacteroides	0.059097348714835046	HIS
ERR4341743	g__Bacteroides	0.20893697083725302	HIS
ERR4341744	g__Bacteroides	0.04076086956521737	HIS
ERR4341745	g__Bacteroides	0.09836065573770487	HIS
ERR4341746	g__Bacteroides	0.03525847029657513	HIS
ERR4341747	g__Bacteroides	0.0016482610845557882	HIS
ERR4341748	g__Bacteroides	0.1113079896907216	HIS
ERR4341749	g__Bacteroides	0.034349331342067704	HIS
ERR4341750	g__Bacteroides	0.20696658880877422	HIS
ERR4341751	g__Bacteroides	0.10253736531108791	HIS
ERR4341752	g__Bacteroides	0.16211087748089642	HIS
ERR4341753	g__Bacteroides	0.09359042084874093	HIS
ERR4341754	g__Bacteroides	0.2206958531262036	HIS
ERR4341755	g__Bacteroides	0.08949002217294898	HIS
ERR4341756	g__Bacteroides	0.10288935870331214	HIS
ERR4341757	g__Bacteroides	0.11590222466355393	HIS
ERR4341758	g__Bacteroides	0.01933388716864282	HIS
ERR4341759	g__Bacteroides	0.08594487850948737	HIS
ERR4341760	g__Bacteroides	0.12079712053375469	HIS
ERR4341761	g__Bacteroides	0.39061805246776343	HIS
ERR4341762	g__Bacteroides	0.09485268015619454	HIS
ERR4341763	g__Bacteroides	0.22186907890715724	HIS
ERR4341764	g__Bacteroides	0.2328379334748761	HIS
ERR4341765	g__Bacteroides	0.07724537213377006	HIS
ERR4341766	g__Bacteroides	0.29258241758241754	HIS
ERR4341767	g__Bacteroides	0.04604330150326177	HIS
ERR4341768	g__Bacteroides	0.2197851387645479	HIS
ERR4341769	g__Bacteroides	0.2867281105990783	HIS
ERR4341770	g__Bacteroides	0.11034198599093527	HIS
ERR4341771	g__Bacteroides	0.08781043193624134	HIS
ERR4341772	g__Bacteroides	0.31227436823104693	HIS
ERR4341773	g__Bacteroides	0.09586747731077624	HIS
ERR4341774	g__Bacteroides	0.12759806219721828	HIS
ERR4341775	g__Bacteroides	0.22000205994438146	HIS
ERR4341776	g__Bacteroides	0.1996479525662405	HIS
ERR4341777	g__Bacteroides	0.04883136003926136	HIS
ERR4341778	g__Bacteroides	0.11616940237598618	HIS
ERR4341779	g__Bacteroides	0.05374581711397937	HIS
ERR4341780	g__Bacteroides	0.18514140987758546	HIS
ERR4341781	g__Bacteroides	0.055353325244120836	HIS
ERR4341782	g__Bacteroides	0.06567663668688552	HIS
ERR4341783	g__Bacteroides	0.12232081911262796	HIS
ERR4341784	g__Bacteroides	0.11113954281815078	HIS
ERR4341785	g__Bacteroides	0.14898989898989895	HIS
ERR4341786	g__Bacteroides	0.15548204158790166	HIS
ERR4341787	g__Bacteroides	0.0481530343007915	HIS
ERR4341788	g__Bacteroides	0.03543307086614169	HIS
ERR4341789	g__Bacteroides	0.03800741187623888	HIS
ERR4341790	g__Bacteroides	0.15626784112225753	HIS
ERR4341791	g__Bacteroides	0.025190345051028636	HIS
ERR4341792	g__Bacteroides	0.18198542939141948	HIS
ERR4341793	g__Bacteroides	0.2192518804635088	HIS
ERR4341794	g__Bacteroides	0.0757150869321368	HIS
ERR4341795	g__Bacteroides	0.12617992679637835	HIS
ERR4341796	g__Bacteroides	0.05405732985879639	HIS
ERR4341797	g__Bacteroides	0.1580484724086208	HIS
ERR4341798	g__Bacteroides	0.17604630069537422	HIS
ERR4341799	g__Bacteroides	0.18545555350212525	HIS
ERR4341800	g__Bacteroides	0.1853045651887909	HIS
ERR4341801	g__Bacteroides	0.0847963800904977	HIS
ERR4341802	g__Bacteroides	0.026561942163512986	HIS
ERR4341803	g__Bacteroides	0.00105318588730911	HIS
ERR4341804	g__Bacteroides	0.051465867750909444	HIS
ERR4341805	g__Bacteroides	0.22929722470904204	HIS
ERR4341806	g__Bacteroides	0.08271375464684011	HIS
ERR4341807	g__Bacteroides	0.21407124888420023	HIS
ERR4341808	g__Bacteroides	0.0139595866111368	HIS
ERR4341809	g__Bacteroides	0.09337818987445635	HIS
ERR4341810	g__Bacteroides	0.03388721706136331	HIS
ERR4341811	g__Bacteroides	0.10483870967741932	HIS
ERR4341812	g__Bacteroides	0.0838085234093637	HIS
ERR4341813	g__Bacteroides	0.44970189014334644	HIS
ERR4341814	g__Bacteroides	0.09807298955754115	HIS
ERR4341815	g__Bacteroides	0.19825477083673135	HIS
ERR4341816	g__Bacteroides	0.05649341033614687	HIS
ERR4341817	g__Bacteroides	0.1614506627393225	HIS
ERR4341818	g__Bacteroides	0.40805283679477994	HIS
ERR4341819	g__Bacteroides	0.11627906976744184	HIS
ERR4341820	g__Bacteroides	0.03496823147597931	HIS
ERR4341821	g__Bacteroides	0.11227902532250353	HIS
ERR4341822	g__Bacteroides	0.13904034896401307	HIS
ERR4341823	g__Bacteroides	0.2213590874098957	HIS
ERR4341824	g__Bacteroides	0.04166807247208069	HIS
ERR4341825	g__Bacteroides	0.11713644300324266	HIS
ERR4341826	g__Bacteroides	0.2190621814475025	HIS
ERR4341827	g__Bacteroides	0.13669301712779972	HIS
ERR4341828	g__Bacteroides	0.10086569772059405	HIS
ERR4341829	g__Bacteroides	0.18455764075067022	HIS
ERR4341830	g__Bacteroides	0.27539741025371084	HIS
ERR4341831	g__Bacteroides	0.14225868388898583	HIS
ERR4341832	g__Bacteroides	0.10505561172901917	HIS
ERR4341833	g__Bacteroides	0.06990575532985631	HIS
ERR4341834	g__Bacteroides	0.18421879911977362	HIS
ERR4341835	g__Bacteroides	0.26938495017752834	HIS
ERR4341836	g__Bacteroides	0.34056631312639873	HIS
ERR4341837	g__Bacteroides	0.08846109774263775	HIS
ERR4341838	g__Bacteroides	0.15655561739683543	HIS
ERR4341839	g__Bacteroides	0.0659190638712823	HIS
ERR4341840	g__Bacteroides	0.029657356752087496	HIS
ERR4341841	g__Bacteroides	0.17906976744186046	HIS
ERR4341842	g__Bacteroides	0.23460820895522383	HIS
ERR4341843	g__Bacteroides	0.2153482996877228	HIS
ERR4341844	g__Bacteroides	0.12151132926202839	HIS
ERR4341845	g__Bacteroides	0.03528449585231917	HIS
ERR4341846	g__Bacteroides	0.19276790427591056	HIS
ERR4341847	g__Bacteroides	0.03216565722704205	HIS
ERR4341848	g__Bacteroides	0.10671548002841375	HIS
ERR4341849	g__Bacteroides	0.08545243319994833	HIS
ERR4341850	g__Bacteroides	0.05178103465010189	HIS
ERR4341851	g__Bacteroides	0.20446435350391007	HIS
ERR4341852	g__Bacteroides	0.0901316785227788	HIS
ERR4341853	g__Bacteroides	0.06916243654822332	HIS
ERR4341854	g__Bacteroides	0.21031989214364502	HIS
ERR4341855	g__Bacteroides	0.2891177694548481	HIS
ERR4341856	g__Bacteroides	0.027733802403987075	HIS
ERR4341857	g__Bacteroides	0.19733185102834905	HIS
ERR4341858	g__Bacteroides	0.1364705882352941	HIS
ERR4341859	g__Bacteroides	0.09928408465108955	HIS
ERR4341860	g__Bacteroides	0.07803049663514776	HIS
ERR4341861	g__Bacteroides	0.09701089888852918	HIS
ERR4341862	g__Bacteroides	0.05576579792931092	HIS
ERR4341863	g__Bacteroides	0.14352331606217616	HIS
ERR4341864	g__Bacteroides	0.11972419557041368	HIS
ERR4341865	g__Bacteroides	0.12659319597508384	HIS
ERR4341866	g__Bacteroides	0.048757240266881705	HIS
ERR4341867	g__Bacteroides	0.02990987422006534	HIS
ERR4341868	g__Bacteroides	0.10882870797350548	HIS
ERR4341869	g__Bacteroides	0.1414149841481728	HIS
ERR4341870	g__Bacteroides	0.17640307586365198	HIS
ERR4341871	g__Bacteroides	0.12610463061152347	HIS
ERR4341872	g__Bacteroides	0.08618012422360245	HIS
ERR4341873	g__Bacteroides	0.07535509053453324	HIS
ERR4341874	g__Bacteroides	0.0738093187494617	HIS
ERR4341875	g__Bacteroides	0.0513356215490225	HIS
ERR4341876	g__Bacteroides	0.12046226168712455	HIS
ERR4341877	g__Bacteroides	0.07483753755852138	HIS
ERR4341878	g__Bacteroides	0.023268398268398237	HIS
ERR4341879	g__Bacteroides	0.006690641465250466	HIS
ERR4341880	g__Bacteroides	0.238964096527369	HIS
ERR4341881	g__Bacteroides	0.12541091387245232	HIS
ERR4341882	g__Bacteroides	0.1751873918892946	HIS
ERR4341883	g__Bacteroides	0.06883764051454394	HIS
ERR4341884	g__Bacteroides	0.15288179746011066	HIS
ERR4341885	g__Bacteroides	0.20328336902212701	HIS
ERR4341886	g__Bacteroides	0.07370292548892836	HIS
ERR4341887	g__Bacteroides	0.1585357509408142	HIS
ERR4341888	g__Bacteroides	0.19757759273277817	HIS
ERR4341889	g__Bacteroides	0.08427980044581251	HIS
ERR4341890	g__Bacteroides	0.12434257006044427	HIS
ERR4341891	g__Bacteroides	0.1334951456310679	HIS
ERR4341892	g__Bacteroides	0.026292963244063727	HIS
ERR4341893	g__Bacteroides	0.17435802009676216	HIS
ERR4341894	g__Bacteroides	0.23955684707591715	HIS
ERR4341895	g__Bacteroides	0.4113759076522063	HIS
ERR4341896	g__Bacteroides	0.05807962529274001	HIS
ERR4341897	g__Bacteroides	0.060490822431802045	HIS
ERR4341898	g__Bacteroides	0.09862942401110335	HIS
ERR4341899	g__Bacteroides	0.13435542367293105	HIS
ERR4341900	g__Bacteroides	0.3432958596106389	HIS
ERR4341901	g__Bacteroides	0.11123416626289191	HIS
ERR4341902	g__Bacteroides	0.21760951731829725	HIS
ERR4341903	g__Bacteroides	0.07965175511716213	HIS
ERR4341904	g__Bacteroides	0.18871268656716417	HIS
ERR4341905	g__Bacteroides	0.03887106184364057	HIS
ERR4341906	g__Bacteroides	0.20057814248414768	HIS
ERR4341907	g__Bacteroides	0.20266666666666666	HIS
ERR4341908	g__Bacteroides	0.194647201946472	HIS
ERR4341909	g__Bacteroides	0.040770791075050675	HIS
ERR4341910	g__Bacteroides	0.18344519015659955	HIS
ERR4341911	g__Bacteroides	0.2103553563307997	HIS
ERR4341912	g__Bacteroides	0.07232527637249389	HIS
ERR4341913	g__Bacteroides	0.08944658944658943	HIS
ERR4341914	g__Bacteroides	0.2142232585252113	HIS
ERR4341915	g__Bacteroides	0.22703707326616449	HIS
ERR4341916	g__Bacteroides	0.1884296162379817	HIS
ERR4341917	g__Bacteroides	0.09187493676009305	HIS
ERR4341918	g__Bacteroides	0.1509330406147091	HIS
ERR4341919	g__Bacteroides	0.06859058207979069	HIS
ERR4341920	g__Bacteroides	0.11096075778078483	HIS
ERR4341921	g__Bacteroides	0.16283229005771885	HIS
ERR4341922	g__Bacteroides	0.053659878921298816	HIS
ERR4341923	g__Bacteroides	0.03294802233231106	HIS
ERR4341924	g__Bacteroides	0.16018466703973136	HIS
ERR4341925	g__Bacteroides	0.2151071298874228	HIS
ERR4341926	g__Bacteroides	0.013505217925107426	HIS
ERR4341927	g__Bacteroides	0.14161108260646482	HIS
ERR4341928	g__Bacteroides	0.08611839853997943	HIS
ERR4341929	g__Bacteroides	0.05917545958881755	HIS
ERR4341930	g__Bacteroides	0.2854688003436795	HIS
ERR4341931	g__Bacteroides	0.05897330595482544	HIS
ERR4341932	g__Bacteroides	0.050975320616445705	HIS
ERR4341933	g__Bacteroides	0.2694111027756939	HIS
ERR4341934	g__Bacteroides	0.17170241898676397	HIS
ERR4341935	g__Bacteroides	0.03269437477606589	HIS
ERR4341936	g__Bacteroides	0.1484171018276762	HIS
ERR4341937	g__Bacteroides	0.16841427520235466	HIS
ERR4341938	g__Bacteroides	0.21500911484707305	HIS
ERR4341939	g__Bacteroides	0.14208583549115747	HIS
ERR4341940	g__Bacteroides	0.0528288416919507	HIS
ERR4341941	g__Bacteroides	0.06949945984875762	HIS
ERR4341942	g__Bacteroides	0.12824744788801268	HIS
ERR4341943	g__Bacteroides	0.08852015382424153	HIS
ERR4341944	g__Bacteroides	0.04936760505915949	HIS
ERR4341945	g__Bacteroides	0.031949991317937125	HIS
ERR4341946	g__Bacteroides	0.43107191316146537	HIS
ERR4341947	g__Bacteroides	0.09045128801084638	HIS
ERR4341948	g__Bacteroides	0.04643912044634063	HIS
ERR4341949	g__Bacteroides	0.14327221721270408	HIS
ERR4341950	g__Bacteroides	0.11072517790579459	HIS
ERR4341951	g__Bacteroides	0.2368129841386942	HIS
ERR4341952	g__Bacteroides	0.02159870811465473	HIS
ERR4341953	g__Bacteroides	0.1014787762677363	HIS
ERR4341954	g__Bacteroides	0.06355177192635118	HIS
ERR4341955	g__Bacteroides	0.009953674721422301	HIS
ERR4341956	g__Bacteroides	0.10567612687813016	HIS
ERR4341957	g__Bacteroides	0.23483639265762166	HIS
ERR4341958	g__Bacteroides	0.15512081173808304	HIS
ERR4341959	g__Bacteroides	0.1414690210009403	HIS
HCO11	g__Bacteroides	0.004719949653870346	LMIS
HCO12	g__Bacteroides	0.004922644163150491	LMIS
HCO53	g__Bacteroides	0.005065856129685905	LMIS
HCO61	g__Bacteroides	0.005342152124141426	LMIS
HCO64	g__Bacteroides	0.0020925366193908393	LMIS
HCO67	g__Bacteroides	0.01031790295593976	LMIS
HCO70	g__Bacteroides	0.011125158027812882	LMIS
HCO74	g__Bacteroides	0.0013732491073880802	LMIS
M1.1.ST	g__Bacteroides	0.017918339371389404	LMIS
M1.10.ST	g__Bacteroides	0.06745010778110005	LMIS
M1.15.ST	g__Bacteroides	0.03447248584925734	LMIS
M1.16.ST	g__Bacteroides	0.015841206221967732	LMIS
M1.20.ST	g__Bacteroides	0.0022959308289775744	LMIS
M1.22.ST	g__Bacteroides	0.0064355711569401685	LMIS
M1.23.ST	g__Bacteroides	0.0030921459492888	LMIS
M1.24.ST	g__Bacteroides	0.00338690806084117	LMIS
M1.25.ST	g__Bacteroides	0.002439024390243901	LMIS
M1.26.ST	g__Bacteroides	0.0023201856148491826	LMIS
M1.27.ST	g__Bacteroides	0.005089281797042938	LMIS
M1.29.ST	g__Bacteroides	0.019782300047326073	LMIS
M1.3.ST	g__Bacteroides	0.003736061616277728	LMIS
M1.35.ST	g__Bacteroides	0.0023515579071134627	LMIS
M1.37.ST	g__Bacteroides	0.00828586224754013	LMIS
M1.38.ST	g__Bacteroides	0.0017306028266512836	LMIS
M1.4.ST	g__Bacteroides	0.006187959262601518	LMIS
M1.42.ST	g__Bacteroides	0.0013534691551503062	LMIS
M1.44.ST	g__Bacteroides	0.01959592890779279	LMIS
M1.48.ST	g__Bacteroides	0.017966223499820327	LMIS
M1.5.ST	g__Bacteroides	9.352349777881693e-4	LMIS
M1.57.ST	g__Bacteroides	6.653359946773121e-4	LMIS
M1.59.ST	g__Bacteroides	0.008020469418884998	LMIS
M1.6.ST	g__Bacteroides	0.08850682735364028	LMIS
M1.61.ST	g__Bacteroides	0.004516899434089598	LMIS
M1.62.ST	g__Bacteroides	0.04321470473210791	LMIS
M1.63.ST	g__Bacteroides	0.0020305856970619937	LMIS
M1.64.ST	g__Bacteroides	0.009932497589199596	LMIS
M1.65.ST	g__Bacteroides	0.007875307629204256	LMIS
M1.7.ST	g__Bacteroides	0.0017849449129069897	LMIS
M2.31.ST	g__Bacteroides	0.002635895032802243	LMIS
M2.32.ST	g__Bacteroides	4.5007394071883237e-4	LMIS
M2.33.ST	g__Bacteroides	0.0012283335608025074	LMIS
M2.36.ST	g__Bacteroides	0.004437564499484004	LMIS
M2.37.ST	g__Bacteroides	0.007419091015305521	LMIS
M2.38.ST	g__Bacteroides	0.012219959266802437	LMIS
M2.39.ST	g__Bacteroides	0.027369077306733144	LMIS
M2.40.ST	g__Bacteroides	0.011574523116715156	LMIS
M2.41.ST	g__Bacteroides	0.008513826454161537	LMIS
M2.44.ST	g__Bacteroides	0.01231310466138961	LMIS
M2.45.ST	g__Bacteroides	6.926079838811232e-4	LMIS
M2.46.ST	g__Bacteroides	0.026416231418240236	LMIS
M2.48.ST	g__Bacteroides	0.001853069519995212	LMIS
M2.49.ST	g__Bacteroides	0.010912886695767681	LMIS
M2.50.ST	g__Bacteroides	0.0010532552169047462	LMIS
M2.51.ST	g__Bacteroides	5.61377245508982e-4	LMIS
M2.52.ST	g__Bacteroides	0.010129981082565447	LMIS
M2.56.ST	g__Bacteroides	0.0013702540679417642	LMIS
M2.57.ST	g__Bacteroides	0.11928403449176898	LMIS
M2.60.ST	g__Bacteroides	0.00344212136664966	LMIS
M2.63.ST	g__Bacteroides	0.005559827290471394	LMIS
N001A	g__Bacteroides	0.5290766989005166	HIS
N002A	g__Bacteroides	0.13125972006220835	HIS
N003A	g__Bacteroides	0.4730238393977415	HIS
N005A	g__Bacteroides	0.4973985431841831	HIS
N006A	g__Bacteroides	0.5453201970443349	HIS
N009A	g__Bacteroides	0.3497682258744205	HIS
N011A	g__Bacteroides	0.22068798449612398	HIS
N013A	g__Bacteroides	0.10789980732177258	HIS
N017A	g__Bacteroides	0.18501315993187795	HIS
N020A	g__Bacteroides	0.17803623350480874	HIS
N021A	g__Bacteroides	0.42633429210610413	HIS
N022A	g__Bacteroides	0.1799633195781751	HIS
N024A	g__Bacteroides	0.6211474632527264	HIS
N025A	g__Bacteroides	0.17948717948717943	HIS
N026A	g__Bacteroides	0.402993836219548	HIS
N027A	g__Bacteroides	0.12909896602658785	HIS
N029A	g__Bacteroides	0.5043366527465467	HIS
N031A	g__Bacteroides	0.32448	HIS
N032A	g__Bacteroides	0.5940903698910815	HIS
N033A	g__Bacteroides	0.0017289073305670818	HIS
N034A	g__Bacteroides	0.5402519167579408	HIS
N035A	g__Bacteroides	0.5275482093663911	HIS
N037A	g__Bacteroides	0.1396279726866023	HIS
N038A	g__Bacteroides	0.4783393501805054	HIS
N039A	g__Bacteroides	0.5655652173913043	HIS
N040A	g__Bacteroides	0.6798465624077898	HIS
N042A	g__Bacteroides	0.2976707010733044	HIS
N043A	g__Bacteroides	0.5640312541385246	HIS
N044A	g__Bacteroides	0.25734430082256166	HIS
N046A	g__Bacteroides	0.6924756335282651	HIS
N047A	g__Bacteroides	0.4234606469817595	HIS
N049A	g__Bacteroides	0.6468200270635994	HIS
N051A	g__Bacteroides	0.6082609408293722	HIS
N052A	g__Bacteroides	0.10373921380632789	HIS
N056A	g__Bacteroides	0.13185723727693321	HIS
N062A	g__Bacteroides	0.11272500445553373	HIS
N064A	g__Bacteroides	0.24199824275134924	HIS
N066A	g__Bacteroides	0.22914198679979686	HIS
N074A	g__Bacteroides	0.3653305203938115	HIS
N079A	g__Bacteroides	0.4078492077945729	HIS
N082A	g__Bacteroides	0.29549675023212624	HIS
N083A	g__Bacteroides	0.6797395752596497	HIS
N084A	g__Bacteroides	0.4392174704276615	HIS
N085A	g__Bacteroides	0.25276153346328784	HIS
N086A	g__Bacteroides	0.550017031906438	HIS
N087A	g__Bacteroides	0.51931602279924	HIS
N088A	g__Bacteroides	0.3040676600886024	HIS
N089A	g__Bacteroides	0.35800955999509737	HIS
N103A	g__Bacteroides	0.12267764796016087	HIS
NLF001	g__Bacteroides	0.5028409090909091	HIS
NLF002	g__Bacteroides	0.4048442906574394	HIS
NLF005	g__Bacteroides	0.2533150434385002	HIS
NLF006	g__Bacteroides	0.21247739602169982	HIS
NLF007	g__Bacteroides	0.19991582491582485	HIS
NLF008	g__Bacteroides	0.4813432835820895	HIS
NLF009	g__Bacteroides	0.47663551401869153	HIS
NLF010	g__Bacteroides	0.7295440349781386	HIS
NLF011	g__Bacteroides	0.43895348837209297	HIS
NLF012	g__Bacteroides	0.4728165555945282	HIS
NLF013	g__Bacteroides	0.36504822625469996	HIS
NLF014	g__Bacteroides	0.7879581151832461	HIS
NLF015	g__Bacteroides	0.7339984650805832	HIS
NLM001	g__Bacteroides	0.11671924290220817	HIS
NLM002	g__Bacteroides	0.11491125793496565	HIS
NLM003	g__Bacteroides	0.6941704035874439	HIS
NLM004	g__Bacteroides	0.019315438147990308	HIS
NLM005	g__Bacteroides	0.5895339329517579	HIS
NLM006	g__Bacteroides	0.4913983237759153	HIS
NLM007	g__Bacteroides	0.47409561897836755	HIS
NLM008	g__Bacteroides	0.20151269584008638	HIS
NLM009	g__Bacteroides	0.025433526011560674	HIS
NLM010	g__Bacteroides	0.37159563009693797	HIS
NLM015	g__Bacteroides	0.29494799405646355	HIS
NLM016	g__Bacteroides	0.014228546020453516	HIS
NLM017	g__Bacteroides	0.5887988209285188	HIS
NLM021	g__Bacteroides	0.4161410318615558	HIS
NLM022	g__Bacteroides	0.2825091575091575	HIS
NLM023	g__Bacteroides	0.5376539471027659	HIS
NLM024	g__Bacteroides	0.26205891874393006	HIS
NLM025	g__Bacteroides	0.04663461538461536	HIS
NLM026	g__Bacteroides	0.18944220517487964	HIS
NLM027	g__Bacteroides	0.0038126361655773417	HIS
NLM028	g__Bacteroides	0.3166691101011582	HIS
NLM029	g__Bacteroides	0.17381974248927035	HIS
NLM031	g__Bacteroides	0.42688821752265854	HIS
NLM032	g__Bacteroides	0.16727733934611042	HIS
NO01	g__Bacteroides	0	HIS
NO02	g__Bacteroides	0.03864879035278254	HIS
NO03	g__Bacteroides	0.02631763141317276	HIS
NO04	g__Bacteroides	0.026505819386628125	HIS
NO05	g__Bacteroides	0.15267108167770416	HIS
NO06	g__Bacteroides	0.0826182618261826	HIS
NO08	g__Bacteroides	0.015410958904109574	HIS
NO09	g__Bacteroides	0.02026404666871353	HIS
NO10	g__Bacteroides	0.00855863061910094	HIS
NO11	g__Bacteroides	0.04716751762703621	HIS
NO12	g__Bacteroides	0.35502121640735496	HIS
NO13	g__Bacteroides	0.11141779372527368	HIS
NO15	g__Bacteroides	0.023264756777542753	HIS
NO16	g__Bacteroides	0.11346468343586945	HIS
NO19	g__Bacteroides	0.08303155716502843	HIS
NO20	g__Bacteroides	0.4295945477648146	HIS
NO21	g__Bacteroides	0.0570488721804511	HIS
NO22	g__Bacteroides	0.05729413624150464	HIS
NO23	g__Bacteroides	0.034408447668989275	HIS
NOF001	g__Bacteroides	0.24673202614379083	HIS
NOF002	g__Bacteroides	0.4727748691099476	HIS
NOF004	g__Bacteroides	0.3785942492012779	HIS
NOF005	g__Bacteroides	0.42543352601156065	HIS
NOF006	g__Bacteroides	0.7211774325429271	HIS
NOF007	g__Bacteroides	0.5417919422730005	HIS
NOF008	g__Bacteroides	0.35585889985133123	HIS
NOF009	g__Bacteroides	0.7067740407389863	HIS
NOF010	g__Bacteroides	0.3348538604494002	HIS
NOF011	g__Bacteroides	0.48674130819092515	HIS
NOF012	g__Bacteroides	0.22011624968410406	HIS
NOF013	g__Bacteroides	0.3815402704291593	HIS
NOF014	g__Bacteroides	0.17384880571287856	HIS
NOM001	g__Bacteroides	0.03717811976230378	HIS
NOM002	g__Bacteroides	0.15284974093264247	HIS
NOM004	g__Bacteroides	0.6678571428571428	HIS
NOM005	g__Bacteroides	0.1911409395973154	HIS
NOM007	g__Bacteroides	0.1409395973154362	HIS
NOM008	g__Bacteroides	0.6785040854808296	HIS
NOM009	g__Bacteroides	0.0732789466151424	HIS
NOM010	g__Bacteroides	0.43792107795957647	HIS
NOM012	g__Bacteroides	0.12521891418563919	HIS
NOM013	g__Bacteroides	0.20150501672240798	HIS
NOM014	g__Bacteroides	0.7174660092634095	HIS
NOM015	g__Bacteroides	0.5711880711880711	HIS
NOM016	g__Bacteroides	0.5333498023715415	HIS
NOM017	g__Bacteroides	0.024776324845147947	HIS
NOM018	g__Bacteroides	0.3759150805270864	HIS
NOM019	g__Bacteroides	0.1514116575591985	HIS
NOM020	g__Bacteroides	0.20605187319884724	HIS
NOM022	g__Bacteroides	0.20951156812339328	HIS
NOM023	g__Bacteroides	0.5026143790849673	HIS
NOM025	g__Bacteroides	0.5367051313528112	HIS
NOM026	g__Bacteroides	0.15899383009017556	HIS
NOM027	g__Bacteroides	0.018327974276527322	HIS
NOM028	g__Bacteroides	0.47243408149923727	HIS
PNPM__5445	g__Bacteroides	0.31173652694610776	HIS
PNPM__5446	g__Bacteroides	0.39195663136661624	HIS
PNPM__5450	g__Bacteroides	0.11365698729582575	HIS
PNPM__5451	g__Bacteroides	0.03378314617344529	HIS
PNPM__5453	g__Bacteroides	0.22630517589065646	HIS
PNPM__5454	g__Bacteroides	0.05637129068692876	HIS
PNPM__5455	g__Bacteroides	0.024487756121939	HIS
PNPM__5456	g__Bacteroides	0.04451372650904993	HIS
PNPM__5457	g__Bacteroides	0.06368689207966648	HIS
PNPM__5459	g__Bacteroides	0.05200579990333491	HIS
PNPM__5460	g__Bacteroides	0.023700623700623685	HIS
PNPM__5461	g__Bacteroides	0.027363812410541356	HIS
PNPM__5463	g__Bacteroides	0.09166293142088748	HIS
PNPM__5464	g__Bacteroides	0.03487079744373435	HIS
PNPM__5465	g__Bacteroides	0.01824976101503431	HIS
PNPM__5466	g__Bacteroides	0.4012757605495583	HIS
PNPM__5467	g__Bacteroides	0.38814238566713816	HIS
PNPM__5469	g__Bacteroides	0.0624156958920907	HIS
PNPM__5470	g__Bacteroides	0.20996300211416485	HIS
PNPM__5471	g__Bacteroides	0.014268313902905855	HIS
PNPM__5472	g__Bacteroides	0.048174048174048134	HIS
PNPM__5481	g__Bacteroides	0.0827536579515471	HIS
PNPM__5482	g__Bacteroides	0.026371031225400122	HIS
PNPM__5484	g__Bacteroides	0.26417704011065	HIS
PNPM__5485	g__Bacteroides	0.1248896734333627	HIS
PNPM__5486	g__Bacteroides	0.04619531920107827	HIS
PNPM__5488	g__Bacteroides	0.031126979767463127	HIS
PNPM__5489	g__Bacteroides	0.12578558225508313	HIS
PNPM__5490	g__Bacteroides	0.37726155907974085	HIS
PNPM__5491	g__Bacteroides	0.05248250583138952	HIS
PNPM__5492	g__Bacteroides	0.042692719486081346	HIS
PNPM__5493	g__Bacteroides	0.08360622185837081	HIS
PNPM__5494	g__Bacteroides	0.16209454025556247	HIS
PNPM__5495	g__Bacteroides	0.35476550680786684	HIS
PNPM__5496	g__Bacteroides	0.14641275465013284	HIS
PNPM__5497	g__Bacteroides	0.061499431370833656	HIS
PNPM__5498	g__Bacteroides	0.0702087286527514	HIS
PNPM__5499	g__Bacteroides	0.15922032413491016	HIS
PNPM__5500	g__Bacteroides	0.08480224502323945	HIS
PNPM__5501	g__Bacteroides	0.05069708491761718	HIS
PNPM__5502	g__Bacteroides	0.017630057803468185	HIS
PNPM__5504	g__Bacteroides	0.039914686166971296	HIS
PNPM__5505	g__Bacteroides	0.030985530985530953	HIS
PNPM__5525	g__Bacteroides	0.054765988728252835	HIS
PNPM__5526	g__Bacteroides	0.09400705052878963	HIS
PNPM__5528	g__Bacteroides	0.011192815774061286	HIS
PNPM__5530	g__Bacteroides	0.00914388166741371	HIS
PNPM__5532	g__Bacteroides	0.1865661411925976	HIS
PNPM__5533	g__Bacteroides	0.18247400806280495	HIS
PNPM__5534	g__Bacteroides	0.07131985214176992	HIS
PNPM__5536	g__Bacteroides	0.05145209238509029	HIS
PNPM__5537	g__Bacteroides	0.00909183777709673	HIS
PNPM__5538	g__Bacteroides	0.0563108499254451	HIS
PNPM__5539	g__Bacteroides	0.06566724914926879	HIS
PNPM__5540	g__Bacteroides	0.03859348198970837	HIS
PNPM__5541	g__Bacteroides	0.13546781902704114	HIS
PNPM__5542	g__Bacteroides	0.014225875286493307	HIS
PNPM__5543	g__Bacteroides	0.05024869276877944	HIS
PNPM__5544	g__Bacteroides	0.03132332238385733	HIS
PNPM__5546	g__Bacteroides	0.08416628805088594	HIS
PNPM__5547	g__Bacteroides	0.22125697125697122	HIS
PNPM__5548	g__Bacteroides	0.16360019890601687	HIS
PNPM__5549	g__Bacteroides	0.04201058201058195	HIS
PNPM__5550	g__Bacteroides	0.04644102102777463	HIS
PNPM__5551	g__Bacteroides	0.0464982778415614	HIS
PNPM__5552	g__Bacteroides	0.016875181844631913	HIS
PNPM__5553	g__Bacteroides	0.069882498453927	HIS
PNPM__5555	g__Bacteroides	0.0866118175018698	HIS
PNPM__5556	g__Bacteroides	0.15807692307692306	HIS
PNPM__5557	g__Bacteroides	0.1575555025065648	HIS
PNPM__5558	g__Bacteroides	0.07248747571822917	HIS
PNPM__5559	g__Bacteroides	0.06568742655699174	HIS
PNPM__5560	g__Bacteroides	0.17651385143417503	HIS
PNPM__5561	g__Bacteroides	0.1012235817575083	HIS
PNPM__5562	g__Bacteroides	0.0051354981433199	HIS
PNPM__5564	g__Bacteroides	0.030740783543279755	HIS
PNPM__5565	g__Bacteroides	0.13436011753977098	HIS
PNPM__5566	g__Bacteroides	0.3001168907071887	HIS
PNPM__5567	g__Bacteroides	0.09291941314054854	HIS
PNPM__5568	g__Bacteroides	0.059957867444498436	HIS
PNPM__5570	g__Bacteroides	0.09661934429578178	HIS
PNPM__5571	g__Bacteroides	0.04472103004291842	HIS
PNPM__5572	g__Bacteroides	0.04637934806388095	HIS
PNPM__5573	g__Bacteroides	0.04074730230310838	HIS
PNPM__5576	g__Bacteroides	0.20797848498431193	HIS
PNPM__5578	g__Bacteroides	0.09019886363636356	HIS
PNPM__5579	g__Bacteroides	0.08313539192399046	HIS
PNPM__5581	g__Bacteroides	0.18623558328606538	HIS
PNPM__5582	g__Bacteroides	0.11043246970741795	HIS
PNPM__5583	g__Bacteroides	0.12545510644862692	HIS
PNPM__5584	g__Bacteroides	0.24104736234116286	HIS
PNPM__5585	g__Bacteroides	0.029617988394584113	HIS
PNPM__5586	g__Bacteroides	0.07266313932980598	HIS
PNPM__5587	g__Bacteroides	0.10990582906186672	HIS
PNPM__5588	g__Bacteroides	0.1696214662194537	HIS
PNPM__5589	g__Bacteroides	0.0020636472249375413	HIS
PNPM__5591	g__Bacteroides	0.12229922543823882	HIS
PNPM__5592	g__Bacteroides	0.11367505201437483	HIS
PNPM__5593	g__Bacteroides	0.06062091503267972	HIS
PNPM__5594	g__Bacteroides	0.01938110749185664	HIS
PNPM__5595	g__Bacteroides	0.01726167124362493	HIS
PNPM__5597	g__Bacteroides	0.18422303183906222	HIS
PNPM__5599	g__Bacteroides	0.03499947605574763	HIS
PNPM__5600	g__Bacteroides	0.013730940948530012	HIS
PNPM__5603	g__Bacteroides	0.02426988922457198	HIS
PNPM__5605	g__Bacteroides	0.008721371151220975	HIS
PNPM__5606	g__Bacteroides	0.14512291831879456	HIS
PNPM__5608	g__Bacteroides	0.20215165712302616	HIS
PNPM__5609	g__Bacteroides	0.10356200527704482	HIS
PNPM__5610	g__Bacteroides	0.027048139830094704	HIS
PNPM__5611	g__Bacteroides	0.06475195822454304	HIS
PNPM__5612	g__Bacteroides	0.10482906251967508	HIS
PNPM__5613	g__Bacteroides	0.060779088948102994	HIS
PNPM__5614	g__Bacteroides	0.024512534818941487	HIS
PNPM__5616	g__Bacteroides	0.05724433301995191	HIS
PNPM__5617	g__Bacteroides	0.043707522849777324	HIS
PNPM__5618	g__Bacteroides	0.052539874011526565	HIS
PNPM__5619	g__Bacteroides	0.079700272479564	HIS
PNPM__5620	g__Bacteroides	0.0053589232303090555	HIS
PNPM__5621	g__Bacteroides	5.20697734964853e-4	HIS
PNPM__5623	g__Bacteroides	0.1967151217670379	HIS
PNPM__5624	g__Bacteroides	0.06623560952531145	HIS
PNPM__5625	g__Bacteroides	0.16626860187396653	HIS
PNPM__5626	g__Bacteroides	0.3209578207381371	HIS
PNPM__5627	g__Bacteroides	0.15835048010973932	HIS
PNPM__5628	g__Bacteroides	0.05368402089713561	HIS
PNPM__5629	g__Bacteroides	0.19487838639509586	HIS
PNPM__5630	g__Bacteroides	0.2078449576418707	HIS
PNPM__5631	g__Bacteroides	0.038021505376344064	HIS
PNPM__5632	g__Bacteroides	0.1286997635933806	HIS
PNPM__5633	g__Bacteroides	0.055739972337482686	HIS
PNPM__5634	g__Bacteroides	0.12078938414426674	HIS
PNPM__5635	g__Bacteroides	0.01881903722896493	HIS
PNPM__5636	g__Bacteroides	0.0741089441829186	HIS
PNPM__5637	g__Bacteroides	0.01690595531390704	HIS
PNPM__5638	g__Bacteroides	0.006238679814852079	HIS
PNPM__5639	g__Bacteroides	0.09627016129032251	HIS
PNPM__5640	g__Bacteroides	0.0378162816281628	HIS
PNPM__5641	g__Bacteroides	0.025835831999458915	HIS
PNPM__5642	g__Bacteroides	0.09245041586692254	HIS
PNPM__5643	g__Bacteroides	0.04026150559906786	HIS
PNPM__5644	g__Bacteroides	0.039543207772285614	HIS
PNPM__5645	g__Bacteroides	0.22523888973153341	HIS
PNPM__5647	g__Bacteroides	0.024392633228840114	HIS
PNPM__5648	g__Bacteroides	0.18332335926590862	HIS
PNPM__5649	g__Bacteroides	0.08657219026238244	HIS
PNPM__5650	g__Bacteroides	0.012883116883116857	HIS
PNPM__5651	g__Bacteroides	0.17115637319316684	HIS
PNPM__5652	g__Bacteroides	0.0040751240255138144	HIS
PNPM__5653	g__Bacteroides	0.2513215859030836	HIS
PNPM__5654	g__Bacteroides	0.030949105914717983	HIS
PNPM__5656	g__Bacteroides	0.025711071830306895	HIS
PNPM__5657	g__Bacteroides	0.07899461400359063	HIS
PNPM__5658	g__Bacteroides	0.07650507650507646	HIS
PNPM__5659	g__Bacteroides	0.027976190476190474	HIS
PNPM__5660	g__Bacteroides	0.03259623259623258	HIS
PNPM__5661	g__Bacteroides	0.12950373895309308	HIS
PNPM__5662	g__Bacteroides	0.04926217685565292	HIS
PNPM__5663	g__Bacteroides	0.1564291564291564	HIS
PNPM__5664	g__Bacteroides	0.052425494887970395	HIS
PNPM__5665	g__Bacteroides	0.1101278269419862	HIS
PNPM__5666	g__Bacteroides	0.08752327746741147	HIS
PNPM__5667	g__Bacteroides	0.035398230088495526	HIS
PNPM__5668	g__Bacteroides	0.02070085238803949	HIS
PNPM__5669	g__Bacteroides	0.07829449038771343	HIS
PNPM__5671	g__Bacteroides	0.005061030068472754	HIS
PNPM__5672	g__Bacteroides	0.02580063148398736	HIS
PNPM__5673	g__Bacteroides	0.016942841184137	HIS
PNPM__5674	g__Bacteroides	0.011137254901960776	HIS
PNPM__5675	g__Bacteroides	0.13179152373575298	HIS
PNPM__5676	g__Bacteroides	0.09594863447277983	HIS
PNPM__5677	g__Bacteroides	0.016723139140889704	HIS
PNPM__5678	g__Bacteroides	0.12275966313971062	HIS
PNPM__5679	g__Bacteroides	0.03793947485536267	HIS
PNPM__5680	g__Bacteroides	0.034341223149541626	HIS
PNPM__5681	g__Bacteroides	0.031065815324164997	HIS
PNPM__5688	g__Bacteroides	0.04861735050414292	HIS
PNPM__5689	g__Bacteroides	0.027110467920887577	HIS
PNPM__5690	g__Bacteroides	0.12492622467047015	HIS
PNPM__5691	g__Bacteroides	0.027734111834718137	HIS
PNPM__5692	g__Bacteroides	0.0796523395642338	HIS
PNPM__5693	g__Bacteroides	0.07429289754871148	HIS
PNPM__5710	g__Bacteroides	0.026670639946360694	HIS
PNPM__5722	g__Bacteroides	0.04761223906205315	HIS
PNPM__5723	g__Bacteroides	0.07258712060382205	HIS
PNPM__5724	g__Bacteroides	0.024147426392713372	HIS
PNPM__5725	g__Bacteroides	0.06841980009519273	HIS
PNPM__5726	g__Bacteroides	0.08019984222981855	HIS
PNPM__5727	g__Bacteroides	0.1322593745769595	HIS
PNPM__5728	g__Bacteroides	0.06982463644140285	HIS
PNPM__5729	g__Bacteroides	0.2466380966454854	HIS
PNPM__5730	g__Bacteroides	0.01969836872883961	HIS
PNPM__5731	g__Bacteroides	0.03697457187337827	HIS
PNPM__5732	g__Bacteroides	0.32159731748209114	HIS
PNPM__5733	g__Bacteroides	0.051468162322665746	HIS
PNPM__5734	g__Bacteroides	0.07623544224110793	HIS
PNPM__5735	g__Bacteroides	0.0488137132478147	HIS
PNPM__5736	g__Bacteroides	0.06293009779065555	HIS
PNPM__5737	g__Bacteroides	0.04427083333333331	HIS
PNPM__5738	g__Bacteroides	0.05961152042866708	HIS
PNPM__5739	g__Bacteroides	0.1372081131753877	HIS
PNPM__5740	g__Bacteroides	0.08063745019920315	HIS
PNPM__5742	g__Bacteroides	0.23757404069018798	HIS
PNPM__5743	g__Bacteroides	0.0493791510251227	HIS
PNPM__5744	g__Bacteroides	0.2659240665202384	HIS
PNPM__5745	g__Bacteroides	0.08555033907146581	HIS
PNPM__5747	g__Bacteroides	0.08646254573464272	HIS
PNPM__5749	g__Bacteroides	0.07476516882457472	HIS
PNPM__5750	g__Bacteroides	0.133437237741278	HIS
PNPM__5751	g__Bacteroides	0.09561084707855742	HIS
PNPM__5752	g__Bacteroides	0.13987746056576714	HIS
PNPM__5753	g__Bacteroides	0.08840185335000365	HIS
PNPM__5754	g__Bacteroides	0.018956419777213192	HIS
PNPM__5755	g__Bacteroides	0.10625470987189144	HIS
PNPM__5756	g__Bacteroides	0.024890190336749614	HIS
PNPM__5757	g__Bacteroides	0.0313623818683616	HIS
PNPM__5758	g__Bacteroides	0.10632483081728265	HIS
PNPM__5759	g__Bacteroides	0.13245033112582777	HIS
PNPM__5760	g__Bacteroides	0.09956709956709954	HIS
PNPM__5761	g__Bacteroides	0.03882833787465937	HIS
PNPM__5762	g__Bacteroides	0.05362035225048921	HIS
PNPM__5763	g__Bacteroides	0.0654250238777459	HIS
PNPM__5764	g__Bacteroides	0.08257963035784498	HIS
PNPM__5765	g__Bacteroides	0.021285745001075013	HIS
PNPM__5772	g__Bacteroides	0.018073811931243664	HIS
PNPM__5776	g__Bacteroides	0.04475131057409536	HIS
PNPM__5777	g__Bacteroides	0.013017066820943014	HIS
PNPM__5778	g__Bacteroides	0.076674890871133	HIS
PNPM__5779	g__Bacteroides	0.055855481727574714	HIS
PNPM__5780	g__Bacteroides	0.08723884810841329	HIS
PNPM__5782	g__Bacteroides	0.05096525096525095	HIS
PNPM__5783	g__Bacteroides	0.06874214444551867	HIS
PNPM__5788	g__Bacteroides	0.05859956960768084	HIS
PNPM__5789	g__Bacteroides	0.042214257268020666	HIS
PNPM__5790	g__Bacteroides	0.08146013448607106	HIS
PNPM__5791	g__Bacteroides	0.06613141770547215	HIS
PNPM__5792	g__Bacteroides	0.15865837573016767	HIS
PNPM__5793	g__Bacteroides	0.03392561623551951	HIS
PNPM__5794	g__Bacteroides	0.510157498288062	HIS
PNPM__5795	g__Bacteroides	0.1630088495575221	HIS
PNPM__5796	g__Bacteroides	0.005291641611545388	HIS
PNPM__5797	g__Bacteroides	0.02249519017315372	HIS
PNPM__5798	g__Bacteroides	0.04123582907686554	HIS
PNPM__5799	g__Bacteroides	0.04020045756618365	HIS
PNPM__5800	g__Bacteroides	0.014764183185235792	HIS
PNPM__5802	g__Bacteroides	0.044219977553310835	HIS
PNPM__5803	g__Bacteroides	0.08091868073173984	HIS
PNPM__5804	g__Bacteroides	0.04241719930273094	HIS
PNPM__5805	g__Bacteroides	0.13644009102602153	HIS
PNPM__5806	g__Bacteroides	0.0094596531460513	HIS
PNPM__5807	g__Bacteroides	0.19460543914400352	HIS
PNPM__5808	g__Bacteroides	0.050570153693604354	HIS
PNPM__5809	g__Bacteroides	0.08746355685131194	HIS
PNPM__5811	g__Bacteroides	0.04689128169503297	HIS
PNPM__5814	g__Bacteroides	0.059687046297789925	HIS
PNPM__5815	g__Bacteroides	0.013355874894336418	HIS
PNPM__5818	g__Bacteroides	0.04930875576036864	HIS
PNPM__5821	g__Bacteroides	0.1193505189152996	HIS
PNPM__5822	g__Bacteroides	0.02333570244018003	HIS
PNPM__5825	g__Bacteroides	0.3528368794326241	HIS
PNPM__5826	g__Bacteroides	0.014914149642812366	HIS
PNPM__5827	g__Bacteroides	0.1300847457627118	HIS
PNPM__5828	g__Bacteroides	0.0929725010912265	HIS
PNPM__5829	g__Bacteroides	0.012448979591836704	HIS
PNPM__5830	g__Bacteroides	0.1188224799286351	HIS
PNPM__5831	g__Bacteroides	0.03490208464939984	HIS
PNPM__5832	g__Bacteroides	0.043432679347012094	HIS
PNPM__5835	g__Bacteroides	0.11582804540173382	HIS
PNPM__5836	g__Bacteroides	0.040109217587797716	HIS
PNPM__5837	g__Bacteroides	0.031746031746031717	HIS
PNPM__5838	g__Bacteroides	0.022962899494473474	HIS
PNPM__5839	g__Bacteroides	0.014011676396997495	HIS
PNPM__5840	g__Bacteroides	0.032741154015563025	HIS
PNPM__5841	g__Bacteroides	0.0440543226233852	HIS
PNPM__5842	g__Bacteroides	0.08657487091222027	HIS
PNPM__5843	g__Bacteroides	0.10369297610427221	HIS
PNPM__5844	g__Bacteroides	0.021552205471803434	HIS
PNPM__5845	g__Bacteroides	0.015822583719895762	HIS
PNPM__5850	g__Bacteroides	0.12343817320120634	HIS
PNPM__5851	g__Bacteroides	0.1258943313153549	HIS
PNPM__5852	g__Bacteroides	0.10732640133859206	HIS
PNPM__5853	g__Bacteroides	0.11146743337388032	HIS
PNPM__5854	g__Bacteroides	0.1451462908648687	HIS
PNPM__5855	g__Bacteroides	0.0669007021063189	HIS
PNPM__5856	g__Bacteroides	0.061849519390122606	HIS
PNPM__5857	g__Bacteroides	0.10685466745944106	HIS
PNPM__5858	g__Bacteroides	0.06996248068858966	HIS
PNPM__5859	g__Bacteroides	0.0865724381625441	HIS
PNPM__5860	g__Bacteroides	0.1120831055221432	HIS
PNPM__5861	g__Bacteroides	0.12542824514655498	HIS
PNPM__5862	g__Bacteroides	0.177187457209366	HIS
PNPM__5863	g__Bacteroides	0.0834538318529229	HIS
PNPM__5864	g__Bacteroides	0.08291330645161288	HIS
PNPM__5866	g__Bacteroides	0.05519960571710198	HIS
PNPM__5867	g__Bacteroides	0.056126062322946146	HIS
PNPM__5868	g__Bacteroides	0.042150383997142306	HIS
PNPM__5869	g__Bacteroides	0.015712682379349037	HIS
PNPM__5870	g__Bacteroides	0.0617902471609886	HIS
PNPM__5871	g__Bacteroides	0.011969990727471964	HIS
PNPM__5872	g__Bacteroides	0.04196170993968002	HIS
PNPM__5873	g__Bacteroides	0.02202218292878954	HIS
PNPM__5874	g__Bacteroides	0.07158224134558963	HIS
PNPM__5875	g__Bacteroides	0.03400830737279331	HIS
PNPM__5876	g__Bacteroides	0.1524011760862463	HIS
PNPM__5877	g__Bacteroides	0.0523024445707788	HIS
PNPM__5878	g__Bacteroides	0.12512	HIS
PNPM__5879	g__Bacteroides	0.06652512384996458	HIS
PNPM__5881	g__Bacteroides	0.06756068579188589	HIS
PNPM__5882	g__Bacteroides	0.0043265613243039834	HIS
PNPM__5883	g__Bacteroides	0.10377358490566035	HIS
PNPM__5884	g__Bacteroides	0.08619846830699035	HIS
PNPM__5885	g__Bacteroides	0.2422986849216357	HIS
PNPM__5889	g__Bacteroides	0.16515348032857755	HIS
PNPM__5890	g__Bacteroides	0.06011560693641614	HIS
PNPM__5891	g__Bacteroides	0.00563945708277575	HIS
PNPM__5892	g__Bacteroides	0.04433887569279492	HIS
PNPM__5893	g__Bacteroides	0.21612296110414048	HIS
PNPM__5894	g__Bacteroides	0.12498240675580573	HIS
PNPM__5896	g__Bacteroides	0.08535605208165888	HIS
PNPM__5897	g__Bacteroides	0.11873303167420808	HIS
PNPM__5898	g__Bacteroides	0.035720303285593925	HIS
PNPM__5899	g__Bacteroides	0.08147811600787516	HIS
PNPM__5900	g__Bacteroides	0.4548488417746368	HIS
PNPM__5901	g__Bacteroides	0.039005508411493195	HIS
PNPM__5902	g__Bacteroides	0.0894673332184106	HIS
PNPM__5911	g__Bacteroides	0.03819382473674814	HIS
PNPM__5912	g__Bacteroides	0.09409226684367736	HIS
PNPM__5913	g__Bacteroides	0.05544286680189314	HIS
PNPM__5914	g__Bacteroides	0.09817030260380008	HIS
PNPM__5916	g__Bacteroides	0.03909600791817878	HIS
PNPM__5918	g__Bacteroides	0.03461205653302563	HIS
PNPM__5921	g__Bacteroides	0.22925651198895974	HIS
PNPM__5922	g__Bacteroides	0.20734872285206937	HIS
PNPM__5923	g__Bacteroides	0.21702127659574466	HIS
PNPM__5926	g__Bacteroides	0.12700831024930745	HIS
PNPM__5927	g__Bacteroides	0.03555128513091519	HIS
PNPM__5928	g__Bacteroides	0.04297942087051537	HIS
PNPM__5929	g__Bacteroides	0.16782196278730385	HIS
PNPM__5931	g__Bacteroides	0.06505631298162416	HIS
PNPM__5932	g__Bacteroides	0.11369708484236772	HIS
PNPM__5933	g__Bacteroides	0.09186080802123266	HIS
PNPM__5934	g__Bacteroides	0.20119956379498363	HIS
PNPM__5935	g__Bacteroides	0.030725793057631578	HIS
PNPM__5936	g__Bacteroides	0.06087853773584903	HIS
PNPM__5937	g__Bacteroides	0.02532544378698223	HIS
PNPM__5938	g__Bacteroides	0.23584062890834373	HIS
PNPM__5939	g__Bacteroides	0.026537997587454745	HIS
PNPM__5940	g__Bacteroides	0.040679855112844776	HIS
PNPM__5941	g__Bacteroides	0.019487908961593147	HIS
PNPM__5942	g__Bacteroides	0.027805937726285278	HIS
PNPM__5943	g__Bacteroides	0.10265903736115783	HIS
PNPM__5944	g__Bacteroides	0.036358628288114536	HIS
PNPM__5945	g__Bacteroides	0.03827888904878396	HIS
PNPM__5948	g__Bacteroides	0.050244478165570684	HIS
PNPM__5949	g__Bacteroides	0.04655816435432228	HIS
PNPM__5950	g__Bacteroides	0.06151197370480511	HIS
PNPM__5951	g__Bacteroides	0.20568828213879406	HIS
PNPM__5952	g__Bacteroides	0.05986653956148711	HIS
PNPM__5953	g__Bacteroides	0.0576583909917243	HIS
PNPM__5954	g__Bacteroides	0.07473378509196509	HIS
PNPM__5955	g__Bacteroides	0.07169614077881345	HIS
PNPM__5956	g__Bacteroides	0.1051966292134831	HIS
PNPM__5958	g__Bacteroides	0.0028052805280528053	HIS
PNPM__5959	g__Bacteroides	0.044779842833977755	HIS
PNPM__5961	g__Bacteroides	0.18562788018433177	HIS
PNPM__5962	g__Bacteroides	0.07616626133097495	HIS
PNPM__5963	g__Bacteroides	0.03634150582507387	HIS
PNPM__5964	g__Bacteroides	0.01897847407973503	HIS
PNPM__5965	g__Bacteroides	0.024706609017912277	HIS
PNPM__5966	g__Bacteroides	0.021947492707320437	HIS
PNPM__5967	g__Bacteroides	0.045997881676501706	HIS
PNPM__5968	g__Bacteroides	0.04105983505878222	HIS
PNPM__5971	g__Bacteroides	0.08077914637639642	HIS
PNPM__5972	g__Bacteroides	0.019162450209925706	HIS
PNPM__5973	g__Bacteroides	0.02687736358725011	HIS
PNPM__5974	g__Bacteroides	0.1278291814946619	HIS
PNPM__5975	g__Bacteroides	0.01760984783723711	HIS
PNPM__5976	g__Bacteroides	0.18493026625611297	HIS
PNPM__5977	g__Bacteroides	0.07423830639393501	HIS
PNPM__5978	g__Bacteroides	0.06846195069667733	HIS
PNPM__5979	g__Bacteroides	0.10196021064950263	HIS
PNPM__5980	g__Bacteroides	0.1589805825242718	HIS
PNPM__5981	g__Bacteroides	0.08115612772939539	HIS
PNPM__5982	g__Bacteroides	0.01772679874869655	HIS
PNPM__5983	g__Bacteroides	0.19281371926322471	HIS
PNPM__5984	g__Bacteroides	0.12354579714894309	HIS
PNPM__5985	g__Bacteroides	0.04774624373956592	HIS
PNPM__5986	g__Bacteroides	0.06269547910150693	HIS
PNPM__5987	g__Bacteroides	0.031002638522427413	HIS
PNPM__5988	g__Bacteroides	0.055815039701074216	HIS
PNPM__5989	g__Bacteroides	0.1497656982193064	HIS
PNPM__5990	g__Bacteroides	0.14417915972607812	HIS
PNPM__5991	g__Bacteroides	0.002367882897427618	HIS
PNPM__5992	g__Bacteroides	0.040071770334928196	HIS
PNPM__5993	g__Bacteroides	0.018935823836860568	HIS
PNPM__5994	g__Bacteroides	0.05277894442111153	HIS
PNPM__5995	g__Bacteroides	0.03244495944380068	HIS
PNPM__5996	g__Bacteroides	0.06052739445279405	HIS
PNPM__5997	g__Bacteroides	0.20904931367564816	HIS
PNPM__5998	g__Bacteroides	0.03950523791493118	HIS
PNPM__5999	g__Bacteroides	0.16607044578976332	HIS
PNPM__6001	g__Bacteroides	0.03319626168224297	HIS
PNPM__6002	g__Bacteroides	0.16747117189595062	HIS
PNPM__6003	g__Bacteroides	0.08977375565610857	HIS
PNPM__6004	g__Bacteroides	0.04991909385113264	HIS
PNPM__6005	g__Bacteroides	0.11601845748187209	HIS
PNPM__6006	g__Bacteroides	0.07197915535772445	HIS
PNPM__6007	g__Bacteroides	0.03915622940013181	HIS
PNPM__6008	g__Bacteroides	0.024365482233502517	HIS
PNPM__6009	g__Bacteroides	0.032608695652173884	HIS
PNPM__6010	g__Bacteroides	0.3622426631625055	HIS
PNPM__6011	g__Bacteroides	0.3715141737727587	HIS
PNPM__6012	g__Bacteroides	0.05546961325966847	HIS
PNPM__6013	g__Bacteroides	0.15370834826227156	HIS
PNPM__6014	g__Bacteroides	0.12334276776403988	HIS
PNPM__6015	g__Bacteroides	0.2112088239678044	HIS
PNPM__6016	g__Bacteroides	0.019354838709677382	HIS
PNPM__6017	g__Bacteroides	0.3527115858668857	HIS
PNPM__6018	g__Bacteroides	0.18128018502142706	HIS
PNPM__6020	g__Bacteroides	0.14006147540983604	HIS
PNPM__6021	g__Bacteroides	0.3146543778801843	HIS
PNPM__6022	g__Bacteroides	0.12465986394557818	HIS
PNPM__6023	g__Bacteroides	0.1976149914821124	HIS
PNPM__6024	g__Bacteroides	0.0374301675977653	HIS
PNPM__6025	g__Bacteroides	0.1269283343097051	HIS
PNPM__6026	g__Bacteroides	0.06587342645283667	HIS
PNPM__6027	g__Bacteroides	0.008784096162736931	HIS
PNPM__6028	g__Bacteroides	0.16270928462709283	HIS
PNPM__6029	g__Bacteroides	0.17024459570648512	HIS
PNPM__6030	g__Bacteroides	0.15192778457772335	HIS
PNPM__6031	g__Bacteroides	0.05523844595838702	HIS
PNPM__6033	g__Bacteroides	0.11423955688899144	HIS
PNPM__6034	g__Bacteroides	0.06005037783375312	HIS
PNPM__6035	g__Bacteroides	0.053905053598774864	HIS
PNPM__6036	g__Bacteroides	0.045214105793450844	HIS
PNPM__6037	g__Bacteroides	0.10226612434631024	HIS
PNPM__6038	g__Bacteroides	0.03764794762024675	HIS
PNPM__6039	g__Bacteroides	0.07890106915685477	HIS
PNPM__6040	g__Bacteroides	0.004321209938782855	HIS
PNPM__6041	g__Bacteroides	0.1331921651667549	HIS
PNPM__6042	g__Bacteroides	0.040961008270972814	HIS
PNPM__6043	g__Bacteroides	0.02262802699483919	HIS
PNPM__6044	g__Bacteroides	0.018140873264106076	HIS
PNPM__6045	g__Bacteroides	0.05529604847872739	HIS
PNPM__6046	g__Bacteroides	0.035905271199388814	HIS
PNPM__6047	g__Bacteroides	0.10086516142646122	HIS
PNPM__6048	g__Bacteroides	0.08049985469340305	HIS
PNPM__6049	g__Bacteroides	0.22651006711409394	HIS
PNPM__6050	g__Bacteroides	0.02333159541188736	HIS
PNPM__6051	g__Bacteroides	0.07427405807535392	HIS
PNPM__6053	g__Bacteroides	0.056366585563665826	HIS
PNPM__6054	g__Bacteroides	0.06057385759829964	HIS
PNPM__6055	g__Bacteroides	0.01590594744121714	HIS
PNPM__6056	g__Bacteroides	0.11727019498607238	HIS
PNPM__6057	g__Bacteroides	0.12381523695260943	HIS
PNPM__6058	g__Bacteroides	0.06107784431137722	HIS
PNPM__6060	g__Bacteroides	0.07619631901840489	HIS
PNPM__6061	g__Bacteroides	0.022940563086548474	HIS
PNPM__6062	g__Bacteroides	0.03981566820276494	HIS
PNPM__6063	g__Bacteroides	0.034156142365097564	HIS
PNPM__6064	g__Bacteroides	0.11908396946564881	HIS
PNPM__6065	g__Bacteroides	0.1610897246076399	HIS
PNPM__6066	g__Bacteroides	0.16279495152734583	HIS
PNPM__6067	g__Bacteroides	0.08186929023190441	HIS
PNPM__6068	g__Bacteroides	0.04391489361702126	HIS
PNPM__6069	g__Bacteroides	0.10039215686274505	HIS
PNPM__6071	g__Bacteroides	0.15112724493695068	HIS
PNPM__6072	g__Bacteroides	0.08515044463393832	HIS
PNPM__6073	g__Bacteroides	0.0323120494335736	HIS
PNPM__6074	g__Bacteroides	0.09855189058728879	HIS
PNPM__6076	g__Bacteroides	0.0682024071437815	HIS
PNPM__6077	g__Bacteroides	0.013839216296065918	HIS
PNPM__6078	g__Bacteroides	0.06269534840963409	HIS
PNPM__6079	g__Bacteroides	0.3106010928961748	HIS
PNPM__6080	g__Bacteroides	0.6923674801803202	HIS
PNPM__6081	g__Bacteroides	0.032898550724637654	HIS
PNPM__6082	g__Bacteroides	0.14871987951807225	HIS
PNPM__6083	g__Bacteroides	0.07746133071446107	HIS
PNPM__6084	g__Bacteroides	0.07421585576685599	HIS
PNPM__6085	g__Bacteroides	0.34247853676745055	HIS
PNPM__6086	g__Bacteroides	0.18002510310202613	HIS
PNPM__6087	g__Bacteroides	0.07416029265048218	HIS
PNPM__6088	g__Bacteroides	0.49583274473795735	HIS
PNPM__6089	g__Bacteroides	0.02455871066768992	HIS
PNPM__6091	g__Bacteroides	0.22695473251028803	HIS
PNPM__6092	g__Bacteroides	0.08136300417246169	HIS
PNPM__6093	g__Bacteroides	0.4949095022624434	HIS
PNPM__6094	g__Bacteroides	0.3315148971884179	HIS
PNPM__6095	g__Bacteroides	0.0946394272743146	HIS
PNPM__6096	g__Bacteroides	0.5302545086802629	HIS
PNPM__6097	g__Bacteroides	0.3276318109680832	HIS
PNPM__6098	g__Bacteroides	0.2267523599116288	HIS
PNPM__6100	g__Bacteroides	0.7177155846000852	HIS
PNPM__6101	g__Bacteroides	0.05512393636699962	HIS
PNPM__6102	g__Bacteroides	0.25739544372662354	HIS
PNPM__6103	g__Bacteroides	0.04614211262234649	HIS
PNPM__6104	g__Bacteroides	0.3382906808305166	HIS
PNPM__6105	g__Bacteroides	0.294883303411131	HIS
PNPM__6106	g__Bacteroides	0.10616716256424125	HIS
PNPM__6107	g__Bacteroides	0.15057915057915056	HIS
PNPM__6108	g__Bacteroides	0.4498343273691186	HIS
PNPM__6109	g__Bacteroides	0.011606597434331085	HIS
PNPM__6110	g__Bacteroides	0.07142006903940004	HIS
PNPM__6111	g__Bacteroides	0.22827515700306697	HIS
PNPM__6112	g__Bacteroides	0.020485477760628572	HIS
PNPM__6113	g__Bacteroides	0.19070542492131085	HIS
PNPM__6114	g__Bacteroides	0.6034072900158478	HIS
PNPM__6115	g__Bacteroides	0.10624908532123513	HIS
PNPM__6116	g__Bacteroides	0.1783744023538065	HIS
PNPM__6117	g__Bacteroides	0.14696086594504576	HIS
PNPM__6118	g__Bacteroides	0.20160687593423013	HIS
PNPM__6119	g__Bacteroides	0.3349037279803359	HIS
PNPM__6120	g__Bacteroides	0.2616071428571428	HIS
PNPM__6123	g__Bacteroides	0.06051103368176536	HIS
PNPM__6124	g__Bacteroides	0.10045932730774927	HIS
PNPM__6125	g__Bacteroides	0.2255835667600373	HIS
PNPM__6127	g__Bacteroides	0.1365227537922987	HIS
PNPM__6128	g__Bacteroides	0.08398239078902808	HIS
PNPM__6130	g__Bacteroides	0.04601907296518071	HIS
PNPM__6131	g__Bacteroides	0.020648967551622405	HIS
PNPM__6132	g__Bacteroides	0.43126856173101397	HIS
PNPM__6133	g__Bacteroides	0.5434749505101264	HIS
PNPM__6134	g__Bacteroides	0.031189083820662728	HIS
PNPM__6135	g__Bacteroides	0.01476091476091472	HIS
PNPM__6136	g__Bacteroides	0.10401366353543977	HIS
PNPM__6137	g__Bacteroides	0.13237369460908827	HIS
PNPM__6138	g__Bacteroides	0.10105263157894734	HIS
PNPM__6139	g__Bacteroides	0.25281464530892445	HIS
PNPM__6140	g__Bacteroides	0.1547559760956175	HIS
PNPM__6141	g__Bacteroides	0.06989247311827952	HIS
PNPM__6142	g__Bacteroides	0.040515653775322236	HIS
PNPM__6143	g__Bacteroides	0.12716601453325874	HIS
PNPM__6144	g__Bacteroides	0.16834951456310676	HIS
PNPM__6145	g__Bacteroides	0.5857449088960343	HIS
PNPM__6147	g__Bacteroides	0.040307101727447184	HIS
PNPM__6148	g__Bacteroides	0.09286117912977959	HIS
PNPM__6149	g__Bacteroides	0.17212426532325772	HIS
PNPM__6152	g__Bacteroides	0.11049314052651092	HIS
PNPM__6153	g__Bacteroides	0.28521536670547143	HIS
PNPM__6155	g__Bacteroides	0.19186238835593777	HIS
PNPM__6158	g__Bacteroides	0.7566072526121695	HIS
PNPM__6159	g__Bacteroides	0.08590394377196403	HIS
PNPM__6160	g__Bacteroides	0.10600037857278059	HIS
PNPM__6161	g__Bacteroides	0.35887438548906586	HIS
PNPM__6162	g__Bacteroides	0.05517159199237365	HIS
PNPM__6163	g__Bacteroides	0.7219957606391652	HIS
PNPM__6164	g__Bacteroides	0.05133689839572192	HIS
PNPM__6165	g__Bacteroides	0.0823349122318194	HIS
PNPM__6166	g__Bacteroides	0.5343450479233226	HIS
PNPM__6167	g__Bacteroides	0.5755826384434466	HIS
PNPM__6168	g__Bacteroides	0.1882763433356594	HIS
PNPM__6169	g__Bacteroides	0.039312714776632264	HIS
PNPM__6172	g__Bacteroides	0.46986040609137053	HIS
PNPM__6173	g__Bacteroides	0.2240749756572541	HIS
PNPM__6174	g__Bacteroides	0.5172562553925798	HIS
PNPM__6175	g__Bacteroides	0.3253720374793312	HIS
PNPM__6177	g__Bacteroides	0.36796338672768875	HIS
PNPM__6178	g__Bacteroides	0.5340782122905028	HIS
PNPM__6179	g__Bacteroides	0.27282976324689967	HIS
PNPM__6181	g__Bacteroides	0.08752735229759295	HIS
PNPM__6184	g__Bacteroides	0.2633999646205554	HIS
PNPM__6185	g__Bacteroides	0.10385296722763504	HIS
PNPM__6186	g__Bacteroides	0.1507113999648691	HIS
PNPM__6205	g__Bacteroides	0.1895265423242467	HIS
PNPM__6207	g__Bacteroides	0.17867778439547344	HIS
PNPM__6208	g__Bacteroides	0.04641703553056581	HIS
PNPM__6209	g__Bacteroides	0.06575114440282975	HIS
PNPM__6210	g__Bacteroides	0.091025641025641	HIS
PNPM__6214	g__Bacteroides	0.2362495385751199	HIS
PNPM__6215	g__Bacteroides	0.018712977921378538	HIS
PNPM__6216	g__Bacteroides	0.09335887611749677	HIS
PNPM__6218	g__Bacteroides	0.2937099289551204	HIS
PNPM__6223	g__Bacteroides	0.031866624459217015	HIS
PNPM__6224	g__Bacteroides	0.2733691047726631	HIS
PNPM__6225	g__Bacteroides	0.045454545454545414	HIS
PNPM__6226	g__Bacteroides	0.2662580864828055	HIS
PNPM__6227	g__Bacteroides	0.1698520857570217	HIS
PNPM__6228	g__Bacteroides	0.24232026143790844	HIS
PNPM__6229	g__Bacteroides	0.19886193471099128	HIS
PNPM__6230	g__Bacteroides	0.25155763239875384	HIS
PNPM__6231	g__Bacteroides	0.2863241106719367	HIS
PNPM__6237	g__Bacteroides	0.0648386175378463	HIS
PNPM__6239	g__Bacteroides	0.11187072715972651	HIS
PNPM__6240	g__Bacteroides	0.13816127375449405	HIS
PNPM__6241	g__Bacteroides	0.157723983029698	HIS
PNPM__6242	g__Bacteroides	0.574353448275862	HIS
PNPM__6244	g__Bacteroides	0.16214371053080726	HIS
PNPM__6245	g__Bacteroides	0.057253384912959344	HIS
PNPM__6246	g__Bacteroides	0.23350534463693326	HIS
PNPM__6247	g__Bacteroides	0.0432041535323567	HIS
PNPM__6249	g__Bacteroides	0.7672881755959405	HIS
PNPM__6251	g__Bacteroides	0.374498439589835	HIS
PNPM__6252	g__Bacteroides	0.006993006993006986	HIS
PNPM__6253	g__Bacteroides	0.4511948157148643	HIS
PNPM__6255	g__Bacteroides	0.44683931156506357	HIS
PNPM__6256	g__Bacteroides	0.057747410182940245	HIS
PNPM__6257	g__Bacteroides	0.30816765180010747	HIS
PNPM__6259	g__Bacteroides	0.09339729119638823	HIS
PNPM__6260	g__Bacteroides	0.4630872483221476	HIS
PNPM__6261	g__Bacteroides	0.11591836734693868	HIS
PNPM__6262	g__Bacteroides	0.029973772948669875	HIS
PNPM__6264	g__Bacteroides	0.6241231488698362	HIS
PNPM__6265	g__Bacteroides	0.2126951625287944	HIS
PNPM__6267	g__Bacteroides	0.11939781969198818	HIS
PNPM__6268	g__Bacteroides	0.0276211950394588	HIS
PNPM__6269	g__Bacteroides	0.42840646651270203	HIS
PNPM__6270	g__Bacteroides	0.058634906092533204	HIS
PNPM__6271	g__Bacteroides	0.316895488932474	HIS
PNPM__6272	g__Bacteroides	0.5618159708147548	HIS
PNPM__6273	g__Bacteroides	0.018307856381087787	HIS
PNPM__6274	g__Bacteroides	0.01862503423719527	HIS
PNPM__6275	g__Bacteroides	0.0602782071097372	HIS
PNPM__6276	g__Bacteroides	0.1768368617683686	HIS
PNPM__6278	g__Bacteroides	0.08912091613337822	HIS
PNPM__6279	g__Bacteroides	0.5284777355885398	HIS
PNPM__6281	g__Bacteroides	0.20108144643460626	HIS
PNPM__6282	g__Bacteroides	0.5366559485530547	HIS
PNPM__6283	g__Bacteroides	0.04790369447903694	HIS
PNPM__6285	g__Bacteroides	0.5240977359336472	HIS
PNPM__6287	g__Bacteroides	0.2205560762261793	HIS
PNPM__6289	g__Bacteroides	0.06445623342175064	HIS
PNPM__6291	g__Bacteroides	0.2675552019096877	HIS
PNPM__6294	g__Bacteroides	0.22725450901803598	HIS
PNPM__6295	g__Bacteroides	0.16996904024767798	HIS
PNPM__6296	g__Bacteroides	0.43860974688326404	HIS
PNPM__6319	g__Bacteroides	0.6002457002457002	HIS
PNPM__6320	g__Bacteroides	0.08023512123438645	HIS
PNPM__6321	g__Bacteroides	0.07297949336550058	HIS
PNPM__6322	g__Bacteroides	0.10410410410410405	HIS
PNPM__6324	g__Bacteroides	0.13190668303806344	HIS
PNPM__6325	g__Bacteroides	0.31712553675170496	HIS
PNPM__6326	g__Bacteroides	0.19745420676808434	HIS
PNPM__6328	g__Bacteroides	0.18805590851334175	HIS
PNPM__6330	g__Bacteroides	0.026096033402922738	HIS
PNPM__6331	g__Bacteroides	0.5609551738583997	HIS
PNPM__6332	g__Bacteroides	0.49486521181001275	HIS
PNPM__6334	g__Bacteroides	0.07607309817254564	HIS
PNPM__6336	g__Bacteroides	0.38827729842308834	HIS
PNPM__6337	g__Bacteroides	0.17288651942117286	HIS
PNPM__6338	g__Bacteroides	0.07106017191977076	HIS
PNPM__6340	g__Bacteroides	0.12553273924835331	HIS
PNPM__6341	g__Bacteroides	0.2544354838709677	HIS
PNPM__6342	g__Bacteroides	0.42037631941257453	HIS
PNPM__6343	g__Bacteroides	0.48218029350104824	HIS
PNPM__6346	g__Bacteroides	0.46600835548803643	HIS
PNPM__6348	g__Bacteroides	0.44605757196495616	HIS
PNPM__6349	g__Bacteroides	0.09972820405603176	HIS
PNPM__6350	g__Bacteroides	0.29464634622899566	HIS
PNPM__6351	g__Bacteroides	0.6319733555370525	HIS
PNPM__6352	g__Bacteroides	0.5672718808193669	HIS
PNPM__6353	g__Bacteroides	0.13859981078524122	HIS
PNPM__6354	g__Bacteroides	0.0684052156469408	HIS
PNPM__6355	g__Bacteroides	0.0998284199032912	HIS
PNPM__6358	g__Bacteroides	0.06635773864689523	HIS
PNPM__6359	g__Bacteroides	0.20208933717579247	HIS
PNPM__6361	g__Bacteroides	0.09739292364990684	HIS
PNPM__6362	g__Bacteroides	0.09816513761467886	HIS
PNPM__6364	g__Bacteroides	0.030113944655453053	HIS
PNPM__6365	g__Bacteroides	0.09630238290879208	HIS
PNPM__6366	g__Bacteroides	0.06938775510204077	HIS
PNPM__6367	g__Bacteroides	0.07171671896010753	HIS
PNPM__6368	g__Bacteroides	0.02419006479481639	HIS
PNPM__6369	g__Bacteroides	0.07326420198376911	HIS
PNPM__6374	g__Bacteroides	0.29979035639412993	HIS
PNPM__6378	g__Bacteroides	0.27777777777777773	HIS
PNPM__6380	g__Bacteroides	0.03143909497500656	HIS
PNPM__6381	g__Bacteroides	0.11135135135135128	HIS
PNPM__6382	g__Bacteroides	0.3006322659596165	HIS
PNPM__6383	g__Bacteroides	0.015262795501491847	HIS
PNPM__6384	g__Bacteroides	0.016136919315403415	HIS
PNPM__6385	g__Bacteroides	0.4639985038339255	HIS
PNPM__6386	g__Bacteroides	0.031813063063063036	HIS
PNPM__6388	g__Bacteroides	0.4093655589123867	HIS
PNPM__6389	g__Bacteroides	0.23850931677018633	HIS
PNPM__6391	g__Bacteroides	0.08779083713120646	HIS
PNPM__6392	g__Bacteroides	0.1566018423746161	HIS
PNPM__6396	g__Bacteroides	0.08935442496793498	HIS
PNPM__6397	g__Bacteroides	0.07194928684627572	HIS
PNPM__6399	g__Bacteroides	0.2191032643210974	HIS
PNPM__6400	g__Bacteroides	0.02212723158159415	HIS
PNPM__6401	g__Bacteroides	0.40545808966861596	HIS
PNPM__6402	g__Bacteroides	0.3434907736583714	HIS
PNPM__6405	g__Bacteroides	0.4211734693877551	HIS
PNPM__6407	g__Bacteroides	0.1836034912718204	HIS
PNPM__6409	g__Bacteroides	0.12777053455019552	HIS
PNPM__6410	g__Bacteroides	0.03387850467289717	HIS
PNPM__6411	g__Bacteroides	0.05498543012796146	HIS
PNPM__6412	g__Bacteroides	0.16831275720164607	HIS
PNPM__6413	g__Bacteroides	0.6101522842639593	HIS
PNPM__6414	g__Bacteroides	0.33283645655877336	HIS
PNPM__6415	g__Bacteroides	0.043589306998127006	HIS
PNPM__6418	g__Bacteroides	0.17636746143057497	HIS
PNPM__6420	g__Bacteroides	0.44939271255060725	HIS
PNPM__6421	g__Bacteroides	0.10959192259150186	HIS
PNPM__6422	g__Bacteroides	0.04201485608170843	HIS
PNPM__6423	g__Bacteroides	0.22294932278192053	HIS
PNPM__6424	g__Bacteroides	0.251660516605166	HIS
PNPM__6425	g__Bacteroides	0.023980379689345063	HIS
PNPM__6426	g__Bacteroides	0.1057838660578386	HIS
PNPM__6427	g__Bacteroides	0.08316395663956636	HIS
PNPM__6429	g__Bacteroides	0.4233863423760524	HIS
PNPM__6433	g__Bacteroides	0.11551925320886812	HIS
PNPM__6434	g__Bacteroides	0.24689655172413788	HIS
PNPM__6435	g__Bacteroides	0.35651697699890467	HIS
PNPM__6437	g__Bacteroides	0.12100021190930278	HIS
PNPM__6438	g__Bacteroides	0.2985283812193413	HIS
PNPM__6439	g__Bacteroides	0.6722849695916594	HIS
PNPM__6440	g__Bacteroides	0.34024291497975706	HIS
PNPM__6443	g__Bacteroides	0.061444484369385516	HIS
PNPM__6445	g__Bacteroides	0.10087852166010296	HIS
PNPM__6446	g__Bacteroides	0.4174161896974652	HIS
PNPM__6447	g__Bacteroides	0.0204703832752613	HIS
PNPM__6448	g__Bacteroides	0.14370485036119707	HIS
PNPM__6449	g__Bacteroides	0.2697695436059647	HIS
PNPM__6450	g__Bacteroides	0.5418181818181818	HIS
PNPM__6451	g__Bacteroides	0.043914246196403835	HIS
PNPM__6454	g__Bacteroides	0.05191313340227505	HIS
PNPM__6455	g__Bacteroides	0.2819408555842664	HIS
PNPM__6458	g__Bacteroides	0.12665175848749743	HIS
PNPM__6459	g__Bacteroides	0.11543843283582088	HIS
PNPM__6460	g__Bacteroides	0.0023934897079942556	HIS
PNPM__6463	g__Bacteroides	0.04288214702450406	HIS
PNPM__6465	g__Bacteroides	0.13999999999999996	HIS
PNPM__6466	g__Bacteroides	0.16040353089533413	HIS
PNPM__6467	g__Bacteroides	0.5332782141380735	HIS
PNPM__6468	g__Bacteroides	0.11307538358905936	HIS
PNPM__6471	g__Bacteroides	0.6417576961271102	HIS
PNPM__6472	g__Bacteroides	0.12783469048244456	HIS
PNPM__6473	g__Bacteroides	0.6021786492374728	HIS
PNPM__6474	g__Bacteroides	0.049124788255223026	HIS
PNPM__6480	g__Bacteroides	0.23014517506404777	HIS
PNPM__6481	g__Bacteroides	0.032518337408312926	HIS
PNPM__6489	g__Bacteroides	0.06404907975460118	HIS
PNPM__6493	g__Bacteroides	0.2755999049655499	HIS
PNPM__6494	g__Bacteroides	0.07951714887909554	HIS
PNPM__6495	g__Bacteroides	0.02289416846652265	HIS
PNPM__6497	g__Bacteroides	0.02380952380952378	HIS
PNPM__6498	g__Bacteroides	0.2530487804878049	HIS
PNPM__6508	g__Bacteroides	0.5175315568022439	HIS
PNPM__6511	g__Bacteroides	0.051965969188319104	HIS
PNPM__6524	g__Bacteroides	0.005272407732864664	HIS
PNPM__6533	g__Bacteroides	0.08861954981898314	HIS
PNPM__6544	g__Bacteroides	0.22167632897710518	HIS
PNPM__6546	g__Bacteroides	0.3236040609137056	HIS
PNPM__6547	g__Bacteroides	0.34336378291241265	HIS
PNPM__6559	g__Bacteroides	0.0465062471078204	HIS
PNPM__6567	g__Bacteroides	0.06610275689223052	HIS
PNPM__6568	g__Bacteroides	0.03928741848258305	HIS
PNPM__6571	g__Bacteroides	0.3393025447690857	HIS
PNPM__6577	g__Bacteroides	0.2978533094812164	HIS
PNPM__6578	g__Bacteroides	0.5622736138200055	HIS
PNPM__6581	g__Bacteroides	0.20414746543778797	HIS
PNPM__6588	g__Bacteroides	0.03243548159638977	HIS
PNPM__6589	g__Bacteroides	0.05867819641754166	HIS
PNPM__6590	g__Bacteroides	0.172896300555875	HIS
PNPM__6591	g__Bacteroides	0.13530616043178853	HIS
PNPM__6594	g__Bacteroides	0.15066225165562908	HIS
PNPM__6595	g__Bacteroides	0.04524758110415476	HIS
PNPM__6596	g__Bacteroides	0.31398723157283803	HIS
PNPM__6597	g__Bacteroides	0.14442389006342488	HIS
PNPM__6601	g__Bacteroides	0.2521948700292649	HIS
PNPM__6602	g__Bacteroides	0.0825024123512383	HIS
PNPM__6608	g__Bacteroides	0.14952925973786224	HIS
PNPM__6612	g__Bacteroides	0.20244228200725048	HIS
PNPM__6615	g__Bacteroides	0.13269230769230766	HIS
PNPM__6616	g__Bacteroides	0.4995696333275951	HIS
PNPM__6622	g__Bacteroides	0.12563276576161986	HIS
PNPM__6624	g__Bacteroides	0.01752978918423464	HIS
PNPM__6633	g__Bacteroides	0.06785944551901997	HIS
PNPM__6645	g__Bacteroides	0.5703056768558952	HIS
PNPM__6647	g__Bacteroides	0.06825396825396822	HIS
PNPM__6648	g__Bacteroides	0.5015080428954424	HIS
PNPV__6476	g__Bacteroides	0.41861769241553337	HIS
PNPV__6477	g__Bacteroides	0.6087697698645705	HIS
PNPV__6479	g__Bacteroides	0.5254406053967938	HIS
PNPV__6482	g__Bacteroides	0.23596718480138165	HIS
PNPV__6483	g__Bacteroides	0.053134328358208915	HIS
PNPV__6484	g__Bacteroides	0.12638383838383835	HIS
PNPV__6485	g__Bacteroides	0.07596453390845911	HIS
PNPV__6486	g__Bacteroides	0.1863236289776573	HIS
PNPV__6487	g__Bacteroides	0.3439229661081204	HIS
PNPV__6488	g__Bacteroides	0.0011317338162064282	HIS
PNPV__6490	g__Bacteroides	0.1832993890020366	HIS
PNPV__6491	g__Bacteroides	0.07740628166160078	HIS
PNPV__6492	g__Bacteroides	0.19853927559994036	HIS
PNPV__6496	g__Bacteroides	0.33532357473035435	HIS
PNPV__6499	g__Bacteroides	0.022875816993464037	HIS
PNPV__6500	g__Bacteroides	0.6173301077633604	HIS
PNPV__6501	g__Bacteroides	0.011162111412476507	HIS
PNPV__6502	g__Bacteroides	0.08341463414634143	HIS
PNPV__6503	g__Bacteroides	0.6490118577075098	HIS
PNPV__6504	g__Bacteroides	0.12607944732297058	HIS
PNPV__6505	g__Bacteroides	0.5156519595760414	HIS
PNPV__6506	g__Bacteroides	0.030901397615078825	HIS
PNPV__6507	g__Bacteroides	0.026867143209267908	HIS
PNPV__6510	g__Bacteroides	0.45096430036930646	HIS
PNPV__6512	g__Bacteroides	0.2584121976866456	HIS
PNPV__6513	g__Bacteroides	0.5214857975236707	HIS
PNPV__6514	g__Bacteroides	0.4569369369369369	HIS
PNPV__6515	g__Bacteroides	0.15468684321143333	HIS
PNPV__6517	g__Bacteroides	0.01266405710338473	HIS
PNPV__6518	g__Bacteroides	0.2287014957728159	HIS
PNPV__6519	g__Bacteroides	0.44738436679458693	HIS
PNPV__6521	g__Bacteroides	0.1930649426976197	HIS
PNPV__6522	g__Bacteroides	0.10371922472498686	HIS
PNPV__6523	g__Bacteroides	0.14594409192248325	HIS
PNPV__6525	g__Bacteroides	0.2559386973180076	HIS
PNPV__6526	g__Bacteroides	0.017440543601358993	HIS
PNPV__6527	g__Bacteroides	0.40947392393532217	HIS
PNPV__6528	g__Bacteroides	0.06401347652137288	HIS
PNPV__6531	g__Bacteroides	0.3189632372388257	HIS
PNPV__6532	g__Bacteroides	0.07927653820148746	HIS
PNPV__6534	g__Bacteroides	0.3755909310178485	HIS
PNPV__6536	g__Bacteroides	0.04192139737991262	HIS
PNPV__6539	g__Bacteroides	0.04756108978560057	HIS
PNPV__6540	g__Bacteroides	0.24449877750611243	HIS
PNPV__6543	g__Bacteroides	0.042500994563055276	HIS
PNPV__6545	g__Bacteroides	0.051735808915965534	HIS
PNPV__6549	g__Bacteroides	0.6953235710911667	HIS
PNPV__6550	g__Bacteroides	0.04748078565328774	HIS
PNPV__6551	g__Bacteroides	0.04000370404667095	HIS
PNPV__6553	g__Bacteroides	0.056141584622597274	HIS
PNPV__6554	g__Bacteroides	0.1362819937135159	HIS
PNPV__6555	g__Bacteroides	0.24694702442380456	HIS
PNPV__6556	g__Bacteroides	0.060614877315488265	HIS
PNPV__6558	g__Bacteroides	0.17324029126213586	HIS
PNPV__6561	g__Bacteroides	0.5293894577171028	HIS
PNPV__6562	g__Bacteroides	0.23950694336089867	HIS
PNPV__6564	g__Bacteroides	0.8577974644875516	HIS
PNPV__6574	g__Bacteroides	0.03417059798546471	HIS
PNPV__6575	g__Bacteroides	0.052673330160241116	HIS
PNPV__6579	g__Bacteroides	0.6784214945424013	HIS
PNPV__6580	g__Bacteroides	0.4927651454921291	HIS
PNPV__6584	g__Bacteroides	0.27157316863956077	HIS
PNPV__6585	g__Bacteroides	0.08466614472654062	HIS
PNPV__6587	g__Bacteroides	0.30616692089779907	HIS
PNPV__6593	g__Bacteroides	0.24274973147153592	HIS
PNPV__6598	g__Bacteroides	0.1648836587322813	HIS
PNPV__6599	g__Bacteroides	0.037328094302553974	HIS
PNPV__6600	g__Bacteroides	0.252000744463056	HIS
PNPV__6603	g__Bacteroides	0.08150789607743245	HIS
PNPV__6604	g__Bacteroides	0.29555175363558595	HIS
PNPV__6605	g__Bacteroides	0.030752089136490236	HIS
PNPV__6607	g__Bacteroides	0.040311173974540274	HIS
PNPV__6609	g__Bacteroides	0.0699918233851185	HIS
PNPV__6610	g__Bacteroides	0.12037037037037034	HIS
PNPV__6613	g__Bacteroides	0.24683797097590196	HIS
PNPV__6614	g__Bacteroides	0.5276610055490163	HIS
PNPV__6618	g__Bacteroides	0.10186697782963822	HIS
PNPV__6621	g__Bacteroides	0.5675925925925926	HIS
PNPV__6626	g__Bacteroides	0.07409111826967321	HIS
PNPV__6628	g__Bacteroides	0.14087656529516993	HIS
PNPV__6632	g__Bacteroides	0.22108172127911566	HIS
PNPV__6635	g__Bacteroides	0.05065077622706599	HIS
PNPV__6636	g__Bacteroides	0.12978645066273928	HIS
PNPV__6637	g__Bacteroides	0.4886194952993567	HIS
PNPV__6638	g__Bacteroides	0.0872200263504611	HIS
PNPV__6644	g__Bacteroides	0.10767117497886726	HIS
SAMEA3449150	g__Bacteroides	0.23561374795417345	HIS
SAMEA3449151	g__Bacteroides	0.14439236309591855	HIS
SAMEA3449152	g__Bacteroides	0.19943181818181815	HIS
SAMEA3449154	g__Bacteroides	0.07547169811320753	HIS
SAMEA3449155	g__Bacteroides	0.135852854028065	HIS
SAMEA3449156	g__Bacteroides	0.1680220635032883	HIS
SAMEA3449158	g__Bacteroides	0.07758191965519143	HIS
SAMEA3449159	g__Bacteroides	0.07043111527647608	HIS
SAMEA3449161	g__Bacteroides	0.08878174976481651	HIS
SAMEA3449162	g__Bacteroides	0.3176552686671319	HIS
SAMEA3449163	g__Bacteroides	0.23040345821325647	HIS
SAMEA3449164	g__Bacteroides	0.1216282491417361	HIS
SAMEA3449166	g__Bacteroides	0.3521330441070137	HIS
SAMEA3449168	g__Bacteroides	0.031960325113651995	HIS
SAMEA3449169	g__Bacteroides	0.219391807557018	HIS
SAMEA3449170	g__Bacteroides	0.11222704594051705	HIS
SAMEA3449172	g__Bacteroides	0.2361036519871106	HIS
SAMEA3449175	g__Bacteroides	0.27591200606854693	HIS
SAMEA3449176	g__Bacteroides	0.137898160610139	HIS
SAMEA3449177	g__Bacteroides	0.16089360261762378	HIS
SAMEA3449178	g__Bacteroides	0.08457785006653849	HIS
SAMEA3449179	g__Bacteroides	0.14497567003939135	HIS
SAMEA3449180	g__Bacteroides	0.04419889502762429	HIS
SAMEA3449181	g__Bacteroides	0.3474803911034705	HIS
SAMEA3449182	g__Bacteroides	0.07834696513129571	HIS
SAMEA3449184	g__Bacteroides	0.06082548877624905	HIS
SAMEA3449186	g__Bacteroides	0.15068205666316895	HIS
SAMEA3449189	g__Bacteroides	0.30493668314484995	HIS
SAMEA3449190	g__Bacteroides	0.056284760845383724	HIS
SAMEA3449193	g__Bacteroides	0.09316446911866755	HIS
SAMEA3449195	g__Bacteroides	0.2116398188701655	HIS
SAMEA3449196	g__Bacteroides	0.3740668614086335	HIS
SAMEA3449197	g__Bacteroides	0.33022625876354367	HIS
SAMEA3449198	g__Bacteroides	0.23232792984321016	HIS
SAMEA3449200	g__Bacteroides	0.26532273211043633	HIS
SAMEA3449201	g__Bacteroides	0.09743277636383753	HIS
SAMEA3449202	g__Bacteroides	0.0978152669356106	HIS
SAMEA3449203	g__Bacteroides	0.31177121457145285	HIS
SAMEA3449204	g__Bacteroides	0.046736191579760486	HIS
SAMEA3449205	g__Bacteroides	0.007803430929962578	HIS
SAMEA3449206	g__Bacteroides	0.07761161445257064	HIS
SAMEA3449207	g__Bacteroides	0.04456773564199484	HIS
SAMEA3449208	g__Bacteroides	0.06719931516621483	HIS
SAMEA3449209	g__Bacteroides	0.1399583043780403	HIS
SAMEA3449210	g__Bacteroides	0.08333786946818353	HIS
SAMEA3449211	g__Bacteroides	0.20382266634943294	HIS
SAMEA3449212	g__Bacteroides	0.08641624653837957	HIS
SAMEA3449213	g__Bacteroides	0.10718861209964407	HIS
SAMEA3449216	g__Bacteroides	0.08906386701662289	HIS
SAMEA3449218	g__Bacteroides	0.17012750455373402	HIS
SAMEA3449219	g__Bacteroides	0.41418023667442094	HIS
SAMEA3449220	g__Bacteroides	0.44966966966966965	HIS
SAMEA3449221	g__Bacteroides	0.07622395179512925	HIS
SAMEA3449222	g__Bacteroides	0.07820052051059607	HIS
SAMEA3449223	g__Bacteroides	0.11622901420576838	HIS
SAMEA3449224	g__Bacteroides	0.007188894397620214	HIS
SAMEA3449225	g__Bacteroides	0.06697341513292428	HIS
SAMEA3449226	g__Bacteroides	0.05940252115351404	HIS
SAMEA3449227	g__Bacteroides	0.1303984105406253	HIS
SAMEA3449229	g__Bacteroides	0.1758699729110231	HIS
SAMEA3449230	g__Bacteroides	0.2996138996138996	HIS
SAMEA3449231	g__Bacteroides	0.09980745981283298	HIS
SAMEA3449232	g__Bacteroides	0.2664566929133858	HIS
SAMEA3449234	g__Bacteroides	0.10397810987160597	HIS
SAMEA3449235	g__Bacteroides	0.26610978520286394	HIS
SAMEA3449237	g__Bacteroides	0.05451095394169394	HIS
SAMEA3449241	g__Bacteroides	0.07828125747643425	HIS
SAMEA3449242	g__Bacteroides	0.014701790186439091	HIS
SAMEA3449243	g__Bacteroides	0.3406670897679994	HIS
SAMEA3449245	g__Bacteroides	0.03312038421458018	HIS
SAMEA3449246	g__Bacteroides	0.148605628422259	HIS
SAMEA3449247	g__Bacteroides	0.4117051122194514	HIS
SAMEA3449251	g__Bacteroides	0.13679410733076108	HIS
SAMEA3449252	g__Bacteroides	0.1792927451695224	HIS
SAMEA3449253	g__Bacteroides	0.19667477696674776	HIS
SAMEA3449254	g__Bacteroides	0.2543250487329434	HIS
SAMEA3449255	g__Bacteroides	0.020090674726642353	HIS
SAMEA3449256	g__Bacteroides	0.07340127012258157	HIS
SAMEA3449257	g__Bacteroides	0.06978838361098601	HIS
SAMEA3449264	g__Bacteroides	0.07054697511296956	HIS
SAMEA3449267	g__Bacteroides	0.07222597227270362	HIS
SAMEA3449268	g__Bacteroides	0.5449691131818657	HIS
SAMEA3449269	g__Bacteroides	0.25430543456409566	HIS
SAMEA3449271	g__Bacteroides	0.06291635825314576	HIS
SAMEA3449274	g__Bacteroides	0.023389348364325952	HIS
SAMEA3449275	g__Bacteroides	0.35662400553441714	HIS
SAMEA3449276	g__Bacteroides	0.6427369601794728	HIS
SAMEA3449278	g__Bacteroides	0.03724338400048445	HIS
SAMEA3449281	g__Bacteroides	0.05169126858761367	HIS
SAMEA3449282	g__Bacteroides	0.15708108990047312	HIS
SAMEA3449283	g__Bacteroides	0.21217025408642173	HIS
SAMEA3449285	g__Bacteroides	0.20208550573514072	HIS
SAMEA3449286	g__Bacteroides	0.17115604731018694	HIS
SAMEA3449288	g__Bacteroides	0.26454638721969803	HIS
SAMEA3449289	g__Bacteroides	0.017077292537578923	HIS
SAMEA3449290	g__Bacteroides	0.04322548028311423	HIS
SAMEA3449291	g__Bacteroides	0.10353922590934181	HIS
SAMEA3449292	g__Bacteroides	0.06901408450704222	HIS
SAMEA3449293	g__Bacteroides	0.10709219858156024	HIS
SAMEA3449294	g__Bacteroides	0.10277166170185206	HIS
SAMEA3449295	g__Bacteroides	0.13493530499075782	HIS
SAMEA3449296	g__Bacteroides	0.00973927542822494	HIS
SAMEA3449297	g__Bacteroides	0.028857922982769953	HIS
SAMEA3449299	g__Bacteroides	0.09943467336683415	HIS
SAMEA3449300	g__Bacteroides	0.033367037411526745	HIS
SAMEA3449301	g__Bacteroides	0.1184663280353924	HIS
SAMEA3449302	g__Bacteroides	0.17431933548684814	HIS
SAMEA3449303	g__Bacteroides	0.20743335279237202	HIS
SAMEA3449304	g__Bacteroides	0.05808960074280404	HIS
SAMEA3449305	g__Bacteroides	0.4547090112640801	HIS
SAMEA3449306	g__Bacteroides	0.47448563400706967	HIS
SAMEA3449309	g__Bacteroides	0.23994726433750824	HIS
SAMEA3449310	g__Bacteroides	0.10642443391258555	HIS
SAMEA3449312	g__Bacteroides	0.11375012268132297	HIS
SAMEA3449313	g__Bacteroides	0.03796735733302461	HIS
SAMEA3449316	g__Bacteroides	0.08996282527881037	HIS
SAMEA3449317	g__Bacteroides	0.12340490563154273	HIS
SAMEA3449319	g__Bacteroides	0.15032978514987264	HIS
SAMEA3449320	g__Bacteroides	0.0873611913473265	HIS
SAMEA3449322	g__Bacteroides	0.19028034820755363	HIS
SAMEA3449324	g__Bacteroides	0.10065678936917669	HIS
SAMEA3449326	g__Bacteroides	0.10679175607565244	HIS
SAMEA3449327	g__Bacteroides	0.15249446099778438	HIS
SAMEA3449328	g__Bacteroides	0.10647559097301273	HIS
SAMEA3449330	g__Bacteroides	0.10099292709466809	HIS
SAMEA3449332	g__Bacteroides	0.07484957882069791	HIS
SAMEA3449336	g__Bacteroides	0.06314930246363902	HIS
SAMEA3449337	g__Bacteroides	0.5781747435443934	HIS
SAMEA3449338	g__Bacteroides	0.2308882015024304	HIS
SAMEA3449339	g__Bacteroides	0.08606440581362208	HIS
SAMEA3449340	g__Bacteroides	0.326078869047619	HIS
SAMEA3449341	g__Bacteroides	0.042201342281879176	HIS
SAMEA3449342	g__Bacteroides	0.12915282392026575	HIS
SAMEA3449343	g__Bacteroides	0.24580940100808812	HIS
SAMEA3449344	g__Bacteroides	0.13795869260076196	HIS
SAMEA3449345	g__Bacteroides	0.7317044520145659	HIS
SAMEA3449348	g__Bacteroides	0.03179544758599567	HIS
SAMEA3449349	g__Bacteroides	0.2101195383347073	HIS
SAMEA3449350	g__Bacteroides	0.21856760282908735	HIS
SAMEA3449351	g__Bacteroides	0.07881508078994609	HIS
SAMEA3449352	g__Bacteroides	0.14133833646028762	HIS
SAMEA3449354	g__Bacteroides	0.17515458903633707	HIS
SAMEA3449355	g__Bacteroides	0.047199999999999985	HIS
SAMEA3449357	g__Bacteroides	0.04946625199630157	HIS
SAMEA3449358	g__Bacteroides	0.10678238508518159	HIS
SAMEA3449359	g__Bacteroides	0.22259379245480193	HIS
SAMEA3449360	g__Bacteroides	0.3219512195121951	HIS
SAMEA3449362	g__Bacteroides	0.02151040448912789	HIS
SAMEA3449363	g__Bacteroides	0.1206850235057085	HIS
SAMEA3449364	g__Bacteroides	0.18561434193266285	HIS
SAMEA3449365	g__Bacteroides	0.21469816272965878	HIS
SAMEA3449366	g__Bacteroides	0.05076551168412567	HIS
SAMEA3449367	g__Bacteroides	0.13459858651631856	HIS
SAMEA3449369	g__Bacteroides	0.28463982364001816	HIS
SAMEA3449370	g__Bacteroides	0.2572650952534711	HIS
SAMEA3449371	g__Bacteroides	0.08086694604504975	HIS
SAMEA3449372	g__Bacteroides	0.00919807108412214	HIS
SAMEA3449374	g__Bacteroides	0.19062816221685996	HIS
SAMEA3449375	g__Bacteroides	0.1376711468408491	HIS
SAMEA3449378	g__Bacteroides	0.40888585099111413	HIS
SAMEA3449379	g__Bacteroides	0.09737991266375542	HIS
SAMEA3449382	g__Bacteroides	0.1557906059519541	HIS
SAMEA3449383	g__Bacteroides	0.359090547738294	HIS
SAMEA3449416	g__Bacteroides	0.31518624641833803	HIS
SAMEA3449418	g__Bacteroides	0.13271028037383176	HIS
SAMEA3449421	g__Bacteroides	0.0805196609698485	HIS
SAMEA3449422	g__Bacteroides	0.08295964125560534	HIS
SAMEA3449424	g__Bacteroides	0.07417540073982734	HIS
SAMEA3449425	g__Bacteroides	0.021901681073341422	HIS
SID010101	g__Bacteroides	0.00170473917490623	LMIS
SID010201	g__Bacteroides	0.004056047197640106	LMIS
SID010301	g__Bacteroides	8.443568815085843e-4	LMIS
SID010401	g__Bacteroides	0.0018656716417910354	LMIS
SID01A_000	g__Bacteroides	0.021808510638297845	LMIS
SID01B_000	g__Bacteroides	0.027192982456140328	LMIS
SID01C_235	g__Bacteroides	0.0192307692307692	LMIS
SID01D_013	g__Bacteroides	0	LMIS
SID01E_000	g__Bacteroides	0.012032520325203246	LMIS
SID01F_239	g__Bacteroides	0.2980819077242094	LMIS
SID01H_011	g__Bacteroides	0	LMIS
SID01I_012	g__Bacteroides	0	LMIS
SID020101	g__Bacteroides	0.0022587931590835686	LMIS
SID02A_561	g__Bacteroides	0.0026642984014209592	LMIS
SID030101	g__Bacteroides	0.0039468963042698195	LMIS
SID030701	g__Bacteroides	0	LMIS
SID03A_000	g__Bacteroides	0.0010395010395010396	LMIS
SID03B_000	g__Bacteroides	0.006513809275664405	LMIS
SID03C_000	g__Bacteroides	0.02401038286826732	LMIS
SID03E_000	g__Bacteroides	0.012390670553935846	LMIS
SID03F_000	g__Bacteroides	0.005179282868525889	LMIS
SID040101	g__Bacteroides	0.00532132623823167	LMIS
SID040201	g__Bacteroides	0	LMIS
SID040301	g__Bacteroides	0	LMIS
SID04D_562	g__Bacteroides	0.0023139220979560278	LMIS
SID04E_563	g__Bacteroides	0.004295302013422807	LMIS
SID05A_000	g__Bacteroides	0.010646108663729798	LMIS
SID05B_000	g__Bacteroides	0.01289134438305707	LMIS
SID05D_000	g__Bacteroides	0	LMIS
SID060101	g__Bacteroides	0	LMIS
SID060201	g__Bacteroides	0.004872456291200905	LMIS
SID07A_558	g__Bacteroides	5.502063273727648e-4	LMIS
SID07C_541	g__Bacteroides	9.328358208955224e-4	LMIS
SID080101	g__Bacteroides	0.0012683916793505834	LMIS
SID08A_000	g__Bacteroides	0.0035460992907801418	LMIS
SID08B_044	g__Bacteroides	0	LMIS
SID08C_021	g__Bacteroides	0	LMIS
SID08D_079	g__Bacteroides	0.01073825503355704	LMIS
SID08I_009	g__Bacteroides	0	LMIS
SID08J_078	g__Bacteroides	0	LMIS
SID090101	g__Bacteroides	0.0033670033670033604	LMIS
SID090201	g__Bacteroides	0.0012933264355923435	LMIS
SID09A_515	g__Bacteroides	4.8344210780759e-4	LMIS
SID09B_516	g__Bacteroides	0.0017463435931019428	LMIS
SID100201	g__Bacteroides	0.00309023485784918	LMIS
SID140201	g__Bacteroides	0.025990099009900954	LMIS
SID140301	g__Bacteroides	0.0069444444444444415	LMIS
SID190101	g__Bacteroides	6.152584085315833e-4	LMIS
SID210101	g__Bacteroides	0.00665424540857066	LMIS
SID210201	g__Bacteroides	0.011924342105263119	LMIS
SID210301	g__Bacteroides	0.07039239001189057	LMIS
SID240101	g__Bacteroides	4.6871338176704945e-4	LMIS
SID240201	g__Bacteroides	0.001730769230769227	LMIS
SID240401	g__Bacteroides	0.06583072100313475	LMIS
SID250101	g__Bacteroides	2.6136957658128593e-4	LMIS
SID250301	g__Bacteroides	0.005767524401064773	LMIS
SID250501	g__Bacteroides	5.320563979781857e-4	LMIS
SM01	g__Bacteroides	0.0024867889337892445	LMIS
SM02	g__Bacteroides	0.0017278415989539515	LMIS
SM18	g__Bacteroides	7.589347316130812e-4	LMIS
SM20	g__Bacteroides	0.0012811817017107543	LMIS
SM28	g__Bacteroides	0.0033066353148651566	LMIS
SM29	g__Bacteroides	1.0920607185759528e-4	LMIS
SM31	g__Bacteroides	0.005758157389635303	LMIS
SM32	g__Bacteroides	1.506326571600723e-4	LMIS
SM39	g__Bacteroides	0.0032099697885196233	LMIS
SRR1927149	g__Bacteroides	0.006705159247532122	LMIS
SRR1929408	g__Bacteroides	0.022545603607296558	LMIS
SRR1929484	g__Bacteroides	0.02338269680436475	LMIS
SRR1929563	g__Bacteroides	0.021571298819255205	LMIS
SRR1930121	g__Bacteroides	0.020979020979020963	LMIS
SRR1930122	g__Bacteroides	0.023434077967586495	LMIS
SRR1930123	g__Bacteroides	0.0146226982789746	LMIS
SRR1930133	g__Bacteroides	0.025715204114432653	LMIS
SRR1930136	g__Bacteroides	0.013582342954159584	LMIS
SRR1930138	g__Bacteroides	0.030964109781843756	LMIS
SRR1930140	g__Bacteroides	0.00416088765603327	LMIS
SRR1930141	g__Bacteroides	0.019776714513556615	LMIS
SRR1930142	g__Bacteroides	0.022049286640726317	LMIS
SRR1930143	g__Bacteroides	0.0386052303860523	LMIS
SRR1930144	g__Bacteroides	0.027149321266968316	LMIS
SRR1930145	g__Bacteroides	0.012724702080387777	LMIS
SRR1930149	g__Bacteroides	0.028524857375713093	LMIS
SRR1930176	g__Bacteroides	0.01315789473684209	LMIS
SRR1930177	g__Bacteroides	0.0037926675094816682	LMIS
SRR1930179	g__Bacteroides	0.0059435364041604604	LMIS
SRR1930187	g__Bacteroides	0.00490998363338787	LMIS
SRR1930244	g__Bacteroides	0.014247208317289173	LMIS
SRR1930247	g__Bacteroides	0.25999999999999995	HIS
SRR1930248	g__Bacteroides	0.00316455696202531	HIS
SRR1930250	g__Bacteroides	0.05223880597014925	HIS
SRR1930251	g__Bacteroides	0.07304785894206547	HIS
SRR1930253	g__Bacteroides	0.012246460007654017	HIS
SRR1930255	g__Bacteroides	0.3047559449311639	HIS
SRR1930777	g__Bacteroides	0.13872832369942187	HIS
SRR1931170	g__Bacteroides	0.2848538924827124	HIS
SRR1931173	g__Bacteroides	0.16595891197061854	HIS
SRR1931177	g__Bacteroides	0.0258620689655172	HIS
SRR1931178	g__Bacteroides	0.00273972602739726	HIS
SRR3992955	g__Bacteroides	0.014654570830425673	HIS
SRR3992956	g__Bacteroides	0.001693480101608806	HIS
SRR3992957	g__Bacteroides	0.011269117252481876	HIS
SRR3992958	g__Bacteroides	0.0018937506229442839	LMIS
SRR3992959	g__Bacteroides	0.03522585992540404	LMIS
SRR3992960	g__Bacteroides	0.0033636057854019457	LMIS
SRR3992961	g__Bacteroides	0.008017383485688588	LMIS
SRR3992962	g__Bacteroides	0.015935932696974592	LMIS
SRR3992963	g__Bacteroides	0.010437881873727082	LMIS
SRR3992964	g__Bacteroides	0.07497581425346661	LMIS
SRR3992965	g__Bacteroides	0.010851305334846746	LMIS
SRR3992966	g__Bacteroides	0.02213974916815967	LMIS
SRR3992967	g__Bacteroides	0.056078046041549666	LMIS
SRR3992968	g__Bacteroides	0.062291434927697426	HIS
SRR3992969	g__Bacteroides	0.0024056254626202813	HIS
SRR3992970	g__Bacteroides	7.195970256656273e-4	HIS
SRR3992971	g__Bacteroides	0.018467700066750695	HIS
SRR3992972	g__Bacteroides	0.05277463193657984	HIS
SRR3992973	g__Bacteroides	0.06836057725189792	HIS
SRR3992974	g__Bacteroides	0.004820936639118448	HIS
SRR3992975	g__Bacteroides	0.029625951671631894	HIS
SRR3992976	g__Bacteroides	0.019817552689524988	HIS
SRR3992977	g__Bacteroides	0.025289017341040453	HIS
SRR3992978	g__Bacteroides	0.03259853039412156	HIS
SRR3992979	g__Bacteroides	0.02840523509452252	HIS
SRR3992980	g__Bacteroides	0.017558120630791717	HIS
SRR3992981	g__Bacteroides	0.037996360911912636	HIS
SRR3992982	g__Bacteroides	0.011660935864852735	HIS
SRR3992983	g__Bacteroides	0.0036131774707757612	HIS
SRR3992984	g__Bacteroides	0.05441730863792816	HIS
SRR3992985	g__Bacteroides	0.16390122811601773	HIS
SRR3992986	g__Bacteroides	0.007851534618129897	HIS
SRR3992987	g__Bacteroides	0.11118077324973873	HIS
SRR3992988	g__Bacteroides	0.012381257338029658	HIS
SRR3992989	g__Bacteroides	0.021205357142857144	HIS
SRR3992990	g__Bacteroides	0.011693834160170084	HIS
SRR3992991	g__Bacteroides	0.005475802871096625	LMIS
SRR3992992	g__Bacteroides	0.004995374653098974	LMIS
SRR3992993	g__Bacteroides	0.02546412443552432	LMIS
SRR3992994	g__Bacteroides	0.11236994219653175	LMIS
SRR3992995	g__Bacteroides	0.002015422362425514	LMIS
SRR3992996	g__Bacteroides	0.003735990037359894	LMIS
SRR3992997	g__Bacteroides	8.88651915044877e-5	LMIS
SRR3992998	g__Bacteroides	0.015826103537038786	LMIS
SRR3992999	g__Bacteroides	0.36052241021074505	HIS
SRR3993000	g__Bacteroides	0.018299471193988278	LMIS
SRR3993001	g__Bacteroides	0.004031697483664668	LMIS
SRR3993002	g__Bacteroides	0.012822812051649908	LMIS
SRR3993003	g__Bacteroides	0.0037455881293668516	LMIS
SRR3993004	g__Bacteroides	0.018748588208719195	LMIS
SRR3993005	g__Bacteroides	7.692730369800538e-4	LMIS
SRR3993006	g__Bacteroides	0.020335354976810553	LMIS
SRR3993007	g__Bacteroides	0.1005845782685348	LMIS
SRR3993008	g__Bacteroides	0.0532194480946123	LMIS
SRR3993009	g__Bacteroides	0.0034507377439314596	LMIS
SRR3993010	g__Bacteroides	0.004329896907216489	HIS
SRR3993011	g__Bacteroides	0.008345697329376848	HIS
SRR3993012	g__Bacteroides	0.011179936546306089	HIS
SRR3993013	g__Bacteroides	0.005172493418925782	HIS
SRR3993014	g__Bacteroides	0.006890766373060086	HIS
SRR3993015	g__Bacteroides	0.06503733876442631	HIS
SRR3993016	g__Bacteroides	0.10412051395657951	HIS
SRR3993017	g__Bacteroides	0.027166437414030246	HIS
SRR3993018	g__Bacteroides	3.184713375796178e-4	HIS
SRR3993019	g__Bacteroides	0.0693535188216039	HIS
SRR3993020	g__Bacteroides	0.07692307692307684	HIS
SRR3993021	g__Bacteroides	0.4166914608747396	HIS
SRR3993022	g__Bacteroides	0.03763544891640866	HIS
SRR3993023	g__Bacteroides	0.03911273039005569	HIS
SRR3993024	g__Bacteroides	0.025451559934318517	HIS
SRR3993025	g__Bacteroides	0.3734215273601924	LMIS
SRR3993026	g__Bacteroides	0.15152963671128103	LMIS
SRR3993027	g__Bacteroides	0.32965779467680606	LMIS
SRR3993028	g__Bacteroides	0.012424771888953601	LMIS
SRR3993029	g__Bacteroides	0.012275884348247447	LMIS
SRR3993030	g__Bacteroides	0.021450772665586818	LMIS
SRR3993031	g__Bacteroides	0.020812894183601948	LMIS
SRR3993032	g__Bacteroides	0.062217860647693794	HIS
SRR3993033	g__Bacteroides	0.12863867806705734	LMIS
SRR3993034	g__Bacteroides	0.015214556293858266	LMIS
SRR3993035	g__Bacteroides	0.07616351088302953	LMIS
SRR3993036	g__Bacteroides	0.012736773350751126	LMIS
SRR3993037	g__Bacteroides	0.0361881785283474	LMIS
SRR3993038	g__Bacteroides	0.01896414342629481	LMIS
SRR3993039	g__Bacteroides	0.020017406440382933	LMIS
SRR3993040	g__Bacteroides	0.07898177343689913	LMIS
SRR3993041	g__Bacteroides	0.026264363323692627	LMIS
SRR3993042	g__Bacteroides	0.013607910732105589	LMIS
SRR3993043	g__Bacteroides	0.029487900956668523	HIS
SRR3993044	g__Bacteroides	0.03206300098439036	LMIS
SRR3993045	g__Bacteroides	0.05388272583201266	LMIS
SRR3993046	g__Bacteroides	0.016233975391354738	LMIS
SRR3993047	g__Bacteroides	0.03304692663582284	LMIS
SRR3993048	g__Bacteroides	0.00665889795238888	LMIS
SRR3993049	g__Bacteroides	0.01856908793009283	LMIS
SRR3993050	g__Bacteroides	0.008767000112397422	LMIS
SRR3993051	g__Bacteroides	0.004275653923541245	LMIS
SRR3993052	g__Bacteroides	0.00638085742771683	LMIS
SRR3993053	g__Bacteroides	0.10381529392500403	LMIS
SRR3993054	g__Bacteroides	0.009424298299528785	HIS
SRR3993055	g__Bacteroides	0.04000569476082003	LMIS
SRR3993056	g__Bacteroides	0.07845879959308238	LMIS
SRR3993057	g__Bacteroides	0.03946502959877217	LMIS
SRR3993058	g__Bacteroides	0.06962774957698813	LMIS
SRR3993059	g__Bacteroides	0.01766447533497264	LMIS
SRR3993060	g__Bacteroides	0.031014793667272243	LMIS
SRR3993061	g__Bacteroides	0.00843730365317296	LMIS
SRR3993062	g__Bacteroides	0.11117056856187285	LMIS
SRR3993063	g__Bacteroides	0.019540476701739307	LMIS
SRR3993064	g__Bacteroides	0.008597472550238232	LMIS
SRR5127392	g__Bacteroides	0.30754074870141496	HIS
SRR5127393	g__Bacteroides	0.0064482847562548325	HIS
SRR5127394	g__Bacteroides	0.013261761919797898	HIS
SRR5127395	g__Bacteroides	0.0568372483221476	HIS
SRR5127396	g__Bacteroides	0.06925596630790827	HIS
SRR5127397	g__Bacteroides	0.011760808348517468	HIS
SRR5127398	g__Bacteroides	0.06587942821628337	HIS
SRR5127399	g__Bacteroides	0.07377900935226875	HIS
SRR5127400	g__Bacteroides	0.0683388789352444	HIS
SRR5127401	g__Bacteroides	0.027180067950169848	HIS
SRR5127402	g__Bacteroides	0.054913294797687834	HIS
SRR5127403	g__Bacteroides	0.02347629796839726	HIS
SRR5127404	g__Bacteroides	0.05125786163522008	HIS
SRR5127405	g__Bacteroides	0.07144524865748304	HIS
SRR5127406	g__Bacteroides	0.09426941205656163	HIS
SRR5127407	g__Bacteroides	0.009218163195629887	HIS
SRR5127408	g__Bacteroides	0.06137865911237015	HIS
SRR5127409	g__Bacteroides	0.06504494976203065	HIS
SRR5127410	g__Bacteroides	0.1129761136216914	HIS
SRR5127411	g__Bacteroides	0.039130434782608664	HIS
SRR5127412	g__Bacteroides	0.018872266973532788	HIS
SRR5127413	g__Bacteroides	0.012552301255230111	HIS
SRR5127414	g__Bacteroides	0.03978422117329733	HIS
SRR5127415	g__Bacteroides	0.06058242329693186	HIS
SRR5127416	g__Bacteroides	0.04141189549749858	HIS
SRR5127417	g__Bacteroides	0.008711190529372342	HIS
SRR5127418	g__Bacteroides	0.018642117376294575	HIS
SRR5127419	g__Bacteroides	0.09822695035460988	HIS
SRR5127420	g__Bacteroides	0.06358677122400266	HIS
SRR5127421	g__Bacteroides	0.006857413100023641	HIS
SRR5127422	g__Bacteroides	0.005379885814668412	HIS
SRR5127423	g__Bacteroides	0.050113321581465566	HIS
SRR5127424	g__Bacteroides	0.12467800103039667	HIS
SRR5127425	g__Bacteroides	0.036514118792599776	HIS
SRR5127426	g__Bacteroides	0.051355206847360876	HIS
SRR5127427	g__Bacteroides	0.0018357044515832951	HIS
SRR5127428	g__Bacteroides	0.010620915032679729	HIS
SRR5127429	g__Bacteroides	0.0406386066763425	HIS
SRR5127430	g__Bacteroides	0.08402061855670095	HIS
SRR5127431	g__Bacteroides	0.015850144092218965	HIS
SRR5127432	g__Bacteroides	0.06898226864221518	HIS
SRR5127433	g__Bacteroides	0.029073698444895164	HIS
SRR5127434	g__Bacteroides	0.045324768022840786	HIS
SRR5127436	g__Bacteroides	0.025904203323558132	HIS
SRR5127437	g__Bacteroides	0.00314285714285714	HIS
SRR5127438	g__Bacteroides	0.06232408524326495	HIS
SRR5127439	g__Bacteroides	0.05303678357570571	HIS
SRR5127442	g__Bacteroides	0.05140918580375779	HIS
SRR5127443	g__Bacteroides	0.03113270037535877	HIS
SRR5127444	g__Bacteroides	0.08311377245508979	HIS
SRR5127445	g__Bacteroides	0.12677165354330705	HIS
SRR5127446	g__Bacteroides	0.06404958677685947	HIS
SRR5127447	g__Bacteroides	0.10304054054054052	HIS
SRR5127448	g__Bacteroides	0.0661287148199173	HIS
SRR5127449	g__Bacteroides	0.11931394481730048	HIS
SRR5127450	g__Bacteroides	0.06860986547085199	HIS
SRR5127451	g__Bacteroides	0.02229072800569122	HIS
SRR5127452	g__Bacteroides	0.04336147352264004	HIS
SRR5127453	g__Bacteroides	0.021507712361503322	HIS
SRR5127454	g__Bacteroides	0.0028804608737397984	HIS
SRR5127455	g__Bacteroides	0.12306201550387594	HIS
SRR5127456	g__Bacteroides	0.009128450336883262	HIS
SRR5127457	g__Bacteroides	0.04780157835400223	HIS
SRR5127458	g__Bacteroides	0.07792553191489357	HIS
SRR5127459	g__Bacteroides	0.14524158125915076	HIS
SRR5127461	g__Bacteroides	0.03782735208535401	HIS
SRR5127462	g__Bacteroides	0.18520461699895063	HIS
SRR5127463	g__Bacteroides	0.1058986539984164	HIS
SRR5127464	g__Bacteroides	0.389374425022999	HIS
SRR5127465	g__Bacteroides	0.021514389494272115	HIS
SRR5127466	g__Bacteroides	0.03091447611995555	HIS
SRR5127467	g__Bacteroides	0.02705713830972464	HIS
SRR5127468	g__Bacteroides	0.14147286821705427	HIS
SRR5127469	g__Bacteroides	0.0240933299518133	HIS
SRR5127470	g__Bacteroides	0.08909952606635066	HIS
SRR5127471	g__Bacteroides	0.026430517711171636	HIS
SRR5127472	g__Bacteroides	0.05552291421856638	HIS
SRR5127473	g__Bacteroides	0.07246376811594199	HIS
SRR5127474	g__Bacteroides	0.04565701559020039	HIS
SRR5127475	g__Bacteroides	0.04627387678235134	HIS
SRR5127476	g__Bacteroides	0.011146496815286604	HIS
SRR5127477	g__Bacteroides	0.0473457675753228	HIS
SRR5127478	g__Bacteroides	0.09002308284175425	HIS
SRR5127479	g__Bacteroides	0.038992042440318286	HIS
SRR5127480	g__Bacteroides	0.001928268414963363	HIS
SRR5127481	g__Bacteroides	0.02769492969748613	HIS
SRR5127482	g__Bacteroides	0.12433795712484232	HIS
SRR5127483	g__Bacteroides	0.041692213366033105	HIS
SRR5127484	g__Bacteroides	0.027785058977719504	HIS
SRR5127485	g__Bacteroides	0.03087649402390438	HIS
SRR5127486	g__Bacteroides	0.058885661473461824	HIS
SRR5127487	g__Bacteroides	0.02841621395737565	HIS
SRR5127488	g__Bacteroides	0.14334155363748455	HIS
SRR5127489	g__Bacteroides	0.03247596778383992	HIS
SRR5127490	g__Bacteroides	0.03983435219877734	HIS
SRR5127491	g__Bacteroides	0.13859275053304898	HIS
SRR5127492	g__Bacteroides	0.01334044823906079	HIS
SRR5127493	g__Bacteroides	0.033980582524271795	HIS
SRR5127494	g__Bacteroides	0.013715330691862202	HIS
SRR5127495	g__Bacteroides	0.03721051262034866	HIS
SRR5127496	g__Bacteroides	0.018909235668789756	HIS
SRR5127497	g__Bacteroides	0.07154977375565609	HIS
SRR5127498	g__Bacteroides	0.03673469387755099	HIS
SRR5127499	g__Bacteroides	0.05094671091157523	HIS
SRR5127500	g__Bacteroides	0.011941848390446493	HIS
SRR5127501	g__Bacteroides	0.0877102199223803	HIS
SRR5127502	g__Bacteroides	0.008036266227076025	HIS
SRR5127503	g__Bacteroides	0.07001675041876046	HIS
SRR5127504	g__Bacteroides	0.015280898876404476	HIS
SRR5127505	g__Bacteroides	0.07860906217070598	HIS
SRR5127506	g__Bacteroides	0.03170409511228527	HIS
SRR5127507	g__Bacteroides	0.08721272834413668	HIS
SRR5127508	g__Bacteroides	0.0964115866839602	HIS
SRR5127509	g__Bacteroides	0.1627715149848776	HIS
SRR5127510	g__Bacteroides	0.04112740868564851	HIS
SRR5127511	g__Bacteroides	0.046213093709884426	HIS
SRR5127512	g__Bacteroides	0.012025143481825616	HIS
SRR5127513	g__Bacteroides	0.035434782608695634	HIS
SRR5127514	g__Bacteroides	0.09848982271831908	HIS
SRR5127515	g__Bacteroides	0.021466905187835384	HIS
SRR5127516	g__Bacteroides	0.031422271223814746	HIS
SRR5127517	g__Bacteroides	0.022609819121447026	HIS
SRR5127518	g__Bacteroides	0.004529126971731996	HIS
SRR5127520	g__Bacteroides	0.016874645490640938	HIS
SRR5127521	g__Bacteroides	0.01763803680981593	HIS
SRR5127522	g__Bacteroides	0.06754402941745692	HIS
SRR5127523	g__Bacteroides	0.05538727823453046	HIS
SRR5127524	g__Bacteroides	0.015906477577615936	HIS
SRR5127525	g__Bacteroides	0.08110014104372351	HIS
SRR5127526	g__Bacteroides	0.017131979695431437	HIS
SRR5127527	g__Bacteroides	0.03401144310235218	HIS
SRR5127528	g__Bacteroides	0.11371087928464975	HIS
SRR5127529	g__Bacteroides	0.04455696202531645	HIS
SRR5127530	g__Bacteroides	0.02190701339637506	HIS
SRR5127531	g__Bacteroides	0.07635082223962406	HIS
SRR5127533	g__Bacteroides	0.011085844229675925	HIS
SRR5127534	g__Bacteroides	0.05789473684210524	HIS
SRR5127535	g__Bacteroides	0.03455882352941172	HIS
SRR5127536	g__Bacteroides	0.150109683484801	HIS
SRR5127537	g__Bacteroides	0.040856031128404635	HIS
SRR5127538	g__Bacteroides	0.016962843295638075	HIS
SRR5127539	g__Bacteroides	0.06841339155749633	HIS
SRR5127540	g__Bacteroides	0.023311416616855925	HIS
SRR5127541	g__Bacteroides	0.06155398587285567	HIS
SRR5127542	g__Bacteroides	0.004726160689463442	HIS
SRR5127543	g__Bacteroides	0.03794086213038826	HIS
SRR5127544	g__Bacteroides	0.07140434192672994	HIS
SRR5127545	g__Bacteroides	0.13113145846958793	HIS
SRR5127546	g__Bacteroides	0.07076167076167073	HIS
SRR5127547	g__Bacteroides	0.11561866125760645	HIS
SRR5127548	g__Bacteroides	0.025030376670716867	HIS
SRR5127549	g__Bacteroides	0.03939962476547839	HIS
SRR5127550	g__Bacteroides	0.02147352832284337	HIS
SRR5127551	g__Bacteroides	0.3068867026340844	HIS
SRR5127552	g__Bacteroides	0.01687826736370425	HIS
SRR5127553	g__Bacteroides	0.019317957815888014	HIS
SRR5127554	g__Bacteroides	0.11717974180734848	HIS
SRR5127555	g__Bacteroides	0.0312783318223028	HIS
SRR5127556	g__Bacteroides	0.0570613409415121	HIS
SRR5127557	g__Bacteroides	0.055713704758031696	HIS
SRR5127558	g__Bacteroides	0.013168086754453889	HIS
SRR5127559	g__Bacteroides	0.07088086777632314	HIS
SRR5127560	g__Bacteroides	0.02801570306923624	HIS
SRR5127561	g__Bacteroides	0.15760111576011157	HIS
SRR5127562	g__Bacteroides	0.13873581847649918	HIS
SRR5127563	g__Bacteroides	0.08506224066390033	HIS
SRR5127564	g__Bacteroides	0.015558397271952231	HIS
SRR5127565	g__Bacteroides	0.04057124310288866	HIS
SRR5127566	g__Bacteroides	0.047747237177670696	HIS
SRR5127567	g__Bacteroides	0.020127706829539144	HIS
SRR5127568	g__Bacteroides	0.04327106366755621	HIS
SRR5127569	g__Bacteroides	0.04096228868660596	HIS
SRR5127570	g__Bacteroides	0.02625298329355607	HIS
SRR5127571	g__Bacteroides	0.05990469707283865	HIS
SRR5127572	g__Bacteroides	0.132369299221357	HIS
SRR5127573	g__Bacteroides	0.2975245212517515	HIS
SRR5127574	g__Bacteroides	0.038128249566724406	HIS
SRR5127575	g__Bacteroides	0.04387351778656125	HIS
SRR5127576	g__Bacteroides	0.028304639626495452	HIS
SRR5127577	g__Bacteroides	0.030275229357798125	HIS
SRR5127578	g__Bacteroides	0.13126976954360592	HIS
SRR5127579	g__Bacteroides	0.03184449958643501	HIS
SRR5127580	g__Bacteroides	0.1343283582089552	HIS
SRR5127581	g__Bacteroides	0.08728296574378223	HIS
SRR5127582	g__Bacteroides	0.020856820744081128	HIS
SRR5127583	g__Bacteroides	0.06093286600161766	HIS
SRR5127585	g__Bacteroides	0.06665027053615344	HIS
SRR5127586	g__Bacteroides	0.11784866860005269	HIS
SRR5127587	g__Bacteroides	0.1056676272814601	HIS
SRR5127588	g__Bacteroides	0.059641532756489445	HIS
SRR5127589	g__Bacteroides	0	HIS
SRR5127590	g__Bacteroides	0.056698444555945755	HIS
SRR5127591	g__Bacteroides	0.06148867313915857	HIS
SRR5127592	g__Bacteroides	0.02486077963404931	HIS
SRR5127593	g__Bacteroides	0.10721247563352825	HIS
SRR5127594	g__Bacteroides	0.07793633369923157	HIS
SRR5127595	g__Bacteroides	0.07732696897374698	HIS
SRR5127596	g__Bacteroides	0.018338727076591125	HIS
SRR5127597	g__Bacteroides	0.0725366876310272	HIS
SRR5127598	g__Bacteroides	0.04284134881149802	HIS
SRR5127599	g__Bacteroides	0.0741192618575568	HIS
SRR5127600	g__Bacteroides	0.1594860166288737	HIS
SRR5127601	g__Bacteroides	0.08626198083067091	HIS
SRR5127602	g__Bacteroides	0.2290354656943984	HIS
SRR5127603	g__Bacteroides	0.07817687896166611	HIS
SRR5127604	g__Bacteroides	0.05424020662935853	HIS
SRR5127605	g__Bacteroides	0.04508071885470603	HIS
SRR5127606	g__Bacteroides	0.05613850996852044	HIS
SRR5127607	g__Bacteroides	0.06518282988871221	HIS
SRR5127608	g__Bacteroides	0.024580231954301524	HIS
SRR5127609	g__Bacteroides	0.034830793587967535	HIS
SRR5127610	g__Bacteroides	0.009505703422053209	HIS
SRR5127611	g__Bacteroides	0.08088235294117645	HIS
SRR5127613	g__Bacteroides	0.08218549127640033	HIS
SRR5127614	g__Bacteroides	0.08143573909687374	HIS
SRR5127615	g__Bacteroides	0.09487179487179485	HIS
SRR5127616	g__Bacteroides	0.09109624292331445	HIS
SRR5127617	g__Bacteroides	0.18333333333333324	HIS
SRR5127618	g__Bacteroides	0.02538461538461537	HIS
SRR5127619	g__Bacteroides	0.06137797185832118	HIS
SRR5127620	g__Bacteroides	0.04207436399217218	HIS
SRR5127621	g__Bacteroides	0.09803012746234066	HIS
SRR5127623	g__Bacteroides	0.02595673876871878	HIS
SRR5127624	g__Bacteroides	0.0809369202226345	HIS
SRR5127625	g__Bacteroides	0.02260147601476013	HIS
SRR5127626	g__Bacteroides	0.1368867353119321	HIS
SRR5127627	g__Bacteroides	0.026384243775548082	HIS
SRR5127628	g__Bacteroides	0.08375378405650855	HIS
SRR5127629	g__Bacteroides	0.14549402823018456	HIS
SRR5127630	g__Bacteroides	0.025260845689181723	HIS
SRR5127631	g__Bacteroides	0.07501982553528942	HIS
SRR5127632	g__Bacteroides	0.38381962864721486	HIS
SRR5127633	g__Bacteroides	0.02288506042684491	HIS
SRR5127634	g__Bacteroides	0.015475313190862176	HIS
SRR5127635	g__Bacteroides	0.0364077669902912	HIS
SRR5127636	g__Bacteroides	0.034618129907209076	HIS
SRR5127637	g__Bacteroides	0.1002827931259517	HIS
SRR5127638	g__Bacteroides	0.20977408944213924	HIS
SRR5127639	g__Bacteroides	0.0781835205992509	HIS
SRR5127640	g__Bacteroides	0.10672020287404901	HIS
SRR5127641	g__Bacteroides	0.16332179930795845	HIS
SRR5127642	g__Bacteroides	0.050766283524904185	HIS
SRR5127643	g__Bacteroides	0.0048330404217926115	HIS
SRR5127644	g__Bacteroides	0.09584888059701488	HIS
SRR5127645	g__Bacteroides	0.03137516688918557	HIS
SRR5127646	g__Bacteroides	0.07501119570085085	HIS
SRR5127647	g__Bacteroides	0.13138283190725913	HIS
SRR5127648	g__Bacteroides	0.01475350845627922	HIS
SRR5127649	g__Bacteroides	0.12113197566781272	HIS
SRR5127650	g__Bacteroides	0.029874848607186026	HIS
SRR5127651	g__Bacteroides	0.04792262035612219	HIS
SRR5127652	g__Bacteroides	0.05788842231553686	HIS
SRR5127653	g__Bacteroides	0.20295698924731181	HIS
SRR5127654	g__Bacteroides	0.04830917874396132	HIS
SRR5127655	g__Bacteroides	0.012600477949163582	HIS
SRR5127656	g__Bacteroides	0.052727272727272706	HIS
SRR5127657	g__Bacteroides	0.013269639065817379	HIS
SRR5127658	g__Bacteroides	0.018510225406777117	HIS
SRR5127659	g__Bacteroides	0.08893006021306157	HIS
SRR5127660	g__Bacteroides	0.077559462254395	HIS
SRR5127661	g__Bacteroides	0.051005747126436754	HIS
SRR5127662	g__Bacteroides	0	HIS
SRR5127663	g__Bacteroides	0.09715580166121317	HIS
SRR5127664	g__Bacteroides	0.03204915310528062	HIS
SRR5127665	g__Bacteroides	0.02706453851492014	HIS
SRR5127666	g__Bacteroides	0.06079207920792075	HIS
SRR5127667	g__Bacteroides	0.031249999999999986	HIS
SRR5127668	g__Bacteroides	0.08101539292465564	HIS
SRR5127669	g__Bacteroides	0.0393996247654784	HIS
SRR5127670	g__Bacteroides	0.06370032325537173	HIS
SRR5127671	g__Bacteroides	0.025056947608200424	HIS
SRR5127672	g__Bacteroides	0.02564646036456124	HIS
SRR5127673	g__Bacteroides	0.061889250814332206	HIS
SRR5127674	g__Bacteroides	0.12107208872458404	HIS
SRR5127675	g__Bacteroides	0.004154078549848928	HIS
SRR5127676	g__Bacteroides	0.10982293423271497	HIS
SRR5127677	g__Bacteroides	0.0980311730926989	HIS
SRR5127678	g__Bacteroides	0.08455374412821219	HIS
SRR5127679	g__Bacteroides	0.17601246105918997	HIS
SRR5127680	g__Bacteroides	0.010744435917114341	HIS
SRR5127681	g__Bacteroides	0.022857142857142812	HIS
SRR5127682	g__Bacteroides	0.046645828324116324	HIS
SRR5127683	g__Bacteroides	0.053691275167785206	HIS
SRR5127684	g__Bacteroides	0.022324592487597435	HIS
SRR5127685	g__Bacteroides	0.01690140845070421	HIS
SRR5127686	g__Bacteroides	0.2869384575434952	HIS
SRR5127688	g__Bacteroides	0.10301163586584526	HIS
SRR5127689	g__Bacteroides	0.043311286537230625	HIS
SRR5127690	g__Bacteroides	0.1885558583106267	HIS
SRR5127691	g__Bacteroides	0.020385875500546043	HIS
SRR5127692	g__Bacteroides	0.05924216195422193	HIS
SRR5127693	g__Bacteroides	0.014687500000000001	HIS
SRR5127694	g__Bacteroides	0.11139112903225803	HIS
SRR5127695	g__Bacteroides	0.04457973291437547	HIS
SRR5127696	g__Bacteroides	0.019496344435418346	HIS
SRR5127697	g__Bacteroides	0.0434782608695652	HIS
SRR5127698	g__Bacteroides	0.10368956743002544	HIS
SRR5127699	g__Bacteroides	0.09156193895870729	HIS
SRR5127700	g__Bacteroides	0.052375809935205166	HIS
SRR5127701	g__Bacteroides	0.084175084175084125	HIS
SRR5127702	g__Bacteroides	0.035291873330789744	HIS
SRR5127703	g__Bacteroides	0.1899577871584092	HIS
SRR5127704	g__Bacteroides	0.038266169996613586	HIS
SRR5127705	g__Bacteroides	0.140341791817711	HIS
SRR5127706	g__Bacteroides	0.04068117313150423	HIS
SRR5127707	g__Bacteroides	0.08617841409691628	HIS
SRR5127708	g__Bacteroides	0.02066649444587959	HIS
SRR5127709	g__Bacteroides	0.08873949579831929	HIS
SRR5127710	g__Bacteroides	0.03974221267454348	HIS
SRR5127711	g__Bacteroides	0.14501039501039498	HIS
SRR5127712	g__Bacteroides	0.06189034645139587	HIS
SRR5127713	g__Bacteroides	0.06281957633308982	HIS
SRR5127714	g__Bacteroides	0.03638253638253633	HIS
SRR5127715	g__Bacteroides	0.021422195775066908	HIS
SRR5127716	g__Bacteroides	0.02759948652118098	HIS
SRR5127717	g__Bacteroides	0.10824742268041236	HIS
SRR5127718	g__Bacteroides	0.1159420289855072	HIS
SRR5127719	g__Bacteroides	0.01362318840579707	HIS
SRR5127720	g__Bacteroides	0.08403126744835283	HIS
SRR5127721	g__Bacteroides	0.11401673640167358	HIS
SRR5127722	g__Bacteroides	0.015392781316348176	HIS
SRR5127723	g__Bacteroides	0.025967281225655652	HIS
SRR5127724	g__Bacteroides	0.022680795686930624	HIS
SRR5127725	g__Bacteroides	0.1335661283282409	HIS
SRR5127726	g__Bacteroides	0.07032967032967027	HIS
SRR5127727	g__Bacteroides	0.0919456574478408	HIS
SRR5127728	g__Bacteroides	0.03361590178310433	HIS
SRR5127729	g__Bacteroides	0.07999999999999995	HIS
SRR5127730	g__Bacteroides	0.0645777607948032	HIS
SRR5127731	g__Bacteroides	0.0647198105761641	HIS
SRR5127732	g__Bacteroides	0.012567767373090183	HIS
SRR5127733	g__Bacteroides	0.09177215189873413	HIS
SRR5127734	g__Bacteroides	0.05714285714285711	HIS
SRR5127735	g__Bacteroides	0.018787878787878777	HIS
SRR5127736	g__Bacteroides	0.044732576985413254	HIS
SRR5127737	g__Bacteroides	0.07117504203250509	HIS
SRR5127738	g__Bacteroides	0.026556253569388892	HIS
SRR5127739	g__Bacteroides	0.009751773049645385	HIS
SRR5127740	g__Bacteroides	0.043900184842883536	HIS
SRR5127741	g__Bacteroides	0.06746987951807226	HIS
SRR5127742	g__Bacteroides	0.049119060331019745	HIS
SRR5127743	g__Bacteroides	0.021075703928511186	HIS
SRR5127744	g__Bacteroides	0.04209471310448506	HIS
SRR5127745	g__Bacteroides	0.02168861347792407	HIS
SRR5127746	g__Bacteroides	0	HIS
SRR5127747	g__Bacteroides	0.17728055077452665	HIS
SRR5127748	g__Bacteroides	0.1228836701256144	HIS
SRR5127749	g__Bacteroides	0.11075441412520061	HIS
SRR5127750	g__Bacteroides	0.02982646420824293	HIS
SRR5127751	g__Bacteroides	0.05997029335313772	HIS
SRR5127752	g__Bacteroides	0.008605851979345951	HIS
SRR5127753	g__Bacteroides	0.1441007593998888	HIS
SRR5127754	g__Bacteroides	0.03374062760344344	HIS
SRR5127755	g__Bacteroides	0.33448873483535524	HIS
SRR5127756	g__Bacteroides	0.033727661716586914	HIS
SRR5127757	g__Bacteroides	0.07601542999773087	HIS
SRR5127758	g__Bacteroides	0.04475238527941842	HIS
SRR5127759	g__Bacteroides	0.09886458044862916	HIS
SRR5127760	g__Bacteroides	0.028431601025401987	HIS
SRR5127761	g__Bacteroides	0.05122096486003569	HIS
SRR5127762	g__Bacteroides	0.08423326133909284	HIS
SRR5127763	g__Bacteroides	0.16021724372029866	HIS
SRR5127764	g__Bacteroides	0.03708251473477401	HIS
SRR5127765	g__Bacteroides	0.06678082191780817	HIS
SRR5127766	g__Bacteroides	0.10770577933450086	HIS
SRR5127767	g__Bacteroides	0.12787849093581574	HIS
SRR5127768	g__Bacteroides	0.13131618759455366	HIS
SRR5127769	g__Bacteroides	0.0577069096431283	HIS
SRR5127770	g__Bacteroides	0.02203350929538672	HIS
SRR5127771	g__Bacteroides	0.08597883597883595	HIS
SRR5127772	g__Bacteroides	0.027477536137517897	HIS
SRR5127773	g__Bacteroides	0.13829483889364128	HIS
SRR5127774	g__Bacteroides	0.015093618647306057	HIS
SRR5127775	g__Bacteroides	0.08802708525700215	HIS
SRR5127776	g__Bacteroides	0.02198581560283685	HIS
SRR5127777	g__Bacteroides	0.24785852445426912	HIS
SRR5127778	g__Bacteroides	0.06547960941987362	HIS
SRR5127779	g__Bacteroides	0.16620305980528507	HIS
SRR5127780	g__Bacteroides	0.03654970760233914	HIS
SRR5127781	g__Bacteroides	0.034451495920217574	HIS
SRR5127782	g__Bacteroides	0.04173853052776817	HIS
SRR5127783	g__Bacteroides	0.07896995708154503	HIS
SRR5127784	g__Bacteroides	0.016115206583233302	HIS
SRR5127785	g__Bacteroides	0.09943806498900559	HIS
SRR5127786	g__Bacteroides	0.03730569948186527	HIS
SRR5127787	g__Bacteroides	0.0826446280991735	HIS
SRR5127788	g__Bacteroides	0.026511397423191252	HIS
SRR5127789	g__Bacteroides	0.022512708787218564	HIS
SRR5127790	g__Bacteroides	0.008393285371702627	HIS
SRR5127791	g__Bacteroides	0.09428284854563686	HIS
SRR5127793	g__Bacteroides	0.0431132289539369	HIS
SRR5127794	g__Bacteroides	0.09041542221015474	HIS
SRR5127795	g__Bacteroides	0.01416430594900849	HIS
SRR5127796	g__Bacteroides	0.09334537789822338	HIS
SRR5127797	g__Bacteroides	0.12203313927451855	HIS
SRR5127798	g__Bacteroides	0.07013752455795676	HIS
SRR5127799	g__Bacteroides	0.13295053003533563	HIS
SRR5127800	g__Bacteroides	0.07604327666151463	HIS
SRR5127801	g__Bacteroides	0.020654715510522188	HIS
SRR5127802	g__Bacteroides	0.049833887043189334	HIS
SRR5127803	g__Bacteroides	0.08274021352313164	HIS
SRR5127804	g__Bacteroides	0.005871725383920503	HIS
SRR5127805	g__Bacteroides	0.020527859237536628	HIS
SRR5127806	g__Bacteroides	0.06141439205955331	HIS
SRR5127807	g__Bacteroides	0.09518054086720043	HIS
SRR5127808	g__Bacteroides	0.03723404255319146	HIS
SRR5127809	g__Bacteroides	0.017958950969213208	HIS
SRR5127810	g__Bacteroides	0.063430104903635	HIS
SRR5127811	g__Bacteroides	0.07643166780743779	HIS
SRR5127812	g__Bacteroides	0.0022058823529411764	HIS
SRR5127813	g__Bacteroides	0.023648648648648626	HIS
SRR5127815	g__Bacteroides	0.028256569652444163	HIS
SRR5127816	g__Bacteroides	0.08489096573208721	HIS
SRR5127817	g__Bacteroides	0.04804659063334138	HIS
SRR5127818	g__Bacteroides	0.0777049920939688	HIS
SRR5127819	g__Bacteroides	0.035259259259259226	HIS
SRR5127820	g__Bacteroides	0.087110064743967	HIS
SRR5127821	g__Bacteroides	0.017409326424870447	HIS
SRR5127822	g__Bacteroides	0.025141930251419285	HIS
SRR5127823	g__Bacteroides	0.031943031536113914	HIS
SRR5127824	g__Bacteroides	0.11571940604198666	HIS
SRR5127825	g__Bacteroides	0.04858299595141699	HIS
SRR5127826	g__Bacteroides	0.062421298794747226	HIS
SRR5127827	g__Bacteroides	0.013554875382597267	HIS
SRR5127828	g__Bacteroides	0.03588655218985141	HIS
SRR5127829	g__Bacteroides	0.04080310880829013	HIS
SRR5127830	g__Bacteroides	0.43005855562784645	HIS
SRR5127831	g__Bacteroides	0.02907681124303365	HIS
SRR5127832	g__Bacteroides	0.04736687260959103	HIS
SRR5127833	g__Bacteroides	0.18413433700057902	HIS
SRR5127834	g__Bacteroides	0.058102189781021885	HIS
SRR5127835	g__Bacteroides	0.07221006564551419	HIS
SRR5127836	g__Bacteroides	0.04245398773006132	HIS
SRR5127837	g__Bacteroides	0.041822721598002474	HIS
SRR5127838	g__Bacteroides	0.04092639593908627	HIS
SRR5127840	g__Bacteroides	0.0048301886792452816	HIS
SRR5127842	g__Bacteroides	0.03657314629258513	HIS
SRR5127843	g__Bacteroides	0.037497321619884276	HIS
SRR5127844	g__Bacteroides	0.033382015439182115	HIS
SRR5127845	g__Bacteroides	0.05393896380411638	HIS
SRR5127846	g__Bacteroides	0.0757159670459003	HIS
SRR5127847	g__Bacteroides	0.057359307359307325	HIS
SRR5127848	g__Bacteroides	0.030544066178810038	HIS
SRR5127849	g__Bacteroides	0.03631212979654901	HIS
SRR5127850	g__Bacteroides	0.009397841977027454	HIS
SRR5127851	g__Bacteroides	0.05747126436781607	HIS
SRR5127853	g__Bacteroides	0.015864786395686413	HIS
SRR5127854	g__Bacteroides	0.00867244829886591	HIS
SRR5127855	g__Bacteroides	0.03644158628081455	HIS
SRR5127856	g__Bacteroides	0.11437908496732024	HIS
SRR5127857	g__Bacteroides	0.31047723532638505	HIS
SRR5127858	g__Bacteroides	0.01562499999999996	HIS
SRR5127859	g__Bacteroides	0.029016657710908077	HIS
SRR5127860	g__Bacteroides	0.016274864376130183	HIS
SRR5127861	g__Bacteroides	0.03551046290424855	HIS
SRR5127862	g__Bacteroides	0.09402720283855705	HIS
SRR6060195	g__Bacteroides	6.846188954815152e-4	LMIS
SRR6060197	g__Bacteroides	0.0014776574453360268	LMIS
SRR6060198	g__Bacteroides	1.0372368011617052e-4	LMIS
SRR6060199	g__Bacteroides	0.0016015049061975698	LMIS
SRR6060200	g__Bacteroides	0.001988314826710711	LMIS
SRR6060202	g__Bacteroides	0.012472735743175981	LMIS
SRR6060203	g__Bacteroides	6.612481057996969e-4	LMIS
SRR6060205	g__Bacteroides	1.2917671374440234e-4	LMIS
SRR6060210	g__Bacteroides	5.175090564084871e-4	LMIS
SRR6060212	g__Bacteroides	9.780513764634812e-4	LMIS
SRR6060215	g__Bacteroides	0.002754954084098591	LMIS
SRR6060216	g__Bacteroides	3.1682331819621925e-4	LMIS
SRR6060217	g__Bacteroides	0.0038898233809924283	LMIS
SRR6060218	g__Bacteroides	0.008283168793643136	LMIS
SRR9108942	g__Bacteroides	0.005077535336901328	LMIS
SRR9108944	g__Bacteroides	0.0011637379262190155	LMIS
SRR9108945	g__Bacteroides	3.127280308558324e-4	LMIS
SRR9108946	g__Bacteroides	0.001961189099917416	LMIS
SRR9108947	g__Bacteroides	0.0073136427566807246	LMIS
SRR9108948	g__Bacteroides	0.012172200841313874	LMIS
SRR9108949	g__Bacteroides	0	LMIS
SRR9108950	g__Bacteroides	0.008967156439066546	LMIS
SRR9108951	g__Bacteroides	0.02335499593826155	LMIS
SRR9108952	g__Bacteroides	8.044243338360986e-4	LMIS
SRR9108953	g__Bacteroides	0.013558045381790769	LMIS
SRR9108954	g__Bacteroides	3.3437360677663843e-4	LMIS
SRR9108955	g__Bacteroides	0.0021990104452996153	LMIS
SRR9108956	g__Bacteroides	0.012430389817024648	LMIS
SRR9108957	g__Bacteroides	0.00426580718551521	LMIS
SRR9108958	g__Bacteroides	0.1088574466344974	LMIS
SRR9108959	g__Bacteroides	0.00397561622051417	LMIS
SRR9108960	g__Bacteroides	4.4242893485233934e-4	LMIS
SRR9108961	g__Bacteroides	0.052930883639545026	LMIS
SRR9108962	g__Bacteroides	0.0010273972602739725	LMIS
SRR9108963	g__Bacteroides	0.0014593214155417648	LMIS
SRR9108964	g__Bacteroides	0.004130524576621221	LMIS
SRR9108965	g__Bacteroides	0.014424635332252815	LMIS
SRR9108966	g__Bacteroides	2.4550420425949795e-4	LMIS
SRR9108967	g__Bacteroides	0.0064512202543971706	LMIS
SRR9108968	g__Bacteroides	0.01010313618185645	LMIS
SRR9108969	g__Bacteroides	0.0031305294678099756	LMIS
SRR9108970	g__Bacteroides	0.0019732514799386098	LMIS
SRR9108971	g__Bacteroides	0.0017771957721447948	LMIS
SRR9108972	g__Bacteroides	0.0012449977767896843	LMIS
SRR9292660	g__Bacteroides	0.019648636153490495	LMIS
SRR9292665	g__Bacteroides	0.00489529507750882	LMIS
SRR9292670	g__Bacteroides	0.011856243052982558	LMIS
SRR9292677	g__Bacteroides	0.01328903654485048	LMIS
SRR9292679	g__Bacteroides	0.0052545155993431744	LMIS
SRR9292681	g__Bacteroides	0.015772298767222605	LMIS
SRR9292682	g__Bacteroides	0.05801169590643274	LMIS
SRR9292693	g__Bacteroides	0.020911615749060586	LMIS
SRR9292705	g__Bacteroides	0.00669967958054179	LMIS
SRR9292707	g__Bacteroides	0.054281032363785314	LMIS
SRR9292711	g__Bacteroides	0.01795275590551178	LMIS
SRR9292713	g__Bacteroides	0.5195822454308094	LMIS
SRR9292716	g__Bacteroides	0.005619480867005602	LMIS
SRR9292719	g__Bacteroides	0.04020100502512561	LMIS
SRR9292721	g__Bacteroides	0.010703363914373081	LMIS
SRR9292724	g__Bacteroides	0.01640101640101638	LMIS
SRR9292727	g__Bacteroides	0.1349181360201511	LMIS
SRR9292731	g__Bacteroides	0.4199288256227758	LMIS
SRR9292735	g__Bacteroides	0.17135835567470953	LMIS
SRR9292739	g__Bacteroides	0.012009435985417096	LMIS
SRR9292743	g__Bacteroides	0.015537442689760563	LMIS
SRR9292747	g__Bacteroides	0.016890595009596922	LMIS
SRR9292753	g__Bacteroides	0.31906300484652667	LMIS
SRR9292759	g__Bacteroides	0.25753198514238546	LMIS
SRR9292762	g__Bacteroides	0.00234466588511137	LMIS
SRR9292783	g__Bacteroides	0.0037748798901853014	LMIS
SRR9292787	g__Bacteroides	0.040555555555555546	LMIS
SRR9292789	g__Bacteroides	0.20750988142292487	LMIS
SRR9292799	g__Bacteroides	0.4160688665710186	LMIS
SRR9292804	g__Bacteroides	0.007229351165732862	LMIS
SRR9292820	g__Bacteroides	0.006325239746990401	LMIS
SRR9292825	g__Bacteroides	0.0029569395675475884	LMIS
SRR9292826	g__Bacteroides	0.013038256990907528	LMIS
SRR9292828	g__Bacteroides	0.012890431333663849	LMIS
SRR9292831	g__Bacteroides	0.002945508100147267	LMIS
SRR9292839	g__Bacteroides	0.16747741487143847	LMIS
SRR9292855	g__Bacteroides	0.15929800877489028	LMIS
SRR9292857	g__Bacteroides	0.0874256771636203	LMIS
SRR9292876	g__Bacteroides	0.01768488745980706	LMIS
SRR9292880	g__Bacteroides	0.0026083467094703	LMIS
SRR9292881	g__Bacteroides	4.4682752457551384e-4	LMIS
SRR9292883	g__Bacteroides	0.01581455805892547	LMIS
SRR9292885	g__Bacteroides	0.00253807106598984	LMIS
SRR9292891	g__Bacteroides	0.003438395415472778	LMIS
SRR9292904	g__Bacteroides	0.007814407814407804	LMIS
SRR9292906	g__Bacteroides	0.01519628535246938	LMIS
SRR9292910	g__Bacteroides	0.003065134099616855	LMIS
SRR9292917	g__Bacteroides	0	LMIS
SRR9292926	g__Bacteroides	0.00143413234992829	LMIS
SRR9292928	g__Bacteroides	0.01563577833984822	LMIS
SRR9292930	g__Bacteroides	0.0016251354279523296	LMIS
SRR9292940	g__Bacteroides	0.010444398935080874	LMIS
SRR9292947	g__Bacteroides	5.61324726354196e-4	LMIS
SRR9292952	g__Bacteroides	0.009477351916376305	LMIS
SRR9292957	g__Bacteroides	0.14144322476156196	LMIS
SRR9292959	g__Bacteroides	0.008030257351933558	LMIS
SRR9292960	g__Bacteroides	0.10281781028178101	LMIS
SRR9292962	g__Bacteroides	0.0386879730866274	LMIS
SRR9292984	g__Bacteroides	0.028762805358549994	LMIS
SRR9292986	g__Bacteroides	0.006200177147918508	LMIS
SRR9292991	g__Bacteroides	0.06270518713066314	LMIS
SRR9293007	g__Bacteroides	0.0011933174224343676	LMIS
SRR9293009	g__Bacteroides	0	LMIS
SRR9293018	g__Bacteroides	0.01229644400132932	LMIS
SRR9293026	g__Bacteroides	0.01728859979459088	LMIS
SRR9293031	g__Bacteroides	0.10810284378652123	LMIS
SRR9293033	g__Bacteroides	0.09894091415830543	LMIS
SRR9293039	g__Bacteroides	0.01177285318559554	LMIS
SRR9293043	g__Bacteroides	0.005594405594405592	LMIS
SRR9293044	g__Bacteroides	0.004896626768226333	LMIS
SRR9293049	g__Bacteroides	0.009940017137960565	LMIS
SRR9293053	g__Bacteroides	0.42021644024867605	LMIS
SRR9293062	g__Bacteroides	0.0030748956731825087	LMIS
SRR9293064	g__Bacteroides	0.02865812542144301	LMIS
SRR9293066	g__Bacteroides	0.04549180327868851	LMIS
SRR9293070	g__Bacteroides	0.023571007660577476	LMIS
SRR9293071	g__Bacteroides	0.009324814367121386	LMIS
SRR9293076	g__Bacteroides	0.003607740242702509	LMIS
SRR9293094	g__Bacteroides	0.011487115802545774	LMIS
SRR9293096	g__Bacteroides	0.03262158956109131	LMIS
SRR9293098	g__Bacteroides	0.0015396458814472655	LMIS
SRR9293100	g__Bacteroides	0.004765909728062798	LMIS
SRR9293102	g__Bacteroides	0.01229148375768216	LMIS
SRR9293105	g__Bacteroides	0	LMIS
SRR9293110	g__Bacteroides	0.015807203938844244	LMIS
SRR9293114	g__Bacteroides	0.005877638258081744	LMIS
SRR9293116	g__Bacteroides	0.04333121961530331	LMIS
SRR9293118	g__Bacteroides	0.007092198581560279	LMIS
SRR9293120	g__Bacteroides	0.08122605363984671	LMIS
SRR9293122	g__Bacteroides	0.018039049235993195	LMIS
SRR9293128	g__Bacteroides	0.007560483870967716	LMIS
SRR9293139	g__Bacteroides	0.0015337423312883436	LMIS
SRR9293141	g__Bacteroides	0.00723928781060457	LMIS
SRR9293148	g__Bacteroides	0.02443857331571992	LMIS
SRR9293151	g__Bacteroides	0.0019851116625310174	LMIS
SRR9293158	g__Bacteroides	0.00550918196994991	LMIS
SRR9293159	g__Bacteroides	0.006831318970047283	LMIS
SRR9293164	g__Bacteroides	0.03369672943508421	LMIS
SRR9293165	g__Bacteroides	0.004054630815194195	LMIS
SRR9293168	g__Bacteroides	0.026242452392011117	LMIS
SRR9293172	g__Bacteroides	0.012038014783526917	LMIS
SRR9293197	g__Bacteroides	0	LMIS
SRR9293206	g__Bacteroides	0.00751537235253928	LMIS
SRR9293213	g__Bacteroides	0.1356425171866737	LMIS
SRR9293214	g__Bacteroides	0.02724861345550998	LMIS
SRR9293218	g__Bacteroides	0.005070626584570796	LMIS
SRR9293220	g__Bacteroides	0.06066376496191511	LMIS
SRR9293223	g__Bacteroides	0.0012348728081007657	LMIS
SRR9293227	g__Bacteroides	0.0058343057176196	LMIS
SRR9293236	g__Bacteroides	0.030119018702939027	LMIS
SRR9293239	g__Bacteroides	0.0036166365280289312	LMIS
SRR9293241	g__Bacteroides	0.002020202020202018	LMIS
SRR9293244	g__Bacteroides	0.023770152955766826	LMIS
SRR9293248	g__Bacteroides	0.018215787015413345	LMIS
SRR9293249	g__Bacteroides	0.007169344870210132	LMIS
SRR9293253	g__Bacteroides	0.014548238897396615	LMIS
SRR9293263	g__Bacteroides	0.007918552036199093	LMIS
SRR9293281	g__Bacteroides	0.013849765258215957	LMIS
SRR9293288	g__Bacteroides	0.1126297577854671	LMIS
SRR9293289	g__Bacteroides	0.16446402349486047	LMIS
SRR9293295	g__Bacteroides	0.05349500713266756	LMIS
SRR9293296	g__Bacteroides	0.024673439767779387	LMIS
SRR9293314	g__Bacteroides	0.028376844494892146	LMIS
SRR9293325	g__Bacteroides	0.06742358078602617	LMIS
SRR9293328	g__Bacteroides	0.00392596747055524	LMIS
SRR9293332	g__Bacteroides	0.013119702774875189	LMIS
SRR9293345	g__Bacteroides	0.015241724220052377	LMIS
SRR9293349	g__Bacteroides	0.01252236135957065	LMIS
SRR9293351	g__Bacteroides	0.003950925348305248	LMIS
SRR9293353	g__Bacteroides	0.02607709750566892	LMIS
SRR9293357	g__Bacteroides	0.22995573044761436	LMIS
SRR9293367	g__Bacteroides	1.8416206261510129e-4	LMIS
SRR9293369	g__Bacteroides	0.006979280261723008	LMIS
SRR9293375	g__Bacteroides	0.007717041800643083	LMIS
SRR9293382	g__Bacteroides	0.17597931994432292	LMIS
SRR9293386	g__Bacteroides	0.00291686922702965	LMIS
SRR9293393	g__Bacteroides	0.00991011753860336	LMIS
SRR9293402	g__Bacteroides	0.026641032683328736	LMIS
SRR9293417	g__Bacteroides	0.01689189189189188	LMIS
SRR9293421	g__Bacteroides	0.00411311053984574	LMIS
SRR9293422	g__Bacteroides	0.004879130627633606	LMIS
SRR9293424	g__Bacteroides	0.002675840978593272	LMIS
SRR9293426	g__Bacteroides	0.03892339544513457	LMIS
SRR9293432	g__Bacteroides	0.0034390523500191015	LMIS
SRR9293436	g__Bacteroides	0.00492287495897604	LMIS
SRR9293438	g__Bacteroides	9.101251422070534e-4	LMIS
SRR9293439	g__Bacteroides	0.015079900967814528	LMIS
SRR9293444	g__Bacteroides	2.844950213371266e-4	LMIS
SRR9293449	g__Bacteroides	0.003675505381990021	LMIS
SRR9293454	g__Bacteroides	0.0029796011918404764	LMIS
SRR9293458	g__Bacteroides	0.01053639846743294	LMIS
SRR9293461	g__Bacteroides	0.041289467873702794	LMIS
SRR9293465	g__Bacteroides	0.001029654036243822	LMIS
SRS011061	g__Bacteroides	0.3643659711075441	HIS
SRS011084	g__Bacteroides	0.40174635707667683	HIS
SRS011134	g__Bacteroides	0.15728110599078338	HIS
SRS011239	g__Bacteroides	0.374537470011792	HIS
SRS011271	g__Bacteroides	0.11914297156587902	HIS
SRS011302	g__Bacteroides	0.11683327805941152	HIS
SRS011405	g__Bacteroides	0.7561216569049468	HIS
SRS011452	g__Bacteroides	0.8203527660061849	HIS
SRS011529	g__Bacteroides	0.21466990337474415	HIS
SRS011586	g__Bacteroides	0.2351683298607303	HIS
SRS012273	g__Bacteroides	0.19017491626349084	HIS
SRS013215	g__Bacteroides	0.9280893459746103	HIS
SRS014613	g__Bacteroides	0.5897305541433655	HIS
SRS014923	g__Bacteroides	0.10781834176380029	HIS
SRS015065	g__Bacteroides	0.28622645199139557	HIS
SRS015133	g__Bacteroides	0.07956186208613392	HIS
SRS015190	g__Bacteroides	0.7272169167803547	HIS
SRS015782	g__Bacteroides	0.15933897339236394	HIS
SRS015794	g__Bacteroides	0.390123929985946	HIS
SRS015854	g__Bacteroides	0.4352269588435687	HIS
SRS016056	g__Bacteroides	0.8174603174603176	HIS
SRS016095	g__Bacteroides	0.21457999542229342	HIS
SRS016203	g__Bacteroides	0.3988416217295786	HIS
SRS016335	g__Bacteroides	0.17432557391549064	HIS
SRS016585	g__Bacteroides	0.022597597597597576	HIS
SRS016753	g__Bacteroides	0.7438619295205083	HIS
SRS016954	g__Bacteroides	0.6269891386713816	HIS
SRS016989	g__Bacteroides	0.5571481073134876	HIS
SRS017103	g__Bacteroides	0.5266516712873358	HIS
SRS017307	g__Bacteroides	0.10650696018128841	HIS
SRS017433	g__Bacteroides	0.7246803069053709	HIS
SRS017521	g__Bacteroides	0.4805011243173787	HIS
SRS017701	g__Bacteroides	0.632620032368279	HIS
SRS017821	g__Bacteroides	0.6045389759894748	HIS
SRS018313	g__Bacteroides	0.7310911919401437	HIS
SRS018351	g__Bacteroides	0.35446470947182857	HIS
SRS018427	g__Bacteroides	0.5126120358514724	HIS
SRS018656	g__Bacteroides	0.08397759545597978	HIS
SRS018817	g__Bacteroides	0.6593561368209255	HIS
SRS019030	g__Bacteroides	0.6596100278551532	HIS
SRS019161	g__Bacteroides	0.43232923207467117	HIS
SRS019267	g__Bacteroides	0.7710494742042487	HIS
SRS019397	g__Bacteroides	0.5789178581440987	HIS
SRS019582	g__Bacteroides	0.19169848677697635	HIS
SRS019601	g__Bacteroides	0.45384973713981497	HIS
SRS019685	g__Bacteroides	0.5176759670259987	HIS
SRS019787	g__Bacteroides	0.6321136532584455	HIS
SRS019910	g__Bacteroides	0.4301598332175121	HIS
SRS019968	g__Bacteroides	0.3088662341674389	HIS
SRS020233	g__Bacteroides	0.32274807456189303	HIS
SRS020328	g__Bacteroides	0.1257100971229613	HIS
SRS020869	g__Bacteroides	0.3285487498346342	HIS
SRS021948	g__Bacteroides	0.28644677809002606	HIS
SRS022713	g__Bacteroides	0.8706268221574345	HIS
SRS023583	g__Bacteroides	0.7646894431635576	HIS
SRS023829	g__Bacteroides	0.8380416109944646	HIS
SRS023914	g__Bacteroides	0.051963832600693295	HIS
SRS023971	g__Bacteroides	0.854773360344391	HIS
SRS024075	g__Bacteroides	0.6847748391708363	HIS
SRS024132	g__Bacteroides	0.1311759471736992	HIS
SRS024388	g__Bacteroides	0.87381995954147	HIS
SRS024435	g__Bacteroides	0.2205182443151771	HIS
SRS042284	g__Bacteroides	0.825240263024785	HIS
SRS042628	g__Bacteroides	0.0700237592397043	HIS
SRS043001	g__Bacteroides	0.7979371776840131	HIS
SRS043701	g__Bacteroides	0.6411174785100286	HIS
SRS045004	g__Bacteroides	0.7236405048875392	HIS
SRS045713	g__Bacteroides	0.46075166508087534	HIS
SRS048164	g__Bacteroides	0.4505501414649481	HIS
SRS048870	g__Bacteroides	0.3368906289467037	HIS
SRS049712	g__Bacteroides	0.11906362691767004	HIS
SRS049900	g__Bacteroides	0.8770745428973277	HIS
SRS049959	g__Bacteroides	0.09766312883727568	HIS
SRS049995	g__Bacteroides	0.32220238095238096	HIS
SRS050299	g__Bacteroides	0.7347832890001564	HIS
SRS050752	g__Bacteroides	0.17005734983398735	HIS
SRS051031	g__Bacteroides	0.3876951243014068	HIS
SRS051882	g__Bacteroides	0.5701215842060913	HIS
SRS052697	g__Bacteroides	0.4009386098427194	HIS
SRS053335	g__Bacteroides	0.48670575949875494	HIS
SRS053398	g__Bacteroides	0.2669134541741128	HIS
SRS054590	g__Bacteroides	0.6921960759573529	HIS
SRS055982	g__Bacteroides	0.6866857618035664	HIS
SRS056259	g__Bacteroides	0.6622356495468278	HIS
SRS056519	g__Bacteroides	0.7175117761152674	HIS
SRS057717	g__Bacteroides	0.8398384925975774	HIS
SRS058723	g__Bacteroides	0.7741437827830916	HIS
SRS058770	g__Bacteroides	0.6209104199223673	HIS
SRS062427	g__Bacteroides	0.6589935760171306	HIS
SRS063040	g__Bacteroides	0.33545918367346933	HIS
SRS064557	g__Bacteroides	0.7957492795389048	HIS
SRS065504	g__Bacteroides	0.4348751922394416	HIS
SRS077730	g__Bacteroides	0.42747417074497007	HIS
SZEY-06A	g__Bacteroides	0.2761971666081255	HIS
SZEY-07A	g__Bacteroides	0.2626742385131646	HIS
SZEY-08A	g__Bacteroides	0.5013084723585214	HIS
SZEY-09A	g__Bacteroides	0.05790585189726818	HIS
SZEY-10A	g__Bacteroides	1.6655562958027982e-4	HIS
SZEY-20A	g__Bacteroides	0.002459903571779986	HIS
SZEY-22A	g__Bacteroides	0.29491002570694086	HIS
SZEY-24A	g__Bacteroides	0.02678467450797716	HIS
SZEY-26A	g__Bacteroides	0.09209535759096608	HIS
SZEY-27A	g__Bacteroides	0.06601032924467394	HIS
SZEY-29A	g__Bacteroides	0.4720254957507082	HIS
SZEY-30A	g__Bacteroides	0.08917018284106888	HIS
SZEY-35A	g__Bacteroides	0.20301783264746223	HIS
SZEY-37A	g__Bacteroides	0.05610226235162825	HIS
SZEY-38A	g__Bacteroides	0.17456021650879563	HIS
SZEY-39A	g__Bacteroides	0.12094763092269324	HIS
SZEY-40A	g__Bacteroides	0.09860321969696965	HIS
SZEY-41A	g__Bacteroides	0.03874558492989401	HIS
SZEY-43A	g__Bacteroides	0.35326979953992765	HIS
SZEY-44A	g__Bacteroides	0.09258194364577338	HIS
SZEY-48A	g__Bacteroides	0.42790219378427785	HIS
SZEY-55A	g__Bacteroides	0.03919675613052708	HIS
SZEY-58A	g__Bacteroides	0.25464073185895725	HIS
SZEY-59A	g__Bacteroides	0.14496	HIS
SZEY-60A	g__Bacteroides	0.009814814814814794	HIS
SZEY-62A	g__Bacteroides	0.0787722395762596	HIS
SZEY-63A	g__Bacteroides	0.012843596206937926	HIS
SZEY-64A	g__Bacteroides	0.518383425736796	HIS
SZEY-66A	g__Bacteroides	0.2771929824561403	HIS
SZEY-68A	g__Bacteroides	0.011601133545873174	HIS
SZEY-69A	g__Bacteroides	0.12518951700238248	HIS
SZEY-73A	g__Bacteroides	0.19768914213358654	HIS
SZEY-74A	g__Bacteroides	0.09373621526246136	HIS
SZEY-75A	g__Bacteroides	0.04290843806104124	HIS
SZEY-78A	g__Bacteroides	0.3374394184168013	HIS
SZEY-79A	g__Bacteroides	0.2559766763848396	HIS
SZEY-81A	g__Bacteroides	0.14404798210836636	HIS
T2D-121A	g__Bacteroides	0.04124059832671339	HIS
T2D-65A	g__Bacteroides	0.5215605749486653	HIS
T2D-83A	g__Bacteroides	0.011032791909285916	HIS
TZ_10742	g__Bacteroides	0.014258555133079833	LMIS
TZ_12739	g__Bacteroides	0.003937007874015739	LMIS
TZ_16581	g__Bacteroides	0.00598290598290596	LMIS
TZ_21460	g__Bacteroides	0.00492610837438423	LMIS
TZ_24827	g__Bacteroides	0.0028587764436821	LMIS
TZ_25806	g__Bacteroides	0.03061224489795915	LMIS
TZ_27689	g__Bacteroides	0.0066021126760563275	LMIS
TZ_29321	g__Bacteroides	0.01822079314040726	LMIS
TZ_37609	g__Bacteroides	0.01393728222996512	LMIS
TZ_39227	g__Bacteroides	0.1479122434536447	LMIS
TZ_39371	g__Bacteroides	0.015482054890921883	LMIS
TZ_40311	g__Bacteroides	0.00693481276005546	LMIS
TZ_41014	g__Bacteroides	0.003832641328648993	LMIS
TZ_42864	g__Bacteroides	0.01471790678659032	LMIS
TZ_43638	g__Bacteroides	0.02312138728323696	LMIS
TZ_47979	g__Bacteroides	0.014361920393926954	LMIS
TZ_60579	g__Bacteroides	0.007250129466597598	LMIS
TZ_65642	g__Bacteroides	0.0038900067069081124	LMIS
TZ_67706	g__Bacteroides	0	LMIS
TZ_70090	g__Bacteroides	0.0038461538461538403	LMIS
TZ_73414	g__Bacteroides	0.00284962735642262	LMIS
TZ_76219	g__Bacteroides	0.02118003025718608	LMIS
TZ_83627	g__Bacteroides	0.0060667340748230434	LMIS
TZ_83893	g__Bacteroides	0.010545905707196025	LMIS
TZ_83985	g__Bacteroides	0.004775549188156633	LMIS
TZ_86768	g__Bacteroides	0.005732484076433109	LMIS
TZ_86771	g__Bacteroides	0.002056202878684023	LMIS
TZ_87532	g__Bacteroides	7.132667617689016e-4	LMIS
TZ_90808	g__Bacteroides	0.005847953216374257	LMIS
TZ_91827	g__Bacteroides	7.704160246533128e-4	LMIS
TZ_93321	g__Bacteroides	0.0024802705749718138	LMIS
V01_01_1FE	g__Bacteroides	0	LMIS
V06_02_1FE	g__Bacteroides	0.0013594344752582924	LMIS
V07_01_2FE	g__Bacteroides	0.0182267531665122	LMIS
V07_02_2FE	g__Bacteroides	0.023491478581298943	LMIS
V12_01_2FE	g__Bacteroides	8.438818565400844e-4	LMIS
V18_02_1FE	g__Bacteroides	0.0017817749872730358	LMIS
V19_01_2FE	g__Bacteroides	0.027438716836477313	LMIS
V19_02_2FE	g__Bacteroides	5.754567688102431e-4	LMIS
V30_01_1FE	g__Bacteroides	9.129348452815683e-4	LMIS
V31_01_2FE	g__Bacteroides	6.316321374431531e-4	LMIS
V32_02_2FE	g__Bacteroides	0	LMIS
V36_02_2FE	g__Bacteroides	0.00250268144440471	LMIS
V40_01_1FE	g__Bacteroides	9.536865947428026e-4	LMIS
V48_03_2FE	g__Bacteroides	4.414036636504083e-4	LMIS
V50_01_1FE	g__Bacteroides	0	LMIS
V50_01_2FE	g__Bacteroides	3.4916201117318437e-4	LMIS
V50_02_1FE	g__Bacteroides	0.0013509300633897953	LMIS
V53_02_1FE	g__Bacteroides	0.004591067095166259	LMIS
V54_01_1FE	g__Bacteroides	0.002475954670983716	LMIS
W1.1.ST	g__Bacteroides	0.011302825706426598	LMIS
W1.11.ST	g__Bacteroides	0.022502895593182918	LMIS
W1.13.ST	g__Bacteroides	0.2919327111984283	LMIS
W1.14.ST	g__Bacteroides	0.0037182126020848458	LMIS
W1.15.ST	g__Bacteroides	0.008922495274102068	LMIS
W1.18.ST	g__Bacteroides	7.41628159050716e-4	LMIS
W1.2.ST	g__Bacteroides	0.01109701965757765	LMIS
W1.20.ST	g__Bacteroides	0.024155137219324066	LMIS
W1.21.ST	g__Bacteroides	0.00417032484635645	LMIS
W1.22.ST	g__Bacteroides	6.56024491581019e-4	LMIS
W1.26.ST	g__Bacteroides	9.63718820861678e-4	LMIS
W1.27.ST	g__Bacteroides	0.025107771175579618	LMIS
W1.3.ST	g__Bacteroides	0.0031569642631645266	LMIS
W1.31.ST	g__Bacteroides	0.01009345794392522	LMIS
W1.33.ST	g__Bacteroides	0.006947890818858554	LMIS
W1.34.ST	g__Bacteroides	0.010741313369680183	LMIS
W1.36.ST	g__Bacteroides	0.00292911540714704	LMIS
W1.37.ST	g__Bacteroides	0.01966783216783215	LMIS
W1.38.ST	g__Bacteroides	9.190526687875575e-4	LMIS
W1.39.ST	g__Bacteroides	0.0025315199046957153	LMIS
W1.4.ST	g__Bacteroides	0.006362557963981451	LMIS
W1.40.ST	g__Bacteroides	0.0011366219595362582	LMIS
W1.41.ST	g__Bacteroides	0.005277953072112901	LMIS
W1.42.ST	g__Bacteroides	3.05399462496946e-4	LMIS
W1.44.ST	g__Bacteroides	0.006145498837338053	LMIS
W1.5.ST	g__Bacteroides	0.008244872719777386	LMIS
W1.51.ST	g__Bacteroides	0.006196640044064986	LMIS
W1.53.ST	g__Bacteroides	0.0026196056804081024	LMIS
W1.54.ST	g__Bacteroides	9.143553794574824e-4	LMIS
W1.55.ST	g__Bacteroides	0.009557807461999066	LMIS
W1.6.ST	g__Bacteroides	0.039861351819757335	LMIS
W1.8.ST	g__Bacteroides	8.818828198203164e-4	LMIS
W1.9.ST	g__Bacteroides	0.0021633015309518526	LMIS
W2.1.ST	g__Bacteroides	0.0016937007361083967	LMIS
W2.11.ST	g__Bacteroides	0.0029408234305605472	LMIS
W2.13.ST	g__Bacteroides	5.909466966079659e-4	LMIS
W2.15.ST	g__Bacteroides	5.460683081810961e-4	LMIS
W2.17.ST	g__Bacteroides	0.0032116788321167747	LMIS
W2.19.ST	g__Bacteroides	0.0025241276911655485	LMIS
W2.21.ST	g__Bacteroides	5.602240896358543e-4	LMIS
W2.23.ST	g__Bacteroides	0.0030415680973301788	LMIS
W2.25.ST	g__Bacteroides	0.003667765448720921	LMIS
W2.26.ST	g__Bacteroides	0.005159564303458815	LMIS
W2.33.ST	g__Bacteroides	0.00440779921178178	LMIS
W2.34.ST	g__Bacteroides	0.01051112943116239	LMIS
W2.35.ST	g__Bacteroides	0.022295991676163095	LMIS
W2.36.ST	g__Bacteroides	0.025363500032600888	LMIS
W2.39.ST	g__Bacteroides	0.014099444756379064	LMIS
W2.4.ST	g__Bacteroides	0.00322089482314359	LMIS
W2.40.ST	g__Bacteroides	0.0028899918326317727	LMIS
W2.41.ST	g__Bacteroides	0.002115570599613146	LMIS
W2.42.ST	g__Bacteroides	0.012527964205816531	LMIS
W2.43.ST	g__Bacteroides	0.1206551637909477	LMIS
W2.44.ST	g__Bacteroides	0.00518262586377097	LMIS
W2.45.ST	g__Bacteroides	0.001933442699789079	LMIS
W2.46.ST	g__Bacteroides	0.0057314228590469776	LMIS
W2.47.ST	g__Bacteroides	0.0028103044496487076	LMIS
W2.48.ST	g__Bacteroides	2.335084646818447e-4	LMIS
W2.49.ST	g__Bacteroides	0.022975540251721653	LMIS
W2.5.ST	g__Bacteroides	8.223684210526316e-4	LMIS
W2.52.ST	g__Bacteroides	0.006508632502055347	LMIS
W2.53.ST	g__Bacteroides	0.004232804232804228	LMIS
W2.56.ST	g__Bacteroides	0.009778130739067836	LMIS
W2.59.ST	g__Bacteroides	0.0034920634920634843	LMIS
W2.6.ST	g__Bacteroides	0.01679793256214619	LMIS
W2.61.ST	g__Bacteroides	0.0018699867132523005	LMIS
W2.62.ST	g__Bacteroides	1.691856530566208e-4	LMIS
W2.63.ST	g__Bacteroides	4.1736227045075126e-4	LMIS
W2.65.ST	g__Bacteroides	0.0015452965037666604	LMIS
W2.67.ST	g__Bacteroides	0.037111546402668213	LMIS
W2.68.ST	g__Bacteroides	0.005332715047530716	LMIS
W2.69.ST	g__Bacteroides	3.6686028737389177e-4	LMIS
W2.7.ST	g__Bacteroides	0.0016548072149594572	LMIS
W2.8.ST	g__Bacteroides	0.0016880486158001163	LMIS
W2.9.ST	g__Bacteroides	0.003408562722718579	LMIS
W3.1.ST	g__Bacteroides	0.0030048487331830885	LMIS
W3.16.ST	g__Bacteroides	0.049940418156212724	LMIS
W3.17.ST	g__Bacteroides	0.0252025202520252	LMIS
W3.18.ST	g__Bacteroides	0.01105941061433676	LMIS
W3.19.ST	g__Bacteroides	0.005855338691159575	LMIS
W3.20.ST	g__Bacteroides	3.9115978877371407e-4	LMIS
W3.21.ST	g__Bacteroides	0.002394534826396225	LMIS
W3.22.ST	g__Bacteroides	0.010825917082700224	LMIS
W3.23.ST	g__Bacteroides	0.004590665646518729	LMIS
WL.1.ST	g__Bacteroides	0.0042927666881305	LMIS
WL.10.ST	g__Bacteroides	0.003046065888748295	LMIS
WL.11.ST	g__Bacteroides	0.0051106132735928315	LMIS
WL.12.ST	g__Bacteroides	0.08170829056905003	LMIS
WL.13.ST	g__Bacteroides	0.002552105487026797	LMIS
WL.14.ST	g__Bacteroides	0.04780058651026387	LMIS
WL.15.ST	g__Bacteroides	0.008478357875948228	LMIS
WL.17.ST	g__Bacteroides	0.012335266209804933	LMIS
WL.2.ST	g__Bacteroides	9.401809848395816e-4	LMIS
WL.20.ST	g__Bacteroides	0.02050588112834391	LMIS
WL.25.ST	g__Bacteroides	0.0014503263234227702	LMIS
WL.26.ST	g__Bacteroides	0.01316231656771591	LMIS
WL.28.ST	g__Bacteroides	0.0018075011296882061	LMIS
WL.3.ST	g__Bacteroides	0.007211677147637443	LMIS
WL.36.ST	g__Bacteroides	0.003912726308110615	LMIS
WL.37.ST	g__Bacteroides	0.002975974450170574	LMIS
WL.5.ST	g__Bacteroides	0.005929563967417338	LMIS
WL.7.ST	g__Bacteroides	0.011436785200924927	LMIS
WL.9.ST	g__Bacteroides	0.011720740614914188	LMIS
