media,condition,species,g,plate,time,strainID,strain,well,time_h,batch,OD,replicate,medium_batch
GMM+LAB,With mucin,A. muciniphila,E7P5,P5,0.5,DSM22959,"A. muciniphila
(DSM22959)",E7,0.5,1,0,1,GMM+LAB
GMM+LAB,With mucin,A. muciniphila,E7P5,P5,1,DSM22959,"A. muciniphila
(DSM22959)",E7,1,1,0,1,GMM+LAB
GMM+LAB,With mucin,A. muciniphila,E7P5,P5,2,DSM22959,"A. muciniphila
(DSM22959)",E7,2,1,0,1,GMM+LAB
GMM+LAB,With mucin,A. muciniphila,E7P5,P5,3,DSM22959,"A. muciniphila
(DSM22959)",E7,3,1,0,1,GMM+LAB
GMM+LAB,With mucin,A. muciniphila,E7P5,P5,4,DSM22959,"A. muciniphila
(DSM22959)",E7,4,1,0,1,GMM+LAB
GMM+LAB,With mucin,A. muciniphila,E7P5,P5,5,DSM22959,"A. muciniphila
(DSM22959)",E7,5,1,0,1,GMM+LAB
GMM+LAB,With mucin,A. muciniphila,E7P5,P5,6,DSM22959,"A. muciniphila
(DSM22959)",E7,6,1,0,1,GMM+LAB
GMM+LAB,With mucin,A. muciniphila,E7P5,P5,7,DSM22959,"A. muciniphila
(DSM22959)",E7,7,1,0,1,GMM+LAB
GMM+LAB,With mucin,A. muciniphila,E7P5,P5,8,DSM22959,"A. muciniphila
(DSM22959)",E7,8,1,0,1,GMM+LAB
GMM+LAB,With mucin,A. muciniphila,E7P5,P5,9,DSM22959,"A. muciniphila
(DSM22959)",E7,9,1,0,1,GMM+LAB
GMM+LAB,With mucin,A. muciniphila,E7P5,P5,10,DSM22959,"A. muciniphila
(DSM22959)",E7,10,1,0,1,GMM+LAB
GMM+LAB,With mucin,A. muciniphila,E7P5,P5,11,DSM22959,"A. muciniphila
(DSM22959)",E7,11,1,0,1,GMM+LAB
GMM+LAB,With mucin,A. muciniphila,E7P5,P5,12,DSM22959,"A. muciniphila
(DSM22959)",E7,12,1,0,1,GMM+LAB
GMM+LAB,With mucin,A. muciniphila,E7P5,P5,13,DSM22959,"A. muciniphila
(DSM22959)",E7,13,1,0,1,GMM+LAB
GMM+LAB,With mucin,A. muciniphila,E7P5,P5,14,DSM22959,"A. muciniphila
(DSM22959)",E7,14,1,0,1,GMM+LAB
GMM+LAB,With mucin,A. muciniphila,E7P5,P5,15,DSM22959,"A. muciniphila
(DSM22959)",E7,15,1,0,1,GMM+LAB
GMM+LAB,With mucin,A. muciniphila,E7P5,P5,16,DSM22959,"A. muciniphila
(DSM22959)",E7,16,1,0,1,GMM+LAB
GMM+LAB,With mucin,A. muciniphila,E7P5,P5,17,DSM22959,"A. muciniphila
(DSM22959)",E7,17,1,0,1,GMM+LAB
GMM+LAB,With mucin,A. muciniphila,E7P5,P5,18,DSM22959,"A. muciniphila
(DSM22959)",E7,18,1,0,1,GMM+LAB
GMM+LAB,With mucin,A. muciniphila,E7P5,P5,19,DSM22959,"A. muciniphila
(DSM22959)",E7,19,1,0,1,GMM+LAB
GMM+LAB,With mucin,A. muciniphila,E7P5,P5,20,DSM22959,"A. muciniphila
(DSM22959)",E7,20,1,0,1,GMM+LAB
GMM+LAB,With mucin,A. muciniphila,E7P5,P5,21,DSM22959,"A. muciniphila
(DSM22959)",E7,21,1,0,1,GMM+LAB
GMM+LAB,With mucin,A. muciniphila,E7P5,P5,22,DSM22959,"A. muciniphila
(DSM22959)",E7,22,1,0,1,GMM+LAB
GMM+LAB,With mucin,A. muciniphila,E7P5,P5,23,DSM22959,"A. muciniphila
(DSM22959)",E7,23,1,0,1,GMM+LAB
GMM+LAB,With mucin,A. muciniphila,E7P5,P5,24,DSM22959,"A. muciniphila
(DSM22959)",E7,24,1,0,1,GMM+LAB
GMM+LAB,With mucin,A. muciniphila,E7P5,P5,25,DSM22959,"A. muciniphila
(DSM22959)",E7,25,1,0,1,GMM+LAB
GMM+LAB,With mucin,A. muciniphila,E7P5,P5,26,DSM22959,"A. muciniphila
(DSM22959)",E7,26,1,0,1,GMM+LAB
GMM+LAB,With mucin,A. muciniphila,E7P5,P5,27,DSM22959,"A. muciniphila
(DSM22959)",E7,27,1,0,1,GMM+LAB
GMM+LAB,With mucin,A. muciniphila,E7P5,P5,28,DSM22959,"A. muciniphila
(DSM22959)",E7,28,1,0,1,GMM+LAB
GMM+LAB,With mucin,A. muciniphila,E7P5,P5,29,DSM22959,"A. muciniphila
(DSM22959)",E7,29,1,0,1,GMM+LAB
GMM+LAB,With mucin,A. muciniphila,E7P5,P5,30,DSM22959,"A. muciniphila
(DSM22959)",E7,30,1,0,1,GMM+LAB
GMM+LAB,With mucin,A. muciniphila,G7P5,P5,0.5,DSM22959,"A. muciniphila
(DSM22959)",G7,0.5,1,0,3,GMM+LAB
GMM+LAB,With mucin,A. muciniphila,G7P5,P5,1,DSM22959,"A. muciniphila
(DSM22959)",G7,1,1,0,3,GMM+LAB
GMM+LAB,With mucin,A. muciniphila,G7P5,P5,2,DSM22959,"A. muciniphila
(DSM22959)",G7,2,1,0,3,GMM+LAB
GMM+LAB,With mucin,A. muciniphila,G7P5,P5,3,DSM22959,"A. muciniphila
(DSM22959)",G7,3,1,0,3,GMM+LAB
GMM+LAB,With mucin,A. muciniphila,G7P5,P5,4,DSM22959,"A. muciniphila
(DSM22959)",G7,4,1,0,3,GMM+LAB
GMM+LAB,With mucin,A. muciniphila,G7P5,P5,5,DSM22959,"A. muciniphila
(DSM22959)",G7,5,1,0,3,GMM+LAB
GMM+LAB,With mucin,A. muciniphila,G7P5,P5,6,DSM22959,"A. muciniphila
(DSM22959)",G7,6,1,0,3,GMM+LAB
GMM+LAB,With mucin,A. muciniphila,G7P5,P5,7,DSM22959,"A. muciniphila
(DSM22959)",G7,7,1,0,3,GMM+LAB
GMM+LAB,With mucin,A. muciniphila,G7P5,P5,8,DSM22959,"A. muciniphila
(DSM22959)",G7,8,1,0,3,GMM+LAB
GMM+LAB,With mucin,A. muciniphila,G7P5,P5,9,DSM22959,"A. muciniphila
(DSM22959)",G7,9,1,0,3,GMM+LAB
GMM+LAB,With mucin,A. muciniphila,G7P5,P5,10,DSM22959,"A. muciniphila
(DSM22959)",G7,10,1,0,3,GMM+LAB
GMM+LAB,With mucin,A. muciniphila,G7P5,P5,11,DSM22959,"A. muciniphila
(DSM22959)",G7,11,1,0,3,GMM+LAB
GMM+LAB,With mucin,A. muciniphila,G7P5,P5,12,DSM22959,"A. muciniphila
(DSM22959)",G7,12,1,0,3,GMM+LAB
GMM+LAB,With mucin,A. muciniphila,G7P5,P5,13,DSM22959,"A. muciniphila
(DSM22959)",G7,13,1,0,3,GMM+LAB
GMM+LAB,With mucin,A. muciniphila,G7P5,P5,14,DSM22959,"A. muciniphila
(DSM22959)",G7,14,1,0,3,GMM+LAB
GMM+LAB,With mucin,A. muciniphila,G7P5,P5,15,DSM22959,"A. muciniphila
(DSM22959)",G7,15,1,0,3,GMM+LAB
GMM+LAB,With mucin,A. muciniphila,G7P5,P5,16,DSM22959,"A. muciniphila
(DSM22959)",G7,16,1,0,3,GMM+LAB
GMM+LAB,With mucin,A. muciniphila,G7P5,P5,17,DSM22959,"A. muciniphila
(DSM22959)",G7,17,1,0,3,GMM+LAB
GMM+LAB,With mucin,A. muciniphila,G7P5,P5,18,DSM22959,"A. muciniphila
(DSM22959)",G7,18,1,0,3,GMM+LAB
GMM+LAB,With mucin,A. muciniphila,G7P5,P5,19,DSM22959,"A. muciniphila
(DSM22959)",G7,19,1,0,3,GMM+LAB
GMM+LAB,With mucin,A. muciniphila,G7P5,P5,20,DSM22959,"A. muciniphila
(DSM22959)",G7,20,1,0,3,GMM+LAB
GMM+LAB,With mucin,A. muciniphila,G7P5,P5,21,DSM22959,"A. muciniphila
(DSM22959)",G7,21,1,0,3,GMM+LAB
GMM+LAB,With mucin,A. muciniphila,G7P5,P5,22,DSM22959,"A. muciniphila
(DSM22959)",G7,22,1,0,3,GMM+LAB
GMM+LAB,With mucin,A. muciniphila,G7P5,P5,23,DSM22959,"A. muciniphila
(DSM22959)",G7,23,1,0,3,GMM+LAB
GMM+LAB,With mucin,A. muciniphila,G7P5,P5,24,DSM22959,"A. muciniphila
(DSM22959)",G7,24,1,0,3,GMM+LAB
GMM+LAB,With mucin,A. muciniphila,G7P5,P5,25,DSM22959,"A. muciniphila
(DSM22959)",G7,25,1,0,3,GMM+LAB
GMM+LAB,With mucin,A. muciniphila,G7P5,P5,26,DSM22959,"A. muciniphila
(DSM22959)",G7,26,1,0,3,GMM+LAB
GMM+LAB,With mucin,A. muciniphila,G7P5,P5,27,DSM22959,"A. muciniphila
(DSM22959)",G7,27,1,0,3,GMM+LAB
GMM+LAB,With mucin,A. muciniphila,G7P5,P5,28,DSM22959,"A. muciniphila
(DSM22959)",G7,28,1,0,3,GMM+LAB
GMM+LAB,With mucin,A. muciniphila,G7P5,P5,29,DSM22959,"A. muciniphila
(DSM22959)",G7,29,1,0,3,GMM+LAB
GMM+LAB,With mucin,A. muciniphila,G7P5,P5,30,DSM22959,"A. muciniphila
(DSM22959)",G7,30,1,0,3,GMM+LAB
GMM+LAB,With mucin,A. muciniphila,H7P5,P5,0.5,DSM22959,"A. muciniphila
(DSM22959)",H7,0.5,1,0,4,GMM+LAB
GMM+LAB,With mucin,A. muciniphila,H7P5,P5,1,DSM22959,"A. muciniphila
(DSM22959)",H7,1,1,0,4,GMM+LAB
GMM+LAB,With mucin,A. muciniphila,H7P5,P5,2,DSM22959,"A. muciniphila
(DSM22959)",H7,2,1,0,4,GMM+LAB
GMM+LAB,With mucin,A. muciniphila,H7P5,P5,3,DSM22959,"A. muciniphila
(DSM22959)",H7,3,1,0,4,GMM+LAB
GMM+LAB,With mucin,A. muciniphila,H7P5,P5,4,DSM22959,"A. muciniphila
(DSM22959)",H7,4,1,0,4,GMM+LAB
GMM+LAB,With mucin,A. muciniphila,H7P5,P5,5,DSM22959,"A. muciniphila
(DSM22959)",H7,5,1,0,4,GMM+LAB
GMM+LAB,With mucin,A. muciniphila,H7P5,P5,6,DSM22959,"A. muciniphila
(DSM22959)",H7,6,1,0,4,GMM+LAB
GMM+LAB,With mucin,A. muciniphila,H7P5,P5,7,DSM22959,"A. muciniphila
(DSM22959)",H7,7,1,0,4,GMM+LAB
GMM+LAB,With mucin,A. muciniphila,H7P5,P5,8,DSM22959,"A. muciniphila
(DSM22959)",H7,8,1,0,4,GMM+LAB
GMM+LAB,With mucin,A. muciniphila,H7P5,P5,9,DSM22959,"A. muciniphila
(DSM22959)",H7,9,1,0,4,GMM+LAB
GMM+LAB,With mucin,A. muciniphila,H7P5,P5,10,DSM22959,"A. muciniphila
(DSM22959)",H7,10,1,0,4,GMM+LAB
GMM+LAB,With mucin,A. muciniphila,H7P5,P5,11,DSM22959,"A. muciniphila
(DSM22959)",H7,11,1,0,4,GMM+LAB
GMM+LAB,With mucin,A. muciniphila,H7P5,P5,12,DSM22959,"A. muciniphila
(DSM22959)",H7,12,1,0,4,GMM+LAB
GMM+LAB,With mucin,A. muciniphila,H7P5,P5,13,DSM22959,"A. muciniphila
(DSM22959)",H7,13,1,0,4,GMM+LAB
GMM+LAB,With mucin,A. muciniphila,H7P5,P5,14,DSM22959,"A. muciniphila
(DSM22959)",H7,14,1,0,4,GMM+LAB
GMM+LAB,With mucin,A. muciniphila,H7P5,P5,15,DSM22959,"A. muciniphila
(DSM22959)",H7,15,1,0,4,GMM+LAB
GMM+LAB,With mucin,A. muciniphila,H7P5,P5,16,DSM22959,"A. muciniphila
(DSM22959)",H7,16,1,0,4,GMM+LAB
GMM+LAB,With mucin,A. muciniphila,H7P5,P5,17,DSM22959,"A. muciniphila
(DSM22959)",H7,17,1,0,4,GMM+LAB
GMM+LAB,With mucin,A. muciniphila,H7P5,P5,18,DSM22959,"A. muciniphila
(DSM22959)",H7,18,1,0,4,GMM+LAB
GMM+LAB,With mucin,A. muciniphila,H7P5,P5,19,DSM22959,"A. muciniphila
(DSM22959)",H7,19,1,0,4,GMM+LAB
GMM+LAB,With mucin,A. muciniphila,H7P5,P5,20,DSM22959,"A. muciniphila
(DSM22959)",H7,20,1,0,4,GMM+LAB
GMM+LAB,With mucin,A. muciniphila,H7P5,P5,21,DSM22959,"A. muciniphila
(DSM22959)",H7,21,1,0,4,GMM+LAB
GMM+LAB,With mucin,A. muciniphila,H7P5,P5,22,DSM22959,"A. muciniphila
(DSM22959)",H7,22,1,0,4,GMM+LAB
GMM+LAB,With mucin,A. muciniphila,H7P5,P5,23,DSM22959,"A. muciniphila
(DSM22959)",H7,23,1,0,4,GMM+LAB
GMM+LAB,With mucin,A. muciniphila,H7P5,P5,24,DSM22959,"A. muciniphila
(DSM22959)",H7,24,1,0,4,GMM+LAB
GMM+LAB,With mucin,A. muciniphila,H7P5,P5,25,DSM22959,"A. muciniphila
(DSM22959)",H7,25,1,0,4,GMM+LAB
GMM+LAB,With mucin,A. muciniphila,H7P5,P5,26,DSM22959,"A. muciniphila
(DSM22959)",H7,26,1,0,4,GMM+LAB
GMM+LAB,With mucin,A. muciniphila,H7P5,P5,27,DSM22959,"A. muciniphila
(DSM22959)",H7,27,1,0,4,GMM+LAB
GMM+LAB,With mucin,A. muciniphila,H7P5,P5,28,DSM22959,"A. muciniphila
(DSM22959)",H7,28,1,0,4,GMM+LAB
GMM+LAB,With mucin,A. muciniphila,H7P5,P5,29,DSM22959,"A. muciniphila
(DSM22959)",H7,29,1,0,4,GMM+LAB
GMM+LAB,With mucin,A. muciniphila,H7P5,P5,30,DSM22959,"A. muciniphila
(DSM22959)",H7,30,1,0,4,GMM+LAB
GMM+LAB,Without mucin,A. muciniphila,B7P5,P5,0.5,DSM22959,"A. muciniphila
(DSM22959)",B7,0.5,1,0.005799999999999977,2,GMM+LAB
GMM+LAB,Without mucin,A. muciniphila,B7P5,P5,1,DSM22959,"A. muciniphila
(DSM22959)",B7,1,1,8.000000000000008e-4,2,GMM+LAB
GMM+LAB,Without mucin,A. muciniphila,B7P5,P5,2,DSM22959,"A. muciniphila
(DSM22959)",B7,2,1,0,2,GMM+LAB
GMM+LAB,Without mucin,A. muciniphila,B7P5,P5,3,DSM22959,"A. muciniphila
(DSM22959)",B7,3,1,0,2,GMM+LAB
GMM+LAB,Without mucin,A. muciniphila,B7P5,P5,4,DSM22959,"A. muciniphila
(DSM22959)",B7,4,1,0,2,GMM+LAB
GMM+LAB,Without mucin,A. muciniphila,B7P5,P5,5,DSM22959,"A. muciniphila
(DSM22959)",B7,5,1,0,2,GMM+LAB
GMM+LAB,Without mucin,A. muciniphila,B7P5,P5,6,DSM22959,"A. muciniphila
(DSM22959)",B7,6,1,0,2,GMM+LAB
GMM+LAB,Without mucin,A. muciniphila,B7P5,P5,7,DSM22959,"A. muciniphila
(DSM22959)",B7,7,1,0,2,GMM+LAB
GMM+LAB,Without mucin,A. muciniphila,B7P5,P5,8,DSM22959,"A. muciniphila
(DSM22959)",B7,8,1,0,2,GMM+LAB
GMM+LAB,Without mucin,A. muciniphila,B7P5,P5,9,DSM22959,"A. muciniphila
(DSM22959)",B7,9,1,0,2,GMM+LAB
GMM+LAB,Without mucin,A. muciniphila,B7P5,P5,10,DSM22959,"A. muciniphila
(DSM22959)",B7,10,1,0,2,GMM+LAB
GMM+LAB,Without mucin,A. muciniphila,B7P5,P5,11,DSM22959,"A. muciniphila
(DSM22959)",B7,11,1,0,2,GMM+LAB
GMM+LAB,Without mucin,A. muciniphila,B7P5,P5,12,DSM22959,"A. muciniphila
(DSM22959)",B7,12,1,0,2,GMM+LAB
GMM+LAB,Without mucin,A. muciniphila,B7P5,P5,13,DSM22959,"A. muciniphila
(DSM22959)",B7,13,1,0,2,GMM+LAB
GMM+LAB,Without mucin,A. muciniphila,B7P5,P5,14,DSM22959,"A. muciniphila
(DSM22959)",B7,14,1,0,2,GMM+LAB
GMM+LAB,Without mucin,A. muciniphila,B7P5,P5,15,DSM22959,"A. muciniphila
(DSM22959)",B7,15,1,0,2,GMM+LAB
GMM+LAB,Without mucin,A. muciniphila,B7P5,P5,16,DSM22959,"A. muciniphila
(DSM22959)",B7,16,1,0,2,GMM+LAB
GMM+LAB,Without mucin,A. muciniphila,B7P5,P5,17,DSM22959,"A. muciniphila
(DSM22959)",B7,17,1,0,2,GMM+LAB
GMM+LAB,Without mucin,A. muciniphila,B7P5,P5,18,DSM22959,"A. muciniphila
(DSM22959)",B7,18,1,0,2,GMM+LAB
GMM+LAB,Without mucin,A. muciniphila,B7P5,P5,19,DSM22959,"A. muciniphila
(DSM22959)",B7,19,1,0,2,GMM+LAB
GMM+LAB,Without mucin,A. muciniphila,B7P5,P5,20,DSM22959,"A. muciniphila
(DSM22959)",B7,20,1,0,2,GMM+LAB
GMM+LAB,Without mucin,A. muciniphila,B7P5,P5,21,DSM22959,"A. muciniphila
(DSM22959)",B7,21,1,0,2,GMM+LAB
GMM+LAB,Without mucin,A. muciniphila,B7P5,P5,22,DSM22959,"A. muciniphila
(DSM22959)",B7,22,1,0,2,GMM+LAB
GMM+LAB,Without mucin,A. muciniphila,B7P5,P5,23,DSM22959,"A. muciniphila
(DSM22959)",B7,23,1,0,2,GMM+LAB
GMM+LAB,Without mucin,A. muciniphila,B7P5,P5,24,DSM22959,"A. muciniphila
(DSM22959)",B7,24,1,0,2,GMM+LAB
GMM+LAB,Without mucin,A. muciniphila,B7P5,P5,25,DSM22959,"A. muciniphila
(DSM22959)",B7,25,1,0,2,GMM+LAB
GMM+LAB,Without mucin,A. muciniphila,B7P5,P5,26,DSM22959,"A. muciniphila
(DSM22959)",B7,26,1,0,2,GMM+LAB
GMM+LAB,Without mucin,A. muciniphila,B7P5,P5,27,DSM22959,"A. muciniphila
(DSM22959)",B7,27,1,0,2,GMM+LAB
GMM+LAB,Without mucin,A. muciniphila,B7P5,P5,28,DSM22959,"A. muciniphila
(DSM22959)",B7,28,1,0,2,GMM+LAB
GMM+LAB,Without mucin,A. muciniphila,B7P5,P5,29,DSM22959,"A. muciniphila
(DSM22959)",B7,29,1,0,2,GMM+LAB
GMM+LAB,Without mucin,A. muciniphila,B7P5,P5,30,DSM22959,"A. muciniphila
(DSM22959)",B7,30,1,0,2,GMM+LAB
GMM+LAB,Without mucin,A. muciniphila,A7P5,P5,0.5,DSM22959,"A. muciniphila
(DSM22959)",A7,0.5,1,0,1,GMM+LAB
GMM+LAB,Without mucin,A. muciniphila,A7P5,P5,1,DSM22959,"A. muciniphila
(DSM22959)",A7,1,1,0,1,GMM+LAB
GMM+LAB,Without mucin,A. muciniphila,A7P5,P5,2,DSM22959,"A. muciniphila
(DSM22959)",A7,2,1,0,1,GMM+LAB
GMM+LAB,Without mucin,A. muciniphila,A7P5,P5,3,DSM22959,"A. muciniphila
(DSM22959)",A7,3,1,0,1,GMM+LAB
GMM+LAB,Without mucin,A. muciniphila,A7P5,P5,4,DSM22959,"A. muciniphila
(DSM22959)",A7,4,1,0,1,GMM+LAB
GMM+LAB,Without mucin,A. muciniphila,A7P5,P5,5,DSM22959,"A. muciniphila
(DSM22959)",A7,5,1,0,1,GMM+LAB
GMM+LAB,Without mucin,A. muciniphila,A7P5,P5,6,DSM22959,"A. muciniphila
(DSM22959)",A7,6,1,0,1,GMM+LAB
GMM+LAB,Without mucin,A. muciniphila,A7P5,P5,7,DSM22959,"A. muciniphila
(DSM22959)",A7,7,1,0,1,GMM+LAB
GMM+LAB,Without mucin,A. muciniphila,A7P5,P5,8,DSM22959,"A. muciniphila
(DSM22959)",A7,8,1,0,1,GMM+LAB
GMM+LAB,Without mucin,A. muciniphila,A7P5,P5,9,DSM22959,"A. muciniphila
(DSM22959)",A7,9,1,0,1,GMM+LAB
GMM+LAB,Without mucin,A. muciniphila,A7P5,P5,10,DSM22959,"A. muciniphila
(DSM22959)",A7,10,1,0,1,GMM+LAB
GMM+LAB,Without mucin,A. muciniphila,A7P5,P5,11,DSM22959,"A. muciniphila
(DSM22959)",A7,11,1,0,1,GMM+LAB
GMM+LAB,Without mucin,A. muciniphila,A7P5,P5,12,DSM22959,"A. muciniphila
(DSM22959)",A7,12,1,0,1,GMM+LAB
GMM+LAB,Without mucin,A. muciniphila,A7P5,P5,13,DSM22959,"A. muciniphila
(DSM22959)",A7,13,1,0,1,GMM+LAB
GMM+LAB,Without mucin,A. muciniphila,A7P5,P5,14,DSM22959,"A. muciniphila
(DSM22959)",A7,14,1,0,1,GMM+LAB
GMM+LAB,Without mucin,A. muciniphila,A7P5,P5,15,DSM22959,"A. muciniphila
(DSM22959)",A7,15,1,0,1,GMM+LAB
GMM+LAB,Without mucin,A. muciniphila,A7P5,P5,16,DSM22959,"A. muciniphila
(DSM22959)",A7,16,1,0,1,GMM+LAB
GMM+LAB,Without mucin,A. muciniphila,A7P5,P5,17,DSM22959,"A. muciniphila
(DSM22959)",A7,17,1,0,1,GMM+LAB
GMM+LAB,Without mucin,A. muciniphila,A7P5,P5,18,DSM22959,"A. muciniphila
(DSM22959)",A7,18,1,0,1,GMM+LAB
GMM+LAB,Without mucin,A. muciniphila,A7P5,P5,19,DSM22959,"A. muciniphila
(DSM22959)",A7,19,1,0,1,GMM+LAB
GMM+LAB,Without mucin,A. muciniphila,A7P5,P5,20,DSM22959,"A. muciniphila
(DSM22959)",A7,20,1,0,1,GMM+LAB
GMM+LAB,Without mucin,A. muciniphila,A7P5,P5,21,DSM22959,"A. muciniphila
(DSM22959)",A7,21,1,0,1,GMM+LAB
GMM+LAB,Without mucin,A. muciniphila,A7P5,P5,22,DSM22959,"A. muciniphila
(DSM22959)",A7,22,1,0,1,GMM+LAB
GMM+LAB,Without mucin,A. muciniphila,A7P5,P5,23,DSM22959,"A. muciniphila
(DSM22959)",A7,23,1,0,1,GMM+LAB
GMM+LAB,Without mucin,A. muciniphila,A7P5,P5,24,DSM22959,"A. muciniphila
(DSM22959)",A7,24,1,0,1,GMM+LAB
GMM+LAB,Without mucin,A. muciniphila,A7P5,P5,25,DSM22959,"A. muciniphila
(DSM22959)",A7,25,1,0,1,GMM+LAB
GMM+LAB,Without mucin,A. muciniphila,A7P5,P5,26,DSM22959,"A. muciniphila
(DSM22959)",A7,26,1,0,1,GMM+LAB
GMM+LAB,Without mucin,A. muciniphila,A7P5,P5,27,DSM22959,"A. muciniphila
(DSM22959)",A7,27,1,0,1,GMM+LAB
GMM+LAB,Without mucin,A. muciniphila,A7P5,P5,28,DSM22959,"A. muciniphila
(DSM22959)",A7,28,1,0,1,GMM+LAB
GMM+LAB,Without mucin,A. muciniphila,A7P5,P5,29,DSM22959,"A. muciniphila
(DSM22959)",A7,29,1,0,1,GMM+LAB
GMM+LAB,Without mucin,A. muciniphila,A7P5,P5,30,DSM22959,"A. muciniphila
(DSM22959)",A7,30,1,0,1,GMM+LAB
GMM+LAB,Without mucin,A. muciniphila,C7P5,P5,0.5,DSM22959,"A. muciniphila
(DSM22959)",C7,0.5,1,0.001800000000000002,3,GMM+LAB
GMM+LAB,Without mucin,A. muciniphila,C7P5,P5,1,DSM22959,"A. muciniphila
(DSM22959)",C7,1,1,0.004799999999999976,3,GMM+LAB
GMM+LAB,Without mucin,A. muciniphila,C7P5,P5,2,DSM22959,"A. muciniphila
(DSM22959)",C7,2,1,0,3,GMM+LAB
GMM+LAB,Without mucin,A. muciniphila,C7P5,P5,3,DSM22959,"A. muciniphila
(DSM22959)",C7,3,1,0,3,GMM+LAB
GMM+LAB,Without mucin,A. muciniphila,C7P5,P5,4,DSM22959,"A. muciniphila
(DSM22959)",C7,4,1,0,3,GMM+LAB
GMM+LAB,Without mucin,A. muciniphila,C7P5,P5,5,DSM22959,"A. muciniphila
(DSM22959)",C7,5,1,0,3,GMM+LAB
GMM+LAB,Without mucin,A. muciniphila,C7P5,P5,6,DSM22959,"A. muciniphila
(DSM22959)",C7,6,1,0,3,GMM+LAB
GMM+LAB,Without mucin,A. muciniphila,C7P5,P5,7,DSM22959,"A. muciniphila
(DSM22959)",C7,7,1,0,3,GMM+LAB
GMM+LAB,Without mucin,A. muciniphila,C7P5,P5,8,DSM22959,"A. muciniphila
(DSM22959)",C7,8,1,0,3,GMM+LAB
GMM+LAB,Without mucin,A. muciniphila,C7P5,P5,9,DSM22959,"A. muciniphila
(DSM22959)",C7,9,1,0,3,GMM+LAB
GMM+LAB,Without mucin,A. muciniphila,C7P5,P5,10,DSM22959,"A. muciniphila
(DSM22959)",C7,10,1,0,3,GMM+LAB
GMM+LAB,Without mucin,A. muciniphila,C7P5,P5,11,DSM22959,"A. muciniphila
(DSM22959)",C7,11,1,0,3,GMM+LAB
GMM+LAB,Without mucin,A. muciniphila,C7P5,P5,12,DSM22959,"A. muciniphila
(DSM22959)",C7,12,1,0,3,GMM+LAB
GMM+LAB,Without mucin,A. muciniphila,C7P5,P5,13,DSM22959,"A. muciniphila
(DSM22959)",C7,13,1,0,3,GMM+LAB
GMM+LAB,Without mucin,A. muciniphila,C7P5,P5,14,DSM22959,"A. muciniphila
(DSM22959)",C7,14,1,0,3,GMM+LAB
GMM+LAB,Without mucin,A. muciniphila,C7P5,P5,15,DSM22959,"A. muciniphila
(DSM22959)",C7,15,1,0,3,GMM+LAB
GMM+LAB,Without mucin,A. muciniphila,C7P5,P5,16,DSM22959,"A. muciniphila
(DSM22959)",C7,16,1,0,3,GMM+LAB
GMM+LAB,Without mucin,A. muciniphila,C7P5,P5,17,DSM22959,"A. muciniphila
(DSM22959)",C7,17,1,0,3,GMM+LAB
GMM+LAB,Without mucin,A. muciniphila,C7P5,P5,18,DSM22959,"A. muciniphila
(DSM22959)",C7,18,1,0,3,GMM+LAB
GMM+LAB,Without mucin,A. muciniphila,C7P5,P5,19,DSM22959,"A. muciniphila
(DSM22959)",C7,19,1,0,3,GMM+LAB
GMM+LAB,Without mucin,A. muciniphila,C7P5,P5,20,DSM22959,"A. muciniphila
(DSM22959)",C7,20,1,0,3,GMM+LAB
GMM+LAB,Without mucin,A. muciniphila,C7P5,P5,21,DSM22959,"A. muciniphila
(DSM22959)",C7,21,1,0,3,GMM+LAB
GMM+LAB,Without mucin,A. muciniphila,C7P5,P5,22,DSM22959,"A. muciniphila
(DSM22959)",C7,22,1,0,3,GMM+LAB
GMM+LAB,Without mucin,A. muciniphila,C7P5,P5,23,DSM22959,"A. muciniphila
(DSM22959)",C7,23,1,0,3,GMM+LAB
GMM+LAB,Without mucin,A. muciniphila,C7P5,P5,24,DSM22959,"A. muciniphila
(DSM22959)",C7,24,1,0,3,GMM+LAB
GMM+LAB,Without mucin,A. muciniphila,C7P5,P5,25,DSM22959,"A. muciniphila
(DSM22959)",C7,25,1,0,3,GMM+LAB
GMM+LAB,Without mucin,A. muciniphila,C7P5,P5,26,DSM22959,"A. muciniphila
(DSM22959)",C7,26,1,0,3,GMM+LAB
GMM+LAB,Without mucin,A. muciniphila,C7P5,P5,27,DSM22959,"A. muciniphila
(DSM22959)",C7,27,1,0,3,GMM+LAB
GMM+LAB,Without mucin,A. muciniphila,C7P5,P5,28,DSM22959,"A. muciniphila
(DSM22959)",C7,28,1,0,3,GMM+LAB
GMM+LAB,Without mucin,A. muciniphila,C7P5,P5,29,DSM22959,"A. muciniphila
(DSM22959)",C7,29,1,0,3,GMM+LAB
GMM+LAB,Without mucin,A. muciniphila,C7P5,P5,30,DSM22959,"A. muciniphila
(DSM22959)",C7,30,1,0,3,GMM+LAB
SB,With mucin,A. muciniphila,G9P5,P5,0.5,DSM22959,"A. muciniphila
(DSM22959)",G9,0.5,1,0,3,SB
SB,With mucin,A. muciniphila,G9P5,P5,1,DSM22959,"A. muciniphila
(DSM22959)",G9,1,1,0,3,SB
SB,With mucin,A. muciniphila,G9P5,P5,2,DSM22959,"A. muciniphila
(DSM22959)",G9,2,1,0.011000000000000001,3,SB
SB,With mucin,A. muciniphila,G9P5,P5,3,DSM22959,"A. muciniphila
(DSM22959)",G9,3,1,0.019000000000000003,3,SB
SB,With mucin,A. muciniphila,G9P5,P5,4,DSM22959,"A. muciniphila
(DSM22959)",G9,4,1,0.02699999999999999,3,SB
SB,With mucin,A. muciniphila,G9P5,P5,5,DSM22959,"A. muciniphila
(DSM22959)",G9,5,1,0.03299999999999999,3,SB
SB,With mucin,A. muciniphila,G9P5,P5,6,DSM22959,"A. muciniphila
(DSM22959)",G9,6,1,0.04,3,SB
SB,With mucin,A. muciniphila,G9P5,P5,7,DSM22959,"A. muciniphila
(DSM22959)",G9,7,1,0.05200000000000001,3,SB
SB,With mucin,A. muciniphila,G9P5,P5,8,DSM22959,"A. muciniphila
(DSM22959)",G9,8,1,0.05800000000000002,3,SB
SB,With mucin,A. muciniphila,G9P5,P5,9,DSM22959,"A. muciniphila
(DSM22959)",G9,9,1,0.07099999999999997,3,SB
SB,With mucin,A. muciniphila,G9P5,P5,10,DSM22959,"A. muciniphila
(DSM22959)",G9,10,1,0.096,3,SB
SB,With mucin,A. muciniphila,G9P5,P5,11,DSM22959,"A. muciniphila
(DSM22959)",G9,11,1,0.13,3,SB
SB,With mucin,A. muciniphila,G9P5,P5,12,DSM22959,"A. muciniphila
(DSM22959)",G9,12,1,0.185,3,SB
SB,With mucin,A. muciniphila,G9P5,P5,13,DSM22959,"A. muciniphila
(DSM22959)",G9,13,1,0.244,3,SB
SB,With mucin,A. muciniphila,G9P5,P5,14,DSM22959,"A. muciniphila
(DSM22959)",G9,14,1,0.31,3,SB
SB,With mucin,A. muciniphila,G9P5,P5,15,DSM22959,"A. muciniphila
(DSM22959)",G9,15,1,0.39,3,SB
SB,With mucin,A. muciniphila,G9P5,P5,16,DSM22959,"A. muciniphila
(DSM22959)",G9,16,1,0.46799999999999997,3,SB
SB,With mucin,A. muciniphila,G9P5,P5,17,DSM22959,"A. muciniphila
(DSM22959)",G9,17,1,0.55,3,SB
SB,With mucin,A. muciniphila,G9P5,P5,18,DSM22959,"A. muciniphila
(DSM22959)",G9,18,1,0.597,3,SB
SB,With mucin,A. muciniphila,G9P5,P5,19,DSM22959,"A. muciniphila
(DSM22959)",G9,19,1,0.6499999999999999,3,SB
SB,With mucin,A. muciniphila,G9P5,P5,20,DSM22959,"A. muciniphila
(DSM22959)",G9,20,1,0.6990000000000001,3,SB
SB,With mucin,A. muciniphila,G9P5,P5,21,DSM22959,"A. muciniphila
(DSM22959)",G9,21,1,0.7409999999999999,3,SB
SB,With mucin,A. muciniphila,G9P5,P5,22,DSM22959,"A. muciniphila
(DSM22959)",G9,22,1,0.7729999999999998,3,SB
SB,With mucin,A. muciniphila,G9P5,P5,23,DSM22959,"A. muciniphila
(DSM22959)",G9,23,1,0.7949999999999998,3,SB
SB,With mucin,A. muciniphila,G9P5,P5,24,DSM22959,"A. muciniphila
(DSM22959)",G9,24,1,0.827,3,SB
SB,With mucin,A. muciniphila,G9P5,P5,25,DSM22959,"A. muciniphila
(DSM22959)",G9,25,1,0.8639999999999999,3,SB
SB,With mucin,A. muciniphila,G9P5,P5,26,DSM22959,"A. muciniphila
(DSM22959)",G9,26,1,0.891,3,SB
SB,With mucin,A. muciniphila,G9P5,P5,27,DSM22959,"A. muciniphila
(DSM22959)",G9,27,1,0.894,3,SB
SB,With mucin,A. muciniphila,G9P5,P5,28,DSM22959,"A. muciniphila
(DSM22959)",G9,28,1,0.873,3,SB
SB,With mucin,A. muciniphila,G9P5,P5,29,DSM22959,"A. muciniphila
(DSM22959)",G9,29,1,0.854,3,SB
SB,With mucin,A. muciniphila,G9P5,P5,30,DSM22959,"A. muciniphila
(DSM22959)",G9,30,1,0.86,3,SB
SB,With mucin,A. muciniphila,G8P5,P5,0.5,DSM22959,"A. muciniphila
(DSM22959)",G8,0.5,1,0,2,SB
SB,With mucin,A. muciniphila,G8P5,P5,1,DSM22959,"A. muciniphila
(DSM22959)",G8,1,1,0,2,SB
SB,With mucin,A. muciniphila,G8P5,P5,2,DSM22959,"A. muciniphila
(DSM22959)",G8,2,1,0.011000000000000001,2,SB
SB,With mucin,A. muciniphila,G8P5,P5,3,DSM22959,"A. muciniphila
(DSM22959)",G8,3,1,0.02000000000000001,2,SB
SB,With mucin,A. muciniphila,G8P5,P5,4,DSM22959,"A. muciniphila
(DSM22959)",G8,4,1,0.02700000000000001,2,SB
SB,With mucin,A. muciniphila,G8P5,P5,5,DSM22959,"A. muciniphila
(DSM22959)",G8,5,1,0.034000000000000016,2,SB
SB,With mucin,A. muciniphila,G8P5,P5,6,DSM22959,"A. muciniphila
(DSM22959)",G8,6,1,0.040000000000000015,2,SB
SB,With mucin,A. muciniphila,G8P5,P5,7,DSM22959,"A. muciniphila
(DSM22959)",G8,7,1,0.04800000000000003,2,SB
SB,With mucin,A. muciniphila,G8P5,P5,8,DSM22959,"A. muciniphila
(DSM22959)",G8,8,1,0.05600000000000004,2,SB
SB,With mucin,A. muciniphila,G8P5,P5,9,DSM22959,"A. muciniphila
(DSM22959)",G8,9,1,0.06899999999999999,2,SB
SB,With mucin,A. muciniphila,G8P5,P5,10,DSM22959,"A. muciniphila
(DSM22959)",G8,10,1,0.09000000000000001,2,SB
SB,With mucin,A. muciniphila,G8P5,P5,11,DSM22959,"A. muciniphila
(DSM22959)",G8,11,1,0.11900000000000001,2,SB
SB,With mucin,A. muciniphila,G8P5,P5,12,DSM22959,"A. muciniphila
(DSM22959)",G8,12,1,0.16799999999999998,2,SB
SB,With mucin,A. muciniphila,G8P5,P5,13,DSM22959,"A. muciniphila
(DSM22959)",G8,13,1,0.224,2,SB
SB,With mucin,A. muciniphila,G8P5,P5,14,DSM22959,"A. muciniphila
(DSM22959)",G8,14,1,0.29,2,SB
SB,With mucin,A. muciniphila,G8P5,P5,15,DSM22959,"A. muciniphila
(DSM22959)",G8,15,1,0.358,2,SB
SB,With mucin,A. muciniphila,G8P5,P5,16,DSM22959,"A. muciniphila
(DSM22959)",G8,16,1,0.4340000000000001,2,SB
SB,With mucin,A. muciniphila,G8P5,P5,17,DSM22959,"A. muciniphila
(DSM22959)",G8,17,1,0.517,2,SB
SB,With mucin,A. muciniphila,G8P5,P5,18,DSM22959,"A. muciniphila
(DSM22959)",G8,18,1,0.5760000000000001,2,SB
SB,With mucin,A. muciniphila,G8P5,P5,19,DSM22959,"A. muciniphila
(DSM22959)",G8,19,1,0.629,2,SB
SB,With mucin,A. muciniphila,G8P5,P5,20,DSM22959,"A. muciniphila
(DSM22959)",G8,20,1,0.685,2,SB
SB,With mucin,A. muciniphila,G8P5,P5,21,DSM22959,"A. muciniphila
(DSM22959)",G8,21,1,0.739,2,SB
SB,With mucin,A. muciniphila,G8P5,P5,22,DSM22959,"A. muciniphila
(DSM22959)",G8,22,1,0.784,2,SB
SB,With mucin,A. muciniphila,G8P5,P5,23,DSM22959,"A. muciniphila
(DSM22959)",G8,23,1,0.8360000000000002,2,SB
SB,With mucin,A. muciniphila,G8P5,P5,24,DSM22959,"A. muciniphila
(DSM22959)",G8,24,1,0.8500000000000001,2,SB
SB,With mucin,A. muciniphila,G8P5,P5,25,DSM22959,"A. muciniphila
(DSM22959)",G8,25,1,0.8720000000000001,2,SB
SB,With mucin,A. muciniphila,G8P5,P5,26,DSM22959,"A. muciniphila
(DSM22959)",G8,26,1,0.8740000000000001,2,SB
SB,With mucin,A. muciniphila,G8P5,P5,27,DSM22959,"A. muciniphila
(DSM22959)",G8,27,1,0.8500000000000001,2,SB
SB,With mucin,A. muciniphila,G8P5,P5,28,DSM22959,"A. muciniphila
(DSM22959)",G8,28,1,0.8440000000000001,2,SB
SB,With mucin,A. muciniphila,G8P5,P5,29,DSM22959,"A. muciniphila
(DSM22959)",G8,29,1,0.8440000000000001,2,SB
SB,With mucin,A. muciniphila,G8P5,P5,30,DSM22959,"A. muciniphila
(DSM22959)",G8,30,1,0.843,2,SB
SB,With mucin,A. muciniphila,G7P5,P5,0.5,DSM22959,"A. muciniphila
(DSM22959)",G7,0.5,1,0,1,SB
SB,With mucin,A. muciniphila,G7P5,P5,1,DSM22959,"A. muciniphila
(DSM22959)",G7,1,1,0.004,1,SB
SB,With mucin,A. muciniphila,G7P5,P5,2,DSM22959,"A. muciniphila
(DSM22959)",G7,2,1,0.016,1,SB
SB,With mucin,A. muciniphila,G7P5,P5,3,DSM22959,"A. muciniphila
(DSM22959)",G7,3,1,0.025999999999999995,1,SB
SB,With mucin,A. muciniphila,G7P5,P5,4,DSM22959,"A. muciniphila
(DSM22959)",G7,4,1,0.03699999999999997,1,SB
SB,With mucin,A. muciniphila,G7P5,P5,5,DSM22959,"A. muciniphila
(DSM22959)",G7,5,1,0.04399999999999997,1,SB
SB,With mucin,A. muciniphila,G7P5,P5,6,DSM22959,"A. muciniphila
(DSM22959)",G7,6,1,0.050999999999999976,1,SB
SB,With mucin,A. muciniphila,G7P5,P5,7,DSM22959,"A. muciniphila
(DSM22959)",G7,7,1,0.060000000000000005,1,SB
SB,With mucin,A. muciniphila,G7P5,P5,8,DSM22959,"A. muciniphila
(DSM22959)",G7,8,1,0.06499999999999999,1,SB
SB,With mucin,A. muciniphila,G7P5,P5,9,DSM22959,"A. muciniphila
(DSM22959)",G7,9,1,0.07900000000000001,1,SB
SB,With mucin,A. muciniphila,G7P5,P5,10,DSM22959,"A. muciniphila
(DSM22959)",G7,10,1,0.096,1,SB
SB,With mucin,A. muciniphila,G7P5,P5,11,DSM22959,"A. muciniphila
(DSM22959)",G7,11,1,0.12400000000000001,1,SB
SB,With mucin,A. muciniphila,G7P5,P5,12,DSM22959,"A. muciniphila
(DSM22959)",G7,12,1,0.174,1,SB
SB,With mucin,A. muciniphila,G7P5,P5,13,DSM22959,"A. muciniphila
(DSM22959)",G7,13,1,0.22599999999999998,1,SB
SB,With mucin,A. muciniphila,G7P5,P5,14,DSM22959,"A. muciniphila
(DSM22959)",G7,14,1,0.291,1,SB
SB,With mucin,A. muciniphila,G7P5,P5,15,DSM22959,"A. muciniphila
(DSM22959)",G7,15,1,0.358,1,SB
SB,With mucin,A. muciniphila,G7P5,P5,16,DSM22959,"A. muciniphila
(DSM22959)",G7,16,1,0.4370000000000001,1,SB
SB,With mucin,A. muciniphila,G7P5,P5,17,DSM22959,"A. muciniphila
(DSM22959)",G7,17,1,0.515,1,SB
SB,With mucin,A. muciniphila,G7P5,P5,18,DSM22959,"A. muciniphila
(DSM22959)",G7,18,1,0.582,1,SB
SB,With mucin,A. muciniphila,G7P5,P5,19,DSM22959,"A. muciniphila
(DSM22959)",G7,19,1,0.635,1,SB
SB,With mucin,A. muciniphila,G7P5,P5,20,DSM22959,"A. muciniphila
(DSM22959)",G7,20,1,0.683,1,SB
SB,With mucin,A. muciniphila,G7P5,P5,21,DSM22959,"A. muciniphila
(DSM22959)",G7,21,1,0.719,1,SB
SB,With mucin,A. muciniphila,G7P5,P5,22,DSM22959,"A. muciniphila
(DSM22959)",G7,22,1,0.758,1,SB
SB,With mucin,A. muciniphila,G7P5,P5,23,DSM22959,"A. muciniphila
(DSM22959)",G7,23,1,0.7999999999999999,1,SB
SB,With mucin,A. muciniphila,G7P5,P5,24,DSM22959,"A. muciniphila
(DSM22959)",G7,24,1,0.8260000000000002,1,SB
SB,With mucin,A. muciniphila,G7P5,P5,25,DSM22959,"A. muciniphila
(DSM22959)",G7,25,1,0.855,1,SB
SB,With mucin,A. muciniphila,G7P5,P5,26,DSM22959,"A. muciniphila
(DSM22959)",G7,26,1,0.8740000000000001,1,SB
SB,With mucin,A. muciniphila,G7P5,P5,27,DSM22959,"A. muciniphila
(DSM22959)",G7,27,1,0.873,1,SB
SB,With mucin,A. muciniphila,G7P5,P5,28,DSM22959,"A. muciniphila
(DSM22959)",G7,28,1,0.869,1,SB
SB,With mucin,A. muciniphila,G7P5,P5,29,DSM22959,"A. muciniphila
(DSM22959)",G7,29,1,0.899,1,SB
SB,With mucin,A. muciniphila,G7P5,P5,30,DSM22959,"A. muciniphila
(DSM22959)",G7,30,1,0.903,1,SB
SB,Without mucin,A. muciniphila,G3P5,P5,0.5,DSM22959,"A. muciniphila
(DSM22959)",G3,0.5,1,0,3,SB
SB,Without mucin,A. muciniphila,G3P5,P5,1,DSM22959,"A. muciniphila
(DSM22959)",G3,1,1,1.0408340855860843e-17,3,SB
SB,Without mucin,A. muciniphila,G3P5,P5,2,DSM22959,"A. muciniphila
(DSM22959)",G3,2,1,0.011999999999999999,3,SB
SB,Without mucin,A. muciniphila,G3P5,P5,3,DSM22959,"A. muciniphila
(DSM22959)",G3,3,1,0.023000000000000007,3,SB
SB,Without mucin,A. muciniphila,G3P5,P5,4,DSM22959,"A. muciniphila
(DSM22959)",G3,4,1,0.025999999999999995,3,SB
SB,Without mucin,A. muciniphila,G3P5,P5,5,DSM22959,"A. muciniphila
(DSM22959)",G3,5,1,0.03100000000000002,3,SB
SB,Without mucin,A. muciniphila,G3P5,P5,6,DSM22959,"A. muciniphila
(DSM22959)",G3,6,1,0.033000000000000015,3,SB
SB,Without mucin,A. muciniphila,G3P5,P5,7,DSM22959,"A. muciniphila
(DSM22959)",G3,7,1,0.03500000000000001,3,SB
SB,Without mucin,A. muciniphila,G3P5,P5,8,DSM22959,"A. muciniphila
(DSM22959)",G3,8,1,0.03500000000000001,3,SB
SB,Without mucin,A. muciniphila,G3P5,P5,9,DSM22959,"A. muciniphila
(DSM22959)",G3,9,1,0.038999999999999986,3,SB
SB,Without mucin,A. muciniphila,G3P5,P5,10,DSM22959,"A. muciniphila
(DSM22959)",G3,10,1,0.047,3,SB
SB,Without mucin,A. muciniphila,G3P5,P5,11,DSM22959,"A. muciniphila
(DSM22959)",G3,11,1,0.06500000000000003,3,SB
SB,Without mucin,A. muciniphila,G3P5,P5,12,DSM22959,"A. muciniphila
(DSM22959)",G3,12,1,0.092,3,SB
SB,Without mucin,A. muciniphila,G3P5,P5,13,DSM22959,"A. muciniphila
(DSM22959)",G3,13,1,0.13899999999999998,3,SB
SB,Without mucin,A. muciniphila,G3P5,P5,14,DSM22959,"A. muciniphila
(DSM22959)",G3,14,1,0.20299999999999999,3,SB
SB,Without mucin,A. muciniphila,G3P5,P5,15,DSM22959,"A. muciniphila
(DSM22959)",G3,15,1,0.289,3,SB
SB,Without mucin,A. muciniphila,G3P5,P5,16,DSM22959,"A. muciniphila
(DSM22959)",G3,16,1,0.3969999999999999,3,SB
SB,Without mucin,A. muciniphila,G3P5,P5,17,DSM22959,"A. muciniphila
(DSM22959)",G3,17,1,0.512,3,SB
SB,Without mucin,A. muciniphila,G3P5,P5,18,DSM22959,"A. muciniphila
(DSM22959)",G3,18,1,0.611,3,SB
SB,Without mucin,A. muciniphila,G3P5,P5,19,DSM22959,"A. muciniphila
(DSM22959)",G3,19,1,0.698,3,SB
SB,Without mucin,A. muciniphila,G3P5,P5,20,DSM22959,"A. muciniphila
(DSM22959)",G3,20,1,0.7819999999999998,3,SB
SB,Without mucin,A. muciniphila,G3P5,P5,21,DSM22959,"A. muciniphila
(DSM22959)",G3,21,1,0.861,3,SB
SB,Without mucin,A. muciniphila,G3P5,P5,22,DSM22959,"A. muciniphila
(DSM22959)",G3,22,1,0.9289999999999999,3,SB
SB,Without mucin,A. muciniphila,G3P5,P5,23,DSM22959,"A. muciniphila
(DSM22959)",G3,23,1,0.9969999999999999,3,SB
SB,Without mucin,A. muciniphila,G3P5,P5,24,DSM22959,"A. muciniphila
(DSM22959)",G3,24,1,1.064,3,SB
SB,Without mucin,A. muciniphila,G3P5,P5,25,DSM22959,"A. muciniphila
(DSM22959)",G3,25,1,1.1199999999999999,3,SB
SB,Without mucin,A. muciniphila,G3P5,P5,26,DSM22959,"A. muciniphila
(DSM22959)",G3,26,1,1.165,3,SB
SB,Without mucin,A. muciniphila,G3P5,P5,27,DSM22959,"A. muciniphila
(DSM22959)",G3,27,1,1.198,3,SB
SB,Without mucin,A. muciniphila,G3P5,P5,28,DSM22959,"A. muciniphila
(DSM22959)",G3,28,1,1.223,3,SB
SB,Without mucin,A. muciniphila,G3P5,P5,29,DSM22959,"A. muciniphila
(DSM22959)",G3,29,1,1.232,3,SB
SB,Without mucin,A. muciniphila,G3P5,P5,30,DSM22959,"A. muciniphila
(DSM22959)",G3,30,1,1.235,3,SB
SB,Without mucin,A. muciniphila,G1P5,P5,0.5,DSM22959,"A. muciniphila
(DSM22959)",G1,0.5,1,0,1,SB
SB,Without mucin,A. muciniphila,G1P5,P5,1,DSM22959,"A. muciniphila
(DSM22959)",G1,1,1,0,1,SB
SB,Without mucin,A. muciniphila,G1P5,P5,2,DSM22959,"A. muciniphila
(DSM22959)",G1,2,1,0.011000000000000001,1,SB
SB,Without mucin,A. muciniphila,G1P5,P5,3,DSM22959,"A. muciniphila
(DSM22959)",G1,3,1,0.018999999999999982,1,SB
SB,Without mucin,A. muciniphila,G1P5,P5,4,DSM22959,"A. muciniphila
(DSM22959)",G1,4,1,0.019999999999999983,1,SB
SB,Without mucin,A. muciniphila,G1P5,P5,5,DSM22959,"A. muciniphila
(DSM22959)",G1,5,1,0.02399999999999998,1,SB
SB,Without mucin,A. muciniphila,G1P5,P5,6,DSM22959,"A. muciniphila
(DSM22959)",G1,6,1,0.02299999999999998,1,SB
SB,Without mucin,A. muciniphila,G1P5,P5,7,DSM22959,"A. muciniphila
(DSM22959)",G1,7,1,0.02699999999999999,1,SB
SB,Without mucin,A. muciniphila,G1P5,P5,8,DSM22959,"A. muciniphila
(DSM22959)",G1,8,1,0.02499999999999998,1,SB
SB,Without mucin,A. muciniphila,G1P5,P5,9,DSM22959,"A. muciniphila
(DSM22959)",G1,9,1,0.02299999999999998,1,SB
SB,Without mucin,A. muciniphila,G1P5,P5,10,DSM22959,"A. muciniphila
(DSM22959)",G1,10,1,0.02799999999999999,1,SB
SB,Without mucin,A. muciniphila,G1P5,P5,11,DSM22959,"A. muciniphila
(DSM22959)",G1,11,1,0.03199999999999999,1,SB
SB,Without mucin,A. muciniphila,G1P5,P5,12,DSM22959,"A. muciniphila
(DSM22959)",G1,12,1,0.05900000000000002,1,SB
SB,Without mucin,A. muciniphila,G1P5,P5,13,DSM22959,"A. muciniphila
(DSM22959)",G1,13,1,0.10400000000000001,1,SB
SB,Without mucin,A. muciniphila,G1P5,P5,14,DSM22959,"A. muciniphila
(DSM22959)",G1,14,1,0.17099999999999999,1,SB
SB,Without mucin,A. muciniphila,G1P5,P5,15,DSM22959,"A. muciniphila
(DSM22959)",G1,15,1,0.255,1,SB
SB,Without mucin,A. muciniphila,G1P5,P5,16,DSM22959,"A. muciniphila
(DSM22959)",G1,16,1,0.36,1,SB
SB,Without mucin,A. muciniphila,G1P5,P5,17,DSM22959,"A. muciniphila
(DSM22959)",G1,17,1,0.48,1,SB
SB,Without mucin,A. muciniphila,G1P5,P5,18,DSM22959,"A. muciniphila
(DSM22959)",G1,18,1,0.5820000000000001,1,SB
SB,Without mucin,A. muciniphila,G1P5,P5,19,DSM22959,"A. muciniphila
(DSM22959)",G1,19,1,0.671,1,SB
SB,Without mucin,A. muciniphila,G1P5,P5,20,DSM22959,"A. muciniphila
(DSM22959)",G1,20,1,0.758,1,SB
SB,Without mucin,A. muciniphila,G1P5,P5,21,DSM22959,"A. muciniphila
(DSM22959)",G1,21,1,0.851,1,SB
SB,Without mucin,A. muciniphila,G1P5,P5,22,DSM22959,"A. muciniphila
(DSM22959)",G1,22,1,0.9229999999999999,1,SB
SB,Without mucin,A. muciniphila,G1P5,P5,23,DSM22959,"A. muciniphila
(DSM22959)",G1,23,1,0.9969999999999999,1,SB
SB,Without mucin,A. muciniphila,G1P5,P5,24,DSM22959,"A. muciniphila
(DSM22959)",G1,24,1,1.066,1,SB
SB,Without mucin,A. muciniphila,G1P5,P5,25,DSM22959,"A. muciniphila
(DSM22959)",G1,25,1,1.1219999999999999,1,SB
SB,Without mucin,A. muciniphila,G1P5,P5,26,DSM22959,"A. muciniphila
(DSM22959)",G1,26,1,1.165,1,SB
SB,Without mucin,A. muciniphila,G1P5,P5,27,DSM22959,"A. muciniphila
(DSM22959)",G1,27,1,1.195,1,SB
SB,Without mucin,A. muciniphila,G1P5,P5,28,DSM22959,"A. muciniphila
(DSM22959)",G1,28,1,1.221,1,SB
SB,Without mucin,A. muciniphila,G1P5,P5,29,DSM22959,"A. muciniphila
(DSM22959)",G1,29,1,1.231,1,SB
SB,Without mucin,A. muciniphila,G1P5,P5,30,DSM22959,"A. muciniphila
(DSM22959)",G1,30,1,1.238,1,SB
SB,Without mucin,A. muciniphila,G2P5,P5,0.5,DSM22959,"A. muciniphila
(DSM22959)",G2,0.5,1,0,2,SB
SB,Without mucin,A. muciniphila,G2P5,P5,1,DSM22959,"A. muciniphila
(DSM22959)",G2,1,1,0.0010000000000000096,2,SB
SB,Without mucin,A. muciniphila,G2P5,P5,2,DSM22959,"A. muciniphila
(DSM22959)",G2,2,1,0.00900000000000002,2,SB
SB,Without mucin,A. muciniphila,G2P5,P5,3,DSM22959,"A. muciniphila
(DSM22959)",G2,3,1,0.014,2,SB
SB,Without mucin,A. muciniphila,G2P5,P5,4,DSM22959,"A. muciniphila
(DSM22959)",G2,4,1,0.02100000000000001,2,SB
SB,Without mucin,A. muciniphila,G2P5,P5,5,DSM22959,"A. muciniphila
(DSM22959)",G2,5,1,0.02100000000000001,2,SB
SB,Without mucin,A. muciniphila,G2P5,P5,6,DSM22959,"A. muciniphila
(DSM22959)",G2,6,1,0.023000000000000007,2,SB
SB,Without mucin,A. muciniphila,G2P5,P5,7,DSM22959,"A. muciniphila
(DSM22959)",G2,7,1,0.023000000000000007,2,SB
SB,Without mucin,A. muciniphila,G2P5,P5,8,DSM22959,"A. muciniphila
(DSM22959)",G2,8,1,0.024000000000000007,2,SB
SB,Without mucin,A. muciniphila,G2P5,P5,9,DSM22959,"A. muciniphila
(DSM22959)",G2,9,1,0.025,2,SB
SB,Without mucin,A. muciniphila,G2P5,P5,10,DSM22959,"A. muciniphila
(DSM22959)",G2,10,1,0.02700000000000001,2,SB
SB,Without mucin,A. muciniphila,G2P5,P5,11,DSM22959,"A. muciniphila
(DSM22959)",G2,11,1,0.047,2,SB
SB,Without mucin,A. muciniphila,G2P5,P5,12,DSM22959,"A. muciniphila
(DSM22959)",G2,12,1,0.07700000000000004,2,SB
SB,Without mucin,A. muciniphila,G2P5,P5,13,DSM22959,"A. muciniphila
(DSM22959)",G2,13,1,0.12200000000000001,2,SB
SB,Without mucin,A. muciniphila,G2P5,P5,14,DSM22959,"A. muciniphila
(DSM22959)",G2,14,1,0.188,2,SB
SB,Without mucin,A. muciniphila,G2P5,P5,15,DSM22959,"A. muciniphila
(DSM22959)",G2,15,1,0.27499999999999997,2,SB
SB,Without mucin,A. muciniphila,G2P5,P5,16,DSM22959,"A. muciniphila
(DSM22959)",G2,16,1,0.381,2,SB
SB,Without mucin,A. muciniphila,G2P5,P5,17,DSM22959,"A. muciniphila
(DSM22959)",G2,17,1,0.4969999999999999,2,SB
SB,Without mucin,A. muciniphila,G2P5,P5,18,DSM22959,"A. muciniphila
(DSM22959)",G2,18,1,0.595,2,SB
SB,Without mucin,A. muciniphila,G2P5,P5,19,DSM22959,"A. muciniphila
(DSM22959)",G2,19,1,0.685,2,SB
SB,Without mucin,A. muciniphila,G2P5,P5,20,DSM22959,"A. muciniphila
(DSM22959)",G2,20,1,0.764,2,SB
SB,Without mucin,A. muciniphila,G2P5,P5,21,DSM22959,"A. muciniphila
(DSM22959)",G2,21,1,0.844,2,SB
SB,Without mucin,A. muciniphila,G2P5,P5,22,DSM22959,"A. muciniphila
(DSM22959)",G2,22,1,0.907,2,SB
SB,Without mucin,A. muciniphila,G2P5,P5,23,DSM22959,"A. muciniphila
(DSM22959)",G2,23,1,0.977,2,SB
SB,Without mucin,A. muciniphila,G2P5,P5,24,DSM22959,"A. muciniphila
(DSM22959)",G2,24,1,1.044,2,SB
SB,Without mucin,A. muciniphila,G2P5,P5,25,DSM22959,"A. muciniphila
(DSM22959)",G2,25,1,1.102,2,SB
SB,Without mucin,A. muciniphila,G2P5,P5,26,DSM22959,"A. muciniphila
(DSM22959)",G2,26,1,1.148,2,SB
SB,Without mucin,A. muciniphila,G2P5,P5,27,DSM22959,"A. muciniphila
(DSM22959)",G2,27,1,1.18,2,SB
SB,Without mucin,A. muciniphila,G2P5,P5,28,DSM22959,"A. muciniphila
(DSM22959)",G2,28,1,1.205,2,SB
SB,Without mucin,A. muciniphila,G2P5,P5,29,DSM22959,"A. muciniphila
(DSM22959)",G2,29,1,1.214,2,SB
SB,Without mucin,A. muciniphila,G2P5,P5,30,DSM22959,"A. muciniphila
(DSM22959)",G2,30,1,1.216,2,SB
WCA,With mucin,A. muciniphila,G8P4,P4,0.5,DSM22959,"A. muciniphila
(DSM22959)",G8,0.5,1,0,2,WCA
WCA,With mucin,A. muciniphila,G8P4,P4,1,DSM22959,"A. muciniphila
(DSM22959)",G8,1,1,0,2,WCA
WCA,With mucin,A. muciniphila,G8P4,P4,2,DSM22959,"A. muciniphila
(DSM22959)",G8,2,1,0,2,WCA
WCA,With mucin,A. muciniphila,G8P4,P4,3,DSM22959,"A. muciniphila
(DSM22959)",G8,3,1,0.013,2,WCA
WCA,With mucin,A. muciniphila,G8P4,P4,4,DSM22959,"A. muciniphila
(DSM22959)",G8,4,1,0.02699999999999999,2,WCA
WCA,With mucin,A. muciniphila,G8P4,P4,5,DSM22959,"A. muciniphila
(DSM22959)",G8,5,1,0.038,2,WCA
WCA,With mucin,A. muciniphila,G8P4,P4,6,DSM22959,"A. muciniphila
(DSM22959)",G8,6,1,0.05200000000000001,2,WCA
WCA,With mucin,A. muciniphila,G8P4,P4,7,DSM22959,"A. muciniphila
(DSM22959)",G8,7,1,0.07200000000000002,2,WCA
WCA,With mucin,A. muciniphila,G8P4,P4,8,DSM22959,"A. muciniphila
(DSM22959)",G8,8,1,0.093,2,WCA
WCA,With mucin,A. muciniphila,G8P4,P4,9,DSM22959,"A. muciniphila
(DSM22959)",G8,9,1,0.12100000000000001,2,WCA
WCA,With mucin,A. muciniphila,G8P4,P4,10,DSM22959,"A. muciniphila
(DSM22959)",G8,10,1,0.174,2,WCA
WCA,With mucin,A. muciniphila,G8P4,P4,11,DSM22959,"A. muciniphila
(DSM22959)",G8,11,1,0.249,2,WCA
WCA,With mucin,A. muciniphila,G8P4,P4,12,DSM22959,"A. muciniphila
(DSM22959)",G8,12,1,0.328,2,WCA
WCA,With mucin,A. muciniphila,G8P4,P4,13,DSM22959,"A. muciniphila
(DSM22959)",G8,13,1,0.40399999999999997,2,WCA
WCA,With mucin,A. muciniphila,G8P4,P4,14,DSM22959,"A. muciniphila
(DSM22959)",G8,14,1,0.4720000000000001,2,WCA
WCA,With mucin,A. muciniphila,G8P4,P4,15,DSM22959,"A. muciniphila
(DSM22959)",G8,15,1,0.528,2,WCA
WCA,With mucin,A. muciniphila,G8P4,P4,16,DSM22959,"A. muciniphila
(DSM22959)",G8,16,1,0.579,2,WCA
WCA,With mucin,A. muciniphila,G8P4,P4,17,DSM22959,"A. muciniphila
(DSM22959)",G8,17,1,0.617,2,WCA
WCA,With mucin,A. muciniphila,G8P4,P4,18,DSM22959,"A. muciniphila
(DSM22959)",G8,18,1,0.653,2,WCA
WCA,With mucin,A. muciniphila,G8P4,P4,19,DSM22959,"A. muciniphila
(DSM22959)",G8,19,1,0.6779999999999999,2,WCA
WCA,With mucin,A. muciniphila,G8P4,P4,20,DSM22959,"A. muciniphila
(DSM22959)",G8,20,1,0.6970000000000001,2,WCA
WCA,With mucin,A. muciniphila,G8P4,P4,21,DSM22959,"A. muciniphila
(DSM22959)",G8,21,1,0.7170000000000001,2,WCA
WCA,With mucin,A. muciniphila,G8P4,P4,22,DSM22959,"A. muciniphila
(DSM22959)",G8,22,1,0.7190000000000001,2,WCA
WCA,With mucin,A. muciniphila,G8P4,P4,23,DSM22959,"A. muciniphila
(DSM22959)",G8,23,1,0.736,2,WCA
WCA,With mucin,A. muciniphila,G8P4,P4,24,DSM22959,"A. muciniphila
(DSM22959)",G8,24,1,0.74,2,WCA
WCA,With mucin,A. muciniphila,G8P4,P4,25,DSM22959,"A. muciniphila
(DSM22959)",G8,25,1,0.736,2,WCA
WCA,With mucin,A. muciniphila,G8P4,P4,26,DSM22959,"A. muciniphila
(DSM22959)",G8,26,1,0.732,2,WCA
WCA,With mucin,A. muciniphila,G8P4,P4,27,DSM22959,"A. muciniphila
(DSM22959)",G8,27,1,0.73,2,WCA
WCA,With mucin,A. muciniphila,G8P4,P4,28,DSM22959,"A. muciniphila
(DSM22959)",G8,28,1,0.7429999999999999,2,WCA
WCA,With mucin,A. muciniphila,G8P4,P4,29,DSM22959,"A. muciniphila
(DSM22959)",G8,29,1,0.7190000000000001,2,WCA
WCA,With mucin,A. muciniphila,G8P4,P4,30,DSM22959,"A. muciniphila
(DSM22959)",G8,30,1,0.681,2,WCA
WCA,With mucin,A. muciniphila,G9P4,P4,0.5,DSM22959,"A. muciniphila
(DSM22959)",G9,0.5,1,0,3,WCA
WCA,With mucin,A. muciniphila,G9P4,P4,1,DSM22959,"A. muciniphila
(DSM22959)",G9,1,1,0,3,WCA
WCA,With mucin,A. muciniphila,G9P4,P4,2,DSM22959,"A. muciniphila
(DSM22959)",G9,2,1,0,3,WCA
WCA,With mucin,A. muciniphila,G9P4,P4,3,DSM22959,"A. muciniphila
(DSM22959)",G9,3,1,0.011999999999999999,3,WCA
WCA,With mucin,A. muciniphila,G9P4,P4,4,DSM22959,"A. muciniphila
(DSM22959)",G9,4,1,0.02599999999999999,3,WCA
WCA,With mucin,A. muciniphila,G9P4,P4,5,DSM22959,"A. muciniphila
(DSM22959)",G9,5,1,0.038999999999999986,3,WCA
WCA,With mucin,A. muciniphila,G9P4,P4,6,DSM22959,"A. muciniphila
(DSM22959)",G9,6,1,0.05400000000000001,3,WCA
WCA,With mucin,A. muciniphila,G9P4,P4,7,DSM22959,"A. muciniphila
(DSM22959)",G9,7,1,0.07599999999999998,3,WCA
WCA,With mucin,A. muciniphila,G9P4,P4,8,DSM22959,"A. muciniphila
(DSM22959)",G9,8,1,0.1,3,WCA
WCA,With mucin,A. muciniphila,G9P4,P4,9,DSM22959,"A. muciniphila
(DSM22959)",G9,9,1,0.13099999999999998,3,WCA
WCA,With mucin,A. muciniphila,G9P4,P4,10,DSM22959,"A. muciniphila
(DSM22959)",G9,10,1,0.185,3,WCA
WCA,With mucin,A. muciniphila,G9P4,P4,11,DSM22959,"A. muciniphila
(DSM22959)",G9,11,1,0.262,3,WCA
WCA,With mucin,A. muciniphila,G9P4,P4,12,DSM22959,"A. muciniphila
(DSM22959)",G9,12,1,0.33699999999999997,3,WCA
WCA,With mucin,A. muciniphila,G9P4,P4,13,DSM22959,"A. muciniphila
(DSM22959)",G9,13,1,0.41,3,WCA
WCA,With mucin,A. muciniphila,G9P4,P4,14,DSM22959,"A. muciniphila
(DSM22959)",G9,14,1,0.478,3,WCA
WCA,With mucin,A. muciniphila,G9P4,P4,15,DSM22959,"A. muciniphila
(DSM22959)",G9,15,1,0.524,3,WCA
WCA,With mucin,A. muciniphila,G9P4,P4,16,DSM22959,"A. muciniphila
(DSM22959)",G9,16,1,0.573,3,WCA
WCA,With mucin,A. muciniphila,G9P4,P4,17,DSM22959,"A. muciniphila
(DSM22959)",G9,17,1,0.609,3,WCA
WCA,With mucin,A. muciniphila,G9P4,P4,18,DSM22959,"A. muciniphila
(DSM22959)",G9,18,1,0.639,3,WCA
WCA,With mucin,A. muciniphila,G9P4,P4,19,DSM22959,"A. muciniphila
(DSM22959)",G9,19,1,0.662,3,WCA
WCA,With mucin,A. muciniphila,G9P4,P4,20,DSM22959,"A. muciniphila
(DSM22959)",G9,20,1,0.6779999999999999,3,WCA
WCA,With mucin,A. muciniphila,G9P4,P4,21,DSM22959,"A. muciniphila
(DSM22959)",G9,21,1,0.694,3,WCA
WCA,With mucin,A. muciniphila,G9P4,P4,22,DSM22959,"A. muciniphila
(DSM22959)",G9,22,1,0.7,3,WCA
WCA,With mucin,A. muciniphila,G9P4,P4,23,DSM22959,"A. muciniphila
(DSM22959)",G9,23,1,0.7070000000000002,3,WCA
WCA,With mucin,A. muciniphila,G9P4,P4,24,DSM22959,"A. muciniphila
(DSM22959)",G9,24,1,0.7150000000000001,3,WCA
WCA,With mucin,A. muciniphila,G9P4,P4,25,DSM22959,"A. muciniphila
(DSM22959)",G9,25,1,0.7130000000000001,3,WCA
WCA,With mucin,A. muciniphila,G9P4,P4,26,DSM22959,"A. muciniphila
(DSM22959)",G9,26,1,0.702,3,WCA
WCA,With mucin,A. muciniphila,G9P4,P4,27,DSM22959,"A. muciniphila
(DSM22959)",G9,27,1,0.712,3,WCA
WCA,With mucin,A. muciniphila,G9P4,P4,28,DSM22959,"A. muciniphila
(DSM22959)",G9,28,1,0.696,3,WCA
WCA,With mucin,A. muciniphila,G9P4,P4,29,DSM22959,"A. muciniphila
(DSM22959)",G9,29,1,0.6839999999999999,3,WCA
WCA,With mucin,A. muciniphila,G9P4,P4,30,DSM22959,"A. muciniphila
(DSM22959)",G9,30,1,0.6499999999999999,3,WCA
WCA,With mucin,A. muciniphila,G8P3,P3,0.5,DSM22959,"A. muciniphila
(DSM22959)",G8,0.5,1,0,2,WCA
WCA,With mucin,A. muciniphila,G8P3,P3,1,DSM22959,"A. muciniphila
(DSM22959)",G8,1,1,0,2,WCA
WCA,With mucin,A. muciniphila,G8P3,P3,2,DSM22959,"A. muciniphila
(DSM22959)",G8,2,1,0.011000000000000001,2,WCA
WCA,With mucin,A. muciniphila,G8P3,P3,3,DSM22959,"A. muciniphila
(DSM22959)",G8,3,1,0.021999999999999978,2,WCA
WCA,With mucin,A. muciniphila,G8P3,P3,4,DSM22959,"A. muciniphila
(DSM22959)",G8,4,1,0.036,2,WCA
WCA,With mucin,A. muciniphila,G8P3,P3,5,DSM22959,"A. muciniphila
(DSM22959)",G8,5,1,0.05200000000000001,2,WCA
WCA,With mucin,A. muciniphila,G8P3,P3,6,DSM22959,"A. muciniphila
(DSM22959)",G8,6,1,0.07599999999999998,2,WCA
WCA,With mucin,A. muciniphila,G8P3,P3,7,DSM22959,"A. muciniphila
(DSM22959)",G8,7,1,0.094,2,WCA
WCA,With mucin,A. muciniphila,G8P3,P3,8,DSM22959,"A. muciniphila
(DSM22959)",G8,8,1,0.12300000000000001,2,WCA
WCA,With mucin,A. muciniphila,G8P3,P3,9,DSM22959,"A. muciniphila
(DSM22959)",G8,9,1,0.15,2,WCA
WCA,With mucin,A. muciniphila,G8P3,P3,10,DSM22959,"A. muciniphila
(DSM22959)",G8,10,1,0.18,2,WCA
WCA,With mucin,A. muciniphila,G8P3,P3,11,DSM22959,"A. muciniphila
(DSM22959)",G8,11,1,0.217,2,WCA
WCA,With mucin,A. muciniphila,G8P3,P3,12,DSM22959,"A. muciniphila
(DSM22959)",G8,12,1,0.289,2,WCA
WCA,With mucin,A. muciniphila,G8P3,P3,13,DSM22959,"A. muciniphila
(DSM22959)",G8,13,1,0.3460000000000001,2,WCA
WCA,With mucin,A. muciniphila,G8P3,P3,14,DSM22959,"A. muciniphila
(DSM22959)",G8,14,1,0.381,2,WCA
WCA,With mucin,A. muciniphila,G8P3,P3,15,DSM22959,"A. muciniphila
(DSM22959)",G8,15,1,0.433,2,WCA
WCA,With mucin,A. muciniphila,G8P3,P3,16,DSM22959,"A. muciniphila
(DSM22959)",G8,16,1,0.475,2,WCA
WCA,With mucin,A. muciniphila,G8P3,P3,17,DSM22959,"A. muciniphila
(DSM22959)",G8,17,1,0.518,2,WCA
WCA,With mucin,A. muciniphila,G8P3,P3,18,DSM22959,"A. muciniphila
(DSM22959)",G8,18,1,0.5700000000000001,2,WCA
WCA,With mucin,A. muciniphila,G8P3,P3,19,DSM22959,"A. muciniphila
(DSM22959)",G8,19,1,0.615,2,WCA
WCA,With mucin,A. muciniphila,G8P3,P3,20,DSM22959,"A. muciniphila
(DSM22959)",G8,20,1,0.647,2,WCA
WCA,With mucin,A. muciniphila,G8P3,P3,21,DSM22959,"A. muciniphila
(DSM22959)",G8,21,1,0.677,2,WCA
WCA,With mucin,A. muciniphila,G8P3,P3,22,DSM22959,"A. muciniphila
(DSM22959)",G8,22,1,0.698,2,WCA
WCA,With mucin,A. muciniphila,G8P3,P3,23,DSM22959,"A. muciniphila
(DSM22959)",G8,23,1,0.704,2,WCA
WCA,With mucin,A. muciniphila,G8P3,P3,24,DSM22959,"A. muciniphila
(DSM22959)",G8,24,1,0.718,2,WCA
WCA,With mucin,A. muciniphila,G8P3,P3,25,DSM22959,"A. muciniphila
(DSM22959)",G8,25,1,0.7170000000000001,2,WCA
WCA,With mucin,A. muciniphila,G8P3,P3,26,DSM22959,"A. muciniphila
(DSM22959)",G8,26,1,0.7190000000000001,2,WCA
WCA,With mucin,A. muciniphila,G8P3,P3,27,DSM22959,"A. muciniphila
(DSM22959)",G8,27,1,0.71,2,WCA
WCA,With mucin,A. muciniphila,G8P3,P3,28,DSM22959,"A. muciniphila
(DSM22959)",G8,28,1,0.696,2,WCA
WCA,With mucin,A. muciniphila,G8P3,P3,29,DSM22959,"A. muciniphila
(DSM22959)",G8,29,1,0.6739999999999999,2,WCA
WCA,With mucin,A. muciniphila,G8P3,P3,30,DSM22959,"A. muciniphila
(DSM22959)",G8,30,1,0.6519999999999999,2,WCA
WCA,Without mucin,A. muciniphila,G3P4,P4,0.5,DSM22959,"A. muciniphila
(DSM22959)",G3,0.5,1,0,3,WCA
WCA,Without mucin,A. muciniphila,G3P4,P4,1,DSM22959,"A. muciniphila
(DSM22959)",G3,1,1,0,3,WCA
WCA,Without mucin,A. muciniphila,G3P4,P4,2,DSM22959,"A. muciniphila
(DSM22959)",G3,2,1,0,3,WCA
WCA,Without mucin,A. muciniphila,G3P4,P4,3,DSM22959,"A. muciniphila
(DSM22959)",G3,3,1,0,3,WCA
WCA,Without mucin,A. muciniphila,G3P4,P4,4,DSM22959,"A. muciniphila
(DSM22959)",G3,4,1,0,3,WCA
WCA,Without mucin,A. muciniphila,G3P4,P4,5,DSM22959,"A. muciniphila
(DSM22959)",G3,5,1,0,3,WCA
WCA,Without mucin,A. muciniphila,G3P4,P4,6,DSM22959,"A. muciniphila
(DSM22959)",G3,6,1,0,3,WCA
WCA,Without mucin,A. muciniphila,G3P4,P4,7,DSM22959,"A. muciniphila
(DSM22959)",G3,7,1,0,3,WCA
WCA,Without mucin,A. muciniphila,G3P4,P4,8,DSM22959,"A. muciniphila
(DSM22959)",G3,8,1,0,3,WCA
WCA,Without mucin,A. muciniphila,G3P4,P4,9,DSM22959,"A. muciniphila
(DSM22959)",G3,9,1,0,3,WCA
WCA,Without mucin,A. muciniphila,G3P4,P4,10,DSM22959,"A. muciniphila
(DSM22959)",G3,10,1,0.00599999999999999,3,WCA
WCA,Without mucin,A. muciniphila,G3P4,P4,11,DSM22959,"A. muciniphila
(DSM22959)",G3,11,1,0.023000000000000007,3,WCA
WCA,Without mucin,A. muciniphila,G3P4,P4,12,DSM22959,"A. muciniphila
(DSM22959)",G3,12,1,0.05300000000000001,3,WCA
WCA,Without mucin,A. muciniphila,G3P4,P4,13,DSM22959,"A. muciniphila
(DSM22959)",G3,13,1,0.10500000000000001,3,WCA
WCA,Without mucin,A. muciniphila,G3P4,P4,14,DSM22959,"A. muciniphila
(DSM22959)",G3,14,1,0.154,3,WCA
WCA,Without mucin,A. muciniphila,G3P4,P4,15,DSM22959,"A. muciniphila
(DSM22959)",G3,15,1,0.20299999999999999,3,WCA
WCA,Without mucin,A. muciniphila,G3P4,P4,16,DSM22959,"A. muciniphila
(DSM22959)",G3,16,1,0.252,3,WCA
WCA,Without mucin,A. muciniphila,G3P4,P4,17,DSM22959,"A. muciniphila
(DSM22959)",G3,17,1,0.307,3,WCA
WCA,Without mucin,A. muciniphila,G3P4,P4,18,DSM22959,"A. muciniphila
(DSM22959)",G3,18,1,0.369,3,WCA
WCA,Without mucin,A. muciniphila,G3P4,P4,19,DSM22959,"A. muciniphila
(DSM22959)",G3,19,1,0.436,3,WCA
WCA,Without mucin,A. muciniphila,G3P4,P4,20,DSM22959,"A. muciniphila
(DSM22959)",G3,20,1,0.502,3,WCA
WCA,Without mucin,A. muciniphila,G3P4,P4,21,DSM22959,"A. muciniphila
(DSM22959)",G3,21,1,0.566,3,WCA
WCA,Without mucin,A. muciniphila,G3P4,P4,22,DSM22959,"A. muciniphila
(DSM22959)",G3,22,1,0.621,3,WCA
WCA,Without mucin,A. muciniphila,G3P4,P4,23,DSM22959,"A. muciniphila
(DSM22959)",G3,23,1,0.673,3,WCA
WCA,Without mucin,A. muciniphila,G3P4,P4,24,DSM22959,"A. muciniphila
(DSM22959)",G3,24,1,0.711,3,WCA
WCA,Without mucin,A. muciniphila,G3P4,P4,25,DSM22959,"A. muciniphila
(DSM22959)",G3,25,1,0.741,3,WCA
WCA,Without mucin,A. muciniphila,G3P4,P4,26,DSM22959,"A. muciniphila
(DSM22959)",G3,26,1,0.759,3,WCA
WCA,Without mucin,A. muciniphila,G3P4,P4,27,DSM22959,"A. muciniphila
(DSM22959)",G3,27,1,0.762,3,WCA
WCA,Without mucin,A. muciniphila,G3P4,P4,28,DSM22959,"A. muciniphila
(DSM22959)",G3,28,1,0.76,3,WCA
WCA,Without mucin,A. muciniphila,G3P4,P4,29,DSM22959,"A. muciniphila
(DSM22959)",G3,29,1,0.746,3,WCA
WCA,Without mucin,A. muciniphila,G3P4,P4,30,DSM22959,"A. muciniphila
(DSM22959)",G3,30,1,0.735,3,WCA
WCA,Without mucin,A. muciniphila,G2P3,P3,0.5,DSM22959,"A. muciniphila
(DSM22959)",G2,0.5,1,0,2,WCA
WCA,Without mucin,A. muciniphila,G2P3,P3,1,DSM22959,"A. muciniphila
(DSM22959)",G2,1,1,0,2,WCA
WCA,Without mucin,A. muciniphila,G2P3,P3,2,DSM22959,"A. muciniphila
(DSM22959)",G2,2,1,0,2,WCA
WCA,Without mucin,A. muciniphila,G2P3,P3,3,DSM22959,"A. muciniphila
(DSM22959)",G2,3,1,0,2,WCA
WCA,Without mucin,A. muciniphila,G2P3,P3,4,DSM22959,"A. muciniphila
(DSM22959)",G2,4,1,0,2,WCA
WCA,Without mucin,A. muciniphila,G2P3,P3,5,DSM22959,"A. muciniphila
(DSM22959)",G2,5,1,0,2,WCA
WCA,Without mucin,A. muciniphila,G2P3,P3,6,DSM22959,"A. muciniphila
(DSM22959)",G2,6,1,0,2,WCA
WCA,Without mucin,A. muciniphila,G2P3,P3,7,DSM22959,"A. muciniphila
(DSM22959)",G2,7,1,0,2,WCA
WCA,Without mucin,A. muciniphila,G2P3,P3,8,DSM22959,"A. muciniphila
(DSM22959)",G2,8,1,0,2,WCA
WCA,Without mucin,A. muciniphila,G2P3,P3,9,DSM22959,"A. muciniphila
(DSM22959)",G2,9,1,0,2,WCA
WCA,Without mucin,A. muciniphila,G2P3,P3,10,DSM22959,"A. muciniphila
(DSM22959)",G2,10,1,0.007000000000000001,2,WCA
WCA,Without mucin,A. muciniphila,G2P3,P3,11,DSM22959,"A. muciniphila
(DSM22959)",G2,11,1,0.02699999999999999,2,WCA
WCA,Without mucin,A. muciniphila,G2P3,P3,12,DSM22959,"A. muciniphila
(DSM22959)",G2,12,1,0.06699999999999999,2,WCA
WCA,Without mucin,A. muciniphila,G2P3,P3,13,DSM22959,"A. muciniphila
(DSM22959)",G2,13,1,0.11900000000000001,2,WCA
WCA,Without mucin,A. muciniphila,G2P3,P3,14,DSM22959,"A. muciniphila
(DSM22959)",G2,14,1,0.17099999999999999,2,WCA
WCA,Without mucin,A. muciniphila,G2P3,P3,15,DSM22959,"A. muciniphila
(DSM22959)",G2,15,1,0.22499999999999998,2,WCA
WCA,Without mucin,A. muciniphila,G2P3,P3,16,DSM22959,"A. muciniphila
(DSM22959)",G2,16,1,0.27699999999999997,2,WCA
WCA,Without mucin,A. muciniphila,G2P3,P3,17,DSM22959,"A. muciniphila
(DSM22959)",G2,17,1,0.34199999999999997,2,WCA
WCA,Without mucin,A. muciniphila,G2P3,P3,18,DSM22959,"A. muciniphila
(DSM22959)",G2,18,1,0.4100000000000001,2,WCA
WCA,Without mucin,A. muciniphila,G2P3,P3,19,DSM22959,"A. muciniphila
(DSM22959)",G2,19,1,0.476,2,WCA
WCA,Without mucin,A. muciniphila,G2P3,P3,20,DSM22959,"A. muciniphila
(DSM22959)",G2,20,1,0.5469999999999999,2,WCA
WCA,Without mucin,A. muciniphila,G2P3,P3,21,DSM22959,"A. muciniphila
(DSM22959)",G2,21,1,0.61,2,WCA
WCA,Without mucin,A. muciniphila,G2P3,P3,22,DSM22959,"A. muciniphila
(DSM22959)",G2,22,1,0.6679999999999999,2,WCA
WCA,Without mucin,A. muciniphila,G2P3,P3,23,DSM22959,"A. muciniphila
(DSM22959)",G2,23,1,0.717,2,WCA
WCA,Without mucin,A. muciniphila,G2P3,P3,24,DSM22959,"A. muciniphila
(DSM22959)",G2,24,1,0.753,2,WCA
WCA,Without mucin,A. muciniphila,G2P3,P3,25,DSM22959,"A. muciniphila
(DSM22959)",G2,25,1,0.779,2,WCA
WCA,Without mucin,A. muciniphila,G2P3,P3,26,DSM22959,"A. muciniphila
(DSM22959)",G2,26,1,0.7919999999999998,2,WCA
WCA,Without mucin,A. muciniphila,G2P3,P3,27,DSM22959,"A. muciniphila
(DSM22959)",G2,27,1,0.7969999999999998,2,WCA
WCA,Without mucin,A. muciniphila,G2P3,P3,28,DSM22959,"A. muciniphila
(DSM22959)",G2,28,1,0.7919999999999998,2,WCA
WCA,Without mucin,A. muciniphila,G2P3,P3,29,DSM22959,"A. muciniphila
(DSM22959)",G2,29,1,0.779,2,WCA
WCA,Without mucin,A. muciniphila,G2P3,P3,30,DSM22959,"A. muciniphila
(DSM22959)",G2,30,1,0.772,2,WCA
WCA,Without mucin,A. muciniphila,G3P3,P3,0.5,DSM22959,"A. muciniphila
(DSM22959)",G3,0.5,1,0,3,WCA
WCA,Without mucin,A. muciniphila,G3P3,P3,1,DSM22959,"A. muciniphila
(DSM22959)",G3,1,1,0,3,WCA
WCA,Without mucin,A. muciniphila,G3P3,P3,2,DSM22959,"A. muciniphila
(DSM22959)",G3,2,1,0,3,WCA
WCA,Without mucin,A. muciniphila,G3P3,P3,3,DSM22959,"A. muciniphila
(DSM22959)",G3,3,1,0,3,WCA
WCA,Without mucin,A. muciniphila,G3P3,P3,4,DSM22959,"A. muciniphila
(DSM22959)",G3,4,1,0,3,WCA
WCA,Without mucin,A. muciniphila,G3P3,P3,5,DSM22959,"A. muciniphila
(DSM22959)",G3,5,1,0,3,WCA
WCA,Without mucin,A. muciniphila,G3P3,P3,6,DSM22959,"A. muciniphila
(DSM22959)",G3,6,1,0,3,WCA
WCA,Without mucin,A. muciniphila,G3P3,P3,7,DSM22959,"A. muciniphila
(DSM22959)",G3,7,1,0,3,WCA
WCA,Without mucin,A. muciniphila,G3P3,P3,8,DSM22959,"A. muciniphila
(DSM22959)",G3,8,1,0,3,WCA
WCA,Without mucin,A. muciniphila,G3P3,P3,9,DSM22959,"A. muciniphila
(DSM22959)",G3,9,1,0,3,WCA
WCA,Without mucin,A. muciniphila,G3P3,P3,10,DSM22959,"A. muciniphila
(DSM22959)",G3,10,1,0.0019999999999999896,3,WCA
WCA,Without mucin,A. muciniphila,G3P3,P3,11,DSM22959,"A. muciniphila
(DSM22959)",G3,11,1,0.025,3,WCA
WCA,Without mucin,A. muciniphila,G3P3,P3,12,DSM22959,"A. muciniphila
(DSM22959)",G3,12,1,0.060000000000000005,3,WCA
WCA,Without mucin,A. muciniphila,G3P3,P3,13,DSM22959,"A. muciniphila
(DSM22959)",G3,13,1,0.10700000000000001,3,WCA
WCA,Without mucin,A. muciniphila,G3P3,P3,14,DSM22959,"A. muciniphila
(DSM22959)",G3,14,1,0.152,3,WCA
WCA,Without mucin,A. muciniphila,G3P3,P3,15,DSM22959,"A. muciniphila
(DSM22959)",G3,15,1,0.20199999999999999,3,WCA
WCA,Without mucin,A. muciniphila,G3P3,P3,16,DSM22959,"A. muciniphila
(DSM22959)",G3,16,1,0.255,3,WCA
WCA,Without mucin,A. muciniphila,G3P3,P3,17,DSM22959,"A. muciniphila
(DSM22959)",G3,17,1,0.317,3,WCA
WCA,Without mucin,A. muciniphila,G3P3,P3,18,DSM22959,"A. muciniphila
(DSM22959)",G3,18,1,0.384,3,WCA
WCA,Without mucin,A. muciniphila,G3P3,P3,19,DSM22959,"A. muciniphila
(DSM22959)",G3,19,1,0.454,3,WCA
WCA,Without mucin,A. muciniphila,G3P3,P3,20,DSM22959,"A. muciniphila
(DSM22959)",G3,20,1,0.523,3,WCA
WCA,Without mucin,A. muciniphila,G3P3,P3,21,DSM22959,"A. muciniphila
(DSM22959)",G3,21,1,0.594,3,WCA
WCA,Without mucin,A. muciniphila,G3P3,P3,22,DSM22959,"A. muciniphila
(DSM22959)",G3,22,1,0.65,3,WCA
WCA,Without mucin,A. muciniphila,G3P3,P3,23,DSM22959,"A. muciniphila
(DSM22959)",G3,23,1,0.703,3,WCA
WCA,Without mucin,A. muciniphila,G3P3,P3,24,DSM22959,"A. muciniphila
(DSM22959)",G3,24,1,0.746,3,WCA
WCA,Without mucin,A. muciniphila,G3P3,P3,25,DSM22959,"A. muciniphila
(DSM22959)",G3,25,1,0.773,3,WCA
WCA,Without mucin,A. muciniphila,G3P3,P3,26,DSM22959,"A. muciniphila
(DSM22959)",G3,26,1,0.792,3,WCA
WCA,Without mucin,A. muciniphila,G3P3,P3,27,DSM22959,"A. muciniphila
(DSM22959)",G3,27,1,0.7999999999999999,3,WCA
WCA,Without mucin,A. muciniphila,G3P3,P3,28,DSM22959,"A. muciniphila
(DSM22959)",G3,28,1,0.7969999999999998,3,WCA
WCA,Without mucin,A. muciniphila,G3P3,P3,29,DSM22959,"A. muciniphila
(DSM22959)",G3,29,1,0.785,3,WCA
WCA,Without mucin,A. muciniphila,G3P3,P3,30,DSM22959,"A. muciniphila
(DSM22959)",G3,30,1,0.778,3,WCA
mGAM,With mucin,A. muciniphila,G7P1,P1,0.5,DSM22959,"A. muciniphila
(DSM22959)",G7,0.5,1,0,1,mGAM
mGAM,With mucin,A. muciniphila,G7P1,P1,1,DSM22959,"A. muciniphila
(DSM22959)",G7,1,1,0,1,mGAM
mGAM,With mucin,A. muciniphila,G7P1,P1,2,DSM22959,"A. muciniphila
(DSM22959)",G7,2,1,0.01199999999999997,1,mGAM
mGAM,With mucin,A. muciniphila,G7P1,P1,3,DSM22959,"A. muciniphila
(DSM22959)",G7,3,1,0.038,1,mGAM
mGAM,With mucin,A. muciniphila,G7P1,P1,4,DSM22959,"A. muciniphila
(DSM22959)",G7,4,1,0.05800000000000002,1,mGAM
mGAM,With mucin,A. muciniphila,G7P1,P1,5,DSM22959,"A. muciniphila
(DSM22959)",G7,5,1,0.08399999999999999,1,mGAM
mGAM,With mucin,A. muciniphila,G7P1,P1,6,DSM22959,"A. muciniphila
(DSM22959)",G7,6,1,0.10500000000000001,1,mGAM
mGAM,With mucin,A. muciniphila,G7P1,P1,7,DSM22959,"A. muciniphila
(DSM22959)",G7,7,1,0.127,1,mGAM
mGAM,With mucin,A. muciniphila,G7P1,P1,8,DSM22959,"A. muciniphila
(DSM22959)",G7,8,1,0.13799999999999998,1,mGAM
mGAM,With mucin,A. muciniphila,G7P1,P1,9,DSM22959,"A. muciniphila
(DSM22959)",G7,9,1,0.155,1,mGAM
mGAM,With mucin,A. muciniphila,G7P1,P1,10,DSM22959,"A. muciniphila
(DSM22959)",G7,10,1,0.182,1,mGAM
mGAM,With mucin,A. muciniphila,G7P1,P1,11,DSM22959,"A. muciniphila
(DSM22959)",G7,11,1,0.20299999999999999,1,mGAM
mGAM,With mucin,A. muciniphila,G7P1,P1,12,DSM22959,"A. muciniphila
(DSM22959)",G7,12,1,0.23299999999999998,1,mGAM
mGAM,With mucin,A. muciniphila,G7P1,P1,13,DSM22959,"A. muciniphila
(DSM22959)",G7,13,1,0.29099999999999987,1,mGAM
mGAM,With mucin,A. muciniphila,G7P1,P1,14,DSM22959,"A. muciniphila
(DSM22959)",G7,14,1,0.353,1,mGAM
mGAM,With mucin,A. muciniphila,G7P1,P1,15,DSM22959,"A. muciniphila
(DSM22959)",G7,15,1,0.432,1,mGAM
mGAM,With mucin,A. muciniphila,G7P1,P1,16,DSM22959,"A. muciniphila
(DSM22959)",G7,16,1,0.491,1,mGAM
mGAM,With mucin,A. muciniphila,G7P1,P1,17,DSM22959,"A. muciniphila
(DSM22959)",G7,17,1,0.524,1,mGAM
mGAM,With mucin,A. muciniphila,G7P1,P1,18,DSM22959,"A. muciniphila
(DSM22959)",G7,18,1,0.535,1,mGAM
mGAM,With mucin,A. muciniphila,G7P1,P1,19,DSM22959,"A. muciniphila
(DSM22959)",G7,19,1,0.528,1,mGAM
mGAM,With mucin,A. muciniphila,G7P1,P1,20,DSM22959,"A. muciniphila
(DSM22959)",G7,20,1,0.518,1,mGAM
mGAM,With mucin,A. muciniphila,G7P1,P1,21,DSM22959,"A. muciniphila
(DSM22959)",G7,21,1,0.522,1,mGAM
mGAM,With mucin,A. muciniphila,G7P1,P1,22,DSM22959,"A. muciniphila
(DSM22959)",G7,22,1,0.522,1,mGAM
mGAM,With mucin,A. muciniphila,G7P1,P1,23,DSM22959,"A. muciniphila
(DSM22959)",G7,23,1,0.524,1,mGAM
mGAM,With mucin,A. muciniphila,G7P1,P1,24,DSM22959,"A. muciniphila
(DSM22959)",G7,24,1,0.518,1,mGAM
mGAM,With mucin,A. muciniphila,G7P1,P1,25,DSM22959,"A. muciniphila
(DSM22959)",G7,25,1,0.521,1,mGAM
mGAM,With mucin,A. muciniphila,G7P1,P1,26,DSM22959,"A. muciniphila
(DSM22959)",G7,26,1,0.524,1,mGAM
mGAM,With mucin,A. muciniphila,G7P1,P1,27,DSM22959,"A. muciniphila
(DSM22959)",G7,27,1,0.513,1,mGAM
mGAM,With mucin,A. muciniphila,G7P1,P1,28,DSM22959,"A. muciniphila
(DSM22959)",G7,28,1,0.506,1,mGAM
mGAM,With mucin,A. muciniphila,G7P1,P1,29,DSM22959,"A. muciniphila
(DSM22959)",G7,29,1,0.501,1,mGAM
mGAM,With mucin,A. muciniphila,G7P1,P1,30,DSM22959,"A. muciniphila
(DSM22959)",G7,30,1,0.501,1,mGAM
mGAM,With mucin,A. muciniphila,G8P2,P2,0.5,DSM22959,"A. muciniphila
(DSM22959)",G8,0.5,1,0,2,mGAM
mGAM,With mucin,A. muciniphila,G8P2,P2,1,DSM22959,"A. muciniphila
(DSM22959)",G8,1,1,0,2,mGAM
mGAM,With mucin,A. muciniphila,G8P2,P2,2,DSM22959,"A. muciniphila
(DSM22959)",G8,2,1,0,2,mGAM
mGAM,With mucin,A. muciniphila,G8P2,P2,3,DSM22959,"A. muciniphila
(DSM22959)",G8,3,1,0.0050000000000000305,2,mGAM
mGAM,With mucin,A. muciniphila,G8P2,P2,4,DSM22959,"A. muciniphila
(DSM22959)",G8,4,1,0.01200000000000003,2,mGAM
mGAM,With mucin,A. muciniphila,G8P2,P2,5,DSM22959,"A. muciniphila
(DSM22959)",G8,5,1,0.015000000000000029,2,mGAM
mGAM,With mucin,A. muciniphila,G8P2,P2,6,DSM22959,"A. muciniphila
(DSM22959)",G8,6,1,0.02699999999999999,2,mGAM
mGAM,With mucin,A. muciniphila,G8P2,P2,7,DSM22959,"A. muciniphila
(DSM22959)",G8,7,1,0.038999999999999986,2,mGAM
mGAM,With mucin,A. muciniphila,G8P2,P2,8,DSM22959,"A. muciniphila
(DSM22959)",G8,8,1,0.05300000000000001,2,mGAM
mGAM,With mucin,A. muciniphila,G8P2,P2,9,DSM22959,"A. muciniphila
(DSM22959)",G8,9,1,0.06500000000000003,2,mGAM
mGAM,With mucin,A. muciniphila,G8P2,P2,10,DSM22959,"A. muciniphila
(DSM22959)",G8,10,1,0.06500000000000003,2,mGAM
mGAM,With mucin,A. muciniphila,G8P2,P2,11,DSM22959,"A. muciniphila
(DSM22959)",G8,11,1,0.06700000000000003,2,mGAM
mGAM,With mucin,A. muciniphila,G8P2,P2,12,DSM22959,"A. muciniphila
(DSM22959)",G8,12,1,0.08800000000000005,2,mGAM
mGAM,With mucin,A. muciniphila,G8P2,P2,13,DSM22959,"A. muciniphila
(DSM22959)",G8,13,1,0.115,2,mGAM
mGAM,With mucin,A. muciniphila,G8P2,P2,14,DSM22959,"A. muciniphila
(DSM22959)",G8,14,1,0.128,2,mGAM
mGAM,With mucin,A. muciniphila,G8P2,P2,15,DSM22959,"A. muciniphila
(DSM22959)",G8,15,1,0.16599999999999998,2,mGAM
mGAM,With mucin,A. muciniphila,G8P2,P2,16,DSM22959,"A. muciniphila
(DSM22959)",G8,16,1,0.182,2,mGAM
mGAM,With mucin,A. muciniphila,G8P2,P2,17,DSM22959,"A. muciniphila
(DSM22959)",G8,17,1,0.186,2,mGAM
mGAM,With mucin,A. muciniphila,G8P2,P2,18,DSM22959,"A. muciniphila
(DSM22959)",G8,18,1,0.20199999999999999,2,mGAM
mGAM,With mucin,A. muciniphila,G8P2,P2,19,DSM22959,"A. muciniphila
(DSM22959)",G8,19,1,0.245,2,mGAM
mGAM,With mucin,A. muciniphila,G8P2,P2,20,DSM22959,"A. muciniphila
(DSM22959)",G8,20,1,0.259,2,mGAM
mGAM,With mucin,A. muciniphila,G8P2,P2,21,DSM22959,"A. muciniphila
(DSM22959)",G8,21,1,0.321,2,mGAM
mGAM,With mucin,A. muciniphila,G8P2,P2,22,DSM22959,"A. muciniphila
(DSM22959)",G8,22,1,0.33999999999999997,2,mGAM
mGAM,With mucin,A. muciniphila,G8P2,P2,23,DSM22959,"A. muciniphila
(DSM22959)",G8,23,1,0.395,2,mGAM
mGAM,With mucin,A. muciniphila,G8P2,P2,24,DSM22959,"A. muciniphila
(DSM22959)",G8,24,1,0.489,2,mGAM
mGAM,With mucin,A. muciniphila,G8P2,P2,25,DSM22959,"A. muciniphila
(DSM22959)",G8,25,1,0.499,2,mGAM
mGAM,With mucin,A. muciniphila,G8P2,P2,26,DSM22959,"A. muciniphila
(DSM22959)",G8,26,1,0.546,2,mGAM
mGAM,With mucin,A. muciniphila,G8P2,P2,27,DSM22959,"A. muciniphila
(DSM22959)",G8,27,1,0.5609999999999999,2,mGAM
mGAM,With mucin,A. muciniphila,G8P2,P2,28,DSM22959,"A. muciniphila
(DSM22959)",G8,28,1,0.58,2,mGAM
mGAM,With mucin,A. muciniphila,G8P2,P2,29,DSM22959,"A. muciniphila
(DSM22959)",G8,29,1,0.568,2,mGAM
mGAM,With mucin,A. muciniphila,G8P2,P2,30,DSM22959,"A. muciniphila
(DSM22959)",G8,30,1,0.552,2,mGAM
mGAM,With mucin,A. muciniphila,G9P2,P2,0.5,DSM22959,"A. muciniphila
(DSM22959)",G9,0.5,1,0,3,mGAM
mGAM,With mucin,A. muciniphila,G9P2,P2,1,DSM22959,"A. muciniphila
(DSM22959)",G9,1,1,0,3,mGAM
mGAM,With mucin,A. muciniphila,G9P2,P2,2,DSM22959,"A. muciniphila
(DSM22959)",G9,2,1,0,3,mGAM
mGAM,With mucin,A. muciniphila,G9P2,P2,3,DSM22959,"A. muciniphila
(DSM22959)",G9,3,1,0,3,mGAM
mGAM,With mucin,A. muciniphila,G9P2,P2,4,DSM22959,"A. muciniphila
(DSM22959)",G9,4,1,0.00800000000000002,3,mGAM
mGAM,With mucin,A. muciniphila,G9P2,P2,5,DSM22959,"A. muciniphila
(DSM22959)",G9,5,1,0.00300000000000002,3,mGAM
mGAM,With mucin,A. muciniphila,G9P2,P2,6,DSM22959,"A. muciniphila
(DSM22959)",G9,6,1,0.01300000000000003,3,mGAM
mGAM,With mucin,A. muciniphila,G9P2,P2,7,DSM22959,"A. muciniphila
(DSM22959)",G9,7,1,0.016000000000000028,3,mGAM
mGAM,With mucin,A. muciniphila,G9P2,P2,8,DSM22959,"A. muciniphila
(DSM22959)",G9,8,1,0.010000000000000021,3,mGAM
mGAM,With mucin,A. muciniphila,G9P2,P2,9,DSM22959,"A. muciniphila
(DSM22959)",G9,9,1,0.00900000000000002,3,mGAM
mGAM,With mucin,A. muciniphila,G9P2,P2,10,DSM22959,"A. muciniphila
(DSM22959)",G9,10,1,0.02000000000000004,3,mGAM
mGAM,With mucin,A. muciniphila,G9P2,P2,11,DSM22959,"A. muciniphila
(DSM22959)",G9,11,1,0.041999999999999996,3,mGAM
mGAM,With mucin,A. muciniphila,G9P2,P2,12,DSM22959,"A. muciniphila
(DSM22959)",G9,12,1,0.06400000000000004,3,mGAM
mGAM,With mucin,A. muciniphila,G9P2,P2,13,DSM22959,"A. muciniphila
(DSM22959)",G9,13,1,0.08000000000000004,3,mGAM
mGAM,With mucin,A. muciniphila,G9P2,P2,14,DSM22959,"A. muciniphila
(DSM22959)",G9,14,1,0.108,3,mGAM
mGAM,With mucin,A. muciniphila,G9P2,P2,15,DSM22959,"A. muciniphila
(DSM22959)",G9,15,1,0.13,3,mGAM
mGAM,With mucin,A. muciniphila,G9P2,P2,16,DSM22959,"A. muciniphila
(DSM22959)",G9,16,1,0.126,3,mGAM
mGAM,With mucin,A. muciniphila,G9P2,P2,17,DSM22959,"A. muciniphila
(DSM22959)",G9,17,1,0.147,3,mGAM
mGAM,With mucin,A. muciniphila,G9P2,P2,18,DSM22959,"A. muciniphila
(DSM22959)",G9,18,1,0.13399999999999998,3,mGAM
mGAM,With mucin,A. muciniphila,G9P2,P2,19,DSM22959,"A. muciniphila
(DSM22959)",G9,19,1,0.16399999999999998,3,mGAM
mGAM,With mucin,A. muciniphila,G9P2,P2,20,DSM22959,"A. muciniphila
(DSM22959)",G9,20,1,0.19599999999999998,3,mGAM
mGAM,With mucin,A. muciniphila,G9P2,P2,21,DSM22959,"A. muciniphila
(DSM22959)",G9,21,1,0.28099999999999997,3,mGAM
mGAM,With mucin,A. muciniphila,G9P2,P2,22,DSM22959,"A. muciniphila
(DSM22959)",G9,22,1,0.285,3,mGAM
mGAM,With mucin,A. muciniphila,G9P2,P2,23,DSM22959,"A. muciniphila
(DSM22959)",G9,23,1,0.323,3,mGAM
mGAM,With mucin,A. muciniphila,G9P2,P2,24,DSM22959,"A. muciniphila
(DSM22959)",G9,24,1,0.38,3,mGAM
mGAM,With mucin,A. muciniphila,G9P2,P2,25,DSM22959,"A. muciniphila
(DSM22959)",G9,25,1,0.453,3,mGAM
mGAM,With mucin,A. muciniphila,G9P2,P2,26,DSM22959,"A. muciniphila
(DSM22959)",G9,26,1,0.46399999999999997,3,mGAM
mGAM,With mucin,A. muciniphila,G9P2,P2,27,DSM22959,"A. muciniphila
(DSM22959)",G9,27,1,0.46299999999999997,3,mGAM
mGAM,With mucin,A. muciniphila,G9P2,P2,28,DSM22959,"A. muciniphila
(DSM22959)",G9,28,1,0.529,3,mGAM
mGAM,With mucin,A. muciniphila,G9P2,P2,29,DSM22959,"A. muciniphila
(DSM22959)",G9,29,1,0.5609999999999999,3,mGAM
mGAM,With mucin,A. muciniphila,G9P2,P2,30,DSM22959,"A. muciniphila
(DSM22959)",G9,30,1,0.574,3,mGAM
mGAM,Without mucin,A. muciniphila,G1P1,P1,0.5,DSM22959,"A. muciniphila
(DSM22959)",G1,0.5,1,0,1,mGAM
mGAM,Without mucin,A. muciniphila,G1P1,P1,1,DSM22959,"A. muciniphila
(DSM22959)",G1,1,1,0,1,mGAM
mGAM,Without mucin,A. muciniphila,G1P1,P1,2,DSM22959,"A. muciniphila
(DSM22959)",G1,2,1,0,1,mGAM
mGAM,Without mucin,A. muciniphila,G1P1,P1,3,DSM22959,"A. muciniphila
(DSM22959)",G1,3,1,0.0010000000000000096,1,mGAM
mGAM,Without mucin,A. muciniphila,G1P1,P1,4,DSM22959,"A. muciniphila
(DSM22959)",G1,4,1,0.011000000000000001,1,mGAM
mGAM,Without mucin,A. muciniphila,G1P1,P1,5,DSM22959,"A. muciniphila
(DSM22959)",G1,5,1,0.02100000000000001,1,mGAM
mGAM,Without mucin,A. muciniphila,G1P1,P1,6,DSM22959,"A. muciniphila
(DSM22959)",G1,6,1,0.02800000000000001,1,mGAM
mGAM,Without mucin,A. muciniphila,G1P1,P1,7,DSM22959,"A. muciniphila
(DSM22959)",G1,7,1,0.03200000000000002,1,mGAM
mGAM,Without mucin,A. muciniphila,G1P1,P1,8,DSM22959,"A. muciniphila
(DSM22959)",G1,8,1,0.03200000000000002,1,mGAM
mGAM,Without mucin,A. muciniphila,G1P1,P1,9,DSM22959,"A. muciniphila
(DSM22959)",G1,9,1,0.03399999999999999,1,mGAM
mGAM,Without mucin,A. muciniphila,G1P1,P1,10,DSM22959,"A. muciniphila
(DSM22959)",G1,10,1,0.036,1,mGAM
mGAM,Without mucin,A. muciniphila,G1P1,P1,11,DSM22959,"A. muciniphila
(DSM22959)",G1,11,1,0.03499999999999999,1,mGAM
mGAM,Without mucin,A. muciniphila,G1P1,P1,12,DSM22959,"A. muciniphila
(DSM22959)",G1,12,1,0.03299999999999999,1,mGAM
mGAM,Without mucin,A. muciniphila,G1P1,P1,13,DSM22959,"A. muciniphila
(DSM22959)",G1,13,1,0.030000000000000006,1,mGAM
mGAM,Without mucin,A. muciniphila,G1P1,P1,14,DSM22959,"A. muciniphila
(DSM22959)",G1,14,1,0.030000000000000006,1,mGAM
mGAM,Without mucin,A. muciniphila,G1P1,P1,15,DSM22959,"A. muciniphila
(DSM22959)",G1,15,1,0.029000000000000005,1,mGAM
mGAM,Without mucin,A. muciniphila,G1P1,P1,16,DSM22959,"A. muciniphila
(DSM22959)",G1,16,1,0.029000000000000005,1,mGAM
mGAM,Without mucin,A. muciniphila,G1P1,P1,17,DSM22959,"A. muciniphila
(DSM22959)",G1,17,1,0.03100000000000002,1,mGAM
mGAM,Without mucin,A. muciniphila,G1P1,P1,18,DSM22959,"A. muciniphila
(DSM22959)",G1,18,1,0.03499999999999999,1,mGAM
mGAM,Without mucin,A. muciniphila,G1P1,P1,19,DSM22959,"A. muciniphila
(DSM22959)",G1,19,1,0.045,1,mGAM
mGAM,Without mucin,A. muciniphila,G1P1,P1,20,DSM22959,"A. muciniphila
(DSM22959)",G1,20,1,0.056000000000000015,1,mGAM
mGAM,Without mucin,A. muciniphila,G1P1,P1,21,DSM22959,"A. muciniphila
(DSM22959)",G1,21,1,0.07300000000000002,1,mGAM
mGAM,Without mucin,A. muciniphila,G1P1,P1,22,DSM22959,"A. muciniphila
(DSM22959)",G1,22,1,0.099,1,mGAM
mGAM,Without mucin,A. muciniphila,G1P1,P1,23,DSM22959,"A. muciniphila
(DSM22959)",G1,23,1,0.10300000000000001,1,mGAM
mGAM,Without mucin,A. muciniphila,G1P1,P1,24,DSM22959,"A. muciniphila
(DSM22959)",G1,24,1,0.098,1,mGAM
mGAM,Without mucin,A. muciniphila,G1P1,P1,25,DSM22959,"A. muciniphila
(DSM22959)",G1,25,1,0.093,1,mGAM
mGAM,Without mucin,A. muciniphila,G1P1,P1,26,DSM22959,"A. muciniphila
(DSM22959)",G1,26,1,0.09000000000000001,1,mGAM
mGAM,Without mucin,A. muciniphila,G1P1,P1,27,DSM22959,"A. muciniphila
(DSM22959)",G1,27,1,0.086,1,mGAM
mGAM,Without mucin,A. muciniphila,G1P1,P1,28,DSM22959,"A. muciniphila
(DSM22959)",G1,28,1,0.08299999999999999,1,mGAM
mGAM,Without mucin,A. muciniphila,G1P1,P1,29,DSM22959,"A. muciniphila
(DSM22959)",G1,29,1,0.07900000000000004,1,mGAM
mGAM,Without mucin,A. muciniphila,G1P1,P1,30,DSM22959,"A. muciniphila
(DSM22959)",G1,30,1,0.07400000000000004,1,mGAM
mGAM,Without mucin,A. muciniphila,G3P2,P2,0.5,DSM22959,"A. muciniphila
(DSM22959)",G3,0.5,1,0,3,mGAM
mGAM,Without mucin,A. muciniphila,G3P2,P2,1,DSM22959,"A. muciniphila
(DSM22959)",G3,1,1,0,3,mGAM
mGAM,Without mucin,A. muciniphila,G3P2,P2,2,DSM22959,"A. muciniphila
(DSM22959)",G3,2,1,0,3,mGAM
mGAM,Without mucin,A. muciniphila,G3P2,P2,3,DSM22959,"A. muciniphila
(DSM22959)",G3,3,1,0,3,mGAM
mGAM,Without mucin,A. muciniphila,G3P2,P2,4,DSM22959,"A. muciniphila
(DSM22959)",G3,4,1,0.007999999999999998,3,mGAM
mGAM,Without mucin,A. muciniphila,G3P2,P2,5,DSM22959,"A. muciniphila
(DSM22959)",G3,5,1,0.018000000000000002,3,mGAM
mGAM,Without mucin,A. muciniphila,G3P2,P2,6,DSM22959,"A. muciniphila
(DSM22959)",G3,6,1,0.025999999999999995,3,mGAM
mGAM,Without mucin,A. muciniphila,G3P2,P2,7,DSM22959,"A. muciniphila
(DSM22959)",G3,7,1,0.030999999999999986,3,mGAM
mGAM,Without mucin,A. muciniphila,G3P2,P2,8,DSM22959,"A. muciniphila
(DSM22959)",G3,8,1,0.03499999999999999,3,mGAM
mGAM,Without mucin,A. muciniphila,G3P2,P2,9,DSM22959,"A. muciniphila
(DSM22959)",G3,9,1,0.038,3,mGAM
mGAM,Without mucin,A. muciniphila,G3P2,P2,10,DSM22959,"A. muciniphila
(DSM22959)",G3,10,1,0.040999999999999995,3,mGAM
mGAM,Without mucin,A. muciniphila,G3P2,P2,11,DSM22959,"A. muciniphila
(DSM22959)",G3,11,1,0.040999999999999995,3,mGAM
mGAM,Without mucin,A. muciniphila,G3P2,P2,12,DSM22959,"A. muciniphila
(DSM22959)",G3,12,1,0.04,3,mGAM
mGAM,Without mucin,A. muciniphila,G3P2,P2,13,DSM22959,"A. muciniphila
(DSM22959)",G3,13,1,0.038999999999999986,3,mGAM
mGAM,Without mucin,A. muciniphila,G3P2,P2,14,DSM22959,"A. muciniphila
(DSM22959)",G3,14,1,0.037,3,mGAM
mGAM,Without mucin,A. muciniphila,G3P2,P2,15,DSM22959,"A. muciniphila
(DSM22959)",G3,15,1,0.03499999999999999,3,mGAM
mGAM,Without mucin,A. muciniphila,G3P2,P2,16,DSM22959,"A. muciniphila
(DSM22959)",G3,16,1,0.03399999999999999,3,mGAM
mGAM,Without mucin,A. muciniphila,G3P2,P2,17,DSM22959,"A. muciniphila
(DSM22959)",G3,17,1,0.036,3,mGAM
mGAM,Without mucin,A. muciniphila,G3P2,P2,18,DSM22959,"A. muciniphila
(DSM22959)",G3,18,1,0.036,3,mGAM
mGAM,Without mucin,A. muciniphila,G3P2,P2,19,DSM22959,"A. muciniphila
(DSM22959)",G3,19,1,0.038999999999999986,3,mGAM
mGAM,Without mucin,A. muciniphila,G3P2,P2,20,DSM22959,"A. muciniphila
(DSM22959)",G3,20,1,0.044,3,mGAM
mGAM,Without mucin,A. muciniphila,G3P2,P2,21,DSM22959,"A. muciniphila
(DSM22959)",G3,21,1,0.056000000000000015,3,mGAM
mGAM,Without mucin,A. muciniphila,G3P2,P2,22,DSM22959,"A. muciniphila
(DSM22959)",G3,22,1,0.07000000000000002,3,mGAM
mGAM,Without mucin,A. muciniphila,G3P2,P2,23,DSM22959,"A. muciniphila
(DSM22959)",G3,23,1,0.087,3,mGAM
mGAM,Without mucin,A. muciniphila,G3P2,P2,24,DSM22959,"A. muciniphila
(DSM22959)",G3,24,1,0.10500000000000001,3,mGAM
mGAM,Without mucin,A. muciniphila,G3P2,P2,25,DSM22959,"A. muciniphila
(DSM22959)",G3,25,1,0.109,3,mGAM
mGAM,Without mucin,A. muciniphila,G3P2,P2,26,DSM22959,"A. muciniphila
(DSM22959)",G3,26,1,0.10300000000000001,3,mGAM
mGAM,Without mucin,A. muciniphila,G3P2,P2,27,DSM22959,"A. muciniphila
(DSM22959)",G3,27,1,0.098,3,mGAM
mGAM,Without mucin,A. muciniphila,G3P2,P2,28,DSM22959,"A. muciniphila
(DSM22959)",G3,28,1,0.09100000000000001,3,mGAM
mGAM,Without mucin,A. muciniphila,G3P2,P2,29,DSM22959,"A. muciniphila
(DSM22959)",G3,29,1,0.08499999999999999,3,mGAM
mGAM,Without mucin,A. muciniphila,G3P2,P2,30,DSM22959,"A. muciniphila
(DSM22959)",G3,30,1,0.07999999999999997,3,mGAM
mGAM,Without mucin,A. muciniphila,G2P1,P1,0.5,DSM22959,"A. muciniphila
(DSM22959)",G2,0.5,1,0,2,mGAM
mGAM,Without mucin,A. muciniphila,G2P1,P1,1,DSM22959,"A. muciniphila
(DSM22959)",G2,1,1,0,2,mGAM
mGAM,Without mucin,A. muciniphila,G2P1,P1,2,DSM22959,"A. muciniphila
(DSM22959)",G2,2,1,0,2,mGAM
mGAM,Without mucin,A. muciniphila,G2P1,P1,3,DSM22959,"A. muciniphila
(DSM22959)",G2,3,1,9.999999999999905e-4,2,mGAM
mGAM,Without mucin,A. muciniphila,G2P1,P1,4,DSM22959,"A. muciniphila
(DSM22959)",G2,4,1,0.011999999999999999,2,mGAM
mGAM,Without mucin,A. muciniphila,G2P1,P1,5,DSM22959,"A. muciniphila
(DSM22959)",G2,5,1,0.02100000000000001,2,mGAM
mGAM,Without mucin,A. muciniphila,G2P1,P1,6,DSM22959,"A. muciniphila
(DSM22959)",G2,6,1,0.02899999999999999,2,mGAM
mGAM,Without mucin,A. muciniphila,G2P1,P1,7,DSM22959,"A. muciniphila
(DSM22959)",G2,7,1,0.03499999999999999,2,mGAM
mGAM,Without mucin,A. muciniphila,G2P1,P1,8,DSM22959,"A. muciniphila
(DSM22959)",G2,8,1,0.038999999999999986,2,mGAM
mGAM,Without mucin,A. muciniphila,G2P1,P1,9,DSM22959,"A. muciniphila
(DSM22959)",G2,9,1,0.038999999999999986,2,mGAM
mGAM,Without mucin,A. muciniphila,G2P1,P1,10,DSM22959,"A. muciniphila
(DSM22959)",G2,10,1,0.04,2,mGAM
mGAM,Without mucin,A. muciniphila,G2P1,P1,11,DSM22959,"A. muciniphila
(DSM22959)",G2,11,1,0.038,2,mGAM
mGAM,Without mucin,A. muciniphila,G2P1,P1,12,DSM22959,"A. muciniphila
(DSM22959)",G2,12,1,0.036,2,mGAM
mGAM,Without mucin,A. muciniphila,G2P1,P1,13,DSM22959,"A. muciniphila
(DSM22959)",G2,13,1,0.03299999999999999,2,mGAM
mGAM,Without mucin,A. muciniphila,G2P1,P1,14,DSM22959,"A. muciniphila
(DSM22959)",G2,14,1,0.030999999999999986,2,mGAM
mGAM,Without mucin,A. muciniphila,G2P1,P1,15,DSM22959,"A. muciniphila
(DSM22959)",G2,15,1,0.029999999999999985,2,mGAM
mGAM,Without mucin,A. muciniphila,G2P1,P1,16,DSM22959,"A. muciniphila
(DSM22959)",G2,16,1,0.02799999999999999,2,mGAM
mGAM,Without mucin,A. muciniphila,G2P1,P1,17,DSM22959,"A. muciniphila
(DSM22959)",G2,17,1,0.02899999999999999,2,mGAM
mGAM,Without mucin,A. muciniphila,G2P1,P1,18,DSM22959,"A. muciniphila
(DSM22959)",G2,18,1,0.03399999999999999,2,mGAM
mGAM,Without mucin,A. muciniphila,G2P1,P1,19,DSM22959,"A. muciniphila
(DSM22959)",G2,19,1,0.044,2,mGAM
mGAM,Without mucin,A. muciniphila,G2P1,P1,20,DSM22959,"A. muciniphila
(DSM22959)",G2,20,1,0.056000000000000015,2,mGAM
mGAM,Without mucin,A. muciniphila,G2P1,P1,21,DSM22959,"A. muciniphila
(DSM22959)",G2,21,1,0.07099999999999997,2,mGAM
mGAM,Without mucin,A. muciniphila,G2P1,P1,22,DSM22959,"A. muciniphila
(DSM22959)",G2,22,1,0.088,2,mGAM
mGAM,Without mucin,A. muciniphila,G2P1,P1,23,DSM22959,"A. muciniphila
(DSM22959)",G2,23,1,0.10600000000000001,2,mGAM
mGAM,Without mucin,A. muciniphila,G2P1,P1,24,DSM22959,"A. muciniphila
(DSM22959)",G2,24,1,0.101,2,mGAM
mGAM,Without mucin,A. muciniphila,G2P1,P1,25,DSM22959,"A. muciniphila
(DSM22959)",G2,25,1,0.098,2,mGAM
mGAM,Without mucin,A. muciniphila,G2P1,P1,26,DSM22959,"A. muciniphila
(DSM22959)",G2,26,1,0.092,2,mGAM
mGAM,Without mucin,A. muciniphila,G2P1,P1,27,DSM22959,"A. muciniphila
(DSM22959)",G2,27,1,0.08900000000000001,2,mGAM
mGAM,Without mucin,A. muciniphila,G2P1,P1,28,DSM22959,"A. muciniphila
(DSM22959)",G2,28,1,0.08299999999999999,2,mGAM
mGAM,Without mucin,A. muciniphila,G2P1,P1,29,DSM22959,"A. muciniphila
(DSM22959)",G2,29,1,0.07799999999999997,2,mGAM
mGAM,Without mucin,A. muciniphila,G2P1,P1,30,DSM22959,"A. muciniphila
(DSM22959)",G2,30,1,0.07399999999999998,2,mGAM
GMM+LAB,With mucin,C. secundus,E5P5,P5,0.5,DSM28864/177,"C. secundus
(DSM28864/177)",E5,0.5,1,0,1,GMM+LAB
GMM+LAB,With mucin,C. secundus,E5P5,P5,1,DSM28864/177,"C. secundus
(DSM28864/177)",E5,1,1,0,1,GMM+LAB
GMM+LAB,With mucin,C. secundus,E5P5,P5,2,DSM28864/177,"C. secundus
(DSM28864/177)",E5,2,1,0,1,GMM+LAB
GMM+LAB,With mucin,C. secundus,E5P5,P5,3,DSM28864/177,"C. secundus
(DSM28864/177)",E5,3,1,0,1,GMM+LAB
GMM+LAB,With mucin,C. secundus,E5P5,P5,4,DSM28864/177,"C. secundus
(DSM28864/177)",E5,4,1,0,1,GMM+LAB
GMM+LAB,With mucin,C. secundus,E5P5,P5,5,DSM28864/177,"C. secundus
(DSM28864/177)",E5,5,1,0,1,GMM+LAB
GMM+LAB,With mucin,C. secundus,E5P5,P5,6,DSM28864/177,"C. secundus
(DSM28864/177)",E5,6,1,0,1,GMM+LAB
GMM+LAB,With mucin,C. secundus,E5P5,P5,7,DSM28864/177,"C. secundus
(DSM28864/177)",E5,7,1,0,1,GMM+LAB
GMM+LAB,With mucin,C. secundus,E5P5,P5,8,DSM28864/177,"C. secundus
(DSM28864/177)",E5,8,1,0,1,GMM+LAB
GMM+LAB,With mucin,C. secundus,E5P5,P5,9,DSM28864/177,"C. secundus
(DSM28864/177)",E5,9,1,0,1,GMM+LAB
GMM+LAB,With mucin,C. secundus,E5P5,P5,10,DSM28864/177,"C. secundus
(DSM28864/177)",E5,10,1,0,1,GMM+LAB
GMM+LAB,With mucin,C. secundus,E5P5,P5,11,DSM28864/177,"C. secundus
(DSM28864/177)",E5,11,1,0,1,GMM+LAB
GMM+LAB,With mucin,C. secundus,E5P5,P5,12,DSM28864/177,"C. secundus
(DSM28864/177)",E5,12,1,0,1,GMM+LAB
GMM+LAB,With mucin,C. secundus,E5P5,P5,13,DSM28864/177,"C. secundus
(DSM28864/177)",E5,13,1,0,1,GMM+LAB
GMM+LAB,With mucin,C. secundus,E5P5,P5,14,DSM28864/177,"C. secundus
(DSM28864/177)",E5,14,1,0,1,GMM+LAB
GMM+LAB,With mucin,C. secundus,E5P5,P5,15,DSM28864/177,"C. secundus
(DSM28864/177)",E5,15,1,0,1,GMM+LAB
GMM+LAB,With mucin,C. secundus,E5P5,P5,16,DSM28864/177,"C. secundus
(DSM28864/177)",E5,16,1,0,1,GMM+LAB
GMM+LAB,With mucin,C. secundus,E5P5,P5,17,DSM28864/177,"C. secundus
(DSM28864/177)",E5,17,1,0,1,GMM+LAB
GMM+LAB,With mucin,C. secundus,E5P5,P5,18,DSM28864/177,"C. secundus
(DSM28864/177)",E5,18,1,0,1,GMM+LAB
GMM+LAB,With mucin,C. secundus,E5P5,P5,19,DSM28864/177,"C. secundus
(DSM28864/177)",E5,19,1,0,1,GMM+LAB
GMM+LAB,With mucin,C. secundus,E5P5,P5,20,DSM28864/177,"C. secundus
(DSM28864/177)",E5,20,1,0,1,GMM+LAB
GMM+LAB,With mucin,C. secundus,E5P5,P5,21,DSM28864/177,"C. secundus
(DSM28864/177)",E5,21,1,0,1,GMM+LAB
GMM+LAB,With mucin,C. secundus,E5P5,P5,22,DSM28864/177,"C. secundus
(DSM28864/177)",E5,22,1,0,1,GMM+LAB
GMM+LAB,With mucin,C. secundus,E5P5,P5,23,DSM28864/177,"C. secundus
(DSM28864/177)",E5,23,1,0,1,GMM+LAB
GMM+LAB,With mucin,C. secundus,E5P5,P5,24,DSM28864/177,"C. secundus
(DSM28864/177)",E5,24,1,0,1,GMM+LAB
GMM+LAB,With mucin,C. secundus,E5P5,P5,25,DSM28864/177,"C. secundus
(DSM28864/177)",E5,25,1,0,1,GMM+LAB
GMM+LAB,With mucin,C. secundus,E5P5,P5,26,DSM28864/177,"C. secundus
(DSM28864/177)",E5,26,1,0,1,GMM+LAB
GMM+LAB,With mucin,C. secundus,E5P5,P5,27,DSM28864/177,"C. secundus
(DSM28864/177)",E5,27,1,0,1,GMM+LAB
GMM+LAB,With mucin,C. secundus,E5P5,P5,28,DSM28864/177,"C. secundus
(DSM28864/177)",E5,28,1,0,1,GMM+LAB
GMM+LAB,With mucin,C. secundus,E5P5,P5,29,DSM28864/177,"C. secundus
(DSM28864/177)",E5,29,1,0,1,GMM+LAB
GMM+LAB,With mucin,C. secundus,E5P5,P5,30,DSM28864/177,"C. secundus
(DSM28864/177)",E5,30,1,0,1,GMM+LAB
GMM+LAB,With mucin,C. secundus,H5P5,P5,0.5,DSM28864/177,"C. secundus
(DSM28864/177)",H5,0.5,1,0,4,GMM+LAB
GMM+LAB,With mucin,C. secundus,H5P5,P5,1,DSM28864/177,"C. secundus
(DSM28864/177)",H5,1,1,0,4,GMM+LAB
GMM+LAB,With mucin,C. secundus,H5P5,P5,2,DSM28864/177,"C. secundus
(DSM28864/177)",H5,2,1,0,4,GMM+LAB
GMM+LAB,With mucin,C. secundus,H5P5,P5,3,DSM28864/177,"C. secundus
(DSM28864/177)",H5,3,1,0,4,GMM+LAB
GMM+LAB,With mucin,C. secundus,H5P5,P5,4,DSM28864/177,"C. secundus
(DSM28864/177)",H5,4,1,0,4,GMM+LAB
GMM+LAB,With mucin,C. secundus,H5P5,P5,5,DSM28864/177,"C. secundus
(DSM28864/177)",H5,5,1,0,4,GMM+LAB
GMM+LAB,With mucin,C. secundus,H5P5,P5,6,DSM28864/177,"C. secundus
(DSM28864/177)",H5,6,1,0,4,GMM+LAB
GMM+LAB,With mucin,C. secundus,H5P5,P5,7,DSM28864/177,"C. secundus
(DSM28864/177)",H5,7,1,0,4,GMM+LAB
GMM+LAB,With mucin,C. secundus,H5P5,P5,8,DSM28864/177,"C. secundus
(DSM28864/177)",H5,8,1,0,4,GMM+LAB
GMM+LAB,With mucin,C. secundus,H5P5,P5,9,DSM28864/177,"C. secundus
(DSM28864/177)",H5,9,1,0,4,GMM+LAB
GMM+LAB,With mucin,C. secundus,H5P5,P5,10,DSM28864/177,"C. secundus
(DSM28864/177)",H5,10,1,0,4,GMM+LAB
GMM+LAB,With mucin,C. secundus,H5P5,P5,11,DSM28864/177,"C. secundus
(DSM28864/177)",H5,11,1,0,4,GMM+LAB
GMM+LAB,With mucin,C. secundus,H5P5,P5,12,DSM28864/177,"C. secundus
(DSM28864/177)",H5,12,1,0,4,GMM+LAB
GMM+LAB,With mucin,C. secundus,H5P5,P5,13,DSM28864/177,"C. secundus
(DSM28864/177)",H5,13,1,0,4,GMM+LAB
GMM+LAB,With mucin,C. secundus,H5P5,P5,14,DSM28864/177,"C. secundus
(DSM28864/177)",H5,14,1,0,4,GMM+LAB
GMM+LAB,With mucin,C. secundus,H5P5,P5,15,DSM28864/177,"C. secundus
(DSM28864/177)",H5,15,1,0,4,GMM+LAB
GMM+LAB,With mucin,C. secundus,H5P5,P5,16,DSM28864/177,"C. secundus
(DSM28864/177)",H5,16,1,0,4,GMM+LAB
GMM+LAB,With mucin,C. secundus,H5P5,P5,17,DSM28864/177,"C. secundus
(DSM28864/177)",H5,17,1,0,4,GMM+LAB
GMM+LAB,With mucin,C. secundus,H5P5,P5,18,DSM28864/177,"C. secundus
(DSM28864/177)",H5,18,1,0,4,GMM+LAB
GMM+LAB,With mucin,C. secundus,H5P5,P5,19,DSM28864/177,"C. secundus
(DSM28864/177)",H5,19,1,0,4,GMM+LAB
GMM+LAB,With mucin,C. secundus,H5P5,P5,20,DSM28864/177,"C. secundus
(DSM28864/177)",H5,20,1,0,4,GMM+LAB
GMM+LAB,With mucin,C. secundus,H5P5,P5,21,DSM28864/177,"C. secundus
(DSM28864/177)",H5,21,1,0,4,GMM+LAB
GMM+LAB,With mucin,C. secundus,H5P5,P5,22,DSM28864/177,"C. secundus
(DSM28864/177)",H5,22,1,0,4,GMM+LAB
GMM+LAB,With mucin,C. secundus,H5P5,P5,23,DSM28864/177,"C. secundus
(DSM28864/177)",H5,23,1,0,4,GMM+LAB
GMM+LAB,With mucin,C. secundus,H5P5,P5,24,DSM28864/177,"C. secundus
(DSM28864/177)",H5,24,1,0,4,GMM+LAB
GMM+LAB,With mucin,C. secundus,H5P5,P5,25,DSM28864/177,"C. secundus
(DSM28864/177)",H5,25,1,0,4,GMM+LAB
GMM+LAB,With mucin,C. secundus,H5P5,P5,26,DSM28864/177,"C. secundus
(DSM28864/177)",H5,26,1,0,4,GMM+LAB
GMM+LAB,With mucin,C. secundus,H5P5,P5,27,DSM28864/177,"C. secundus
(DSM28864/177)",H5,27,1,0,4,GMM+LAB
GMM+LAB,With mucin,C. secundus,H5P5,P5,28,DSM28864/177,"C. secundus
(DSM28864/177)",H5,28,1,0,4,GMM+LAB
GMM+LAB,With mucin,C. secundus,H5P5,P5,29,DSM28864/177,"C. secundus
(DSM28864/177)",H5,29,1,0,4,GMM+LAB
GMM+LAB,With mucin,C. secundus,H5P5,P5,30,DSM28864/177,"C. secundus
(DSM28864/177)",H5,30,1,0,4,GMM+LAB
GMM+LAB,With mucin,C. secundus,F5P5,P5,0.5,DSM28864/177,"C. secundus
(DSM28864/177)",F5,0.5,1,0,2,GMM+LAB
GMM+LAB,With mucin,C. secundus,F5P5,P5,1,DSM28864/177,"C. secundus
(DSM28864/177)",F5,1,1,0,2,GMM+LAB
GMM+LAB,With mucin,C. secundus,F5P5,P5,2,DSM28864/177,"C. secundus
(DSM28864/177)",F5,2,1,0,2,GMM+LAB
GMM+LAB,With mucin,C. secundus,F5P5,P5,3,DSM28864/177,"C. secundus
(DSM28864/177)",F5,3,1,0,2,GMM+LAB
GMM+LAB,With mucin,C. secundus,F5P5,P5,4,DSM28864/177,"C. secundus
(DSM28864/177)",F5,4,1,0,2,GMM+LAB
GMM+LAB,With mucin,C. secundus,F5P5,P5,5,DSM28864/177,"C. secundus
(DSM28864/177)",F5,5,1,0,2,GMM+LAB
GMM+LAB,With mucin,C. secundus,F5P5,P5,6,DSM28864/177,"C. secundus
(DSM28864/177)",F5,6,1,0,2,GMM+LAB
GMM+LAB,With mucin,C. secundus,F5P5,P5,7,DSM28864/177,"C. secundus
(DSM28864/177)",F5,7,1,0,2,GMM+LAB
GMM+LAB,With mucin,C. secundus,F5P5,P5,8,DSM28864/177,"C. secundus
(DSM28864/177)",F5,8,1,0,2,GMM+LAB
GMM+LAB,With mucin,C. secundus,F5P5,P5,9,DSM28864/177,"C. secundus
(DSM28864/177)",F5,9,1,0,2,GMM+LAB
GMM+LAB,With mucin,C. secundus,F5P5,P5,10,DSM28864/177,"C. secundus
(DSM28864/177)",F5,10,1,0,2,GMM+LAB
GMM+LAB,With mucin,C. secundus,F5P5,P5,11,DSM28864/177,"C. secundus
(DSM28864/177)",F5,11,1,0,2,GMM+LAB
GMM+LAB,With mucin,C. secundus,F5P5,P5,12,DSM28864/177,"C. secundus
(DSM28864/177)",F5,12,1,0,2,GMM+LAB
GMM+LAB,With mucin,C. secundus,F5P5,P5,13,DSM28864/177,"C. secundus
(DSM28864/177)",F5,13,1,0,2,GMM+LAB
GMM+LAB,With mucin,C. secundus,F5P5,P5,14,DSM28864/177,"C. secundus
(DSM28864/177)",F5,14,1,0,2,GMM+LAB
GMM+LAB,With mucin,C. secundus,F5P5,P5,15,DSM28864/177,"C. secundus
(DSM28864/177)",F5,15,1,0,2,GMM+LAB
GMM+LAB,With mucin,C. secundus,F5P5,P5,16,DSM28864/177,"C. secundus
(DSM28864/177)",F5,16,1,0,2,GMM+LAB
GMM+LAB,With mucin,C. secundus,F5P5,P5,17,DSM28864/177,"C. secundus
(DSM28864/177)",F5,17,1,0,2,GMM+LAB
GMM+LAB,With mucin,C. secundus,F5P5,P5,18,DSM28864/177,"C. secundus
(DSM28864/177)",F5,18,1,0,2,GMM+LAB
GMM+LAB,With mucin,C. secundus,F5P5,P5,19,DSM28864/177,"C. secundus
(DSM28864/177)",F5,19,1,0,2,GMM+LAB
GMM+LAB,With mucin,C. secundus,F5P5,P5,20,DSM28864/177,"C. secundus
(DSM28864/177)",F5,20,1,0,2,GMM+LAB
GMM+LAB,With mucin,C. secundus,F5P5,P5,21,DSM28864/177,"C. secundus
(DSM28864/177)",F5,21,1,0,2,GMM+LAB
GMM+LAB,With mucin,C. secundus,F5P5,P5,22,DSM28864/177,"C. secundus
(DSM28864/177)",F5,22,1,0,2,GMM+LAB
GMM+LAB,With mucin,C. secundus,F5P5,P5,23,DSM28864/177,"C. secundus
(DSM28864/177)",F5,23,1,0,2,GMM+LAB
GMM+LAB,With mucin,C. secundus,F5P5,P5,24,DSM28864/177,"C. secundus
(DSM28864/177)",F5,24,1,0,2,GMM+LAB
GMM+LAB,With mucin,C. secundus,F5P5,P5,25,DSM28864/177,"C. secundus
(DSM28864/177)",F5,25,1,0,2,GMM+LAB
GMM+LAB,With mucin,C. secundus,F5P5,P5,26,DSM28864/177,"C. secundus
(DSM28864/177)",F5,26,1,0,2,GMM+LAB
GMM+LAB,With mucin,C. secundus,F5P5,P5,27,DSM28864/177,"C. secundus
(DSM28864/177)",F5,27,1,0,2,GMM+LAB
GMM+LAB,With mucin,C. secundus,F5P5,P5,28,DSM28864/177,"C. secundus
(DSM28864/177)",F5,28,1,0,2,GMM+LAB
GMM+LAB,With mucin,C. secundus,F5P5,P5,29,DSM28864/177,"C. secundus
(DSM28864/177)",F5,29,1,0,2,GMM+LAB
GMM+LAB,With mucin,C. secundus,F5P5,P5,30,DSM28864/177,"C. secundus
(DSM28864/177)",F5,30,1,0,2,GMM+LAB
GMM+LAB,Without mucin,C. secundus,B5P5,P5,0.5,DSM28864/177,"C. secundus
(DSM28864/177)",B5,0.5,1,0,2,GMM+LAB
GMM+LAB,Without mucin,C. secundus,B5P5,P5,1,DSM28864/177,"C. secundus
(DSM28864/177)",B5,1,1,0,2,GMM+LAB
GMM+LAB,Without mucin,C. secundus,B5P5,P5,2,DSM28864/177,"C. secundus
(DSM28864/177)",B5,2,1,0,2,GMM+LAB
GMM+LAB,Without mucin,C. secundus,B5P5,P5,3,DSM28864/177,"C. secundus
(DSM28864/177)",B5,3,1,0,2,GMM+LAB
GMM+LAB,Without mucin,C. secundus,B5P5,P5,4,DSM28864/177,"C. secundus
(DSM28864/177)",B5,4,1,0,2,GMM+LAB
GMM+LAB,Without mucin,C. secundus,B5P5,P5,5,DSM28864/177,"C. secundus
(DSM28864/177)",B5,5,1,0,2,GMM+LAB
GMM+LAB,Without mucin,C. secundus,B5P5,P5,6,DSM28864/177,"C. secundus
(DSM28864/177)",B5,6,1,0,2,GMM+LAB
GMM+LAB,Without mucin,C. secundus,B5P5,P5,7,DSM28864/177,"C. secundus
(DSM28864/177)",B5,7,1,0,2,GMM+LAB
GMM+LAB,Without mucin,C. secundus,B5P5,P5,8,DSM28864/177,"C. secundus
(DSM28864/177)",B5,8,1,0,2,GMM+LAB
GMM+LAB,Without mucin,C. secundus,B5P5,P5,9,DSM28864/177,"C. secundus
(DSM28864/177)",B5,9,1,0,2,GMM+LAB
GMM+LAB,Without mucin,C. secundus,B5P5,P5,10,DSM28864/177,"C. secundus
(DSM28864/177)",B5,10,1,0,2,GMM+LAB
GMM+LAB,Without mucin,C. secundus,B5P5,P5,11,DSM28864/177,"C. secundus
(DSM28864/177)",B5,11,1,0,2,GMM+LAB
GMM+LAB,Without mucin,C. secundus,B5P5,P5,12,DSM28864/177,"C. secundus
(DSM28864/177)",B5,12,1,0,2,GMM+LAB
GMM+LAB,Without mucin,C. secundus,B5P5,P5,13,DSM28864/177,"C. secundus
(DSM28864/177)",B5,13,1,0,2,GMM+LAB
GMM+LAB,Without mucin,C. secundus,B5P5,P5,14,DSM28864/177,"C. secundus
(DSM28864/177)",B5,14,1,0,2,GMM+LAB
GMM+LAB,Without mucin,C. secundus,B5P5,P5,15,DSM28864/177,"C. secundus
(DSM28864/177)",B5,15,1,0,2,GMM+LAB
GMM+LAB,Without mucin,C. secundus,B5P5,P5,16,DSM28864/177,"C. secundus
(DSM28864/177)",B5,16,1,0,2,GMM+LAB
GMM+LAB,Without mucin,C. secundus,B5P5,P5,17,DSM28864/177,"C. secundus
(DSM28864/177)",B5,17,1,0,2,GMM+LAB
GMM+LAB,Without mucin,C. secundus,B5P5,P5,18,DSM28864/177,"C. secundus
(DSM28864/177)",B5,18,1,0,2,GMM+LAB
GMM+LAB,Without mucin,C. secundus,B5P5,P5,19,DSM28864/177,"C. secundus
(DSM28864/177)",B5,19,1,0,2,GMM+LAB
GMM+LAB,Without mucin,C. secundus,B5P5,P5,20,DSM28864/177,"C. secundus
(DSM28864/177)",B5,20,1,0,2,GMM+LAB
GMM+LAB,Without mucin,C. secundus,B5P5,P5,21,DSM28864/177,"C. secundus
(DSM28864/177)",B5,21,1,0,2,GMM+LAB
GMM+LAB,Without mucin,C. secundus,B5P5,P5,22,DSM28864/177,"C. secundus
(DSM28864/177)",B5,22,1,0,2,GMM+LAB
GMM+LAB,Without mucin,C. secundus,B5P5,P5,23,DSM28864/177,"C. secundus
(DSM28864/177)",B5,23,1,0,2,GMM+LAB
GMM+LAB,Without mucin,C. secundus,B5P5,P5,24,DSM28864/177,"C. secundus
(DSM28864/177)",B5,24,1,0,2,GMM+LAB
GMM+LAB,Without mucin,C. secundus,B5P5,P5,25,DSM28864/177,"C. secundus
(DSM28864/177)",B5,25,1,0,2,GMM+LAB
GMM+LAB,Without mucin,C. secundus,B5P5,P5,26,DSM28864/177,"C. secundus
(DSM28864/177)",B5,26,1,0,2,GMM+LAB
GMM+LAB,Without mucin,C. secundus,B5P5,P5,27,DSM28864/177,"C. secundus
(DSM28864/177)",B5,27,1,0,2,GMM+LAB
GMM+LAB,Without mucin,C. secundus,B5P5,P5,28,DSM28864/177,"C. secundus
(DSM28864/177)",B5,28,1,0,2,GMM+LAB
GMM+LAB,Without mucin,C. secundus,B5P5,P5,29,DSM28864/177,"C. secundus
(DSM28864/177)",B5,29,1,0,2,GMM+LAB
GMM+LAB,Without mucin,C. secundus,B5P5,P5,30,DSM28864/177,"C. secundus
(DSM28864/177)",B5,30,1,0,2,GMM+LAB
GMM+LAB,Without mucin,C. secundus,D5P5,P5,0.5,DSM28864/177,"C. secundus
(DSM28864/177)",D5,0.5,1,0,4,GMM+LAB
GMM+LAB,Without mucin,C. secundus,D5P5,P5,1,DSM28864/177,"C. secundus
(DSM28864/177)",D5,1,1,0,4,GMM+LAB
GMM+LAB,Without mucin,C. secundus,D5P5,P5,2,DSM28864/177,"C. secundus
(DSM28864/177)",D5,2,1,0,4,GMM+LAB
GMM+LAB,Without mucin,C. secundus,D5P5,P5,3,DSM28864/177,"C. secundus
(DSM28864/177)",D5,3,1,0,4,GMM+LAB
GMM+LAB,Without mucin,C. secundus,D5P5,P5,4,DSM28864/177,"C. secundus
(DSM28864/177)",D5,4,1,0,4,GMM+LAB
GMM+LAB,Without mucin,C. secundus,D5P5,P5,5,DSM28864/177,"C. secundus
(DSM28864/177)",D5,5,1,0,4,GMM+LAB
GMM+LAB,Without mucin,C. secundus,D5P5,P5,6,DSM28864/177,"C. secundus
(DSM28864/177)",D5,6,1,0,4,GMM+LAB
GMM+LAB,Without mucin,C. secundus,D5P5,P5,7,DSM28864/177,"C. secundus
(DSM28864/177)",D5,7,1,0,4,GMM+LAB
GMM+LAB,Without mucin,C. secundus,D5P5,P5,8,DSM28864/177,"C. secundus
(DSM28864/177)",D5,8,1,0,4,GMM+LAB
GMM+LAB,Without mucin,C. secundus,D5P5,P5,9,DSM28864/177,"C. secundus
(DSM28864/177)",D5,9,1,0,4,GMM+LAB
GMM+LAB,Without mucin,C. secundus,D5P5,P5,10,DSM28864/177,"C. secundus
(DSM28864/177)",D5,10,1,0,4,GMM+LAB
GMM+LAB,Without mucin,C. secundus,D5P5,P5,11,DSM28864/177,"C. secundus
(DSM28864/177)",D5,11,1,0,4,GMM+LAB
GMM+LAB,Without mucin,C. secundus,D5P5,P5,12,DSM28864/177,"C. secundus
(DSM28864/177)",D5,12,1,0,4,GMM+LAB
GMM+LAB,Without mucin,C. secundus,D5P5,P5,13,DSM28864/177,"C. secundus
(DSM28864/177)",D5,13,1,0,4,GMM+LAB
GMM+LAB,Without mucin,C. secundus,D5P5,P5,14,DSM28864/177,"C. secundus
(DSM28864/177)",D5,14,1,0,4,GMM+LAB
GMM+LAB,Without mucin,C. secundus,D5P5,P5,15,DSM28864/177,"C. secundus
(DSM28864/177)",D5,15,1,0,4,GMM+LAB
GMM+LAB,Without mucin,C. secundus,D5P5,P5,16,DSM28864/177,"C. secundus
(DSM28864/177)",D5,16,1,0,4,GMM+LAB
GMM+LAB,Without mucin,C. secundus,D5P5,P5,17,DSM28864/177,"C. secundus
(DSM28864/177)",D5,17,1,0,4,GMM+LAB
GMM+LAB,Without mucin,C. secundus,D5P5,P5,18,DSM28864/177,"C. secundus
(DSM28864/177)",D5,18,1,0,4,GMM+LAB
GMM+LAB,Without mucin,C. secundus,D5P5,P5,19,DSM28864/177,"C. secundus
(DSM28864/177)",D5,19,1,0,4,GMM+LAB
GMM+LAB,Without mucin,C. secundus,D5P5,P5,20,DSM28864/177,"C. secundus
(DSM28864/177)",D5,20,1,0,4,GMM+LAB
GMM+LAB,Without mucin,C. secundus,D5P5,P5,21,DSM28864/177,"C. secundus
(DSM28864/177)",D5,21,1,0,4,GMM+LAB
GMM+LAB,Without mucin,C. secundus,D5P5,P5,22,DSM28864/177,"C. secundus
(DSM28864/177)",D5,22,1,0,4,GMM+LAB
GMM+LAB,Without mucin,C. secundus,D5P5,P5,23,DSM28864/177,"C. secundus
(DSM28864/177)",D5,23,1,0,4,GMM+LAB
GMM+LAB,Without mucin,C. secundus,D5P5,P5,24,DSM28864/177,"C. secundus
(DSM28864/177)",D5,24,1,0,4,GMM+LAB
GMM+LAB,Without mucin,C. secundus,D5P5,P5,25,DSM28864/177,"C. secundus
(DSM28864/177)",D5,25,1,0,4,GMM+LAB
GMM+LAB,Without mucin,C. secundus,D5P5,P5,26,DSM28864/177,"C. secundus
(DSM28864/177)",D5,26,1,0,4,GMM+LAB
GMM+LAB,Without mucin,C. secundus,D5P5,P5,27,DSM28864/177,"C. secundus
(DSM28864/177)",D5,27,1,0,4,GMM+LAB
GMM+LAB,Without mucin,C. secundus,D5P5,P5,28,DSM28864/177,"C. secundus
(DSM28864/177)",D5,28,1,0,4,GMM+LAB
GMM+LAB,Without mucin,C. secundus,D5P5,P5,29,DSM28864/177,"C. secundus
(DSM28864/177)",D5,29,1,0,4,GMM+LAB
GMM+LAB,Without mucin,C. secundus,D5P5,P5,30,DSM28864/177,"C. secundus
(DSM28864/177)",D5,30,1,0,4,GMM+LAB
GMM+LAB,Without mucin,C. secundus,A5P5,P5,0.5,DSM28864/177,"C. secundus
(DSM28864/177)",A5,0.5,1,0.002800000000000003,1,GMM+LAB
GMM+LAB,Without mucin,C. secundus,A5P5,P5,1,DSM28864/177,"C. secundus
(DSM28864/177)",A5,1,1,0,1,GMM+LAB
GMM+LAB,Without mucin,C. secundus,A5P5,P5,2,DSM28864/177,"C. secundus
(DSM28864/177)",A5,2,1,0,1,GMM+LAB
GMM+LAB,Without mucin,C. secundus,A5P5,P5,3,DSM28864/177,"C. secundus
(DSM28864/177)",A5,3,1,0,1,GMM+LAB
GMM+LAB,Without mucin,C. secundus,A5P5,P5,4,DSM28864/177,"C. secundus
(DSM28864/177)",A5,4,1,0,1,GMM+LAB
GMM+LAB,Without mucin,C. secundus,A5P5,P5,5,DSM28864/177,"C. secundus
(DSM28864/177)",A5,5,1,0,1,GMM+LAB
GMM+LAB,Without mucin,C. secundus,A5P5,P5,6,DSM28864/177,"C. secundus
(DSM28864/177)",A5,6,1,0,1,GMM+LAB
GMM+LAB,Without mucin,C. secundus,A5P5,P5,7,DSM28864/177,"C. secundus
(DSM28864/177)",A5,7,1,0,1,GMM+LAB
GMM+LAB,Without mucin,C. secundus,A5P5,P5,8,DSM28864/177,"C. secundus
(DSM28864/177)",A5,8,1,0,1,GMM+LAB
GMM+LAB,Without mucin,C. secundus,A5P5,P5,9,DSM28864/177,"C. secundus
(DSM28864/177)",A5,9,1,0,1,GMM+LAB
GMM+LAB,Without mucin,C. secundus,A5P5,P5,10,DSM28864/177,"C. secundus
(DSM28864/177)",A5,10,1,0,1,GMM+LAB
GMM+LAB,Without mucin,C. secundus,A5P5,P5,11,DSM28864/177,"C. secundus
(DSM28864/177)",A5,11,1,0,1,GMM+LAB
GMM+LAB,Without mucin,C. secundus,A5P5,P5,12,DSM28864/177,"C. secundus
(DSM28864/177)",A5,12,1,0,1,GMM+LAB
GMM+LAB,Without mucin,C. secundus,A5P5,P5,13,DSM28864/177,"C. secundus
(DSM28864/177)",A5,13,1,0,1,GMM+LAB
GMM+LAB,Without mucin,C. secundus,A5P5,P5,14,DSM28864/177,"C. secundus
(DSM28864/177)",A5,14,1,0,1,GMM+LAB
GMM+LAB,Without mucin,C. secundus,A5P5,P5,15,DSM28864/177,"C. secundus
(DSM28864/177)",A5,15,1,0,1,GMM+LAB
GMM+LAB,Without mucin,C. secundus,A5P5,P5,16,DSM28864/177,"C. secundus
(DSM28864/177)",A5,16,1,0,1,GMM+LAB
GMM+LAB,Without mucin,C. secundus,A5P5,P5,17,DSM28864/177,"C. secundus
(DSM28864/177)",A5,17,1,0,1,GMM+LAB
GMM+LAB,Without mucin,C. secundus,A5P5,P5,18,DSM28864/177,"C. secundus
(DSM28864/177)",A5,18,1,0,1,GMM+LAB
GMM+LAB,Without mucin,C. secundus,A5P5,P5,19,DSM28864/177,"C. secundus
(DSM28864/177)",A5,19,1,0,1,GMM+LAB
GMM+LAB,Without mucin,C. secundus,A5P5,P5,20,DSM28864/177,"C. secundus
(DSM28864/177)",A5,20,1,0,1,GMM+LAB
GMM+LAB,Without mucin,C. secundus,A5P5,P5,21,DSM28864/177,"C. secundus
(DSM28864/177)",A5,21,1,0,1,GMM+LAB
GMM+LAB,Without mucin,C. secundus,A5P5,P5,22,DSM28864/177,"C. secundus
(DSM28864/177)",A5,22,1,0,1,GMM+LAB
GMM+LAB,Without mucin,C. secundus,A5P5,P5,23,DSM28864/177,"C. secundus
(DSM28864/177)",A5,23,1,0,1,GMM+LAB
GMM+LAB,Without mucin,C. secundus,A5P5,P5,24,DSM28864/177,"C. secundus
(DSM28864/177)",A5,24,1,0,1,GMM+LAB
GMM+LAB,Without mucin,C. secundus,A5P5,P5,25,DSM28864/177,"C. secundus
(DSM28864/177)",A5,25,1,0,1,GMM+LAB
GMM+LAB,Without mucin,C. secundus,A5P5,P5,26,DSM28864/177,"C. secundus
(DSM28864/177)",A5,26,1,0,1,GMM+LAB
GMM+LAB,Without mucin,C. secundus,A5P5,P5,27,DSM28864/177,"C. secundus
(DSM28864/177)",A5,27,1,0,1,GMM+LAB
GMM+LAB,Without mucin,C. secundus,A5P5,P5,28,DSM28864/177,"C. secundus
(DSM28864/177)",A5,28,1,0,1,GMM+LAB
GMM+LAB,Without mucin,C. secundus,A5P5,P5,29,DSM28864/177,"C. secundus
(DSM28864/177)",A5,29,1,0,1,GMM+LAB
GMM+LAB,Without mucin,C. secundus,A5P5,P5,30,DSM28864/177,"C. secundus
(DSM28864/177)",A5,30,1,0,1,GMM+LAB
SB,With mucin,C. secundus,E9P5,P5,0.5,DSM28864/177,"C. secundus
(DSM28864/177)",E9,0.5,1,0,3,SB
SB,With mucin,C. secundus,E9P5,P5,1,DSM28864/177,"C. secundus
(DSM28864/177)",E9,1,1,0,3,SB
SB,With mucin,C. secundus,E9P5,P5,2,DSM28864/177,"C. secundus
(DSM28864/177)",E9,2,1,0.011999999999999999,3,SB
SB,With mucin,C. secundus,E9P5,P5,3,DSM28864/177,"C. secundus
(DSM28864/177)",E9,3,1,0.021999999999999978,3,SB
SB,With mucin,C. secundus,E9P5,P5,4,DSM28864/177,"C. secundus
(DSM28864/177)",E9,4,1,0.030999999999999986,3,SB
SB,With mucin,C. secundus,E9P5,P5,5,DSM28864/177,"C. secundus
(DSM28864/177)",E9,5,1,0.03399999999999999,3,SB
SB,With mucin,C. secundus,E9P5,P5,6,DSM28864/177,"C. secundus
(DSM28864/177)",E9,6,1,0.041999999999999996,3,SB
SB,With mucin,C. secundus,E9P5,P5,7,DSM28864/177,"C. secundus
(DSM28864/177)",E9,7,1,0.048999999999999995,3,SB
SB,With mucin,C. secundus,E9P5,P5,8,DSM28864/177,"C. secundus
(DSM28864/177)",E9,8,1,0.05800000000000002,3,SB
SB,With mucin,C. secundus,E9P5,P5,9,DSM28864/177,"C. secundus
(DSM28864/177)",E9,9,1,0.06399999999999997,3,SB
SB,With mucin,C. secundus,E9P5,P5,10,DSM28864/177,"C. secundus
(DSM28864/177)",E9,10,1,0.07699999999999997,3,SB
SB,With mucin,C. secundus,E9P5,P5,11,DSM28864/177,"C. secundus
(DSM28864/177)",E9,11,1,0.08199999999999999,3,SB
SB,With mucin,C. secundus,E9P5,P5,12,DSM28864/177,"C. secundus
(DSM28864/177)",E9,12,1,0.095,3,SB
SB,With mucin,C. secundus,E9P5,P5,13,DSM28864/177,"C. secundus
(DSM28864/177)",E9,13,1,0.109,3,SB
SB,With mucin,C. secundus,E9P5,P5,14,DSM28864/177,"C. secundus
(DSM28864/177)",E9,14,1,0.12200000000000001,3,SB
SB,With mucin,C. secundus,E9P5,P5,15,DSM28864/177,"C. secundus
(DSM28864/177)",E9,15,1,0.141,3,SB
SB,With mucin,C. secundus,E9P5,P5,16,DSM28864/177,"C. secundus
(DSM28864/177)",E9,16,1,0.16,3,SB
SB,With mucin,C. secundus,E9P5,P5,17,DSM28864/177,"C. secundus
(DSM28864/177)",E9,17,1,0.19,3,SB
SB,With mucin,C. secundus,E9P5,P5,18,DSM28864/177,"C. secundus
(DSM28864/177)",E9,18,1,0.216,3,SB
SB,With mucin,C. secundus,E9P5,P5,19,DSM28864/177,"C. secundus
(DSM28864/177)",E9,19,1,0.244,3,SB
SB,With mucin,C. secundus,E9P5,P5,20,DSM28864/177,"C. secundus
(DSM28864/177)",E9,20,1,0.27799999999999997,3,SB
SB,With mucin,C. secundus,E9P5,P5,21,DSM28864/177,"C. secundus
(DSM28864/177)",E9,21,1,0.305,3,SB
SB,With mucin,C. secundus,E9P5,P5,22,DSM28864/177,"C. secundus
(DSM28864/177)",E9,22,1,0.345,3,SB
SB,With mucin,C. secundus,E9P5,P5,23,DSM28864/177,"C. secundus
(DSM28864/177)",E9,23,1,0.379,3,SB
SB,With mucin,C. secundus,E9P5,P5,24,DSM28864/177,"C. secundus
(DSM28864/177)",E9,24,1,0.409,3,SB
SB,With mucin,C. secundus,E9P5,P5,25,DSM28864/177,"C. secundus
(DSM28864/177)",E9,25,1,0.434,3,SB
SB,With mucin,C. secundus,E9P5,P5,26,DSM28864/177,"C. secundus
(DSM28864/177)",E9,26,1,0.46499999999999997,3,SB
SB,With mucin,C. secundus,E9P5,P5,27,DSM28864/177,"C. secundus
(DSM28864/177)",E9,27,1,0.484,3,SB
SB,With mucin,C. secundus,E9P5,P5,28,DSM28864/177,"C. secundus
(DSM28864/177)",E9,28,1,0.492,3,SB
SB,With mucin,C. secundus,E9P5,P5,29,DSM28864/177,"C. secundus
(DSM28864/177)",E9,29,1,0.5029999999999999,3,SB
SB,With mucin,C. secundus,E9P5,P5,30,DSM28864/177,"C. secundus
(DSM28864/177)",E9,30,1,0.5089999999999999,3,SB
SB,With mucin,C. secundus,E7P5,P5,0.5,DSM28864/177,"C. secundus
(DSM28864/177)",E7,0.5,1,0,1,SB
SB,With mucin,C. secundus,E7P5,P5,1,DSM28864/177,"C. secundus
(DSM28864/177)",E7,1,1,0,1,SB
SB,With mucin,C. secundus,E7P5,P5,2,DSM28864/177,"C. secundus
(DSM28864/177)",E7,2,1,0.007000000000000018,1,SB
SB,With mucin,C. secundus,E7P5,P5,3,DSM28864/177,"C. secundus
(DSM28864/177)",E7,3,1,0.01699999999999998,1,SB
SB,With mucin,C. secundus,E7P5,P5,4,DSM28864/177,"C. secundus
(DSM28864/177)",E7,4,1,0.015999999999999973,1,SB
SB,With mucin,C. secundus,E7P5,P5,5,DSM28864/177,"C. secundus
(DSM28864/177)",E7,5,1,0.019999999999999983,1,SB
SB,With mucin,C. secundus,E7P5,P5,6,DSM28864/177,"C. secundus
(DSM28864/177)",E7,6,1,0.03299999999999999,1,SB
SB,With mucin,C. secundus,E7P5,P5,7,DSM28864/177,"C. secundus
(DSM28864/177)",E7,7,1,0.041999999999999996,1,SB
SB,With mucin,C. secundus,E7P5,P5,8,DSM28864/177,"C. secundus
(DSM28864/177)",E7,8,1,0.044,1,SB
SB,With mucin,C. secundus,E7P5,P5,9,DSM28864/177,"C. secundus
(DSM28864/177)",E7,9,1,0.049999999999999996,1,SB
SB,With mucin,C. secundus,E7P5,P5,10,DSM28864/177,"C. secundus
(DSM28864/177)",E7,10,1,0.056000000000000015,1,SB
SB,With mucin,C. secundus,E7P5,P5,11,DSM28864/177,"C. secundus
(DSM28864/177)",E7,11,1,0.05800000000000002,1,SB
SB,With mucin,C. secundus,E7P5,P5,12,DSM28864/177,"C. secundus
(DSM28864/177)",E7,12,1,0.06400000000000004,1,SB
SB,With mucin,C. secundus,E7P5,P5,13,DSM28864/177,"C. secundus
(DSM28864/177)",E7,13,1,0.06900000000000002,1,SB
SB,With mucin,C. secundus,E7P5,P5,14,DSM28864/177,"C. secundus
(DSM28864/177)",E7,14,1,0.07799999999999997,1,SB
SB,With mucin,C. secundus,E7P5,P5,15,DSM28864/177,"C. secundus
(DSM28864/177)",E7,15,1,0.087,1,SB
SB,With mucin,C. secundus,E7P5,P5,16,DSM28864/177,"C. secundus
(DSM28864/177)",E7,16,1,0.101,1,SB
SB,With mucin,C. secundus,E7P5,P5,17,DSM28864/177,"C. secundus
(DSM28864/177)",E7,17,1,0.13499999999999998,1,SB
SB,With mucin,C. secundus,E7P5,P5,18,DSM28864/177,"C. secundus
(DSM28864/177)",E7,18,1,0.152,1,SB
SB,With mucin,C. secundus,E7P5,P5,19,DSM28864/177,"C. secundus
(DSM28864/177)",E7,19,1,0.174,1,SB
SB,With mucin,C. secundus,E7P5,P5,20,DSM28864/177,"C. secundus
(DSM28864/177)",E7,20,1,0.193,1,SB
SB,With mucin,C. secundus,E7P5,P5,21,DSM28864/177,"C. secundus
(DSM28864/177)",E7,21,1,0.22699999999999998,1,SB
SB,With mucin,C. secundus,E7P5,P5,22,DSM28864/177,"C. secundus
(DSM28864/177)",E7,22,1,0.27,1,SB
SB,With mucin,C. secundus,E7P5,P5,23,DSM28864/177,"C. secundus
(DSM28864/177)",E7,23,1,0.307,1,SB
SB,With mucin,C. secundus,E7P5,P5,24,DSM28864/177,"C. secundus
(DSM28864/177)",E7,24,1,0.33899999999999997,1,SB
SB,With mucin,C. secundus,E7P5,P5,25,DSM28864/177,"C. secundus
(DSM28864/177)",E7,25,1,0.378,1,SB
SB,With mucin,C. secundus,E7P5,P5,26,DSM28864/177,"C. secundus
(DSM28864/177)",E7,26,1,0.415,1,SB
SB,With mucin,C. secundus,E7P5,P5,27,DSM28864/177,"C. secundus
(DSM28864/177)",E7,27,1,0.451,1,SB
SB,With mucin,C. secundus,E7P5,P5,28,DSM28864/177,"C. secundus
(DSM28864/177)",E7,28,1,0.46499999999999997,1,SB
SB,With mucin,C. secundus,E7P5,P5,29,DSM28864/177,"C. secundus
(DSM28864/177)",E7,29,1,0.474,1,SB
SB,With mucin,C. secundus,E7P5,P5,30,DSM28864/177,"C. secundus
(DSM28864/177)",E7,30,1,0.489,1,SB
SB,With mucin,C. secundus,E8P5,P5,0.5,DSM28864/177,"C. secundus
(DSM28864/177)",E8,0.5,1,0,2,SB
SB,With mucin,C. secundus,E8P5,P5,1,DSM28864/177,"C. secundus
(DSM28864/177)",E8,1,1,0,2,SB
SB,With mucin,C. secundus,E8P5,P5,2,DSM28864/177,"C. secundus
(DSM28864/177)",E8,2,1,0.007000000000000001,2,SB
SB,With mucin,C. secundus,E8P5,P5,3,DSM28864/177,"C. secundus
(DSM28864/177)",E8,3,1,0.013999999999999969,2,SB
SB,With mucin,C. secundus,E8P5,P5,4,DSM28864/177,"C. secundus
(DSM28864/177)",E8,4,1,0.01799999999999998,2,SB
SB,With mucin,C. secundus,E8P5,P5,5,DSM28864/177,"C. secundus
(DSM28864/177)",E8,5,1,0.021999999999999978,2,SB
SB,With mucin,C. secundus,E8P5,P5,6,DSM28864/177,"C. secundus
(DSM28864/177)",E8,6,1,0.029999999999999985,2,SB
SB,With mucin,C. secundus,E8P5,P5,7,DSM28864/177,"C. secundus
(DSM28864/177)",E8,7,1,0.038,2,SB
SB,With mucin,C. secundus,E8P5,P5,8,DSM28864/177,"C. secundus
(DSM28864/177)",E8,8,1,0.04,2,SB
SB,With mucin,C. secundus,E8P5,P5,9,DSM28864/177,"C. secundus
(DSM28864/177)",E8,9,1,0.048,2,SB
SB,With mucin,C. secundus,E8P5,P5,10,DSM28864/177,"C. secundus
(DSM28864/177)",E8,10,1,0.056000000000000015,2,SB
SB,With mucin,C. secundus,E8P5,P5,11,DSM28864/177,"C. secundus
(DSM28864/177)",E8,11,1,0.06399999999999997,2,SB
SB,With mucin,C. secundus,E8P5,P5,12,DSM28864/177,"C. secundus
(DSM28864/177)",E8,12,1,0.07399999999999998,2,SB
SB,With mucin,C. secundus,E8P5,P5,13,DSM28864/177,"C. secundus
(DSM28864/177)",E8,13,1,0.08499999999999999,2,SB
SB,With mucin,C. secundus,E8P5,P5,14,DSM28864/177,"C. secundus
(DSM28864/177)",E8,14,1,0.096,2,SB
SB,With mucin,C. secundus,E8P5,P5,15,DSM28864/177,"C. secundus
(DSM28864/177)",E8,15,1,0.10600000000000001,2,SB
SB,With mucin,C. secundus,E8P5,P5,16,DSM28864/177,"C. secundus
(DSM28864/177)",E8,16,1,0.126,2,SB
SB,With mucin,C. secundus,E8P5,P5,17,DSM28864/177,"C. secundus
(DSM28864/177)",E8,17,1,0.156,2,SB
SB,With mucin,C. secundus,E8P5,P5,18,DSM28864/177,"C. secundus
(DSM28864/177)",E8,18,1,0.189,2,SB
SB,With mucin,C. secundus,E8P5,P5,19,DSM28864/177,"C. secundus
(DSM28864/177)",E8,19,1,0.22899999999999998,2,SB
SB,With mucin,C. secundus,E8P5,P5,20,DSM28864/177,"C. secundus
(DSM28864/177)",E8,20,1,0.264,2,SB
SB,With mucin,C. secundus,E8P5,P5,21,DSM28864/177,"C. secundus
(DSM28864/177)",E8,21,1,0.302,2,SB
SB,With mucin,C. secundus,E8P5,P5,22,DSM28864/177,"C. secundus
(DSM28864/177)",E8,22,1,0.3409999999999999,2,SB
SB,With mucin,C. secundus,E8P5,P5,23,DSM28864/177,"C. secundus
(DSM28864/177)",E8,23,1,0.377,2,SB
SB,With mucin,C. secundus,E8P5,P5,24,DSM28864/177,"C. secundus
(DSM28864/177)",E8,24,1,0.413,2,SB
SB,With mucin,C. secundus,E8P5,P5,25,DSM28864/177,"C. secundus
(DSM28864/177)",E8,25,1,0.438,2,SB
SB,With mucin,C. secundus,E8P5,P5,26,DSM28864/177,"C. secundus
(DSM28864/177)",E8,26,1,0.46099999999999997,2,SB
SB,With mucin,C. secundus,E8P5,P5,27,DSM28864/177,"C. secundus
(DSM28864/177)",E8,27,1,0.477,2,SB
SB,With mucin,C. secundus,E8P5,P5,28,DSM28864/177,"C. secundus
(DSM28864/177)",E8,28,1,0.4869999999999999,2,SB
SB,With mucin,C. secundus,E8P5,P5,29,DSM28864/177,"C. secundus
(DSM28864/177)",E8,29,1,0.4949999999999999,2,SB
SB,With mucin,C. secundus,E8P5,P5,30,DSM28864/177,"C. secundus
(DSM28864/177)",E8,30,1,0.506,2,SB
SB,Without mucin,C. secundus,E3P5,P5,0.5,DSM28864/177,"C. secundus
(DSM28864/177)",E3,0.5,1,0,3,SB
SB,Without mucin,C. secundus,E3P5,P5,1,DSM28864/177,"C. secundus
(DSM28864/177)",E3,1,1,0,3,SB
SB,Without mucin,C. secundus,E3P5,P5,2,DSM28864/177,"C. secundus
(DSM28864/177)",E3,2,1,0.01,3,SB
SB,Without mucin,C. secundus,E3P5,P5,3,DSM28864/177,"C. secundus
(DSM28864/177)",E3,3,1,0.018000000000000002,3,SB
SB,Without mucin,C. secundus,E3P5,P5,4,DSM28864/177,"C. secundus
(DSM28864/177)",E3,4,1,0.018000000000000002,3,SB
SB,Without mucin,C. secundus,E3P5,P5,5,DSM28864/177,"C. secundus
(DSM28864/177)",E3,5,1,0.02100000000000001,3,SB
SB,Without mucin,C. secundus,E3P5,P5,6,DSM28864/177,"C. secundus
(DSM28864/177)",E3,6,1,0.023000000000000007,3,SB
SB,Without mucin,C. secundus,E3P5,P5,7,DSM28864/177,"C. secundus
(DSM28864/177)",E3,7,1,0.023000000000000007,3,SB
SB,Without mucin,C. secundus,E3P5,P5,8,DSM28864/177,"C. secundus
(DSM28864/177)",E3,8,1,0.024000000000000007,3,SB
SB,Without mucin,C. secundus,E3P5,P5,9,DSM28864/177,"C. secundus
(DSM28864/177)",E3,9,1,0.023000000000000007,3,SB
SB,Without mucin,C. secundus,E3P5,P5,10,DSM28864/177,"C. secundus
(DSM28864/177)",E3,10,1,0.025,3,SB
SB,Without mucin,C. secundus,E3P5,P5,11,DSM28864/177,"C. secundus
(DSM28864/177)",E3,11,1,0.02800000000000001,3,SB
SB,Without mucin,C. secundus,E3P5,P5,12,DSM28864/177,"C. secundus
(DSM28864/177)",E3,12,1,0.03499999999999999,3,SB
SB,Without mucin,C. secundus,E3P5,P5,13,DSM28864/177,"C. secundus
(DSM28864/177)",E3,13,1,0.048999999999999995,3,SB
SB,Without mucin,C. secundus,E3P5,P5,14,DSM28864/177,"C. secundus
(DSM28864/177)",E3,14,1,0.06100000000000002,3,SB
SB,Without mucin,C. secundus,E3P5,P5,15,DSM28864/177,"C. secundus
(DSM28864/177)",E3,15,1,0.06899999999999999,3,SB
SB,Without mucin,C. secundus,E3P5,P5,16,DSM28864/177,"C. secundus
(DSM28864/177)",E3,16,1,0.07900000000000001,3,SB
SB,Without mucin,C. secundus,E3P5,P5,17,DSM28864/177,"C. secundus
(DSM28864/177)",E3,17,1,0.096,3,SB
SB,Without mucin,C. secundus,E3P5,P5,18,DSM28864/177,"C. secundus
(DSM28864/177)",E3,18,1,0.10400000000000001,3,SB
SB,Without mucin,C. secundus,E3P5,P5,19,DSM28864/177,"C. secundus
(DSM28864/177)",E3,19,1,0.109,3,SB
SB,Without mucin,C. secundus,E3P5,P5,20,DSM28864/177,"C. secundus
(DSM28864/177)",E3,20,1,0.12200000000000001,3,SB
SB,Without mucin,C. secundus,E3P5,P5,21,DSM28864/177,"C. secundus
(DSM28864/177)",E3,21,1,0.12300000000000001,3,SB
SB,Without mucin,C. secundus,E3P5,P5,22,DSM28864/177,"C. secundus
(DSM28864/177)",E3,22,1,0.127,3,SB
SB,Without mucin,C. secundus,E3P5,P5,23,DSM28864/177,"C. secundus
(DSM28864/177)",E3,23,1,0.13399999999999998,3,SB
SB,Without mucin,C. secundus,E3P5,P5,24,DSM28864/177,"C. secundus
(DSM28864/177)",E3,24,1,0.13299999999999998,3,SB
SB,Without mucin,C. secundus,E3P5,P5,25,DSM28864/177,"C. secundus
(DSM28864/177)",E3,25,1,0.147,3,SB
SB,Without mucin,C. secundus,E3P5,P5,26,DSM28864/177,"C. secundus
(DSM28864/177)",E3,26,1,0.16,3,SB
SB,Without mucin,C. secundus,E3P5,P5,27,DSM28864/177,"C. secundus
(DSM28864/177)",E3,27,1,0.16999999999999998,3,SB
SB,Without mucin,C. secundus,E3P5,P5,28,DSM28864/177,"C. secundus
(DSM28864/177)",E3,28,1,0.187,3,SB
SB,Without mucin,C. secundus,E3P5,P5,29,DSM28864/177,"C. secundus
(DSM28864/177)",E3,29,1,0.19699999999999998,3,SB
SB,Without mucin,C. secundus,E3P5,P5,30,DSM28864/177,"C. secundus
(DSM28864/177)",E3,30,1,0.211,3,SB
SB,Without mucin,C. secundus,E2P5,P5,0.5,DSM28864/177,"C. secundus
(DSM28864/177)",E2,0.5,1,0,2,SB
SB,Without mucin,C. secundus,E2P5,P5,1,DSM28864/177,"C. secundus
(DSM28864/177)",E2,1,1,0,2,SB
SB,Without mucin,C. secundus,E2P5,P5,2,DSM28864/177,"C. secundus
(DSM28864/177)",E2,2,1,0.011999999999999999,2,SB
SB,Without mucin,C. secundus,E2P5,P5,3,DSM28864/177,"C. secundus
(DSM28864/177)",E2,3,1,0.020999999999999977,2,SB
SB,Without mucin,C. secundus,E2P5,P5,4,DSM28864/177,"C. secundus
(DSM28864/177)",E2,4,1,0.021999999999999978,2,SB
SB,Without mucin,C. secundus,E2P5,P5,5,DSM28864/177,"C. secundus
(DSM28864/177)",E2,5,1,0.03399999999999999,2,SB
SB,Without mucin,C. secundus,E2P5,P5,6,DSM28864/177,"C. secundus
(DSM28864/177)",E2,6,1,0.03499999999999999,2,SB
SB,Without mucin,C. secundus,E2P5,P5,7,DSM28864/177,"C. secundus
(DSM28864/177)",E2,7,1,0.036,2,SB
SB,Without mucin,C. secundus,E2P5,P5,8,DSM28864/177,"C. secundus
(DSM28864/177)",E2,8,1,0.037,2,SB
SB,Without mucin,C. secundus,E2P5,P5,9,DSM28864/177,"C. secundus
(DSM28864/177)",E2,9,1,0.041999999999999996,2,SB
SB,Without mucin,C. secundus,E2P5,P5,10,DSM28864/177,"C. secundus
(DSM28864/177)",E2,10,1,0.045,2,SB
SB,Without mucin,C. secundus,E2P5,P5,11,DSM28864/177,"C. secundus
(DSM28864/177)",E2,11,1,0.044,2,SB
SB,Without mucin,C. secundus,E2P5,P5,12,DSM28864/177,"C. secundus
(DSM28864/177)",E2,12,1,0.036,2,SB
SB,Without mucin,C. secundus,E2P5,P5,13,DSM28864/177,"C. secundus
(DSM28864/177)",E2,13,1,0.048999999999999995,2,SB
SB,Without mucin,C. secundus,E2P5,P5,14,DSM28864/177,"C. secundus
(DSM28864/177)",E2,14,1,0.05899999999999999,2,SB
SB,Without mucin,C. secundus,E2P5,P5,15,DSM28864/177,"C. secundus
(DSM28864/177)",E2,15,1,0.063,2,SB
SB,Without mucin,C. secundus,E2P5,P5,16,DSM28864/177,"C. secundus
(DSM28864/177)",E2,16,1,0.07600000000000001,2,SB
SB,Without mucin,C. secundus,E2P5,P5,17,DSM28864/177,"C. secundus
(DSM28864/177)",E2,17,1,0.08000000000000002,2,SB
SB,Without mucin,C. secundus,E2P5,P5,18,DSM28864/177,"C. secundus
(DSM28864/177)",E2,18,1,0.08000000000000002,2,SB
SB,Without mucin,C. secundus,E2P5,P5,19,DSM28864/177,"C. secundus
(DSM28864/177)",E2,19,1,0.09000000000000001,2,SB
SB,Without mucin,C. secundus,E2P5,P5,20,DSM28864/177,"C. secundus
(DSM28864/177)",E2,20,1,0.096,2,SB
SB,Without mucin,C. secundus,E2P5,P5,21,DSM28864/177,"C. secundus
(DSM28864/177)",E2,21,1,0.116,2,SB
SB,Without mucin,C. secundus,E2P5,P5,22,DSM28864/177,"C. secundus
(DSM28864/177)",E2,22,1,0.115,2,SB
SB,Without mucin,C. secundus,E2P5,P5,23,DSM28864/177,"C. secundus
(DSM28864/177)",E2,23,1,0.111,2,SB
SB,Without mucin,C. secundus,E2P5,P5,24,DSM28864/177,"C. secundus
(DSM28864/177)",E2,24,1,0.13,2,SB
SB,Without mucin,C. secundus,E2P5,P5,25,DSM28864/177,"C. secundus
(DSM28864/177)",E2,25,1,0.125,2,SB
SB,Without mucin,C. secundus,E2P5,P5,26,DSM28864/177,"C. secundus
(DSM28864/177)",E2,26,1,0.151,2,SB
SB,Without mucin,C. secundus,E2P5,P5,27,DSM28864/177,"C. secundus
(DSM28864/177)",E2,27,1,0.16999999999999998,2,SB
SB,Without mucin,C. secundus,E2P5,P5,28,DSM28864/177,"C. secundus
(DSM28864/177)",E2,28,1,0.182,2,SB
SB,Without mucin,C. secundus,E2P5,P5,29,DSM28864/177,"C. secundus
(DSM28864/177)",E2,29,1,0.207,2,SB
SB,Without mucin,C. secundus,E2P5,P5,30,DSM28864/177,"C. secundus
(DSM28864/177)",E2,30,1,0.222,2,SB
SB,Without mucin,C. secundus,E1P5,P5,0.5,DSM28864/177,"C. secundus
(DSM28864/177)",E1,0.5,1,0,1,SB
SB,Without mucin,C. secundus,E1P5,P5,1,DSM28864/177,"C. secundus
(DSM28864/177)",E1,1,1,1.0408340855860843e-17,1,SB
SB,Without mucin,C. secundus,E1P5,P5,2,DSM28864/177,"C. secundus
(DSM28864/177)",E1,2,1,0.013,1,SB
SB,Without mucin,C. secundus,E1P5,P5,3,DSM28864/177,"C. secundus
(DSM28864/177)",E1,3,1,0.02000000000000001,1,SB
SB,Without mucin,C. secundus,E1P5,P5,4,DSM28864/177,"C. secundus
(DSM28864/177)",E1,4,1,0.024000000000000007,1,SB
SB,Without mucin,C. secundus,E1P5,P5,5,DSM28864/177,"C. secundus
(DSM28864/177)",E1,5,1,0.02800000000000001,1,SB
SB,Without mucin,C. secundus,E1P5,P5,6,DSM28864/177,"C. secundus
(DSM28864/177)",E1,6,1,0.02800000000000001,1,SB
SB,Without mucin,C. secundus,E1P5,P5,7,DSM28864/177,"C. secundus
(DSM28864/177)",E1,7,1,0.029000000000000005,1,SB
SB,Without mucin,C. secundus,E1P5,P5,8,DSM28864/177,"C. secundus
(DSM28864/177)",E1,8,1,0.02800000000000001,1,SB
SB,Without mucin,C. secundus,E1P5,P5,9,DSM28864/177,"C. secundus
(DSM28864/177)",E1,9,1,0.029000000000000005,1,SB
SB,Without mucin,C. secundus,E1P5,P5,10,DSM28864/177,"C. secundus
(DSM28864/177)",E1,10,1,0.03200000000000002,1,SB
SB,Without mucin,C. secundus,E1P5,P5,11,DSM28864/177,"C. secundus
(DSM28864/177)",E1,11,1,0.038000000000000006,1,SB
SB,Without mucin,C. secundus,E1P5,P5,12,DSM28864/177,"C. secundus
(DSM28864/177)",E1,12,1,0.046,1,SB
SB,Without mucin,C. secundus,E1P5,P5,13,DSM28864/177,"C. secundus
(DSM28864/177)",E1,13,1,0.056000000000000015,1,SB
SB,Without mucin,C. secundus,E1P5,P5,14,DSM28864/177,"C. secundus
(DSM28864/177)",E1,14,1,0.06200000000000002,1,SB
SB,Without mucin,C. secundus,E1P5,P5,15,DSM28864/177,"C. secundus
(DSM28864/177)",E1,15,1,0.06600000000000003,1,SB
SB,Without mucin,C. secundus,E1P5,P5,16,DSM28864/177,"C. secundus
(DSM28864/177)",E1,16,1,0.06800000000000003,1,SB
SB,Without mucin,C. secundus,E1P5,P5,17,DSM28864/177,"C. secundus
(DSM28864/177)",E1,17,1,0.07600000000000005,1,SB
SB,Without mucin,C. secundus,E1P5,P5,18,DSM28864/177,"C. secundus
(DSM28864/177)",E1,18,1,0.07600000000000005,1,SB
SB,Without mucin,C. secundus,E1P5,P5,19,DSM28864/177,"C. secundus
(DSM28864/177)",E1,19,1,0.08400000000000005,1,SB
SB,Without mucin,C. secundus,E1P5,P5,20,DSM28864/177,"C. secundus
(DSM28864/177)",E1,20,1,0.097,1,SB
SB,Without mucin,C. secundus,E1P5,P5,21,DSM28864/177,"C. secundus
(DSM28864/177)",E1,21,1,0.10400000000000001,1,SB
SB,Without mucin,C. secundus,E1P5,P5,22,DSM28864/177,"C. secundus
(DSM28864/177)",E1,22,1,0.116,1,SB
SB,Without mucin,C. secundus,E1P5,P5,23,DSM28864/177,"C. secundus
(DSM28864/177)",E1,23,1,0.13099999999999998,1,SB
SB,Without mucin,C. secundus,E1P5,P5,24,DSM28864/177,"C. secundus
(DSM28864/177)",E1,24,1,0.13299999999999998,1,SB
SB,Without mucin,C. secundus,E1P5,P5,25,DSM28864/177,"C. secundus
(DSM28864/177)",E1,25,1,0.154,1,SB
SB,Without mucin,C. secundus,E1P5,P5,26,DSM28864/177,"C. secundus
(DSM28864/177)",E1,26,1,0.157,1,SB
SB,Without mucin,C. secundus,E1P5,P5,27,DSM28864/177,"C. secundus
(DSM28864/177)",E1,27,1,0.173,1,SB
SB,Without mucin,C. secundus,E1P5,P5,28,DSM28864/177,"C. secundus
(DSM28864/177)",E1,28,1,0.19,1,SB
SB,Without mucin,C. secundus,E1P5,P5,29,DSM28864/177,"C. secundus
(DSM28864/177)",E1,29,1,0.205,1,SB
SB,Without mucin,C. secundus,E1P5,P5,30,DSM28864/177,"C. secundus
(DSM28864/177)",E1,30,1,0.237,1,SB
WCA,With mucin,C. secundus,E8P3,P3,0.5,DSM28864/177,"C. secundus
(DSM28864/177)",E8,0.5,1,0,2,WCA
WCA,With mucin,C. secundus,E8P3,P3,1,DSM28864/177,"C. secundus
(DSM28864/177)",E8,1,1,0,2,WCA
WCA,With mucin,C. secundus,E8P3,P3,2,DSM28864/177,"C. secundus
(DSM28864/177)",E8,2,1,0.011000000000000001,2,WCA
WCA,With mucin,C. secundus,E8P3,P3,3,DSM28864/177,"C. secundus
(DSM28864/177)",E8,3,1,0.029000000000000005,2,WCA
WCA,With mucin,C. secundus,E8P3,P3,4,DSM28864/177,"C. secundus
(DSM28864/177)",E8,4,1,0.043,2,WCA
WCA,With mucin,C. secundus,E8P3,P3,5,DSM28864/177,"C. secundus
(DSM28864/177)",E8,5,1,0.06300000000000004,2,WCA
WCA,With mucin,C. secundus,E8P3,P3,6,DSM28864/177,"C. secundus
(DSM28864/177)",E8,6,1,0.08399999999999999,2,WCA
WCA,With mucin,C. secundus,E8P3,P3,7,DSM28864/177,"C. secundus
(DSM28864/177)",E8,7,1,0.10600000000000001,2,WCA
WCA,With mucin,C. secundus,E8P3,P3,8,DSM28864/177,"C. secundus
(DSM28864/177)",E8,8,1,0.13099999999999998,2,WCA
WCA,With mucin,C. secundus,E8P3,P3,9,DSM28864/177,"C. secundus
(DSM28864/177)",E8,9,1,0.147,2,WCA
WCA,With mucin,C. secundus,E8P3,P3,10,DSM28864/177,"C. secundus
(DSM28864/177)",E8,10,1,0.16199999999999998,2,WCA
WCA,With mucin,C. secundus,E8P3,P3,11,DSM28864/177,"C. secundus
(DSM28864/177)",E8,11,1,0.177,2,WCA
WCA,With mucin,C. secundus,E8P3,P3,12,DSM28864/177,"C. secundus
(DSM28864/177)",E8,12,1,0.19399999999999998,2,WCA
WCA,With mucin,C. secundus,E8P3,P3,13,DSM28864/177,"C. secundus
(DSM28864/177)",E8,13,1,0.209,2,WCA
WCA,With mucin,C. secundus,E8P3,P3,14,DSM28864/177,"C. secundus
(DSM28864/177)",E8,14,1,0.22899999999999998,2,WCA
WCA,With mucin,C. secundus,E8P3,P3,15,DSM28864/177,"C. secundus
(DSM28864/177)",E8,15,1,0.238,2,WCA
WCA,With mucin,C. secundus,E8P3,P3,16,DSM28864/177,"C. secundus
(DSM28864/177)",E8,16,1,0.236,2,WCA
WCA,With mucin,C. secundus,E8P3,P3,17,DSM28864/177,"C. secundus
(DSM28864/177)",E8,17,1,0.237,2,WCA
WCA,With mucin,C. secundus,E8P3,P3,18,DSM28864/177,"C. secundus
(DSM28864/177)",E8,18,1,0.22999999999999998,2,WCA
WCA,With mucin,C. secundus,E8P3,P3,19,DSM28864/177,"C. secundus
(DSM28864/177)",E8,19,1,0.22,2,WCA
WCA,With mucin,C. secundus,E8P3,P3,20,DSM28864/177,"C. secundus
(DSM28864/177)",E8,20,1,0.22,2,WCA
WCA,With mucin,C. secundus,E8P3,P3,21,DSM28864/177,"C. secundus
(DSM28864/177)",E8,21,1,0.22699999999999998,2,WCA
WCA,With mucin,C. secundus,E8P3,P3,22,DSM28864/177,"C. secundus
(DSM28864/177)",E8,22,1,0.22999999999999998,2,WCA
WCA,With mucin,C. secundus,E8P3,P3,23,DSM28864/177,"C. secundus
(DSM28864/177)",E8,23,1,0.22899999999999998,2,WCA
WCA,With mucin,C. secundus,E8P3,P3,24,DSM28864/177,"C. secundus
(DSM28864/177)",E8,24,1,0.219,2,WCA
WCA,With mucin,C. secundus,E8P3,P3,25,DSM28864/177,"C. secundus
(DSM28864/177)",E8,25,1,0.184,2,WCA
WCA,With mucin,C. secundus,E8P3,P3,26,DSM28864/177,"C. secundus
(DSM28864/177)",E8,26,1,0.191,2,WCA
WCA,With mucin,C. secundus,E8P3,P3,27,DSM28864/177,"C. secundus
(DSM28864/177)",E8,27,1,0.204,2,WCA
WCA,With mucin,C. secundus,E8P3,P3,28,DSM28864/177,"C. secundus
(DSM28864/177)",E8,28,1,0.176,2,WCA
WCA,With mucin,C. secundus,E8P3,P3,29,DSM28864/177,"C. secundus
(DSM28864/177)",E8,29,1,0.172,2,WCA
WCA,With mucin,C. secundus,E8P3,P3,30,DSM28864/177,"C. secundus
(DSM28864/177)",E8,30,1,0.172,2,WCA
WCA,With mucin,C. secundus,E7P4,P4,0.5,DSM28864/177,"C. secundus
(DSM28864/177)",E7,0.5,1,0,1,WCA
WCA,With mucin,C. secundus,E7P4,P4,1,DSM28864/177,"C. secundus
(DSM28864/177)",E7,1,1,0,1,WCA
WCA,With mucin,C. secundus,E7P4,P4,2,DSM28864/177,"C. secundus
(DSM28864/177)",E7,2,1,0,1,WCA
WCA,With mucin,C. secundus,E7P4,P4,3,DSM28864/177,"C. secundus
(DSM28864/177)",E7,3,1,0.009,1,WCA
WCA,With mucin,C. secundus,E7P4,P4,4,DSM28864/177,"C. secundus
(DSM28864/177)",E7,4,1,0.02399999999999998,1,WCA
WCA,With mucin,C. secundus,E7P4,P4,5,DSM28864/177,"C. secundus
(DSM28864/177)",E7,5,1,0.03299999999999999,1,WCA
WCA,With mucin,C. secundus,E7P4,P4,6,DSM28864/177,"C. secundus
(DSM28864/177)",E7,6,1,0.044,1,WCA
WCA,With mucin,C. secundus,E7P4,P4,7,DSM28864/177,"C. secundus
(DSM28864/177)",E7,7,1,0.05800000000000002,1,WCA
WCA,With mucin,C. secundus,E7P4,P4,8,DSM28864/177,"C. secundus
(DSM28864/177)",E7,8,1,0.06899999999999998,1,WCA
WCA,With mucin,C. secundus,E7P4,P4,9,DSM28864/177,"C. secundus
(DSM28864/177)",E7,9,1,0.07999999999999997,1,WCA
WCA,With mucin,C. secundus,E7P4,P4,10,DSM28864/177,"C. secundus
(DSM28864/177)",E7,10,1,0.094,1,WCA
WCA,With mucin,C. secundus,E7P4,P4,11,DSM28864/177,"C. secundus
(DSM28864/177)",E7,11,1,0.10700000000000001,1,WCA
WCA,With mucin,C. secundus,E7P4,P4,12,DSM28864/177,"C. secundus
(DSM28864/177)",E7,12,1,0.12200000000000001,1,WCA
WCA,With mucin,C. secundus,E7P4,P4,13,DSM28864/177,"C. secundus
(DSM28864/177)",E7,13,1,0.13599999999999998,1,WCA
WCA,With mucin,C. secundus,E7P4,P4,14,DSM28864/177,"C. secundus
(DSM28864/177)",E7,14,1,0.149,1,WCA
WCA,With mucin,C. secundus,E7P4,P4,15,DSM28864/177,"C. secundus
(DSM28864/177)",E7,15,1,0.157,1,WCA
WCA,With mucin,C. secundus,E7P4,P4,16,DSM28864/177,"C. secundus
(DSM28864/177)",E7,16,1,0.17099999999999999,1,WCA
WCA,With mucin,C. secundus,E7P4,P4,17,DSM28864/177,"C. secundus
(DSM28864/177)",E7,17,1,0.16699999999999998,1,WCA
WCA,With mucin,C. secundus,E7P4,P4,18,DSM28864/177,"C. secundus
(DSM28864/177)",E7,18,1,0.182,1,WCA
WCA,With mucin,C. secundus,E7P4,P4,19,DSM28864/177,"C. secundus
(DSM28864/177)",E7,19,1,0.20299999999999999,1,WCA
WCA,With mucin,C. secundus,E7P4,P4,20,DSM28864/177,"C. secundus
(DSM28864/177)",E7,20,1,0.20199999999999999,1,WCA
WCA,With mucin,C. secundus,E7P4,P4,21,DSM28864/177,"C. secundus
(DSM28864/177)",E7,21,1,0.192,1,WCA
WCA,With mucin,C. secundus,E7P4,P4,22,DSM28864/177,"C. secundus
(DSM28864/177)",E7,22,1,0.179,1,WCA
WCA,With mucin,C. secundus,E7P4,P4,23,DSM28864/177,"C. secundus
(DSM28864/177)",E7,23,1,0.175,1,WCA
WCA,With mucin,C. secundus,E7P4,P4,24,DSM28864/177,"C. secundus
(DSM28864/177)",E7,24,1,0.181,1,WCA
WCA,With mucin,C. secundus,E7P4,P4,25,DSM28864/177,"C. secundus
(DSM28864/177)",E7,25,1,0.175,1,WCA
WCA,With mucin,C. secundus,E7P4,P4,26,DSM28864/177,"C. secundus
(DSM28864/177)",E7,26,1,0.173,1,WCA
WCA,With mucin,C. secundus,E7P4,P4,27,DSM28864/177,"C. secundus
(DSM28864/177)",E7,27,1,0.16299999999999998,1,WCA
WCA,With mucin,C. secundus,E7P4,P4,28,DSM28864/177,"C. secundus
(DSM28864/177)",E7,28,1,0.149,1,WCA
WCA,With mucin,C. secundus,E7P4,P4,29,DSM28864/177,"C. secundus
(DSM28864/177)",E7,29,1,0.095,1,WCA
WCA,With mucin,C. secundus,E7P4,P4,30,DSM28864/177,"C. secundus
(DSM28864/177)",E7,30,1,0.111,1,WCA
WCA,With mucin,C. secundus,E8P4,P4,0.5,DSM28864/177,"C. secundus
(DSM28864/177)",E8,0.5,1,0,2,WCA
WCA,With mucin,C. secundus,E8P4,P4,1,DSM28864/177,"C. secundus
(DSM28864/177)",E8,1,1,0,2,WCA
WCA,With mucin,C. secundus,E8P4,P4,2,DSM28864/177,"C. secundus
(DSM28864/177)",E8,2,1,0,2,WCA
WCA,With mucin,C. secundus,E8P4,P4,3,DSM28864/177,"C. secundus
(DSM28864/177)",E8,3,1,0.009,2,WCA
WCA,With mucin,C. secundus,E8P4,P4,4,DSM28864/177,"C. secundus
(DSM28864/177)",E8,4,1,0.022000000000000006,2,WCA
WCA,With mucin,C. secundus,E8P4,P4,5,DSM28864/177,"C. secundus
(DSM28864/177)",E8,5,1,0.03299999999999999,2,WCA
WCA,With mucin,C. secundus,E8P4,P4,6,DSM28864/177,"C. secundus
(DSM28864/177)",E8,6,1,0.044,2,WCA
WCA,With mucin,C. secundus,E8P4,P4,7,DSM28864/177,"C. secundus
(DSM28864/177)",E8,7,1,0.057000000000000016,2,WCA
WCA,With mucin,C. secundus,E8P4,P4,8,DSM28864/177,"C. secundus
(DSM28864/177)",E8,8,1,0.06900000000000002,2,WCA
WCA,With mucin,C. secundus,E8P4,P4,9,DSM28864/177,"C. secundus
(DSM28864/177)",E8,9,1,0.07999999999999997,2,WCA
WCA,With mucin,C. secundus,E8P4,P4,10,DSM28864/177,"C. secundus
(DSM28864/177)",E8,10,1,0.093,2,WCA
WCA,With mucin,C. secundus,E8P4,P4,11,DSM28864/177,"C. secundus
(DSM28864/177)",E8,11,1,0.10300000000000001,2,WCA
WCA,With mucin,C. secundus,E8P4,P4,12,DSM28864/177,"C. secundus
(DSM28864/177)",E8,12,1,0.115,2,WCA
WCA,With mucin,C. secundus,E8P4,P4,13,DSM28864/177,"C. secundus
(DSM28864/177)",E8,13,1,0.12400000000000001,2,WCA
WCA,With mucin,C. secundus,E8P4,P4,14,DSM28864/177,"C. secundus
(DSM28864/177)",E8,14,1,0.13399999999999998,2,WCA
WCA,With mucin,C. secundus,E8P4,P4,15,DSM28864/177,"C. secundus
(DSM28864/177)",E8,15,1,0.13999999999999999,2,WCA
WCA,With mucin,C. secundus,E8P4,P4,16,DSM28864/177,"C. secundus
(DSM28864/177)",E8,16,1,0.154,2,WCA
WCA,With mucin,C. secundus,E8P4,P4,17,DSM28864/177,"C. secundus
(DSM28864/177)",E8,17,1,0.16,2,WCA
WCA,With mucin,C. secundus,E8P4,P4,18,DSM28864/177,"C. secundus
(DSM28864/177)",E8,18,1,0.16899999999999998,2,WCA
WCA,With mucin,C. secundus,E8P4,P4,19,DSM28864/177,"C. secundus
(DSM28864/177)",E8,19,1,0.18,2,WCA
WCA,With mucin,C. secundus,E8P4,P4,20,DSM28864/177,"C. secundus
(DSM28864/177)",E8,20,1,0.18,2,WCA
WCA,With mucin,C. secundus,E8P4,P4,21,DSM28864/177,"C. secundus
(DSM28864/177)",E8,21,1,0.19,2,WCA
WCA,With mucin,C. secundus,E8P4,P4,22,DSM28864/177,"C. secundus
(DSM28864/177)",E8,22,1,0.16699999999999998,2,WCA
WCA,With mucin,C. secundus,E8P4,P4,23,DSM28864/177,"C. secundus
(DSM28864/177)",E8,23,1,0.191,2,WCA
WCA,With mucin,C. secundus,E8P4,P4,24,DSM28864/177,"C. secundus
(DSM28864/177)",E8,24,1,0.206,2,WCA
WCA,With mucin,C. secundus,E8P4,P4,25,DSM28864/177,"C. secundus
(DSM28864/177)",E8,25,1,0.20099999999999998,2,WCA
WCA,With mucin,C. secundus,E8P4,P4,26,DSM28864/177,"C. secundus
(DSM28864/177)",E8,26,1,0.20099999999999998,2,WCA
WCA,With mucin,C. secundus,E8P4,P4,27,DSM28864/177,"C. secundus
(DSM28864/177)",E8,27,1,0.204,2,WCA
WCA,With mucin,C. secundus,E8P4,P4,28,DSM28864/177,"C. secundus
(DSM28864/177)",E8,28,1,0.184,2,WCA
WCA,With mucin,C. secundus,E8P4,P4,29,DSM28864/177,"C. secundus
(DSM28864/177)",E8,29,1,0.13299999999999998,2,WCA
WCA,With mucin,C. secundus,E8P4,P4,30,DSM28864/177,"C. secundus
(DSM28864/177)",E8,30,1,0.129,2,WCA
WCA,Without mucin,C. secundus,E1P4,P4,0.5,DSM28864/177,"C. secundus
(DSM28864/177)",E1,0.5,1,0,1,WCA
WCA,Without mucin,C. secundus,E1P4,P4,1,DSM28864/177,"C. secundus
(DSM28864/177)",E1,1,1,0,1,WCA
WCA,Without mucin,C. secundus,E1P4,P4,2,DSM28864/177,"C. secundus
(DSM28864/177)",E1,2,1,0,1,WCA
WCA,Without mucin,C. secundus,E1P4,P4,3,DSM28864/177,"C. secundus
(DSM28864/177)",E1,3,1,0,1,WCA
WCA,Without mucin,C. secundus,E1P4,P4,4,DSM28864/177,"C. secundus
(DSM28864/177)",E1,4,1,0,1,WCA
WCA,Without mucin,C. secundus,E1P4,P4,5,DSM28864/177,"C. secundus
(DSM28864/177)",E1,5,1,0,1,WCA
WCA,Without mucin,C. secundus,E1P4,P4,6,DSM28864/177,"C. secundus
(DSM28864/177)",E1,6,1,0,1,WCA
WCA,Without mucin,C. secundus,E1P4,P4,7,DSM28864/177,"C. secundus
(DSM28864/177)",E1,7,1,0,1,WCA
WCA,Without mucin,C. secundus,E1P4,P4,8,DSM28864/177,"C. secundus
(DSM28864/177)",E1,8,1,0,1,WCA
WCA,Without mucin,C. secundus,E1P4,P4,9,DSM28864/177,"C. secundus
(DSM28864/177)",E1,9,1,0,1,WCA
WCA,Without mucin,C. secundus,E1P4,P4,10,DSM28864/177,"C. secundus
(DSM28864/177)",E1,10,1,0,1,WCA
WCA,Without mucin,C. secundus,E1P4,P4,11,DSM28864/177,"C. secundus
(DSM28864/177)",E1,11,1,0,1,WCA
WCA,Without mucin,C. secundus,E1P4,P4,12,DSM28864/177,"C. secundus
(DSM28864/177)",E1,12,1,0.002999999999999999,1,WCA
WCA,Without mucin,C. secundus,E1P4,P4,13,DSM28864/177,"C. secundus
(DSM28864/177)",E1,13,1,0.007999999999999998,1,WCA
WCA,Without mucin,C. secundus,E1P4,P4,14,DSM28864/177,"C. secundus
(DSM28864/177)",E1,14,1,0.014,1,WCA
WCA,Without mucin,C. secundus,E1P4,P4,15,DSM28864/177,"C. secundus
(DSM28864/177)",E1,15,1,0.02100000000000001,1,WCA
WCA,Without mucin,C. secundus,E1P4,P4,16,DSM28864/177,"C. secundus
(DSM28864/177)",E1,16,1,0.025,1,WCA
WCA,Without mucin,C. secundus,E1P4,P4,17,DSM28864/177,"C. secundus
(DSM28864/177)",E1,17,1,0.03399999999999999,1,WCA
WCA,Without mucin,C. secundus,E1P4,P4,18,DSM28864/177,"C. secundus
(DSM28864/177)",E1,18,1,0.038,1,WCA
WCA,Without mucin,C. secundus,E1P4,P4,19,DSM28864/177,"C. secundus
(DSM28864/177)",E1,19,1,0.043,1,WCA
WCA,Without mucin,C. secundus,E1P4,P4,20,DSM28864/177,"C. secundus
(DSM28864/177)",E1,20,1,0.048999999999999995,1,WCA
WCA,Without mucin,C. secundus,E1P4,P4,21,DSM28864/177,"C. secundus
(DSM28864/177)",E1,21,1,0.05400000000000001,1,WCA
WCA,Without mucin,C. secundus,E1P4,P4,22,DSM28864/177,"C. secundus
(DSM28864/177)",E1,22,1,0.06100000000000002,1,WCA
WCA,Without mucin,C. secundus,E1P4,P4,23,DSM28864/177,"C. secundus
(DSM28864/177)",E1,23,1,0.06499999999999999,1,WCA
WCA,Without mucin,C. secundus,E1P4,P4,24,DSM28864/177,"C. secundus
(DSM28864/177)",E1,24,1,0.07400000000000001,1,WCA
WCA,Without mucin,C. secundus,E1P4,P4,25,DSM28864/177,"C. secundus
(DSM28864/177)",E1,25,1,0.07500000000000001,1,WCA
WCA,Without mucin,C. secundus,E1P4,P4,26,DSM28864/177,"C. secundus
(DSM28864/177)",E1,26,1,0.07600000000000001,1,WCA
WCA,Without mucin,C. secundus,E1P4,P4,27,DSM28864/177,"C. secundus
(DSM28864/177)",E1,27,1,0.07700000000000001,1,WCA
WCA,Without mucin,C. secundus,E1P4,P4,28,DSM28864/177,"C. secundus
(DSM28864/177)",E1,28,1,0.07600000000000001,1,WCA
WCA,Without mucin,C. secundus,E1P4,P4,29,DSM28864/177,"C. secundus
(DSM28864/177)",E1,29,1,0.07200000000000001,1,WCA
WCA,Without mucin,C. secundus,E1P4,P4,30,DSM28864/177,"C. secundus
(DSM28864/177)",E1,30,1,0.06699999999999999,1,WCA
WCA,Without mucin,C. secundus,E2P3,P3,0.5,DSM28864/177,"C. secundus
(DSM28864/177)",E2,0.5,1,0,2,WCA
WCA,Without mucin,C. secundus,E2P3,P3,1,DSM28864/177,"C. secundus
(DSM28864/177)",E2,1,1,0,2,WCA
WCA,Without mucin,C. secundus,E2P3,P3,2,DSM28864/177,"C. secundus
(DSM28864/177)",E2,2,1,0,2,WCA
WCA,Without mucin,C. secundus,E2P3,P3,3,DSM28864/177,"C. secundus
(DSM28864/177)",E2,3,1,0,2,WCA
WCA,Without mucin,C. secundus,E2P3,P3,4,DSM28864/177,"C. secundus
(DSM28864/177)",E2,4,1,0,2,WCA
WCA,Without mucin,C. secundus,E2P3,P3,5,DSM28864/177,"C. secundus
(DSM28864/177)",E2,5,1,0,2,WCA
WCA,Without mucin,C. secundus,E2P3,P3,6,DSM28864/177,"C. secundus
(DSM28864/177)",E2,6,1,0,2,WCA
WCA,Without mucin,C. secundus,E2P3,P3,7,DSM28864/177,"C. secundus
(DSM28864/177)",E2,7,1,0,2,WCA
WCA,Without mucin,C. secundus,E2P3,P3,8,DSM28864/177,"C. secundus
(DSM28864/177)",E2,8,1,0,2,WCA
WCA,Without mucin,C. secundus,E2P3,P3,9,DSM28864/177,"C. secundus
(DSM28864/177)",E2,9,1,0,2,WCA
WCA,Without mucin,C. secundus,E2P3,P3,10,DSM28864/177,"C. secundus
(DSM28864/177)",E2,10,1,0,2,WCA
WCA,Without mucin,C. secundus,E2P3,P3,11,DSM28864/177,"C. secundus
(DSM28864/177)",E2,11,1,0,2,WCA
WCA,Without mucin,C. secundus,E2P3,P3,12,DSM28864/177,"C. secundus
(DSM28864/177)",E2,12,1,0.0010000000000000096,2,WCA
WCA,Without mucin,C. secundus,E2P3,P3,13,DSM28864/177,"C. secundus
(DSM28864/177)",E2,13,1,0.0049999999999999906,2,WCA
WCA,Without mucin,C. secundus,E2P3,P3,14,DSM28864/177,"C. secundus
(DSM28864/177)",E2,14,1,0.01,2,WCA
WCA,Without mucin,C. secundus,E2P3,P3,15,DSM28864/177,"C. secundus
(DSM28864/177)",E2,15,1,0.016,2,WCA
WCA,Without mucin,C. secundus,E2P3,P3,16,DSM28864/177,"C. secundus
(DSM28864/177)",E2,16,1,0.022000000000000006,2,WCA
WCA,Without mucin,C. secundus,E2P3,P3,17,DSM28864/177,"C. secundus
(DSM28864/177)",E2,17,1,0.02800000000000001,2,WCA
WCA,Without mucin,C. secundus,E2P3,P3,18,DSM28864/177,"C. secundus
(DSM28864/177)",E2,18,1,0.038,2,WCA
WCA,Without mucin,C. secundus,E2P3,P3,19,DSM28864/177,"C. secundus
(DSM28864/177)",E2,19,1,0.038999999999999986,2,WCA
WCA,Without mucin,C. secundus,E2P3,P3,20,DSM28864/177,"C. secundus
(DSM28864/177)",E2,20,1,0.046,2,WCA
WCA,Without mucin,C. secundus,E2P3,P3,21,DSM28864/177,"C. secundus
(DSM28864/177)",E2,21,1,0.05300000000000001,2,WCA
WCA,Without mucin,C. secundus,E2P3,P3,22,DSM28864/177,"C. secundus
(DSM28864/177)",E2,22,1,0.06100000000000002,2,WCA
WCA,Without mucin,C. secundus,E2P3,P3,23,DSM28864/177,"C. secundus
(DSM28864/177)",E2,23,1,0.06200000000000002,2,WCA
WCA,Without mucin,C. secundus,E2P3,P3,24,DSM28864/177,"C. secundus
(DSM28864/177)",E2,24,1,0.07100000000000001,2,WCA
WCA,Without mucin,C. secundus,E2P3,P3,25,DSM28864/177,"C. secundus
(DSM28864/177)",E2,25,1,0.07400000000000001,2,WCA
WCA,Without mucin,C. secundus,E2P3,P3,26,DSM28864/177,"C. secundus
(DSM28864/177)",E2,26,1,0.07700000000000001,2,WCA
WCA,Without mucin,C. secundus,E2P3,P3,27,DSM28864/177,"C. secundus
(DSM28864/177)",E2,27,1,0.084,2,WCA
WCA,Without mucin,C. secundus,E2P3,P3,28,DSM28864/177,"C. secundus
(DSM28864/177)",E2,28,1,0.08100000000000002,2,WCA
WCA,Without mucin,C. secundus,E2P3,P3,29,DSM28864/177,"C. secundus
(DSM28864/177)",E2,29,1,0.083,2,WCA
WCA,Without mucin,C. secundus,E2P3,P3,30,DSM28864/177,"C. secundus
(DSM28864/177)",E2,30,1,0.082,2,WCA
WCA,Without mucin,C. secundus,E3P4,P4,0.5,DSM28864/177,"C. secundus
(DSM28864/177)",E3,0.5,1,0,3,WCA
WCA,Without mucin,C. secundus,E3P4,P4,1,DSM28864/177,"C. secundus
(DSM28864/177)",E3,1,1,0,3,WCA
WCA,Without mucin,C. secundus,E3P4,P4,2,DSM28864/177,"C. secundus
(DSM28864/177)",E3,2,1,0,3,WCA
WCA,Without mucin,C. secundus,E3P4,P4,3,DSM28864/177,"C. secundus
(DSM28864/177)",E3,3,1,0,3,WCA
WCA,Without mucin,C. secundus,E3P4,P4,4,DSM28864/177,"C. secundus
(DSM28864/177)",E3,4,1,0,3,WCA
WCA,Without mucin,C. secundus,E3P4,P4,5,DSM28864/177,"C. secundus
(DSM28864/177)",E3,5,1,0,3,WCA
WCA,Without mucin,C. secundus,E3P4,P4,6,DSM28864/177,"C. secundus
(DSM28864/177)",E3,6,1,0,3,WCA
WCA,Without mucin,C. secundus,E3P4,P4,7,DSM28864/177,"C. secundus
(DSM28864/177)",E3,7,1,0,3,WCA
WCA,Without mucin,C. secundus,E3P4,P4,8,DSM28864/177,"C. secundus
(DSM28864/177)",E3,8,1,0,3,WCA
WCA,Without mucin,C. secundus,E3P4,P4,9,DSM28864/177,"C. secundus
(DSM28864/177)",E3,9,1,0,3,WCA
WCA,Without mucin,C. secundus,E3P4,P4,10,DSM28864/177,"C. secundus
(DSM28864/177)",E3,10,1,0,3,WCA
WCA,Without mucin,C. secundus,E3P4,P4,11,DSM28864/177,"C. secundus
(DSM28864/177)",E3,11,1,0,3,WCA
WCA,Without mucin,C. secundus,E3P4,P4,12,DSM28864/177,"C. secundus
(DSM28864/177)",E3,12,1,0,3,WCA
WCA,Without mucin,C. secundus,E3P4,P4,13,DSM28864/177,"C. secundus
(DSM28864/177)",E3,13,1,0.0019999999999999896,3,WCA
WCA,Without mucin,C. secundus,E3P4,P4,14,DSM28864/177,"C. secundus
(DSM28864/177)",E3,14,1,0.007000000000000001,3,WCA
WCA,Without mucin,C. secundus,E3P4,P4,15,DSM28864/177,"C. secundus
(DSM28864/177)",E3,15,1,0.011000000000000001,3,WCA
WCA,Without mucin,C. secundus,E3P4,P4,16,DSM28864/177,"C. secundus
(DSM28864/177)",E3,16,1,0.018000000000000002,3,WCA
WCA,Without mucin,C. secundus,E3P4,P4,17,DSM28864/177,"C. secundus
(DSM28864/177)",E3,17,1,0.022000000000000006,3,WCA
WCA,Without mucin,C. secundus,E3P4,P4,18,DSM28864/177,"C. secundus
(DSM28864/177)",E3,18,1,0.02799999999999999,3,WCA
WCA,Without mucin,C. secundus,E3P4,P4,19,DSM28864/177,"C. secundus
(DSM28864/177)",E3,19,1,0.03399999999999999,3,WCA
WCA,Without mucin,C. secundus,E3P4,P4,20,DSM28864/177,"C. secundus
(DSM28864/177)",E3,20,1,0.03499999999999999,3,WCA
WCA,Without mucin,C. secundus,E3P4,P4,21,DSM28864/177,"C. secundus
(DSM28864/177)",E3,21,1,0.041999999999999996,3,WCA
WCA,Without mucin,C. secundus,E3P4,P4,22,DSM28864/177,"C. secundus
(DSM28864/177)",E3,22,1,0.045,3,WCA
WCA,Without mucin,C. secundus,E3P4,P4,23,DSM28864/177,"C. secundus
(DSM28864/177)",E3,23,1,0.049999999999999996,3,WCA
WCA,Without mucin,C. secundus,E3P4,P4,24,DSM28864/177,"C. secundus
(DSM28864/177)",E3,24,1,0.05699999999999999,3,WCA
WCA,Without mucin,C. secundus,E3P4,P4,25,DSM28864/177,"C. secundus
(DSM28864/177)",E3,25,1,0.060000000000000005,3,WCA
WCA,Without mucin,C. secundus,E3P4,P4,26,DSM28864/177,"C. secundus
(DSM28864/177)",E3,26,1,0.063,3,WCA
WCA,Without mucin,C. secundus,E3P4,P4,27,DSM28864/177,"C. secundus
(DSM28864/177)",E3,27,1,0.07200000000000001,3,WCA
WCA,Without mucin,C. secundus,E3P4,P4,28,DSM28864/177,"C. secundus
(DSM28864/177)",E3,28,1,0.06899999999999999,3,WCA
WCA,Without mucin,C. secundus,E3P4,P4,29,DSM28864/177,"C. secundus
(DSM28864/177)",E3,29,1,0.07300000000000002,3,WCA
WCA,Without mucin,C. secundus,E3P4,P4,30,DSM28864/177,"C. secundus
(DSM28864/177)",E3,30,1,0.06699999999999999,3,WCA
mGAM,With mucin,C. secundus,E7P1,P1,0.5,DSM28864/177,"C. secundus
(DSM28864/177)",E7,0.5,1,0,1,mGAM
mGAM,With mucin,C. secundus,E7P1,P1,1,DSM28864/177,"C. secundus
(DSM28864/177)",E7,1,1,0.024000000000000035,1,mGAM
mGAM,With mucin,C. secundus,E7P1,P1,2,DSM28864/177,"C. secundus
(DSM28864/177)",E7,2,1,0.016000000000000028,1,mGAM
mGAM,With mucin,C. secundus,E7P1,P1,3,DSM28864/177,"C. secundus
(DSM28864/177)",E7,3,1,0.05300000000000001,1,mGAM
mGAM,With mucin,C. secundus,E7P1,P1,4,DSM28864/177,"C. secundus
(DSM28864/177)",E7,4,1,0.07900000000000004,1,mGAM
mGAM,With mucin,C. secundus,E7P1,P1,5,DSM28864/177,"C. secundus
(DSM28864/177)",E7,5,1,0.10600000000000001,1,mGAM
mGAM,With mucin,C. secundus,E7P1,P1,6,DSM28864/177,"C. secundus
(DSM28864/177)",E7,6,1,0.13199999999999998,1,mGAM
mGAM,With mucin,C. secundus,E7P1,P1,7,DSM28864/177,"C. secundus
(DSM28864/177)",E7,7,1,0.16,1,mGAM
mGAM,With mucin,C. secundus,E7P1,P1,8,DSM28864/177,"C. secundus
(DSM28864/177)",E7,8,1,0.1730000000000001,1,mGAM
mGAM,With mucin,C. secundus,E7P1,P1,9,DSM28864/177,"C. secundus
(DSM28864/177)",E7,9,1,0.18800000000000008,1,mGAM
mGAM,With mucin,C. secundus,E7P1,P1,10,DSM28864/177,"C. secundus
(DSM28864/177)",E7,10,1,0.19999999999999998,1,mGAM
mGAM,With mucin,C. secundus,E7P1,P1,11,DSM28864/177,"C. secundus
(DSM28864/177)",E7,11,1,0.208,1,mGAM
mGAM,With mucin,C. secundus,E7P1,P1,12,DSM28864/177,"C. secundus
(DSM28864/177)",E7,12,1,0.213,1,mGAM
mGAM,With mucin,C. secundus,E7P1,P1,13,DSM28864/177,"C. secundus
(DSM28864/177)",E7,13,1,0.221,1,mGAM
mGAM,With mucin,C. secundus,E7P1,P1,14,DSM28864/177,"C. secundus
(DSM28864/177)",E7,14,1,0.223,1,mGAM
mGAM,With mucin,C. secundus,E7P1,P1,15,DSM28864/177,"C. secundus
(DSM28864/177)",E7,15,1,0.22799999999999998,1,mGAM
mGAM,With mucin,C. secundus,E7P1,P1,16,DSM28864/177,"C. secundus
(DSM28864/177)",E7,16,1,0.242,1,mGAM
mGAM,With mucin,C. secundus,E7P1,P1,17,DSM28864/177,"C. secundus
(DSM28864/177)",E7,17,1,0.252,1,mGAM
mGAM,With mucin,C. secundus,E7P1,P1,18,DSM28864/177,"C. secundus
(DSM28864/177)",E7,18,1,0.268,1,mGAM
mGAM,With mucin,C. secundus,E7P1,P1,19,DSM28864/177,"C. secundus
(DSM28864/177)",E7,19,1,0.2980000000000001,1,mGAM
mGAM,With mucin,C. secundus,E7P1,P1,20,DSM28864/177,"C. secundus
(DSM28864/177)",E7,20,1,0.326,1,mGAM
mGAM,With mucin,C. secundus,E7P1,P1,21,DSM28864/177,"C. secundus
(DSM28864/177)",E7,21,1,0.364,1,mGAM
mGAM,With mucin,C. secundus,E7P1,P1,22,DSM28864/177,"C. secundus
(DSM28864/177)",E7,22,1,0.378,1,mGAM
mGAM,With mucin,C. secundus,E7P1,P1,23,DSM28864/177,"C. secundus
(DSM28864/177)",E7,23,1,0.385,1,mGAM
mGAM,With mucin,C. secundus,E7P1,P1,24,DSM28864/177,"C. secundus
(DSM28864/177)",E7,24,1,0.391,1,mGAM
mGAM,With mucin,C. secundus,E7P1,P1,25,DSM28864/177,"C. secundus
(DSM28864/177)",E7,25,1,0.396,1,mGAM
mGAM,With mucin,C. secundus,E7P1,P1,26,DSM28864/177,"C. secundus
(DSM28864/177)",E7,26,1,0.4080000000000001,1,mGAM
mGAM,With mucin,C. secundus,E7P1,P1,27,DSM28864/177,"C. secundus
(DSM28864/177)",E7,27,1,0.418,1,mGAM
mGAM,With mucin,C. secundus,E7P1,P1,28,DSM28864/177,"C. secundus
(DSM28864/177)",E7,28,1,0.421,1,mGAM
mGAM,With mucin,C. secundus,E7P1,P1,29,DSM28864/177,"C. secundus
(DSM28864/177)",E7,29,1,0.4380000000000001,1,mGAM
mGAM,With mucin,C. secundus,E7P1,P1,30,DSM28864/177,"C. secundus
(DSM28864/177)",E7,30,1,0.454,1,mGAM
mGAM,With mucin,C. secundus,E9P2,P2,0.5,DSM28864/177,"C. secundus
(DSM28864/177)",E9,0.5,1,0,3,mGAM
mGAM,With mucin,C. secundus,E9P2,P2,1,DSM28864/177,"C. secundus
(DSM28864/177)",E9,1,1,0,3,mGAM
mGAM,With mucin,C. secundus,E9P2,P2,2,DSM28864/177,"C. secundus
(DSM28864/177)",E9,2,1,0,3,mGAM
mGAM,With mucin,C. secundus,E9P2,P2,3,DSM28864/177,"C. secundus
(DSM28864/177)",E9,3,1,0.0010000000000000096,3,mGAM
mGAM,With mucin,C. secundus,E9P2,P2,4,DSM28864/177,"C. secundus
(DSM28864/177)",E9,4,1,0.00300000000000002,3,mGAM
mGAM,With mucin,C. secundus,E9P2,P2,5,DSM28864/177,"C. secundus
(DSM28864/177)",E9,5,1,0.006000000000000021,3,mGAM
mGAM,With mucin,C. secundus,E9P2,P2,6,DSM28864/177,"C. secundus
(DSM28864/177)",E9,6,1,0.015000000000000029,3,mGAM
mGAM,With mucin,C. secundus,E9P2,P2,7,DSM28864/177,"C. secundus
(DSM28864/177)",E9,7,1,0.02299999999999998,3,mGAM
mGAM,With mucin,C. secundus,E9P2,P2,8,DSM28864/177,"C. secundus
(DSM28864/177)",E9,8,1,0.02200000000000004,3,mGAM
mGAM,With mucin,C. secundus,E9P2,P2,9,DSM28864/177,"C. secundus
(DSM28864/177)",E9,9,1,0.02200000000000004,3,mGAM
mGAM,With mucin,C. secundus,E9P2,P2,10,DSM28864/177,"C. secundus
(DSM28864/177)",E9,10,1,0.02699999999999999,3,mGAM
mGAM,With mucin,C. secundus,E9P2,P2,11,DSM28864/177,"C. secundus
(DSM28864/177)",E9,11,1,0.038,3,mGAM
mGAM,With mucin,C. secundus,E9P2,P2,12,DSM28864/177,"C. secundus
(DSM28864/177)",E9,12,1,0.05900000000000002,3,mGAM
mGAM,With mucin,C. secundus,E9P2,P2,13,DSM28864/177,"C. secundus
(DSM28864/177)",E9,13,1,0.08499999999999999,3,mGAM
mGAM,With mucin,C. secundus,E9P2,P2,14,DSM28864/177,"C. secundus
(DSM28864/177)",E9,14,1,0.115,3,mGAM
mGAM,With mucin,C. secundus,E9P2,P2,15,DSM28864/177,"C. secundus
(DSM28864/177)",E9,15,1,0.144,3,mGAM
mGAM,With mucin,C. secundus,E9P2,P2,16,DSM28864/177,"C. secundus
(DSM28864/177)",E9,16,1,0.16899999999999998,3,mGAM
mGAM,With mucin,C. secundus,E9P2,P2,17,DSM28864/177,"C. secundus
(DSM28864/177)",E9,17,1,0.185,3,mGAM
mGAM,With mucin,C. secundus,E9P2,P2,18,DSM28864/177,"C. secundus
(DSM28864/177)",E9,18,1,0.19499999999999998,3,mGAM
mGAM,With mucin,C. secundus,E9P2,P2,19,DSM28864/177,"C. secundus
(DSM28864/177)",E9,19,1,0.207,3,mGAM
mGAM,With mucin,C. secundus,E9P2,P2,20,DSM28864/177,"C. secundus
(DSM28864/177)",E9,20,1,0.218,3,mGAM
mGAM,With mucin,C. secundus,E9P2,P2,21,DSM28864/177,"C. secundus
(DSM28864/177)",E9,21,1,0.22999999999999998,3,mGAM
mGAM,With mucin,C. secundus,E9P2,P2,22,DSM28864/177,"C. secundus
(DSM28864/177)",E9,22,1,0.253,3,mGAM
mGAM,With mucin,C. secundus,E9P2,P2,23,DSM28864/177,"C. secundus
(DSM28864/177)",E9,23,1,0.266,3,mGAM
mGAM,With mucin,C. secundus,E9P2,P2,24,DSM28864/177,"C. secundus
(DSM28864/177)",E9,24,1,0.292,3,mGAM
mGAM,With mucin,C. secundus,E9P2,P2,25,DSM28864/177,"C. secundus
(DSM28864/177)",E9,25,1,0.313,3,mGAM
mGAM,With mucin,C. secundus,E9P2,P2,26,DSM28864/177,"C. secundus
(DSM28864/177)",E9,26,1,0.333,3,mGAM
mGAM,With mucin,C. secundus,E9P2,P2,27,DSM28864/177,"C. secundus
(DSM28864/177)",E9,27,1,0.354,3,mGAM
mGAM,With mucin,C. secundus,E9P2,P2,28,DSM28864/177,"C. secundus
(DSM28864/177)",E9,28,1,0.367,3,mGAM
mGAM,With mucin,C. secundus,E9P2,P2,29,DSM28864/177,"C. secundus
(DSM28864/177)",E9,29,1,0.385,3,mGAM
mGAM,With mucin,C. secundus,E9P2,P2,30,DSM28864/177,"C. secundus
(DSM28864/177)",E9,30,1,0.39699999999999996,3,mGAM
mGAM,With mucin,C. secundus,E7P2,P2,0.5,DSM28864/177,"C. secundus
(DSM28864/177)",E7,0.5,1,0,1,mGAM
mGAM,With mucin,C. secundus,E7P2,P2,1,DSM28864/177,"C. secundus
(DSM28864/177)",E7,1,1,0,1,mGAM
mGAM,With mucin,C. secundus,E7P2,P2,2,DSM28864/177,"C. secundus
(DSM28864/177)",E7,2,1,0,1,mGAM
mGAM,With mucin,C. secundus,E7P2,P2,3,DSM28864/177,"C. secundus
(DSM28864/177)",E7,3,1,0.0019999999999999896,1,mGAM
mGAM,With mucin,C. secundus,E7P2,P2,4,DSM28864/177,"C. secundus
(DSM28864/177)",E7,4,1,0.007999999999999998,1,mGAM
mGAM,With mucin,C. secundus,E7P2,P2,5,DSM28864/177,"C. secundus
(DSM28864/177)",E7,5,1,0.009,1,mGAM
mGAM,With mucin,C. secundus,E7P2,P2,6,DSM28864/177,"C. secundus
(DSM28864/177)",E7,6,1,0.011999999999999999,1,mGAM
mGAM,With mucin,C. secundus,E7P2,P2,7,DSM28864/177,"C. secundus
(DSM28864/177)",E7,7,1,0.018000000000000002,1,mGAM
mGAM,With mucin,C. secundus,E7P2,P2,8,DSM28864/177,"C. secundus
(DSM28864/177)",E7,8,1,0.017,1,mGAM
mGAM,With mucin,C. secundus,E7P2,P2,9,DSM28864/177,"C. secundus
(DSM28864/177)",E7,9,1,0.019000000000000003,1,mGAM
mGAM,With mucin,C. secundus,E7P2,P2,10,DSM28864/177,"C. secundus
(DSM28864/177)",E7,10,1,0.02000000000000001,1,mGAM
mGAM,With mucin,C. secundus,E7P2,P2,11,DSM28864/177,"C. secundus
(DSM28864/177)",E7,11,1,0.011000000000000001,1,mGAM
mGAM,With mucin,C. secundus,E7P2,P2,12,DSM28864/177,"C. secundus
(DSM28864/177)",E7,12,1,0.03199999999999996,1,mGAM
mGAM,With mucin,C. secundus,E7P2,P2,13,DSM28864/177,"C. secundus
(DSM28864/177)",E7,13,1,0.06699999999999999,1,mGAM
mGAM,With mucin,C. secundus,E7P2,P2,14,DSM28864/177,"C. secundus
(DSM28864/177)",E7,14,1,0.099,1,mGAM
mGAM,With mucin,C. secundus,E7P2,P2,15,DSM28864/177,"C. secundus
(DSM28864/177)",E7,15,1,0.13599999999999998,1,mGAM
mGAM,With mucin,C. secundus,E7P2,P2,16,DSM28864/177,"C. secundus
(DSM28864/177)",E7,16,1,0.16799999999999998,1,mGAM
mGAM,With mucin,C. secundus,E7P2,P2,17,DSM28864/177,"C. secundus
(DSM28864/177)",E7,17,1,0.184,1,mGAM
mGAM,With mucin,C. secundus,E7P2,P2,18,DSM28864/177,"C. secundus
(DSM28864/177)",E7,18,1,0.19699999999999998,1,mGAM
mGAM,With mucin,C. secundus,E7P2,P2,19,DSM28864/177,"C. secundus
(DSM28864/177)",E7,19,1,0.204,1,mGAM
mGAM,With mucin,C. secundus,E7P2,P2,20,DSM28864/177,"C. secundus
(DSM28864/177)",E7,20,1,0.216,1,mGAM
mGAM,With mucin,C. secundus,E7P2,P2,21,DSM28864/177,"C. secundus
(DSM28864/177)",E7,21,1,0.22499999999999998,1,mGAM
mGAM,With mucin,C. secundus,E7P2,P2,22,DSM28864/177,"C. secundus
(DSM28864/177)",E7,22,1,0.242,1,mGAM
mGAM,With mucin,C. secundus,E7P2,P2,23,DSM28864/177,"C. secundus
(DSM28864/177)",E7,23,1,0.263,1,mGAM
mGAM,With mucin,C. secundus,E7P2,P2,24,DSM28864/177,"C. secundus
(DSM28864/177)",E7,24,1,0.27999999999999997,1,mGAM
mGAM,With mucin,C. secundus,E7P2,P2,25,DSM28864/177,"C. secundus
(DSM28864/177)",E7,25,1,0.3070000000000001,1,mGAM
mGAM,With mucin,C. secundus,E7P2,P2,26,DSM28864/177,"C. secundus
(DSM28864/177)",E7,26,1,0.327,1,mGAM
mGAM,With mucin,C. secundus,E7P2,P2,27,DSM28864/177,"C. secundus
(DSM28864/177)",E7,27,1,0.345,1,mGAM
mGAM,With mucin,C. secundus,E7P2,P2,28,DSM28864/177,"C. secundus
(DSM28864/177)",E7,28,1,0.361,1,mGAM
mGAM,With mucin,C. secundus,E7P2,P2,29,DSM28864/177,"C. secundus
(DSM28864/177)",E7,29,1,0.376,1,mGAM
mGAM,With mucin,C. secundus,E7P2,P2,30,DSM28864/177,"C. secundus
(DSM28864/177)",E7,30,1,0.389,1,mGAM
mGAM,Without mucin,C. secundus,E1P2,P2,0.5,DSM28864/177,"C. secundus
(DSM28864/177)",E1,0.5,1,0,1,mGAM
mGAM,Without mucin,C. secundus,E1P2,P2,1,DSM28864/177,"C. secundus
(DSM28864/177)",E1,1,1,0,1,mGAM
mGAM,Without mucin,C. secundus,E1P2,P2,2,DSM28864/177,"C. secundus
(DSM28864/177)",E1,2,1,0,1,mGAM
mGAM,Without mucin,C. secundus,E1P2,P2,3,DSM28864/177,"C. secundus
(DSM28864/177)",E1,3,1,0,1,mGAM
mGAM,Without mucin,C. secundus,E1P2,P2,4,DSM28864/177,"C. secundus
(DSM28864/177)",E1,4,1,0.0049999999999999906,1,mGAM
mGAM,Without mucin,C. secundus,E1P2,P2,5,DSM28864/177,"C. secundus
(DSM28864/177)",E1,5,1,0.011000000000000001,1,mGAM
mGAM,Without mucin,C. secundus,E1P2,P2,6,DSM28864/177,"C. secundus
(DSM28864/177)",E1,6,1,0.01699999999999998,1,mGAM
mGAM,Without mucin,C. secundus,E1P2,P2,7,DSM28864/177,"C. secundus
(DSM28864/177)",E1,7,1,0.019999999999999983,1,mGAM
mGAM,Without mucin,C. secundus,E1P2,P2,8,DSM28864/177,"C. secundus
(DSM28864/177)",E1,8,1,0.021999999999999978,1,mGAM
mGAM,Without mucin,C. secundus,E1P2,P2,9,DSM28864/177,"C. secundus
(DSM28864/177)",E1,9,1,0.021999999999999978,1,mGAM
mGAM,Without mucin,C. secundus,E1P2,P2,10,DSM28864/177,"C. secundus
(DSM28864/177)",E1,10,1,0.021999999999999978,1,mGAM
mGAM,Without mucin,C. secundus,E1P2,P2,11,DSM28864/177,"C. secundus
(DSM28864/177)",E1,11,1,0.018999999999999982,1,mGAM
mGAM,Without mucin,C. secundus,E1P2,P2,12,DSM28864/177,"C. secundus
(DSM28864/177)",E1,12,1,0.015000000000000001,1,mGAM
mGAM,Without mucin,C. secundus,E1P2,P2,13,DSM28864/177,"C. secundus
(DSM28864/177)",E1,13,1,0.011999999999999999,1,mGAM
mGAM,Without mucin,C. secundus,E1P2,P2,14,DSM28864/177,"C. secundus
(DSM28864/177)",E1,14,1,0.01,1,mGAM
mGAM,Without mucin,C. secundus,E1P2,P2,15,DSM28864/177,"C. secundus
(DSM28864/177)",E1,15,1,0.007999999999999998,1,mGAM
mGAM,Without mucin,C. secundus,E1P2,P2,16,DSM28864/177,"C. secundus
(DSM28864/177)",E1,16,1,0.007000000000000001,1,mGAM
mGAM,Without mucin,C. secundus,E1P2,P2,17,DSM28864/177,"C. secundus
(DSM28864/177)",E1,17,1,0.00599999999999999,1,mGAM
mGAM,Without mucin,C. secundus,E1P2,P2,18,DSM28864/177,"C. secundus
(DSM28864/177)",E1,18,1,0.0049999999999999906,1,mGAM
mGAM,Without mucin,C. secundus,E1P2,P2,19,DSM28864/177,"C. secundus
(DSM28864/177)",E1,19,1,0.004,1,mGAM
mGAM,Without mucin,C. secundus,E1P2,P2,20,DSM28864/177,"C. secundus
(DSM28864/177)",E1,20,1,0.004,1,mGAM
mGAM,Without mucin,C. secundus,E1P2,P2,21,DSM28864/177,"C. secundus
(DSM28864/177)",E1,21,1,0.00599999999999999,1,mGAM
mGAM,Without mucin,C. secundus,E1P2,P2,22,DSM28864/177,"C. secundus
(DSM28864/177)",E1,22,1,0.009,1,mGAM
mGAM,Without mucin,C. secundus,E1P2,P2,23,DSM28864/177,"C. secundus
(DSM28864/177)",E1,23,1,0.011999999999999999,1,mGAM
mGAM,Without mucin,C. secundus,E1P2,P2,24,DSM28864/177,"C. secundus
(DSM28864/177)",E1,24,1,0.01799999999999998,1,mGAM
mGAM,Without mucin,C. secundus,E1P2,P2,25,DSM28864/177,"C. secundus
(DSM28864/177)",E1,25,1,0.02699999999999999,1,mGAM
mGAM,Without mucin,C. secundus,E1P2,P2,26,DSM28864/177,"C. secundus
(DSM28864/177)",E1,26,1,0.037,1,mGAM
mGAM,Without mucin,C. secundus,E1P2,P2,27,DSM28864/177,"C. secundus
(DSM28864/177)",E1,27,1,0.049999999999999996,1,mGAM
mGAM,Without mucin,C. secundus,E1P2,P2,28,DSM28864/177,"C. secundus
(DSM28864/177)",E1,28,1,0.06499999999999997,1,mGAM
mGAM,Without mucin,C. secundus,E1P2,P2,29,DSM28864/177,"C. secundus
(DSM28864/177)",E1,29,1,0.07899999999999997,1,mGAM
mGAM,Without mucin,C. secundus,E1P2,P2,30,DSM28864/177,"C. secundus
(DSM28864/177)",E1,30,1,0.09100000000000001,1,mGAM
mGAM,Without mucin,C. secundus,E1P1,P1,0.5,DSM28864/177,"C. secundus
(DSM28864/177)",E1,0.5,1,0,1,mGAM
mGAM,Without mucin,C. secundus,E1P1,P1,1,DSM28864/177,"C. secundus
(DSM28864/177)",E1,1,1,0,1,mGAM
mGAM,Without mucin,C. secundus,E1P1,P1,2,DSM28864/177,"C. secundus
(DSM28864/177)",E1,2,1,0,1,mGAM
mGAM,Without mucin,C. secundus,E1P1,P1,3,DSM28864/177,"C. secundus
(DSM28864/177)",E1,3,1,9.999999999999905e-4,1,mGAM
mGAM,Without mucin,C. secundus,E1P1,P1,4,DSM28864/177,"C. secundus
(DSM28864/177)",E1,4,1,0.013,1,mGAM
mGAM,Without mucin,C. secundus,E1P1,P1,5,DSM28864/177,"C. secundus
(DSM28864/177)",E1,5,1,0.019000000000000003,1,mGAM
mGAM,Without mucin,C. secundus,E1P1,P1,6,DSM28864/177,"C. secundus
(DSM28864/177)",E1,6,1,0.023000000000000007,1,mGAM
mGAM,Without mucin,C. secundus,E1P1,P1,7,DSM28864/177,"C. secundus
(DSM28864/177)",E1,7,1,0.02700000000000001,1,mGAM
mGAM,Without mucin,C. secundus,E1P1,P1,8,DSM28864/177,"C. secundus
(DSM28864/177)",E1,8,1,0.02799999999999999,1,mGAM
mGAM,Without mucin,C. secundus,E1P1,P1,9,DSM28864/177,"C. secundus
(DSM28864/177)",E1,9,1,0.025999999999999995,1,mGAM
mGAM,Without mucin,C. secundus,E1P1,P1,10,DSM28864/177,"C. secundus
(DSM28864/177)",E1,10,1,0.022000000000000006,1,mGAM
mGAM,Without mucin,C. secundus,E1P1,P1,11,DSM28864/177,"C. secundus
(DSM28864/177)",E1,11,1,0.02000000000000001,1,mGAM
mGAM,Without mucin,C. secundus,E1P1,P1,12,DSM28864/177,"C. secundus
(DSM28864/177)",E1,12,1,0.017,1,mGAM
mGAM,Without mucin,C. secundus,E1P1,P1,13,DSM28864/177,"C. secundus
(DSM28864/177)",E1,13,1,0.015000000000000001,1,mGAM
mGAM,Without mucin,C. secundus,E1P1,P1,14,DSM28864/177,"C. secundus
(DSM28864/177)",E1,14,1,0.013,1,mGAM
mGAM,Without mucin,C. secundus,E1P1,P1,15,DSM28864/177,"C. secundus
(DSM28864/177)",E1,15,1,0.01,1,mGAM
mGAM,Without mucin,C. secundus,E1P1,P1,16,DSM28864/177,"C. secundus
(DSM28864/177)",E1,16,1,0.009,1,mGAM
mGAM,Without mucin,C. secundus,E1P1,P1,17,DSM28864/177,"C. secundus
(DSM28864/177)",E1,17,1,0.009,1,mGAM
mGAM,Without mucin,C. secundus,E1P1,P1,18,DSM28864/177,"C. secundus
(DSM28864/177)",E1,18,1,0.007999999999999998,1,mGAM
mGAM,Without mucin,C. secundus,E1P1,P1,19,DSM28864/177,"C. secundus
(DSM28864/177)",E1,19,1,0.007999999999999998,1,mGAM
mGAM,Without mucin,C. secundus,E1P1,P1,20,DSM28864/177,"C. secundus
(DSM28864/177)",E1,20,1,0.007000000000000001,1,mGAM
mGAM,Without mucin,C. secundus,E1P1,P1,21,DSM28864/177,"C. secundus
(DSM28864/177)",E1,21,1,0.007000000000000001,1,mGAM
mGAM,Without mucin,C. secundus,E1P1,P1,22,DSM28864/177,"C. secundus
(DSM28864/177)",E1,22,1,0.007999999999999998,1,mGAM
mGAM,Without mucin,C. secundus,E1P1,P1,23,DSM28864/177,"C. secundus
(DSM28864/177)",E1,23,1,0.011999999999999999,1,mGAM
mGAM,Without mucin,C. secundus,E1P1,P1,24,DSM28864/177,"C. secundus
(DSM28864/177)",E1,24,1,0.018000000000000002,1,mGAM
mGAM,Without mucin,C. secundus,E1P1,P1,25,DSM28864/177,"C. secundus
(DSM28864/177)",E1,25,1,0.02799999999999999,1,mGAM
mGAM,Without mucin,C. secundus,E1P1,P1,26,DSM28864/177,"C. secundus
(DSM28864/177)",E1,26,1,0.04,1,mGAM
mGAM,Without mucin,C. secundus,E1P1,P1,27,DSM28864/177,"C. secundus
(DSM28864/177)",E1,27,1,0.05100000000000001,1,mGAM
mGAM,Without mucin,C. secundus,E1P1,P1,28,DSM28864/177,"C. secundus
(DSM28864/177)",E1,28,1,0.06700000000000003,1,mGAM
mGAM,Without mucin,C. secundus,E1P1,P1,29,DSM28864/177,"C. secundus
(DSM28864/177)",E1,29,1,0.08099999999999999,1,mGAM
mGAM,Without mucin,C. secundus,E1P1,P1,30,DSM28864/177,"C. secundus
(DSM28864/177)",E1,30,1,0.093,1,mGAM
mGAM,Without mucin,C. secundus,E3P1,P1,0.5,DSM28864/177,"C. secundus
(DSM28864/177)",E3,0.5,1,0,3,mGAM
mGAM,Without mucin,C. secundus,E3P1,P1,1,DSM28864/177,"C. secundus
(DSM28864/177)",E3,1,1,0,3,mGAM
mGAM,Without mucin,C. secundus,E3P1,P1,2,DSM28864/177,"C. secundus
(DSM28864/177)",E3,2,1,0,3,mGAM
mGAM,Without mucin,C. secundus,E3P1,P1,3,DSM28864/177,"C. secundus
(DSM28864/177)",E3,3,1,0,3,mGAM
mGAM,Without mucin,C. secundus,E3P1,P1,4,DSM28864/177,"C. secundus
(DSM28864/177)",E3,4,1,9.999999999999905e-4,3,mGAM
mGAM,Without mucin,C. secundus,E3P1,P1,5,DSM28864/177,"C. secundus
(DSM28864/177)",E3,5,1,0.00599999999999999,3,mGAM
mGAM,Without mucin,C. secundus,E3P1,P1,6,DSM28864/177,"C. secundus
(DSM28864/177)",E3,6,1,0.013,3,mGAM
mGAM,Without mucin,C. secundus,E3P1,P1,7,DSM28864/177,"C. secundus
(DSM28864/177)",E3,7,1,0.015000000000000001,3,mGAM
mGAM,Without mucin,C. secundus,E3P1,P1,8,DSM28864/177,"C. secundus
(DSM28864/177)",E3,8,1,0.017,3,mGAM
mGAM,Without mucin,C. secundus,E3P1,P1,9,DSM28864/177,"C. secundus
(DSM28864/177)",E3,9,1,0.017,3,mGAM
mGAM,Without mucin,C. secundus,E3P1,P1,10,DSM28864/177,"C. secundus
(DSM28864/177)",E3,10,1,0.015000000000000001,3,mGAM
mGAM,Without mucin,C. secundus,E3P1,P1,11,DSM28864/177,"C. secundus
(DSM28864/177)",E3,11,1,0.011999999999999999,3,mGAM
mGAM,Without mucin,C. secundus,E3P1,P1,12,DSM28864/177,"C. secundus
(DSM28864/177)",E3,12,1,0.011000000000000001,3,mGAM
mGAM,Without mucin,C. secundus,E3P1,P1,13,DSM28864/177,"C. secundus
(DSM28864/177)",E3,13,1,0.007000000000000001,3,mGAM
mGAM,Without mucin,C. secundus,E3P1,P1,14,DSM28864/177,"C. secundus
(DSM28864/177)",E3,14,1,0.002999999999999999,3,mGAM
mGAM,Without mucin,C. secundus,E3P1,P1,15,DSM28864/177,"C. secundus
(DSM28864/177)",E3,15,1,0,3,mGAM
mGAM,Without mucin,C. secundus,E3P1,P1,16,DSM28864/177,"C. secundus
(DSM28864/177)",E3,16,1,0,3,mGAM
mGAM,Without mucin,C. secundus,E3P1,P1,17,DSM28864/177,"C. secundus
(DSM28864/177)",E3,17,1,0,3,mGAM
mGAM,Without mucin,C. secundus,E3P1,P1,18,DSM28864/177,"C. secundus
(DSM28864/177)",E3,18,1,0,3,mGAM
mGAM,Without mucin,C. secundus,E3P1,P1,19,DSM28864/177,"C. secundus
(DSM28864/177)",E3,19,1,1.0408340855860843e-17,3,mGAM
mGAM,Without mucin,C. secundus,E3P1,P1,20,DSM28864/177,"C. secundus
(DSM28864/177)",E3,20,1,0.0019999999999999896,3,mGAM
mGAM,Without mucin,C. secundus,E3P1,P1,21,DSM28864/177,"C. secundus
(DSM28864/177)",E3,21,1,0.00599999999999999,3,mGAM
mGAM,Without mucin,C. secundus,E3P1,P1,22,DSM28864/177,"C. secundus
(DSM28864/177)",E3,22,1,0.007999999999999998,3,mGAM
mGAM,Without mucin,C. secundus,E3P1,P1,23,DSM28864/177,"C. secundus
(DSM28864/177)",E3,23,1,0.014,3,mGAM
mGAM,Without mucin,C. secundus,E3P1,P1,24,DSM28864/177,"C. secundus
(DSM28864/177)",E3,24,1,0.02100000000000001,3,mGAM
mGAM,Without mucin,C. secundus,E3P1,P1,25,DSM28864/177,"C. secundus
(DSM28864/177)",E3,25,1,0.030000000000000006,3,mGAM
mGAM,Without mucin,C. secundus,E3P1,P1,26,DSM28864/177,"C. secundus
(DSM28864/177)",E3,26,1,0.043,3,mGAM
mGAM,Without mucin,C. secundus,E3P1,P1,27,DSM28864/177,"C. secundus
(DSM28864/177)",E3,27,1,0.055000000000000014,3,mGAM
mGAM,Without mucin,C. secundus,E3P1,P1,28,DSM28864/177,"C. secundus
(DSM28864/177)",E3,28,1,0.06900000000000002,3,mGAM
mGAM,Without mucin,C. secundus,E3P1,P1,29,DSM28864/177,"C. secundus
(DSM28864/177)",E3,29,1,0.08199999999999999,3,mGAM
mGAM,Without mucin,C. secundus,E3P1,P1,30,DSM28864/177,"C. secundus
(DSM28864/177)",E3,30,1,0.094,3,mGAM
GMM+LAB,With mucin,E. tayi,H2P5,P5,0.5,DSM26961,"E. tayi
(DSM26961)",H2,0.5,1,0,4,GMM+LAB
GMM+LAB,With mucin,E. tayi,H2P5,P5,1,DSM26961,"E. tayi
(DSM26961)",H2,1,1,0,4,GMM+LAB
GMM+LAB,With mucin,E. tayi,H2P5,P5,2,DSM26961,"E. tayi
(DSM26961)",H2,2,1,0,4,GMM+LAB
GMM+LAB,With mucin,E. tayi,H2P5,P5,3,DSM26961,"E. tayi
(DSM26961)",H2,3,1,0,4,GMM+LAB
GMM+LAB,With mucin,E. tayi,H2P5,P5,4,DSM26961,"E. tayi
(DSM26961)",H2,4,1,0,4,GMM+LAB
GMM+LAB,With mucin,E. tayi,H2P5,P5,5,DSM26961,"E. tayi
(DSM26961)",H2,5,1,0,4,GMM+LAB
GMM+LAB,With mucin,E. tayi,H2P5,P5,6,DSM26961,"E. tayi
(DSM26961)",H2,6,1,0,4,GMM+LAB
GMM+LAB,With mucin,E. tayi,H2P5,P5,7,DSM26961,"E. tayi
(DSM26961)",H2,7,1,0,4,GMM+LAB
GMM+LAB,With mucin,E. tayi,H2P5,P5,8,DSM26961,"E. tayi
(DSM26961)",H2,8,1,0,4,GMM+LAB
GMM+LAB,With mucin,E. tayi,H2P5,P5,9,DSM26961,"E. tayi
(DSM26961)",H2,9,1,0,4,GMM+LAB
GMM+LAB,With mucin,E. tayi,H2P5,P5,10,DSM26961,"E. tayi
(DSM26961)",H2,10,1,0,4,GMM+LAB
GMM+LAB,With mucin,E. tayi,H2P5,P5,11,DSM26961,"E. tayi
(DSM26961)",H2,11,1,0,4,GMM+LAB
GMM+LAB,With mucin,E. tayi,H2P5,P5,12,DSM26961,"E. tayi
(DSM26961)",H2,12,1,0,4,GMM+LAB
GMM+LAB,With mucin,E. tayi,H2P5,P5,13,DSM26961,"E. tayi
(DSM26961)",H2,13,1,0,4,GMM+LAB
GMM+LAB,With mucin,E. tayi,H2P5,P5,14,DSM26961,"E. tayi
(DSM26961)",H2,14,1,0,4,GMM+LAB
GMM+LAB,With mucin,E. tayi,H2P5,P5,15,DSM26961,"E. tayi
(DSM26961)",H2,15,1,0,4,GMM+LAB
GMM+LAB,With mucin,E. tayi,H2P5,P5,16,DSM26961,"E. tayi
(DSM26961)",H2,16,1,0,4,GMM+LAB
GMM+LAB,With mucin,E. tayi,H2P5,P5,17,DSM26961,"E. tayi
(DSM26961)",H2,17,1,0,4,GMM+LAB
GMM+LAB,With mucin,E. tayi,H2P5,P5,18,DSM26961,"E. tayi
(DSM26961)",H2,18,1,0,4,GMM+LAB
GMM+LAB,With mucin,E. tayi,H2P5,P5,19,DSM26961,"E. tayi
(DSM26961)",H2,19,1,0,4,GMM+LAB
GMM+LAB,With mucin,E. tayi,H2P5,P5,20,DSM26961,"E. tayi
(DSM26961)",H2,20,1,0,4,GMM+LAB
GMM+LAB,With mucin,E. tayi,H2P5,P5,21,DSM26961,"E. tayi
(DSM26961)",H2,21,1,0,4,GMM+LAB
GMM+LAB,With mucin,E. tayi,H2P5,P5,22,DSM26961,"E. tayi
(DSM26961)",H2,22,1,0,4,GMM+LAB
GMM+LAB,With mucin,E. tayi,H2P5,P5,23,DSM26961,"E. tayi
(DSM26961)",H2,23,1,0,4,GMM+LAB
GMM+LAB,With mucin,E. tayi,H2P5,P5,24,DSM26961,"E. tayi
(DSM26961)",H2,24,1,0,4,GMM+LAB
GMM+LAB,With mucin,E. tayi,H2P5,P5,25,DSM26961,"E. tayi
(DSM26961)",H2,25,1,0,4,GMM+LAB
GMM+LAB,With mucin,E. tayi,H2P5,P5,26,DSM26961,"E. tayi
(DSM26961)",H2,26,1,0,4,GMM+LAB
GMM+LAB,With mucin,E. tayi,H2P5,P5,27,DSM26961,"E. tayi
(DSM26961)",H2,27,1,0,4,GMM+LAB
GMM+LAB,With mucin,E. tayi,H2P5,P5,28,DSM26961,"E. tayi
(DSM26961)",H2,28,1,0,4,GMM+LAB
GMM+LAB,With mucin,E. tayi,H2P5,P5,29,DSM26961,"E. tayi
(DSM26961)",H2,29,1,0,4,GMM+LAB
GMM+LAB,With mucin,E. tayi,H2P5,P5,30,DSM26961,"E. tayi
(DSM26961)",H2,30,1,0,4,GMM+LAB
GMM+LAB,With mucin,E. tayi,F2P5,P5,0.5,DSM26961,"E. tayi
(DSM26961)",F2,0.5,1,0,2,GMM+LAB
GMM+LAB,With mucin,E. tayi,F2P5,P5,1,DSM26961,"E. tayi
(DSM26961)",F2,1,1,0,2,GMM+LAB
GMM+LAB,With mucin,E. tayi,F2P5,P5,2,DSM26961,"E. tayi
(DSM26961)",F2,2,1,0,2,GMM+LAB
GMM+LAB,With mucin,E. tayi,F2P5,P5,3,DSM26961,"E. tayi
(DSM26961)",F2,3,1,0,2,GMM+LAB
GMM+LAB,With mucin,E. tayi,F2P5,P5,4,DSM26961,"E. tayi
(DSM26961)",F2,4,1,0,2,GMM+LAB
GMM+LAB,With mucin,E. tayi,F2P5,P5,5,DSM26961,"E. tayi
(DSM26961)",F2,5,1,0,2,GMM+LAB
GMM+LAB,With mucin,E. tayi,F2P5,P5,6,DSM26961,"E. tayi
(DSM26961)",F2,6,1,0,2,GMM+LAB
GMM+LAB,With mucin,E. tayi,F2P5,P5,7,DSM26961,"E. tayi
(DSM26961)",F2,7,1,0,2,GMM+LAB
GMM+LAB,With mucin,E. tayi,F2P5,P5,8,DSM26961,"E. tayi
(DSM26961)",F2,8,1,0,2,GMM+LAB
GMM+LAB,With mucin,E. tayi,F2P5,P5,9,DSM26961,"E. tayi
(DSM26961)",F2,9,1,0,2,GMM+LAB
GMM+LAB,With mucin,E. tayi,F2P5,P5,10,DSM26961,"E. tayi
(DSM26961)",F2,10,1,0,2,GMM+LAB
GMM+LAB,With mucin,E. tayi,F2P5,P5,11,DSM26961,"E. tayi
(DSM26961)",F2,11,1,0,2,GMM+LAB
GMM+LAB,With mucin,E. tayi,F2P5,P5,12,DSM26961,"E. tayi
(DSM26961)",F2,12,1,0,2,GMM+LAB
GMM+LAB,With mucin,E. tayi,F2P5,P5,13,DSM26961,"E. tayi
(DSM26961)",F2,13,1,0,2,GMM+LAB
GMM+LAB,With mucin,E. tayi,F2P5,P5,14,DSM26961,"E. tayi
(DSM26961)",F2,14,1,0,2,GMM+LAB
GMM+LAB,With mucin,E. tayi,F2P5,P5,15,DSM26961,"E. tayi
(DSM26961)",F2,15,1,0,2,GMM+LAB
GMM+LAB,With mucin,E. tayi,F2P5,P5,16,DSM26961,"E. tayi
(DSM26961)",F2,16,1,0,2,GMM+LAB
GMM+LAB,With mucin,E. tayi,F2P5,P5,17,DSM26961,"E. tayi
(DSM26961)",F2,17,1,0,2,GMM+LAB
GMM+LAB,With mucin,E. tayi,F2P5,P5,18,DSM26961,"E. tayi
(DSM26961)",F2,18,1,0,2,GMM+LAB
GMM+LAB,With mucin,E. tayi,F2P5,P5,19,DSM26961,"E. tayi
(DSM26961)",F2,19,1,0,2,GMM+LAB
GMM+LAB,With mucin,E. tayi,F2P5,P5,20,DSM26961,"E. tayi
(DSM26961)",F2,20,1,0,2,GMM+LAB
GMM+LAB,With mucin,E. tayi,F2P5,P5,21,DSM26961,"E. tayi
(DSM26961)",F2,21,1,0,2,GMM+LAB
GMM+LAB,With mucin,E. tayi,F2P5,P5,22,DSM26961,"E. tayi
(DSM26961)",F2,22,1,0,2,GMM+LAB
GMM+LAB,With mucin,E. tayi,F2P5,P5,23,DSM26961,"E. tayi
(DSM26961)",F2,23,1,0,2,GMM+LAB
GMM+LAB,With mucin,E. tayi,F2P5,P5,24,DSM26961,"E. tayi
(DSM26961)",F2,24,1,0,2,GMM+LAB
GMM+LAB,With mucin,E. tayi,F2P5,P5,25,DSM26961,"E. tayi
(DSM26961)",F2,25,1,0,2,GMM+LAB
GMM+LAB,With mucin,E. tayi,F2P5,P5,26,DSM26961,"E. tayi
(DSM26961)",F2,26,1,0,2,GMM+LAB
GMM+LAB,With mucin,E. tayi,F2P5,P5,27,DSM26961,"E. tayi
(DSM26961)",F2,27,1,0,2,GMM+LAB
GMM+LAB,With mucin,E. tayi,F2P5,P5,28,DSM26961,"E. tayi
(DSM26961)",F2,28,1,0,2,GMM+LAB
GMM+LAB,With mucin,E. tayi,F2P5,P5,29,DSM26961,"E. tayi
(DSM26961)",F2,29,1,0,2,GMM+LAB
GMM+LAB,With mucin,E. tayi,F2P5,P5,30,DSM26961,"E. tayi
(DSM26961)",F2,30,1,0,2,GMM+LAB
GMM+LAB,With mucin,E. tayi,G2P5,P5,0.5,DSM26961,"E. tayi
(DSM26961)",G2,0.5,1,0,3,GMM+LAB
GMM+LAB,With mucin,E. tayi,G2P5,P5,1,DSM26961,"E. tayi
(DSM26961)",G2,1,1,0,3,GMM+LAB
GMM+LAB,With mucin,E. tayi,G2P5,P5,2,DSM26961,"E. tayi
(DSM26961)",G2,2,1,0,3,GMM+LAB
GMM+LAB,With mucin,E. tayi,G2P5,P5,3,DSM26961,"E. tayi
(DSM26961)",G2,3,1,0,3,GMM+LAB
GMM+LAB,With mucin,E. tayi,G2P5,P5,4,DSM26961,"E. tayi
(DSM26961)",G2,4,1,0,3,GMM+LAB
GMM+LAB,With mucin,E. tayi,G2P5,P5,5,DSM26961,"E. tayi
(DSM26961)",G2,5,1,0,3,GMM+LAB
GMM+LAB,With mucin,E. tayi,G2P5,P5,6,DSM26961,"E. tayi
(DSM26961)",G2,6,1,0,3,GMM+LAB
GMM+LAB,With mucin,E. tayi,G2P5,P5,7,DSM26961,"E. tayi
(DSM26961)",G2,7,1,0,3,GMM+LAB
GMM+LAB,With mucin,E. tayi,G2P5,P5,8,DSM26961,"E. tayi
(DSM26961)",G2,8,1,0,3,GMM+LAB
GMM+LAB,With mucin,E. tayi,G2P5,P5,9,DSM26961,"E. tayi
(DSM26961)",G2,9,1,0,3,GMM+LAB
GMM+LAB,With mucin,E. tayi,G2P5,P5,10,DSM26961,"E. tayi
(DSM26961)",G2,10,1,0,3,GMM+LAB
GMM+LAB,With mucin,E. tayi,G2P5,P5,11,DSM26961,"E. tayi
(DSM26961)",G2,11,1,0,3,GMM+LAB
GMM+LAB,With mucin,E. tayi,G2P5,P5,12,DSM26961,"E. tayi
(DSM26961)",G2,12,1,0,3,GMM+LAB
GMM+LAB,With mucin,E. tayi,G2P5,P5,13,DSM26961,"E. tayi
(DSM26961)",G2,13,1,0,3,GMM+LAB
GMM+LAB,With mucin,E. tayi,G2P5,P5,14,DSM26961,"E. tayi
(DSM26961)",G2,14,1,0,3,GMM+LAB
GMM+LAB,With mucin,E. tayi,G2P5,P5,15,DSM26961,"E. tayi
(DSM26961)",G2,15,1,0,3,GMM+LAB
GMM+LAB,With mucin,E. tayi,G2P5,P5,16,DSM26961,"E. tayi
(DSM26961)",G2,16,1,0,3,GMM+LAB
GMM+LAB,With mucin,E. tayi,G2P5,P5,17,DSM26961,"E. tayi
(DSM26961)",G2,17,1,0,3,GMM+LAB
GMM+LAB,With mucin,E. tayi,G2P5,P5,18,DSM26961,"E. tayi
(DSM26961)",G2,18,1,0,3,GMM+LAB
GMM+LAB,With mucin,E. tayi,G2P5,P5,19,DSM26961,"E. tayi
(DSM26961)",G2,19,1,0,3,GMM+LAB
GMM+LAB,With mucin,E. tayi,G2P5,P5,20,DSM26961,"E. tayi
(DSM26961)",G2,20,1,0,3,GMM+LAB
GMM+LAB,With mucin,E. tayi,G2P5,P5,21,DSM26961,"E. tayi
(DSM26961)",G2,21,1,0,3,GMM+LAB
GMM+LAB,With mucin,E. tayi,G2P5,P5,22,DSM26961,"E. tayi
(DSM26961)",G2,22,1,0,3,GMM+LAB
GMM+LAB,With mucin,E. tayi,G2P5,P5,23,DSM26961,"E. tayi
(DSM26961)",G2,23,1,0,3,GMM+LAB
GMM+LAB,With mucin,E. tayi,G2P5,P5,24,DSM26961,"E. tayi
(DSM26961)",G2,24,1,0,3,GMM+LAB
GMM+LAB,With mucin,E. tayi,G2P5,P5,25,DSM26961,"E. tayi
(DSM26961)",G2,25,1,0,3,GMM+LAB
GMM+LAB,With mucin,E. tayi,G2P5,P5,26,DSM26961,"E. tayi
(DSM26961)",G2,26,1,0,3,GMM+LAB
GMM+LAB,With mucin,E. tayi,G2P5,P5,27,DSM26961,"E. tayi
(DSM26961)",G2,27,1,0,3,GMM+LAB
GMM+LAB,With mucin,E. tayi,G2P5,P5,28,DSM26961,"E. tayi
(DSM26961)",G2,28,1,0,3,GMM+LAB
GMM+LAB,With mucin,E. tayi,G2P5,P5,29,DSM26961,"E. tayi
(DSM26961)",G2,29,1,0,3,GMM+LAB
GMM+LAB,With mucin,E. tayi,G2P5,P5,30,DSM26961,"E. tayi
(DSM26961)",G2,30,1,0,3,GMM+LAB
GMM+LAB,Without mucin,E. tayi,C2P5,P5,0.5,DSM26961,"E. tayi
(DSM26961)",C2,0.5,1,0,3,GMM+LAB
GMM+LAB,Without mucin,E. tayi,C2P5,P5,1,DSM26961,"E. tayi
(DSM26961)",C2,1,1,0,3,GMM+LAB
GMM+LAB,Without mucin,E. tayi,C2P5,P5,2,DSM26961,"E. tayi
(DSM26961)",C2,2,1,0,3,GMM+LAB
GMM+LAB,Without mucin,E. tayi,C2P5,P5,3,DSM26961,"E. tayi
(DSM26961)",C2,3,1,0,3,GMM+LAB
GMM+LAB,Without mucin,E. tayi,C2P5,P5,4,DSM26961,"E. tayi
(DSM26961)",C2,4,1,0,3,GMM+LAB
GMM+LAB,Without mucin,E. tayi,C2P5,P5,5,DSM26961,"E. tayi
(DSM26961)",C2,5,1,0,3,GMM+LAB
GMM+LAB,Without mucin,E. tayi,C2P5,P5,6,DSM26961,"E. tayi
(DSM26961)",C2,6,1,0,3,GMM+LAB
GMM+LAB,Without mucin,E. tayi,C2P5,P5,7,DSM26961,"E. tayi
(DSM26961)",C2,7,1,0,3,GMM+LAB
GMM+LAB,Without mucin,E. tayi,C2P5,P5,8,DSM26961,"E. tayi
(DSM26961)",C2,8,1,0,3,GMM+LAB
GMM+LAB,Without mucin,E. tayi,C2P5,P5,9,DSM26961,"E. tayi
(DSM26961)",C2,9,1,0,3,GMM+LAB
GMM+LAB,Without mucin,E. tayi,C2P5,P5,10,DSM26961,"E. tayi
(DSM26961)",C2,10,1,0,3,GMM+LAB
GMM+LAB,Without mucin,E. tayi,C2P5,P5,11,DSM26961,"E. tayi
(DSM26961)",C2,11,1,0,3,GMM+LAB
GMM+LAB,Without mucin,E. tayi,C2P5,P5,12,DSM26961,"E. tayi
(DSM26961)",C2,12,1,0,3,GMM+LAB
GMM+LAB,Without mucin,E. tayi,C2P5,P5,13,DSM26961,"E. tayi
(DSM26961)",C2,13,1,0,3,GMM+LAB
GMM+LAB,Without mucin,E. tayi,C2P5,P5,14,DSM26961,"E. tayi
(DSM26961)",C2,14,1,0,3,GMM+LAB
GMM+LAB,Without mucin,E. tayi,C2P5,P5,15,DSM26961,"E. tayi
(DSM26961)",C2,15,1,0,3,GMM+LAB
GMM+LAB,Without mucin,E. tayi,C2P5,P5,16,DSM26961,"E. tayi
(DSM26961)",C2,16,1,0,3,GMM+LAB
GMM+LAB,Without mucin,E. tayi,C2P5,P5,17,DSM26961,"E. tayi
(DSM26961)",C2,17,1,0,3,GMM+LAB
GMM+LAB,Without mucin,E. tayi,C2P5,P5,18,DSM26961,"E. tayi
(DSM26961)",C2,18,1,0,3,GMM+LAB
GMM+LAB,Without mucin,E. tayi,C2P5,P5,19,DSM26961,"E. tayi
(DSM26961)",C2,19,1,0,3,GMM+LAB
GMM+LAB,Without mucin,E. tayi,C2P5,P5,20,DSM26961,"E. tayi
(DSM26961)",C2,20,1,0,3,GMM+LAB
GMM+LAB,Without mucin,E. tayi,C2P5,P5,21,DSM26961,"E. tayi
(DSM26961)",C2,21,1,0,3,GMM+LAB
GMM+LAB,Without mucin,E. tayi,C2P5,P5,22,DSM26961,"E. tayi
(DSM26961)",C2,22,1,0,3,GMM+LAB
GMM+LAB,Without mucin,E. tayi,C2P5,P5,23,DSM26961,"E. tayi
(DSM26961)",C2,23,1,0,3,GMM+LAB
GMM+LAB,Without mucin,E. tayi,C2P5,P5,24,DSM26961,"E. tayi
(DSM26961)",C2,24,1,0,3,GMM+LAB
GMM+LAB,Without mucin,E. tayi,C2P5,P5,25,DSM26961,"E. tayi
(DSM26961)",C2,25,1,0,3,GMM+LAB
GMM+LAB,Without mucin,E. tayi,C2P5,P5,26,DSM26961,"E. tayi
(DSM26961)",C2,26,1,0,3,GMM+LAB
GMM+LAB,Without mucin,E. tayi,C2P5,P5,27,DSM26961,"E. tayi
(DSM26961)",C2,27,1,0,3,GMM+LAB
GMM+LAB,Without mucin,E. tayi,C2P5,P5,28,DSM26961,"E. tayi
(DSM26961)",C2,28,1,0,3,GMM+LAB
GMM+LAB,Without mucin,E. tayi,C2P5,P5,29,DSM26961,"E. tayi
(DSM26961)",C2,29,1,0,3,GMM+LAB
GMM+LAB,Without mucin,E. tayi,C2P5,P5,30,DSM26961,"E. tayi
(DSM26961)",C2,30,1,0,3,GMM+LAB
GMM+LAB,Without mucin,E. tayi,D2P5,P5,0.5,DSM26961,"E. tayi
(DSM26961)",D2,0.5,1,8.000000000000008e-4,4,GMM+LAB
GMM+LAB,Without mucin,E. tayi,D2P5,P5,1,DSM26961,"E. tayi
(DSM26961)",D2,1,1,0,4,GMM+LAB
GMM+LAB,Without mucin,E. tayi,D2P5,P5,2,DSM26961,"E. tayi
(DSM26961)",D2,2,1,0,4,GMM+LAB
GMM+LAB,Without mucin,E. tayi,D2P5,P5,3,DSM26961,"E. tayi
(DSM26961)",D2,3,1,0,4,GMM+LAB
GMM+LAB,Without mucin,E. tayi,D2P5,P5,4,DSM26961,"E. tayi
(DSM26961)",D2,4,1,0,4,GMM+LAB
GMM+LAB,Without mucin,E. tayi,D2P5,P5,5,DSM26961,"E. tayi
(DSM26961)",D2,5,1,0,4,GMM+LAB
GMM+LAB,Without mucin,E. tayi,D2P5,P5,6,DSM26961,"E. tayi
(DSM26961)",D2,6,1,0,4,GMM+LAB
GMM+LAB,Without mucin,E. tayi,D2P5,P5,7,DSM26961,"E. tayi
(DSM26961)",D2,7,1,0,4,GMM+LAB
GMM+LAB,Without mucin,E. tayi,D2P5,P5,8,DSM26961,"E. tayi
(DSM26961)",D2,8,1,0,4,GMM+LAB
GMM+LAB,Without mucin,E. tayi,D2P5,P5,9,DSM26961,"E. tayi
(DSM26961)",D2,9,1,0,4,GMM+LAB
GMM+LAB,Without mucin,E. tayi,D2P5,P5,10,DSM26961,"E. tayi
(DSM26961)",D2,10,1,0,4,GMM+LAB
GMM+LAB,Without mucin,E. tayi,D2P5,P5,11,DSM26961,"E. tayi
(DSM26961)",D2,11,1,0,4,GMM+LAB
GMM+LAB,Without mucin,E. tayi,D2P5,P5,12,DSM26961,"E. tayi
(DSM26961)",D2,12,1,0,4,GMM+LAB
GMM+LAB,Without mucin,E. tayi,D2P5,P5,13,DSM26961,"E. tayi
(DSM26961)",D2,13,1,0,4,GMM+LAB
GMM+LAB,Without mucin,E. tayi,D2P5,P5,14,DSM26961,"E. tayi
(DSM26961)",D2,14,1,0,4,GMM+LAB
GMM+LAB,Without mucin,E. tayi,D2P5,P5,15,DSM26961,"E. tayi
(DSM26961)",D2,15,1,0,4,GMM+LAB
GMM+LAB,Without mucin,E. tayi,D2P5,P5,16,DSM26961,"E. tayi
(DSM26961)",D2,16,1,0,4,GMM+LAB
GMM+LAB,Without mucin,E. tayi,D2P5,P5,17,DSM26961,"E. tayi
(DSM26961)",D2,17,1,0,4,GMM+LAB
GMM+LAB,Without mucin,E. tayi,D2P5,P5,18,DSM26961,"E. tayi
(DSM26961)",D2,18,1,0,4,GMM+LAB
GMM+LAB,Without mucin,E. tayi,D2P5,P5,19,DSM26961,"E. tayi
(DSM26961)",D2,19,1,0,4,GMM+LAB
GMM+LAB,Without mucin,E. tayi,D2P5,P5,20,DSM26961,"E. tayi
(DSM26961)",D2,20,1,0,4,GMM+LAB
GMM+LAB,Without mucin,E. tayi,D2P5,P5,21,DSM26961,"E. tayi
(DSM26961)",D2,21,1,0,4,GMM+LAB
GMM+LAB,Without mucin,E. tayi,D2P5,P5,22,DSM26961,"E. tayi
(DSM26961)",D2,22,1,0,4,GMM+LAB
GMM+LAB,Without mucin,E. tayi,D2P5,P5,23,DSM26961,"E. tayi
(DSM26961)",D2,23,1,0,4,GMM+LAB
GMM+LAB,Without mucin,E. tayi,D2P5,P5,24,DSM26961,"E. tayi
(DSM26961)",D2,24,1,0,4,GMM+LAB
GMM+LAB,Without mucin,E. tayi,D2P5,P5,25,DSM26961,"E. tayi
(DSM26961)",D2,25,1,0,4,GMM+LAB
GMM+LAB,Without mucin,E. tayi,D2P5,P5,26,DSM26961,"E. tayi
(DSM26961)",D2,26,1,0,4,GMM+LAB
GMM+LAB,Without mucin,E. tayi,D2P5,P5,27,DSM26961,"E. tayi
(DSM26961)",D2,27,1,0,4,GMM+LAB
GMM+LAB,Without mucin,E. tayi,D2P5,P5,28,DSM26961,"E. tayi
(DSM26961)",D2,28,1,0,4,GMM+LAB
GMM+LAB,Without mucin,E. tayi,D2P5,P5,29,DSM26961,"E. tayi
(DSM26961)",D2,29,1,0,4,GMM+LAB
GMM+LAB,Without mucin,E. tayi,D2P5,P5,30,DSM26961,"E. tayi
(DSM26961)",D2,30,1,0,4,GMM+LAB
GMM+LAB,Without mucin,E. tayi,B2P5,P5,0.5,DSM26961,"E. tayi
(DSM26961)",B2,0.5,1,0,2,GMM+LAB
GMM+LAB,Without mucin,E. tayi,B2P5,P5,1,DSM26961,"E. tayi
(DSM26961)",B2,1,1,0,2,GMM+LAB
GMM+LAB,Without mucin,E. tayi,B2P5,P5,2,DSM26961,"E. tayi
(DSM26961)",B2,2,1,0,2,GMM+LAB
GMM+LAB,Without mucin,E. tayi,B2P5,P5,3,DSM26961,"E. tayi
(DSM26961)",B2,3,1,0,2,GMM+LAB
GMM+LAB,Without mucin,E. tayi,B2P5,P5,4,DSM26961,"E. tayi
(DSM26961)",B2,4,1,0,2,GMM+LAB
GMM+LAB,Without mucin,E. tayi,B2P5,P5,5,DSM26961,"E. tayi
(DSM26961)",B2,5,1,0,2,GMM+LAB
GMM+LAB,Without mucin,E. tayi,B2P5,P5,6,DSM26961,"E. tayi
(DSM26961)",B2,6,1,0,2,GMM+LAB
GMM+LAB,Without mucin,E. tayi,B2P5,P5,7,DSM26961,"E. tayi
(DSM26961)",B2,7,1,0,2,GMM+LAB
GMM+LAB,Without mucin,E. tayi,B2P5,P5,8,DSM26961,"E. tayi
(DSM26961)",B2,8,1,0,2,GMM+LAB
GMM+LAB,Without mucin,E. tayi,B2P5,P5,9,DSM26961,"E. tayi
(DSM26961)",B2,9,1,0,2,GMM+LAB
GMM+LAB,Without mucin,E. tayi,B2P5,P5,10,DSM26961,"E. tayi
(DSM26961)",B2,10,1,0,2,GMM+LAB
GMM+LAB,Without mucin,E. tayi,B2P5,P5,11,DSM26961,"E. tayi
(DSM26961)",B2,11,1,0,2,GMM+LAB
GMM+LAB,Without mucin,E. tayi,B2P5,P5,12,DSM26961,"E. tayi
(DSM26961)",B2,12,1,0,2,GMM+LAB
GMM+LAB,Without mucin,E. tayi,B2P5,P5,13,DSM26961,"E. tayi
(DSM26961)",B2,13,1,0,2,GMM+LAB
GMM+LAB,Without mucin,E. tayi,B2P5,P5,14,DSM26961,"E. tayi
(DSM26961)",B2,14,1,0,2,GMM+LAB
GMM+LAB,Without mucin,E. tayi,B2P5,P5,15,DSM26961,"E. tayi
(DSM26961)",B2,15,1,0,2,GMM+LAB
GMM+LAB,Without mucin,E. tayi,B2P5,P5,16,DSM26961,"E. tayi
(DSM26961)",B2,16,1,0,2,GMM+LAB
GMM+LAB,Without mucin,E. tayi,B2P5,P5,17,DSM26961,"E. tayi
(DSM26961)",B2,17,1,0,2,GMM+LAB
GMM+LAB,Without mucin,E. tayi,B2P5,P5,18,DSM26961,"E. tayi
(DSM26961)",B2,18,1,0,2,GMM+LAB
GMM+LAB,Without mucin,E. tayi,B2P5,P5,19,DSM26961,"E. tayi
(DSM26961)",B2,19,1,0,2,GMM+LAB
GMM+LAB,Without mucin,E. tayi,B2P5,P5,20,DSM26961,"E. tayi
(DSM26961)",B2,20,1,0,2,GMM+LAB
GMM+LAB,Without mucin,E. tayi,B2P5,P5,21,DSM26961,"E. tayi
(DSM26961)",B2,21,1,0,2,GMM+LAB
GMM+LAB,Without mucin,E. tayi,B2P5,P5,22,DSM26961,"E. tayi
(DSM26961)",B2,22,1,0,2,GMM+LAB
GMM+LAB,Without mucin,E. tayi,B2P5,P5,23,DSM26961,"E. tayi
(DSM26961)",B2,23,1,0,2,GMM+LAB
GMM+LAB,Without mucin,E. tayi,B2P5,P5,24,DSM26961,"E. tayi
(DSM26961)",B2,24,1,0,2,GMM+LAB
GMM+LAB,Without mucin,E. tayi,B2P5,P5,25,DSM26961,"E. tayi
(DSM26961)",B2,25,1,0,2,GMM+LAB
GMM+LAB,Without mucin,E. tayi,B2P5,P5,26,DSM26961,"E. tayi
(DSM26961)",B2,26,1,0,2,GMM+LAB
GMM+LAB,Without mucin,E. tayi,B2P5,P5,27,DSM26961,"E. tayi
(DSM26961)",B2,27,1,0,2,GMM+LAB
GMM+LAB,Without mucin,E. tayi,B2P5,P5,28,DSM26961,"E. tayi
(DSM26961)",B2,28,1,0,2,GMM+LAB
GMM+LAB,Without mucin,E. tayi,B2P5,P5,29,DSM26961,"E. tayi
(DSM26961)",B2,29,1,0,2,GMM+LAB
GMM+LAB,Without mucin,E. tayi,B2P5,P5,30,DSM26961,"E. tayi
(DSM26961)",B2,30,1,0,2,GMM+LAB
SB,With mucin,E. tayi,B8P5,P5,0.5,DSM26961,"E. tayi
(DSM26961)",B8,0.5,1,0,2,SB
SB,With mucin,E. tayi,B8P5,P5,1,DSM26961,"E. tayi
(DSM26961)",B8,1,1,0,2,SB
SB,With mucin,E. tayi,B8P5,P5,2,DSM26961,"E. tayi
(DSM26961)",B8,2,1,0.00599999999999999,2,SB
SB,With mucin,E. tayi,B8P5,P5,3,DSM26961,"E. tayi
(DSM26961)",B8,3,1,0.014,2,SB
SB,With mucin,E. tayi,B8P5,P5,4,DSM26961,"E. tayi
(DSM26961)",B8,4,1,0.019000000000000003,2,SB
SB,With mucin,E. tayi,B8P5,P5,5,DSM26961,"E. tayi
(DSM26961)",B8,5,1,0.02499999999999998,2,SB
SB,With mucin,E. tayi,B8P5,P5,6,DSM26961,"E. tayi
(DSM26961)",B8,6,1,0.02899999999999999,2,SB
SB,With mucin,E. tayi,B8P5,P5,7,DSM26961,"E. tayi
(DSM26961)",B8,7,1,0.03299999999999999,2,SB
SB,With mucin,E. tayi,B8P5,P5,8,DSM26961,"E. tayi
(DSM26961)",B8,8,1,0.04,2,SB
SB,With mucin,E. tayi,B8P5,P5,9,DSM26961,"E. tayi
(DSM26961)",B8,9,1,0.043,2,SB
SB,With mucin,E. tayi,B8P5,P5,10,DSM26961,"E. tayi
(DSM26961)",B8,10,1,0.05800000000000002,2,SB
SB,With mucin,E. tayi,B8P5,P5,11,DSM26961,"E. tayi
(DSM26961)",B8,11,1,0.088,2,SB
SB,With mucin,E. tayi,B8P5,P5,12,DSM26961,"E. tayi
(DSM26961)",B8,12,1,0.115,2,SB
SB,With mucin,E. tayi,B8P5,P5,13,DSM26961,"E. tayi
(DSM26961)",B8,13,1,0.154,2,SB
SB,With mucin,E. tayi,B8P5,P5,14,DSM26961,"E. tayi
(DSM26961)",B8,14,1,0.20099999999999998,2,SB
SB,With mucin,E. tayi,B8P5,P5,15,DSM26961,"E. tayi
(DSM26961)",B8,15,1,0.259,2,SB
SB,With mucin,E. tayi,B8P5,P5,16,DSM26961,"E. tayi
(DSM26961)",B8,16,1,0.34099999999999997,2,SB
SB,With mucin,E. tayi,B8P5,P5,17,DSM26961,"E. tayi
(DSM26961)",B8,17,1,0.436,2,SB
SB,With mucin,E. tayi,B8P5,P5,18,DSM26961,"E. tayi
(DSM26961)",B8,18,1,0.538,2,SB
SB,With mucin,E. tayi,B8P5,P5,19,DSM26961,"E. tayi
(DSM26961)",B8,19,1,0.6339999999999999,2,SB
SB,With mucin,E. tayi,B8P5,P5,20,DSM26961,"E. tayi
(DSM26961)",B8,20,1,0.7,2,SB
SB,With mucin,E. tayi,B8P5,P5,21,DSM26961,"E. tayi
(DSM26961)",B8,21,1,0.752,2,SB
SB,With mucin,E. tayi,B8P5,P5,22,DSM26961,"E. tayi
(DSM26961)",B8,22,1,0.8069999999999998,2,SB
SB,With mucin,E. tayi,B8P5,P5,23,DSM26961,"E. tayi
(DSM26961)",B8,23,1,0.8780000000000001,2,SB
SB,With mucin,E. tayi,B8P5,P5,24,DSM26961,"E. tayi
(DSM26961)",B8,24,1,0.96,2,SB
SB,With mucin,E. tayi,B8P5,P5,25,DSM26961,"E. tayi
(DSM26961)",B8,25,1,1.011,2,SB
SB,With mucin,E. tayi,B8P5,P5,26,DSM26961,"E. tayi
(DSM26961)",B8,26,1,1.051,2,SB
SB,With mucin,E. tayi,B8P5,P5,27,DSM26961,"E. tayi
(DSM26961)",B8,27,1,1.085,2,SB
SB,With mucin,E. tayi,B8P5,P5,28,DSM26961,"E. tayi
(DSM26961)",B8,28,1,1.113,2,SB
SB,With mucin,E. tayi,B8P5,P5,29,DSM26961,"E. tayi
(DSM26961)",B8,29,1,1.145,2,SB
SB,With mucin,E. tayi,B8P5,P5,30,DSM26961,"E. tayi
(DSM26961)",B8,30,1,1.157,2,SB
SB,With mucin,E. tayi,B9P5,P5,0.5,DSM26961,"E. tayi
(DSM26961)",B9,0.5,1,0,3,SB
SB,With mucin,E. tayi,B9P5,P5,1,DSM26961,"E. tayi
(DSM26961)",B9,1,1,9.999999999999905e-4,3,SB
SB,With mucin,E. tayi,B9P5,P5,2,DSM26961,"E. tayi
(DSM26961)",B9,2,1,0.011999999999999999,3,SB
SB,With mucin,E. tayi,B9P5,P5,3,DSM26961,"E. tayi
(DSM26961)",B9,3,1,0.021999999999999978,3,SB
SB,With mucin,E. tayi,B9P5,P5,4,DSM26961,"E. tayi
(DSM26961)",B9,4,1,0.02899999999999999,3,SB
SB,With mucin,E. tayi,B9P5,P5,5,DSM26961,"E. tayi
(DSM26961)",B9,5,1,0.03199999999999999,3,SB
SB,With mucin,E. tayi,B9P5,P5,6,DSM26961,"E. tayi
(DSM26961)",B9,6,1,0.04,3,SB
SB,With mucin,E. tayi,B9P5,P5,7,DSM26961,"E. tayi
(DSM26961)",B9,7,1,0.046,3,SB
SB,With mucin,E. tayi,B9P5,P5,8,DSM26961,"E. tayi
(DSM26961)",B9,8,1,0.055000000000000014,3,SB
SB,With mucin,E. tayi,B9P5,P5,9,DSM26961,"E. tayi
(DSM26961)",B9,9,1,0.056000000000000015,3,SB
SB,With mucin,E. tayi,B9P5,P5,10,DSM26961,"E. tayi
(DSM26961)",B9,10,1,0.07199999999999998,3,SB
SB,With mucin,E. tayi,B9P5,P5,11,DSM26961,"E. tayi
(DSM26961)",B9,11,1,0.10400000000000001,3,SB
SB,With mucin,E. tayi,B9P5,P5,12,DSM26961,"E. tayi
(DSM26961)",B9,12,1,0.13599999999999998,3,SB
SB,With mucin,E. tayi,B9P5,P5,13,DSM26961,"E. tayi
(DSM26961)",B9,13,1,0.177,3,SB
SB,With mucin,E. tayi,B9P5,P5,14,DSM26961,"E. tayi
(DSM26961)",B9,14,1,0.218,3,SB
SB,With mucin,E. tayi,B9P5,P5,15,DSM26961,"E. tayi
(DSM26961)",B9,15,1,0.27,3,SB
SB,With mucin,E. tayi,B9P5,P5,16,DSM26961,"E. tayi
(DSM26961)",B9,16,1,0.35,3,SB
SB,With mucin,E. tayi,B9P5,P5,17,DSM26961,"E. tayi
(DSM26961)",B9,17,1,0.435,3,SB
SB,With mucin,E. tayi,B9P5,P5,18,DSM26961,"E. tayi
(DSM26961)",B9,18,1,0.5229999999999999,3,SB
SB,With mucin,E. tayi,B9P5,P5,19,DSM26961,"E. tayi
(DSM26961)",B9,19,1,0.621,3,SB
SB,With mucin,E. tayi,B9P5,P5,20,DSM26961,"E. tayi
(DSM26961)",B9,20,1,0.7,3,SB
SB,With mucin,E. tayi,B9P5,P5,21,DSM26961,"E. tayi
(DSM26961)",B9,21,1,0.7649999999999998,3,SB
SB,With mucin,E. tayi,B9P5,P5,22,DSM26961,"E. tayi
(DSM26961)",B9,22,1,0.8339999999999999,3,SB
SB,With mucin,E. tayi,B9P5,P5,23,DSM26961,"E. tayi
(DSM26961)",B9,23,1,0.938,3,SB
SB,With mucin,E. tayi,B9P5,P5,24,DSM26961,"E. tayi
(DSM26961)",B9,24,1,1.011,3,SB
SB,With mucin,E. tayi,B9P5,P5,25,DSM26961,"E. tayi
(DSM26961)",B9,25,1,1.028,3,SB
SB,With mucin,E. tayi,B9P5,P5,26,DSM26961,"E. tayi
(DSM26961)",B9,26,1,1.078,3,SB
SB,With mucin,E. tayi,B9P5,P5,27,DSM26961,"E. tayi
(DSM26961)",B9,27,1,1.108,3,SB
SB,With mucin,E. tayi,B9P5,P5,28,DSM26961,"E. tayi
(DSM26961)",B9,28,1,1.134,3,SB
SB,With mucin,E. tayi,B9P5,P5,29,DSM26961,"E. tayi
(DSM26961)",B9,29,1,1.162,3,SB
SB,With mucin,E. tayi,B9P5,P5,30,DSM26961,"E. tayi
(DSM26961)",B9,30,1,1.176,3,SB
SB,With mucin,E. tayi,B7P5,P5,0.5,DSM26961,"E. tayi
(DSM26961)",B7,0.5,1,0,1,SB
SB,With mucin,E. tayi,B7P5,P5,1,DSM26961,"E. tayi
(DSM26961)",B7,1,1,0,1,SB
SB,With mucin,E. tayi,B7P5,P5,2,DSM26961,"E. tayi
(DSM26961)",B7,2,1,0.00599999999999999,1,SB
SB,With mucin,E. tayi,B7P5,P5,3,DSM26961,"E. tayi
(DSM26961)",B7,3,1,0.015999999999999973,1,SB
SB,With mucin,E. tayi,B7P5,P5,4,DSM26961,"E. tayi
(DSM26961)",B7,4,1,0.019999999999999983,1,SB
SB,With mucin,E. tayi,B7P5,P5,5,DSM26961,"E. tayi
(DSM26961)",B7,5,1,0.029999999999999985,1,SB
SB,With mucin,E. tayi,B7P5,P5,6,DSM26961,"E. tayi
(DSM26961)",B7,6,1,0.03499999999999999,1,SB
SB,With mucin,E. tayi,B7P5,P5,7,DSM26961,"E. tayi
(DSM26961)",B7,7,1,0.041999999999999996,1,SB
SB,With mucin,E. tayi,B7P5,P5,8,DSM26961,"E. tayi
(DSM26961)",B7,8,1,0.05300000000000001,1,SB
SB,With mucin,E. tayi,B7P5,P5,9,DSM26961,"E. tayi
(DSM26961)",B7,9,1,0.056000000000000015,1,SB
SB,With mucin,E. tayi,B7P5,P5,10,DSM26961,"E. tayi
(DSM26961)",B7,10,1,0.06799999999999998,1,SB
SB,With mucin,E. tayi,B7P5,P5,11,DSM26961,"E. tayi
(DSM26961)",B7,11,1,0.087,1,SB
SB,With mucin,E. tayi,B7P5,P5,12,DSM26961,"E. tayi
(DSM26961)",B7,12,1,0.115,1,SB
SB,With mucin,E. tayi,B7P5,P5,13,DSM26961,"E. tayi
(DSM26961)",B7,13,1,0.161,1,SB
SB,With mucin,E. tayi,B7P5,P5,14,DSM26961,"E. tayi
(DSM26961)",B7,14,1,0.207,1,SB
SB,With mucin,E. tayi,B7P5,P5,15,DSM26961,"E. tayi
(DSM26961)",B7,15,1,0.255,1,SB
SB,With mucin,E. tayi,B7P5,P5,16,DSM26961,"E. tayi
(DSM26961)",B7,16,1,0.332,1,SB
SB,With mucin,E. tayi,B7P5,P5,17,DSM26961,"E. tayi
(DSM26961)",B7,17,1,0.429,1,SB
SB,With mucin,E. tayi,B7P5,P5,18,DSM26961,"E. tayi
(DSM26961)",B7,18,1,0.534,1,SB
SB,With mucin,E. tayi,B7P5,P5,19,DSM26961,"E. tayi
(DSM26961)",B7,19,1,0.6439999999999999,1,SB
SB,With mucin,E. tayi,B7P5,P5,20,DSM26961,"E. tayi
(DSM26961)",B7,20,1,0.733,1,SB
SB,With mucin,E. tayi,B7P5,P5,21,DSM26961,"E. tayi
(DSM26961)",B7,21,1,0.7949999999999998,1,SB
SB,With mucin,E. tayi,B7P5,P5,22,DSM26961,"E. tayi
(DSM26961)",B7,22,1,0.844,1,SB
SB,With mucin,E. tayi,B7P5,P5,23,DSM26961,"E. tayi
(DSM26961)",B7,23,1,0.883,1,SB
SB,With mucin,E. tayi,B7P5,P5,24,DSM26961,"E. tayi
(DSM26961)",B7,24,1,0.95,1,SB
SB,With mucin,E. tayi,B7P5,P5,25,DSM26961,"E. tayi
(DSM26961)",B7,25,1,1.004,1,SB
SB,With mucin,E. tayi,B7P5,P5,26,DSM26961,"E. tayi
(DSM26961)",B7,26,1,1.049,1,SB
SB,With mucin,E. tayi,B7P5,P5,27,DSM26961,"E. tayi
(DSM26961)",B7,27,1,1.094,1,SB
SB,With mucin,E. tayi,B7P5,P5,28,DSM26961,"E. tayi
(DSM26961)",B7,28,1,1.123,1,SB
SB,With mucin,E. tayi,B7P5,P5,29,DSM26961,"E. tayi
(DSM26961)",B7,29,1,1.153,1,SB
SB,With mucin,E. tayi,B7P5,P5,30,DSM26961,"E. tayi
(DSM26961)",B7,30,1,1.172,1,SB
SB,Without mucin,E. tayi,B2P5,P5,0.5,DSM26961,"E. tayi
(DSM26961)",B2,0.5,1,0,2,SB
SB,Without mucin,E. tayi,B2P5,P5,1,DSM26961,"E. tayi
(DSM26961)",B2,1,1,0.0019999999999999896,2,SB
SB,Without mucin,E. tayi,B2P5,P5,2,DSM26961,"E. tayi
(DSM26961)",B2,2,1,0.013,2,SB
SB,Without mucin,E. tayi,B2P5,P5,3,DSM26961,"E. tayi
(DSM26961)",B2,3,1,0.017,2,SB
SB,Without mucin,E. tayi,B2P5,P5,4,DSM26961,"E. tayi
(DSM26961)",B2,4,1,0.02100000000000001,2,SB
SB,Without mucin,E. tayi,B2P5,P5,5,DSM26961,"E. tayi
(DSM26961)",B2,5,1,0.024000000000000007,2,SB
SB,Without mucin,E. tayi,B2P5,P5,6,DSM26961,"E. tayi
(DSM26961)",B2,6,1,0.025999999999999995,2,SB
SB,Without mucin,E. tayi,B2P5,P5,7,DSM26961,"E. tayi
(DSM26961)",B2,7,1,0.029000000000000005,2,SB
SB,Without mucin,E. tayi,B2P5,P5,8,DSM26961,"E. tayi
(DSM26961)",B2,8,1,0.030000000000000006,2,SB
SB,Without mucin,E. tayi,B2P5,P5,9,DSM26961,"E. tayi
(DSM26961)",B2,9,1,0.03499999999999999,2,SB
SB,Without mucin,E. tayi,B2P5,P5,10,DSM26961,"E. tayi
(DSM26961)",B2,10,1,0.04,2,SB
SB,Without mucin,E. tayi,B2P5,P5,11,DSM26961,"E. tayi
(DSM26961)",B2,11,1,0.047,2,SB
SB,Without mucin,E. tayi,B2P5,P5,12,DSM26961,"E. tayi
(DSM26961)",B2,12,1,0.06399999999999999,2,SB
SB,Without mucin,E. tayi,B2P5,P5,13,DSM26961,"E. tayi
(DSM26961)",B2,13,1,0.044,2,SB
SB,Without mucin,E. tayi,B2P5,P5,14,DSM26961,"E. tayi
(DSM26961)",B2,14,1,0.097,2,SB
SB,Without mucin,E. tayi,B2P5,P5,15,DSM26961,"E. tayi
(DSM26961)",B2,15,1,0.12300000000000001,2,SB
SB,Without mucin,E. tayi,B2P5,P5,16,DSM26961,"E. tayi
(DSM26961)",B2,16,1,0.208,2,SB
SB,Without mucin,E. tayi,B2P5,P5,17,DSM26961,"E. tayi
(DSM26961)",B2,17,1,0.286,2,SB
SB,Without mucin,E. tayi,B2P5,P5,18,DSM26961,"E. tayi
(DSM26961)",B2,18,1,0.283,2,SB
SB,Without mucin,E. tayi,B2P5,P5,19,DSM26961,"E. tayi
(DSM26961)",B2,19,1,0.46499999999999997,2,SB
SB,Without mucin,E. tayi,B2P5,P5,20,DSM26961,"E. tayi
(DSM26961)",B2,20,1,0.489,2,SB
SB,Without mucin,E. tayi,B2P5,P5,21,DSM26961,"E. tayi
(DSM26961)",B2,21,1,0.663,2,SB
SB,Without mucin,E. tayi,B2P5,P5,22,DSM26961,"E. tayi
(DSM26961)",B2,22,1,0.611,2,SB
SB,Without mucin,E. tayi,B2P5,P5,23,DSM26961,"E. tayi
(DSM26961)",B2,23,1,0.697,2,SB
SB,Without mucin,E. tayi,B2P5,P5,24,DSM26961,"E. tayi
(DSM26961)",B2,24,1,0.7819999999999998,2,SB
SB,Without mucin,E. tayi,B2P5,P5,25,DSM26961,"E. tayi
(DSM26961)",B2,25,1,0.912,2,SB
SB,Without mucin,E. tayi,B2P5,P5,26,DSM26961,"E. tayi
(DSM26961)",B2,26,1,0.976,2,SB
SB,Without mucin,E. tayi,B2P5,P5,27,DSM26961,"E. tayi
(DSM26961)",B2,27,1,1.029,2,SB
SB,Without mucin,E. tayi,B2P5,P5,28,DSM26961,"E. tayi
(DSM26961)",B2,28,1,1.076,2,SB
SB,Without mucin,E. tayi,B2P5,P5,29,DSM26961,"E. tayi
(DSM26961)",B2,29,1,1.1,2,SB
SB,Without mucin,E. tayi,B2P5,P5,30,DSM26961,"E. tayi
(DSM26961)",B2,30,1,1.135,2,SB
SB,Without mucin,E. tayi,B3P5,P5,0.5,DSM26961,"E. tayi
(DSM26961)",B3,0.5,1,0,3,SB
SB,Without mucin,E. tayi,B3P5,P5,1,DSM26961,"E. tayi
(DSM26961)",B3,1,1,0,3,SB
SB,Without mucin,E. tayi,B3P5,P5,2,DSM26961,"E. tayi
(DSM26961)",B3,2,1,0,3,SB
SB,Without mucin,E. tayi,B3P5,P5,3,DSM26961,"E. tayi
(DSM26961)",B3,3,1,0.00300000000000002,3,SB
SB,Without mucin,E. tayi,B3P5,P5,4,DSM26961,"E. tayi
(DSM26961)",B3,4,1,0.007000000000000018,3,SB
SB,Without mucin,E. tayi,B3P5,P5,5,DSM26961,"E. tayi
(DSM26961)",B3,5,1,0.01,3,SB
SB,Without mucin,E. tayi,B3P5,P5,6,DSM26961,"E. tayi
(DSM26961)",B3,6,1,0.01,3,SB
SB,Without mucin,E. tayi,B3P5,P5,7,DSM26961,"E. tayi
(DSM26961)",B3,7,1,0.011000000000000001,3,SB
SB,Without mucin,E. tayi,B3P5,P5,8,DSM26961,"E. tayi
(DSM26961)",B3,8,1,0.011000000000000001,3,SB
SB,Without mucin,E. tayi,B3P5,P5,9,DSM26961,"E. tayi
(DSM26961)",B3,9,1,0.014,3,SB
SB,Without mucin,E. tayi,B3P5,P5,10,DSM26961,"E. tayi
(DSM26961)",B3,10,1,0.019000000000000003,3,SB
SB,Without mucin,E. tayi,B3P5,P5,11,DSM26961,"E. tayi
(DSM26961)",B3,11,1,0.037000000000000005,3,SB
SB,Without mucin,E. tayi,B3P5,P5,12,DSM26961,"E. tayi
(DSM26961)",B3,12,1,0.06400000000000004,3,SB
SB,Without mucin,E. tayi,B3P5,P5,13,DSM26961,"E. tayi
(DSM26961)",B3,13,1,0.10200000000000001,3,SB
SB,Without mucin,E. tayi,B3P5,P5,14,DSM26961,"E. tayi
(DSM26961)",B3,14,1,0.093,3,SB
SB,Without mucin,E. tayi,B3P5,P5,15,DSM26961,"E. tayi
(DSM26961)",B3,15,1,0.142,3,SB
SB,Without mucin,E. tayi,B3P5,P5,16,DSM26961,"E. tayi
(DSM26961)",B3,16,1,0.185,3,SB
SB,Without mucin,E. tayi,B3P5,P5,17,DSM26961,"E. tayi
(DSM26961)",B3,17,1,0.217,3,SB
SB,Without mucin,E. tayi,B3P5,P5,18,DSM26961,"E. tayi
(DSM26961)",B3,18,1,0.27899999999999997,3,SB
SB,Without mucin,E. tayi,B3P5,P5,19,DSM26961,"E. tayi
(DSM26961)",B3,19,1,0.355,3,SB
SB,Without mucin,E. tayi,B3P5,P5,20,DSM26961,"E. tayi
(DSM26961)",B3,20,1,0.45899999999999996,3,SB
SB,Without mucin,E. tayi,B3P5,P5,21,DSM26961,"E. tayi
(DSM26961)",B3,21,1,0.473,3,SB
SB,Without mucin,E. tayi,B3P5,P5,22,DSM26961,"E. tayi
(DSM26961)",B3,22,1,0.5449999999999999,3,SB
SB,Without mucin,E. tayi,B3P5,P5,23,DSM26961,"E. tayi
(DSM26961)",B3,23,1,0.613,3,SB
SB,Without mucin,E. tayi,B3P5,P5,24,DSM26961,"E. tayi
(DSM26961)",B3,24,1,0.6839999999999999,3,SB
SB,Without mucin,E. tayi,B3P5,P5,25,DSM26961,"E. tayi
(DSM26961)",B3,25,1,0.763,3,SB
SB,Without mucin,E. tayi,B3P5,P5,26,DSM26961,"E. tayi
(DSM26961)",B3,26,1,0.907,3,SB
SB,Without mucin,E. tayi,B3P5,P5,27,DSM26961,"E. tayi
(DSM26961)",B3,27,1,1.004,3,SB
SB,Without mucin,E. tayi,B3P5,P5,28,DSM26961,"E. tayi
(DSM26961)",B3,28,1,1.056,3,SB
SB,Without mucin,E. tayi,B3P5,P5,29,DSM26961,"E. tayi
(DSM26961)",B3,29,1,1.102,3,SB
SB,Without mucin,E. tayi,B3P5,P5,30,DSM26961,"E. tayi
(DSM26961)",B3,30,1,1.133,3,SB
SB,Without mucin,E. tayi,B1P5,P5,0.5,DSM26961,"E. tayi
(DSM26961)",B1,0.5,1,0,1,SB
SB,Without mucin,E. tayi,B1P5,P5,1,DSM26961,"E. tayi
(DSM26961)",B1,1,1,0,1,SB
SB,Without mucin,E. tayi,B1P5,P5,2,DSM26961,"E. tayi
(DSM26961)",B1,2,1,0.0010000000000000096,1,SB
SB,Without mucin,E. tayi,B1P5,P5,3,DSM26961,"E. tayi
(DSM26961)",B1,3,1,0.006000000000000021,1,SB
SB,Without mucin,E. tayi,B1P5,P5,4,DSM26961,"E. tayi
(DSM26961)",B1,4,1,0.009,1,SB
SB,Without mucin,E. tayi,B1P5,P5,5,DSM26961,"E. tayi
(DSM26961)",B1,5,1,0.014,1,SB
SB,Without mucin,E. tayi,B1P5,P5,6,DSM26961,"E. tayi
(DSM26961)",B1,6,1,0.013,1,SB
SB,Without mucin,E. tayi,B1P5,P5,7,DSM26961,"E. tayi
(DSM26961)",B1,7,1,0.013,1,SB
SB,Without mucin,E. tayi,B1P5,P5,8,DSM26961,"E. tayi
(DSM26961)",B1,8,1,0.013,1,SB
SB,Without mucin,E. tayi,B1P5,P5,9,DSM26961,"E. tayi
(DSM26961)",B1,9,1,0.016,1,SB
SB,Without mucin,E. tayi,B1P5,P5,10,DSM26961,"E. tayi
(DSM26961)",B1,10,1,0.022000000000000006,1,SB
SB,Without mucin,E. tayi,B1P5,P5,11,DSM26961,"E. tayi
(DSM26961)",B1,11,1,0.044,1,SB
SB,Without mucin,E. tayi,B1P5,P5,12,DSM26961,"E. tayi
(DSM26961)",B1,12,1,0.08300000000000005,1,SB
SB,Without mucin,E. tayi,B1P5,P5,13,DSM26961,"E. tayi
(DSM26961)",B1,13,1,0.11,1,SB
SB,Without mucin,E. tayi,B1P5,P5,14,DSM26961,"E. tayi
(DSM26961)",B1,14,1,0.045,1,SB
SB,Without mucin,E. tayi,B1P5,P5,15,DSM26961,"E. tayi
(DSM26961)",B1,15,1,0.099,1,SB
SB,Without mucin,E. tayi,B1P5,P5,16,DSM26961,"E. tayi
(DSM26961)",B1,16,1,0.149,1,SB
SB,Without mucin,E. tayi,B1P5,P5,17,DSM26961,"E. tayi
(DSM26961)",B1,17,1,0.207,1,SB
SB,Without mucin,E. tayi,B1P5,P5,18,DSM26961,"E. tayi
(DSM26961)",B1,18,1,0.215,1,SB
SB,Without mucin,E. tayi,B1P5,P5,19,DSM26961,"E. tayi
(DSM26961)",B1,19,1,0.253,1,SB
SB,Without mucin,E. tayi,B1P5,P5,20,DSM26961,"E. tayi
(DSM26961)",B1,20,1,0.443,1,SB
SB,Without mucin,E. tayi,B1P5,P5,21,DSM26961,"E. tayi
(DSM26961)",B1,21,1,0.3630000000000001,1,SB
SB,Without mucin,E. tayi,B1P5,P5,22,DSM26961,"E. tayi
(DSM26961)",B1,22,1,0.407,1,SB
SB,Without mucin,E. tayi,B1P5,P5,23,DSM26961,"E. tayi
(DSM26961)",B1,23,1,0.579,1,SB
SB,Without mucin,E. tayi,B1P5,P5,24,DSM26961,"E. tayi
(DSM26961)",B1,24,1,0.677,1,SB
SB,Without mucin,E. tayi,B1P5,P5,25,DSM26961,"E. tayi
(DSM26961)",B1,25,1,0.8019999999999999,1,SB
SB,Without mucin,E. tayi,B1P5,P5,26,DSM26961,"E. tayi
(DSM26961)",B1,26,1,0.914,1,SB
SB,Without mucin,E. tayi,B1P5,P5,27,DSM26961,"E. tayi
(DSM26961)",B1,27,1,0.982,1,SB
SB,Without mucin,E. tayi,B1P5,P5,28,DSM26961,"E. tayi
(DSM26961)",B1,28,1,1.034,1,SB
SB,Without mucin,E. tayi,B1P5,P5,29,DSM26961,"E. tayi
(DSM26961)",B1,29,1,1.059,1,SB
SB,Without mucin,E. tayi,B1P5,P5,30,DSM26961,"E. tayi
(DSM26961)",B1,30,1,1.076,1,SB
WCA,With mucin,E. tayi,F3P1,P1,0.5,DSM26961,"E. tayi
(DSM26961)",F3,0.5,1,0,2,WCA
WCA,With mucin,E. tayi,F3P1,P1,1,DSM26961,"E. tayi
(DSM26961)",F3,1,1,0,2,WCA
WCA,With mucin,E. tayi,F3P1,P1,2,DSM26961,"E. tayi
(DSM26961)",F3,2,1,0,2,WCA
WCA,With mucin,E. tayi,F3P1,P1,3,DSM26961,"E. tayi
(DSM26961)",F3,3,1,0.0049999999999999906,2,WCA
WCA,With mucin,E. tayi,F3P1,P1,4,DSM26961,"E. tayi
(DSM26961)",F3,4,1,0.011999999999999999,2,WCA
WCA,With mucin,E. tayi,F3P1,P1,5,DSM26961,"E. tayi
(DSM26961)",F3,5,1,0.023000000000000007,2,WCA
WCA,With mucin,E. tayi,F3P1,P1,6,DSM26961,"E. tayi
(DSM26961)",F3,6,1,0.03100000000000002,2,WCA
WCA,With mucin,E. tayi,F3P1,P1,7,DSM26961,"E. tayi
(DSM26961)",F3,7,1,0.03900000000000002,2,WCA
WCA,With mucin,E. tayi,F3P1,P1,8,DSM26961,"E. tayi
(DSM26961)",F3,8,1,0.049999999999999975,2,WCA
WCA,With mucin,E. tayi,F3P1,P1,9,DSM26961,"E. tayi
(DSM26961)",F3,9,1,0.06099999999999999,2,WCA
WCA,With mucin,E. tayi,F3P1,P1,10,DSM26961,"E. tayi
(DSM26961)",F3,10,1,0.069,2,WCA
WCA,With mucin,E. tayi,F3P1,P1,11,DSM26961,"E. tayi
(DSM26961)",F3,11,1,0.07800000000000001,2,WCA
WCA,With mucin,E. tayi,F3P1,P1,12,DSM26961,"E. tayi
(DSM26961)",F3,12,1,0.08900000000000002,2,WCA
WCA,With mucin,E. tayi,F3P1,P1,13,DSM26961,"E. tayi
(DSM26961)",F3,13,1,0.10500000000000001,2,WCA
WCA,With mucin,E. tayi,F3P1,P1,14,DSM26961,"E. tayi
(DSM26961)",F3,14,1,0.125,2,WCA
WCA,With mucin,E. tayi,F3P1,P1,15,DSM26961,"E. tayi
(DSM26961)",F3,15,1,0.146,2,WCA
WCA,With mucin,E. tayi,F3P1,P1,16,DSM26961,"E. tayi
(DSM26961)",F3,16,1,0.147,2,WCA
WCA,With mucin,E. tayi,F3P1,P1,17,DSM26961,"E. tayi
(DSM26961)",F3,17,1,0.16399999999999998,2,WCA
WCA,With mucin,E. tayi,F3P1,P1,18,DSM26961,"E. tayi
(DSM26961)",F3,18,1,0.175,2,WCA
WCA,With mucin,E. tayi,F3P1,P1,19,DSM26961,"E. tayi
(DSM26961)",F3,19,1,0.19699999999999998,2,WCA
WCA,With mucin,E. tayi,F3P1,P1,20,DSM26961,"E. tayi
(DSM26961)",F3,20,1,0.18,2,WCA
WCA,With mucin,E. tayi,F3P1,P1,21,DSM26961,"E. tayi
(DSM26961)",F3,21,1,0.07600000000000001,2,WCA
WCA,With mucin,E. tayi,F3P1,P1,22,DSM26961,"E. tayi
(DSM26961)",F3,22,1,0.092,2,WCA
WCA,With mucin,E. tayi,F3P1,P1,24,DSM26961,"E. tayi
(DSM26961)",F3,24,1,0.2980000000000001,2,WCA
WCA,With mucin,E. tayi,F3P1,P1,25,DSM26961,"E. tayi
(DSM26961)",F3,25,1,0.579,2,WCA
WCA,With mucin,E. tayi,F3P1,P1,26,DSM26961,"E. tayi
(DSM26961)",F3,26,1,0.643,2,WCA
WCA,With mucin,E. tayi,F3P1,P1,27,DSM26961,"E. tayi
(DSM26961)",F3,27,1,0.738,2,WCA
WCA,With mucin,E. tayi,F3P1,P1,28,DSM26961,"E. tayi
(DSM26961)",F3,28,1,0.7939999999999999,2,WCA
WCA,With mucin,E. tayi,F3P1,P1,29,DSM26961,"E. tayi
(DSM26961)",F3,29,1,0.8690000000000001,2,WCA
WCA,With mucin,E. tayi,F3P1,P1,30,DSM26961,"E. tayi
(DSM26961)",F3,30,1,0.9420000000000001,2,WCA
WCA,With mucin,E. tayi,G3P1,P1,0.5,DSM26961,"E. tayi
(DSM26961)",G3,0.5,1,0,3,WCA
WCA,With mucin,E. tayi,G3P1,P1,1,DSM26961,"E. tayi
(DSM26961)",G3,1,1,0,3,WCA
WCA,With mucin,E. tayi,G3P1,P1,2,DSM26961,"E. tayi
(DSM26961)",G3,2,1,0,3,WCA
WCA,With mucin,E. tayi,G3P1,P1,3,DSM26961,"E. tayi
(DSM26961)",G3,3,1,9.999999999999905e-4,3,WCA
WCA,With mucin,E. tayi,G3P1,P1,4,DSM26961,"E. tayi
(DSM26961)",G3,4,1,0.013,3,WCA
WCA,With mucin,E. tayi,G3P1,P1,5,DSM26961,"E. tayi
(DSM26961)",G3,5,1,0.02599999999999998,3,WCA
WCA,With mucin,E. tayi,G3P1,P1,6,DSM26961,"E. tayi
(DSM26961)",G3,6,1,0.04,3,WCA
WCA,With mucin,E. tayi,G3P1,P1,7,DSM26961,"E. tayi
(DSM26961)",G3,7,1,0.05100000000000001,3,WCA
WCA,With mucin,E. tayi,G3P1,P1,8,DSM26961,"E. tayi
(DSM26961)",G3,8,1,0.06600000000000003,3,WCA
WCA,With mucin,E. tayi,G3P1,P1,9,DSM26961,"E. tayi
(DSM26961)",G3,9,1,0.07899999999999999,3,WCA
WCA,With mucin,E. tayi,G3P1,P1,10,DSM26961,"E. tayi
(DSM26961)",G3,10,1,0.093,3,WCA
WCA,With mucin,E. tayi,G3P1,P1,11,DSM26961,"E. tayi
(DSM26961)",G3,11,1,0.10300000000000001,3,WCA
WCA,With mucin,E. tayi,G3P1,P1,12,DSM26961,"E. tayi
(DSM26961)",G3,12,1,0.112,3,WCA
WCA,With mucin,E. tayi,G3P1,P1,13,DSM26961,"E. tayi
(DSM26961)",G3,13,1,0.117,3,WCA
WCA,With mucin,E. tayi,G3P1,P1,14,DSM26961,"E. tayi
(DSM26961)",G3,14,1,0.128,3,WCA
WCA,With mucin,E. tayi,G3P1,P1,15,DSM26961,"E. tayi
(DSM26961)",G3,15,1,0.13,3,WCA
WCA,With mucin,E. tayi,G3P1,P1,16,DSM26961,"E. tayi
(DSM26961)",G3,16,1,0.13799999999999998,3,WCA
WCA,With mucin,E. tayi,G3P1,P1,17,DSM26961,"E. tayi
(DSM26961)",G3,17,1,0.149,3,WCA
WCA,With mucin,E. tayi,G3P1,P1,18,DSM26961,"E. tayi
(DSM26961)",G3,18,1,0.16,3,WCA
WCA,With mucin,E. tayi,G3P1,P1,19,DSM26961,"E. tayi
(DSM26961)",G3,19,1,0.188,3,WCA
WCA,With mucin,E. tayi,G3P1,P1,20,DSM26961,"E. tayi
(DSM26961)",G3,20,1,0.152,3,WCA
WCA,With mucin,E. tayi,G3P1,P1,21,DSM26961,"E. tayi
(DSM26961)",G3,21,1,0.143,3,WCA
WCA,With mucin,E. tayi,G3P1,P1,22,DSM26961,"E. tayi
(DSM26961)",G3,22,1,0.266,3,WCA
WCA,With mucin,E. tayi,G3P1,P1,23,DSM26961,"E. tayi
(DSM26961)",G3,23,1,0.4849999999999999,3,WCA
WCA,With mucin,E. tayi,G3P1,P1,24,DSM26961,"E. tayi
(DSM26961)",G3,24,1,0.443,3,WCA
WCA,With mucin,E. tayi,G3P1,P1,25,DSM26961,"E. tayi
(DSM26961)",G3,25,1,0.496,3,WCA
WCA,With mucin,E. tayi,G3P1,P1,26,DSM26961,"E. tayi
(DSM26961)",G3,26,1,0.55,3,WCA
WCA,With mucin,E. tayi,G3P1,P1,27,DSM26961,"E. tayi
(DSM26961)",G3,27,1,0.6519999999999999,3,WCA
WCA,With mucin,E. tayi,G3P1,P1,28,DSM26961,"E. tayi
(DSM26961)",G3,28,1,0.7289999999999999,3,WCA
WCA,With mucin,E. tayi,G3P1,P1,29,DSM26961,"E. tayi
(DSM26961)",G3,29,1,0.8119999999999998,3,WCA
WCA,With mucin,E. tayi,G3P1,P1,30,DSM26961,"E. tayi
(DSM26961)",G3,30,1,0.853,3,WCA
WCA,With mucin,E. tayi,E3P1,P1,0.5,DSM26961,"E. tayi
(DSM26961)",E3,0.5,1,0,1,WCA
WCA,With mucin,E. tayi,E3P1,P1,1,DSM26961,"E. tayi
(DSM26961)",E3,1,1,0,1,WCA
WCA,With mucin,E. tayi,E3P1,P1,2,DSM26961,"E. tayi
(DSM26961)",E3,2,1,0,1,WCA
WCA,With mucin,E. tayi,E3P1,P1,3,DSM26961,"E. tayi
(DSM26961)",E3,3,1,0,1,WCA
WCA,With mucin,E. tayi,E3P1,P1,4,DSM26961,"E. tayi
(DSM26961)",E3,4,1,0.00599999999999999,1,WCA
WCA,With mucin,E. tayi,E3P1,P1,5,DSM26961,"E. tayi
(DSM26961)",E3,5,1,0.011999999999999999,1,WCA
WCA,With mucin,E. tayi,E3P1,P1,6,DSM26961,"E. tayi
(DSM26961)",E3,6,1,0.020999999999999977,1,WCA
WCA,With mucin,E. tayi,E3P1,P1,7,DSM26961,"E. tayi
(DSM26961)",E3,7,1,0.02899999999999999,1,WCA
WCA,With mucin,E. tayi,E3P1,P1,8,DSM26961,"E. tayi
(DSM26961)",E3,8,1,0.04,1,WCA
WCA,With mucin,E. tayi,E3P1,P1,9,DSM26961,"E. tayi
(DSM26961)",E3,9,1,0.057000000000000016,1,WCA
WCA,With mucin,E. tayi,E3P1,P1,10,DSM26961,"E. tayi
(DSM26961)",E3,10,1,0.07799999999999999,1,WCA
WCA,With mucin,E. tayi,E3P1,P1,11,DSM26961,"E. tayi
(DSM26961)",E3,11,1,0.097,1,WCA
WCA,With mucin,E. tayi,E3P1,P1,12,DSM26961,"E. tayi
(DSM26961)",E3,12,1,0.114,1,WCA
WCA,With mucin,E. tayi,E3P1,P1,13,DSM26961,"E. tayi
(DSM26961)",E3,13,1,0.127,1,WCA
WCA,With mucin,E. tayi,E3P1,P1,14,DSM26961,"E. tayi
(DSM26961)",E3,14,1,0.147,1,WCA
WCA,With mucin,E. tayi,E3P1,P1,15,DSM26961,"E. tayi
(DSM26961)",E3,15,1,0.156,1,WCA
WCA,With mucin,E. tayi,E3P1,P1,16,DSM26961,"E. tayi
(DSM26961)",E3,16,1,0.16699999999999998,1,WCA
WCA,With mucin,E. tayi,E3P1,P1,17,DSM26961,"E. tayi
(DSM26961)",E3,17,1,0.187,1,WCA
WCA,With mucin,E. tayi,E3P1,P1,18,DSM26961,"E. tayi
(DSM26961)",E3,18,1,0.216,1,WCA
WCA,With mucin,E. tayi,E3P1,P1,19,DSM26961,"E. tayi
(DSM26961)",E3,19,1,0.177,1,WCA
WCA,With mucin,E. tayi,E3P1,P1,20,DSM26961,"E. tayi
(DSM26961)",E3,20,1,0.261,1,WCA
WCA,With mucin,E. tayi,E3P1,P1,22,DSM26961,"E. tayi
(DSM26961)",E3,22,1,0.15,1,WCA
WCA,With mucin,E. tayi,E3P1,P1,23,DSM26961,"E. tayi
(DSM26961)",E3,23,1,0.316,1,WCA
WCA,With mucin,E. tayi,E3P1,P1,24,DSM26961,"E. tayi
(DSM26961)",E3,24,1,0.573,1,WCA
WCA,With mucin,E. tayi,E3P1,P1,25,DSM26961,"E. tayi
(DSM26961)",E3,25,1,0.13999999999999999,1,WCA
WCA,With mucin,E. tayi,E3P1,P1,26,DSM26961,"E. tayi
(DSM26961)",E3,26,1,0.328,1,WCA
WCA,With mucin,E. tayi,E3P1,P1,27,DSM26961,"E. tayi
(DSM26961)",E3,27,1,0.6379999999999999,1,WCA
WCA,With mucin,E. tayi,E3P1,P1,28,DSM26961,"E. tayi
(DSM26961)",E3,28,1,0.726,1,WCA
WCA,With mucin,E. tayi,E3P1,P1,29,DSM26961,"E. tayi
(DSM26961)",E3,29,1,0.835,1,WCA
WCA,With mucin,E. tayi,E3P1,P1,30,DSM26961,"E. tayi
(DSM26961)",E3,30,1,0.7589999999999999,1,WCA
WCA,Without mucin,E. tayi,B3P1,P1,0.5,DSM26961,"E. tayi
(DSM26961)",B3,0.5,1,0,2,WCA
WCA,Without mucin,E. tayi,B3P1,P1,1,DSM26961,"E. tayi
(DSM26961)",B3,1,1,0,2,WCA
WCA,Without mucin,E. tayi,B3P1,P1,2,DSM26961,"E. tayi
(DSM26961)",B3,2,1,0,2,WCA
WCA,Without mucin,E. tayi,B3P1,P1,3,DSM26961,"E. tayi
(DSM26961)",B3,3,1,0,2,WCA
WCA,Without mucin,E. tayi,B3P1,P1,4,DSM26961,"E. tayi
(DSM26961)",B3,4,1,0,2,WCA
WCA,Without mucin,E. tayi,B3P1,P1,5,DSM26961,"E. tayi
(DSM26961)",B3,5,1,0.00399999999999999,2,WCA
WCA,Without mucin,E. tayi,B3P1,P1,6,DSM26961,"E. tayi
(DSM26961)",B3,6,1,0.007999999999999998,2,WCA
WCA,Without mucin,E. tayi,B3P1,P1,7,DSM26961,"E. tayi
(DSM26961)",B3,7,1,0.011000000000000001,2,WCA
WCA,Without mucin,E. tayi,B3P1,P1,8,DSM26961,"E. tayi
(DSM26961)",B3,8,1,0.014,2,WCA
WCA,Without mucin,E. tayi,B3P1,P1,9,DSM26961,"E. tayi
(DSM26961)",B3,9,1,0.016,2,WCA
WCA,Without mucin,E. tayi,B3P1,P1,10,DSM26961,"E. tayi
(DSM26961)",B3,10,1,0.019000000000000003,2,WCA
WCA,Without mucin,E. tayi,B3P1,P1,11,DSM26961,"E. tayi
(DSM26961)",B3,11,1,0.02100000000000001,2,WCA
WCA,Without mucin,E. tayi,B3P1,P1,12,DSM26961,"E. tayi
(DSM26961)",B3,12,1,0.022000000000000006,2,WCA
WCA,Without mucin,E. tayi,B3P1,P1,13,DSM26961,"E. tayi
(DSM26961)",B3,13,1,0.02599999999999998,2,WCA
WCA,Without mucin,E. tayi,B3P1,P1,14,DSM26961,"E. tayi
(DSM26961)",B3,14,1,0.02799999999999999,2,WCA
WCA,Without mucin,E. tayi,B3P1,P1,15,DSM26961,"E. tayi
(DSM26961)",B3,15,1,0.03699999999999999,2,WCA
WCA,Without mucin,E. tayi,B3P1,P1,16,DSM26961,"E. tayi
(DSM26961)",B3,16,1,0.02000000000000001,2,WCA
WCA,Without mucin,E. tayi,B3P1,P1,17,DSM26961,"E. tayi
(DSM26961)",B3,17,1,0.02599999999999998,2,WCA
WCA,Without mucin,E. tayi,B3P1,P1,18,DSM26961,"E. tayi
(DSM26961)",B3,18,1,0.029999999999999985,2,WCA
WCA,Without mucin,E. tayi,B3P1,P1,19,DSM26961,"E. tayi
(DSM26961)",B3,19,1,0.044,2,WCA
WCA,Without mucin,E. tayi,B3P1,P1,20,DSM26961,"E. tayi
(DSM26961)",B3,20,1,0.07600000000000001,2,WCA
WCA,Without mucin,E. tayi,B3P1,P1,21,DSM26961,"E. tayi
(DSM26961)",B3,21,1,0.07300000000000001,2,WCA
WCA,Without mucin,E. tayi,B3P1,P1,22,DSM26961,"E. tayi
(DSM26961)",B3,22,1,0.08600000000000002,2,WCA
WCA,Without mucin,E. tayi,B3P1,P1,23,DSM26961,"E. tayi
(DSM26961)",B3,23,1,0.10700000000000001,2,WCA
WCA,Without mucin,E. tayi,B3P1,P1,24,DSM26961,"E. tayi
(DSM26961)",B3,24,1,0.126,2,WCA
WCA,Without mucin,E. tayi,B3P1,P1,25,DSM26961,"E. tayi
(DSM26961)",B3,25,1,0.172,2,WCA
WCA,Without mucin,E. tayi,B3P1,P1,26,DSM26961,"E. tayi
(DSM26961)",B3,26,1,0.174,2,WCA
WCA,Without mucin,E. tayi,B3P1,P1,27,DSM26961,"E. tayi
(DSM26961)",B3,27,1,0.23299999999999998,2,WCA
WCA,Without mucin,E. tayi,B3P1,P1,28,DSM26961,"E. tayi
(DSM26961)",B3,28,1,0.375,2,WCA
WCA,Without mucin,E. tayi,B3P1,P1,29,DSM26961,"E. tayi
(DSM26961)",B3,29,1,0.295,2,WCA
WCA,Without mucin,E. tayi,B3P1,P1,30,DSM26961,"E. tayi
(DSM26961)",B3,30,1,0.5619999999999999,2,WCA
WCA,Without mucin,E. tayi,A3P1,P1,0.5,DSM26961,"E. tayi
(DSM26961)",A3,0.5,1,0,1,WCA
WCA,Without mucin,E. tayi,A3P1,P1,1,DSM26961,"E. tayi
(DSM26961)",A3,1,1,0,1,WCA
WCA,Without mucin,E. tayi,A3P1,P1,2,DSM26961,"E. tayi
(DSM26961)",A3,2,1,0,1,WCA
WCA,Without mucin,E. tayi,A3P1,P1,3,DSM26961,"E. tayi
(DSM26961)",A3,3,1,0,1,WCA
WCA,Without mucin,E. tayi,A3P1,P1,4,DSM26961,"E. tayi
(DSM26961)",A3,4,1,9.999999999999905e-4,1,WCA
WCA,Without mucin,E. tayi,A3P1,P1,5,DSM26961,"E. tayi
(DSM26961)",A3,5,1,0.0049999999999999906,1,WCA
WCA,Without mucin,E. tayi,A3P1,P1,6,DSM26961,"E. tayi
(DSM26961)",A3,6,1,0.007999999999999998,1,WCA
WCA,Without mucin,E. tayi,A3P1,P1,7,DSM26961,"E. tayi
(DSM26961)",A3,7,1,0.011000000000000001,1,WCA
WCA,Without mucin,E. tayi,A3P1,P1,8,DSM26961,"E. tayi
(DSM26961)",A3,8,1,0.014,1,WCA
WCA,Without mucin,E. tayi,A3P1,P1,9,DSM26961,"E. tayi
(DSM26961)",A3,9,1,0.016,1,WCA
WCA,Without mucin,E. tayi,A3P1,P1,10,DSM26961,"E. tayi
(DSM26961)",A3,10,1,0.018000000000000002,1,WCA
WCA,Without mucin,E. tayi,A3P1,P1,11,DSM26961,"E. tayi
(DSM26961)",A3,11,1,0.019000000000000003,1,WCA
WCA,Without mucin,E. tayi,A3P1,P1,12,DSM26961,"E. tayi
(DSM26961)",A3,12,1,0.02100000000000001,1,WCA
WCA,Without mucin,E. tayi,A3P1,P1,13,DSM26961,"E. tayi
(DSM26961)",A3,13,1,0.023000000000000007,1,WCA
WCA,Without mucin,E. tayi,A3P1,P1,14,DSM26961,"E. tayi
(DSM26961)",A3,14,1,0.026999999999999975,1,WCA
WCA,Without mucin,E. tayi,A3P1,P1,15,DSM26961,"E. tayi
(DSM26961)",A3,15,1,0.03699999999999999,1,WCA
WCA,Without mucin,E. tayi,A3P1,P1,16,DSM26961,"E. tayi
(DSM26961)",A3,16,1,0.045,1,WCA
WCA,Without mucin,E. tayi,A3P1,P1,17,DSM26961,"E. tayi
(DSM26961)",A3,17,1,0.0049999999999999906,1,WCA
WCA,Without mucin,E. tayi,A3P1,P1,18,DSM26961,"E. tayi
(DSM26961)",A3,18,1,0.011000000000000001,1,WCA
WCA,Without mucin,E. tayi,A3P1,P1,19,DSM26961,"E. tayi
(DSM26961)",A3,19,1,0.019000000000000003,1,WCA
WCA,Without mucin,E. tayi,A3P1,P1,20,DSM26961,"E. tayi
(DSM26961)",A3,20,1,0.03399999999999999,1,WCA
WCA,Without mucin,E. tayi,A3P1,P1,21,DSM26961,"E. tayi
(DSM26961)",A3,21,1,0.065,1,WCA
WCA,Without mucin,E. tayi,A3P1,P1,22,DSM26961,"E. tayi
(DSM26961)",A3,22,1,0.07600000000000001,1,WCA
WCA,Without mucin,E. tayi,A3P1,P1,23,DSM26961,"E. tayi
(DSM26961)",A3,23,1,0.06199999999999999,1,WCA
WCA,Without mucin,E. tayi,A3P1,P1,24,DSM26961,"E. tayi
(DSM26961)",A3,24,1,0.048999999999999995,1,WCA
WCA,Without mucin,E. tayi,A3P1,P1,25,DSM26961,"E. tayi
(DSM26961)",A3,25,1,0.063,1,WCA
WCA,Without mucin,E. tayi,A3P1,P1,26,DSM26961,"E. tayi
(DSM26961)",A3,26,1,0.097,1,WCA
WCA,Without mucin,E. tayi,A3P1,P1,27,DSM26961,"E. tayi
(DSM26961)",A3,27,1,0.13099999999999998,1,WCA
WCA,Without mucin,E. tayi,A3P1,P1,28,DSM26961,"E. tayi
(DSM26961)",A3,28,1,0.181,1,WCA
WCA,Without mucin,E. tayi,A3P1,P1,29,DSM26961,"E. tayi
(DSM26961)",A3,29,1,0.189,1,WCA
WCA,Without mucin,E. tayi,A3P1,P1,30,DSM26961,"E. tayi
(DSM26961)",A3,30,1,0.269,1,WCA
WCA,Without mucin,E. tayi,C3P1,P1,0.5,DSM26961,"E. tayi
(DSM26961)",C3,0.5,1,0,3,WCA
WCA,Without mucin,E. tayi,C3P1,P1,1,DSM26961,"E. tayi
(DSM26961)",C3,1,1,0,3,WCA
WCA,Without mucin,E. tayi,C3P1,P1,2,DSM26961,"E. tayi
(DSM26961)",C3,2,1,0,3,WCA
WCA,Without mucin,E. tayi,C3P1,P1,3,DSM26961,"E. tayi
(DSM26961)",C3,3,1,0,3,WCA
WCA,Without mucin,E. tayi,C3P1,P1,4,DSM26961,"E. tayi
(DSM26961)",C3,4,1,0,3,WCA
WCA,Without mucin,E. tayi,C3P1,P1,5,DSM26961,"E. tayi
(DSM26961)",C3,5,1,0.0049999999999999906,3,WCA
WCA,Without mucin,E. tayi,C3P1,P1,6,DSM26961,"E. tayi
(DSM26961)",C3,6,1,0.009,3,WCA
WCA,Without mucin,E. tayi,C3P1,P1,7,DSM26961,"E. tayi
(DSM26961)",C3,7,1,0.011999999999999999,3,WCA
WCA,Without mucin,E. tayi,C3P1,P1,8,DSM26961,"E. tayi
(DSM26961)",C3,8,1,0.014,3,WCA
WCA,Without mucin,E. tayi,C3P1,P1,9,DSM26961,"E. tayi
(DSM26961)",C3,9,1,0.016,3,WCA
WCA,Without mucin,E. tayi,C3P1,P1,10,DSM26961,"E. tayi
(DSM26961)",C3,10,1,0.016,3,WCA
WCA,Without mucin,E. tayi,C3P1,P1,11,DSM26961,"E. tayi
(DSM26961)",C3,11,1,0.016,3,WCA
WCA,Without mucin,E. tayi,C3P1,P1,12,DSM26961,"E. tayi
(DSM26961)",C3,12,1,0.018000000000000002,3,WCA
WCA,Without mucin,E. tayi,C3P1,P1,13,DSM26961,"E. tayi
(DSM26961)",C3,13,1,0.02000000000000001,3,WCA
WCA,Without mucin,E. tayi,C3P1,P1,14,DSM26961,"E. tayi
(DSM26961)",C3,14,1,0.02599999999999998,3,WCA
WCA,Without mucin,E. tayi,C3P1,P1,15,DSM26961,"E. tayi
(DSM26961)",C3,15,1,0.02599999999999998,3,WCA
WCA,Without mucin,E. tayi,C3P1,P1,16,DSM26961,"E. tayi
(DSM26961)",C3,16,1,0.02899999999999999,3,WCA
WCA,Without mucin,E. tayi,C3P1,P1,17,DSM26961,"E. tayi
(DSM26961)",C3,17,1,0.037999999999999985,3,WCA
WCA,Without mucin,E. tayi,C3P1,P1,18,DSM26961,"E. tayi
(DSM26961)",C3,18,1,0.048,3,WCA
WCA,Without mucin,E. tayi,C3P1,P1,19,DSM26961,"E. tayi
(DSM26961)",C3,19,1,0.046,3,WCA
WCA,Without mucin,E. tayi,C3P1,P1,20,DSM26961,"E. tayi
(DSM26961)",C3,20,1,0.07200000000000001,3,WCA
WCA,Without mucin,E. tayi,C3P1,P1,21,DSM26961,"E. tayi
(DSM26961)",C3,21,1,0.037999999999999985,3,WCA
WCA,Without mucin,E. tayi,C3P1,P1,22,DSM26961,"E. tayi
(DSM26961)",C3,22,1,0.069,3,WCA
WCA,Without mucin,E. tayi,C3P1,P1,23,DSM26961,"E. tayi
(DSM26961)",C3,23,1,0.113,3,WCA
WCA,Without mucin,E. tayi,C3P1,P1,24,DSM26961,"E. tayi
(DSM26961)",C3,24,1,0.189,3,WCA
WCA,Without mucin,E. tayi,C3P1,P1,25,DSM26961,"E. tayi
(DSM26961)",C3,25,1,0.12100000000000001,3,WCA
WCA,Without mucin,E. tayi,C3P1,P1,26,DSM26961,"E. tayi
(DSM26961)",C3,26,1,0.17099999999999999,3,WCA
WCA,Without mucin,E. tayi,C3P1,P1,27,DSM26961,"E. tayi
(DSM26961)",C3,27,1,0.16,3,WCA
WCA,Without mucin,E. tayi,C3P1,P1,28,DSM26961,"E. tayi
(DSM26961)",C3,28,1,0.20099999999999998,3,WCA
WCA,Without mucin,E. tayi,C3P1,P1,29,DSM26961,"E. tayi
(DSM26961)",C3,29,1,0.255,3,WCA
WCA,Without mucin,E. tayi,C3P1,P1,30,DSM26961,"E. tayi
(DSM26961)",C3,30,1,0.306,3,WCA
mGAM,With mucin,E. tayi,B9P1,P1,0.5,DSM26961,"E. tayi
(DSM26961)",B9,0.5,1,0,3,mGAM
mGAM,With mucin,E. tayi,B9P1,P1,1,DSM26961,"E. tayi
(DSM26961)",B9,1,1,0.009999999999999969,3,mGAM
mGAM,With mucin,E. tayi,B9P1,P1,2,DSM26961,"E. tayi
(DSM26961)",B9,2,1,0.00799999999999997,3,mGAM
mGAM,With mucin,E. tayi,B9P1,P1,3,DSM26961,"E. tayi
(DSM26961)",B9,3,1,0.02799999999999999,3,mGAM
mGAM,With mucin,E. tayi,B9P1,P1,4,DSM26961,"E. tayi
(DSM26961)",B9,4,1,0.046999999999999945,3,mGAM
mGAM,With mucin,E. tayi,B9P1,P1,5,DSM26961,"E. tayi
(DSM26961)",B9,5,1,0.06699999999999998,3,mGAM
mGAM,With mucin,E. tayi,B9P1,P1,6,DSM26961,"E. tayi
(DSM26961)",B9,6,1,0.07999999999999997,3,mGAM
mGAM,With mucin,E. tayi,B9P1,P1,7,DSM26961,"E. tayi
(DSM26961)",B9,7,1,0.094,3,mGAM
mGAM,With mucin,E. tayi,B9P1,P1,8,DSM26961,"E. tayi
(DSM26961)",B9,8,1,0.1199999999999999,3,mGAM
mGAM,With mucin,E. tayi,B9P1,P1,9,DSM26961,"E. tayi
(DSM26961)",B9,9,1,0.13599999999999998,3,mGAM
mGAM,With mucin,E. tayi,B9P1,P1,10,DSM26961,"E. tayi
(DSM26961)",B9,10,1,0.143,3,mGAM
mGAM,With mucin,E. tayi,B9P1,P1,11,DSM26961,"E. tayi
(DSM26961)",B9,11,1,0.142,3,mGAM
mGAM,With mucin,E. tayi,B9P1,P1,12,DSM26961,"E. tayi
(DSM26961)",B9,12,1,0.146,3,mGAM
mGAM,With mucin,E. tayi,B9P1,P1,13,DSM26961,"E. tayi
(DSM26961)",B9,13,1,0.149,3,mGAM
mGAM,With mucin,E. tayi,B9P1,P1,14,DSM26961,"E. tayi
(DSM26961)",B9,14,1,0.15,3,mGAM
mGAM,With mucin,E. tayi,B9P1,P1,15,DSM26961,"E. tayi
(DSM26961)",B9,15,1,0.149,3,mGAM
mGAM,With mucin,E. tayi,B9P1,P1,16,DSM26961,"E. tayi
(DSM26961)",B9,16,1,0.159,3,mGAM
mGAM,With mucin,E. tayi,B9P1,P1,17,DSM26961,"E. tayi
(DSM26961)",B9,17,1,0.159,3,mGAM
mGAM,With mucin,E. tayi,B9P1,P1,18,DSM26961,"E. tayi
(DSM26961)",B9,18,1,0.16,3,mGAM
mGAM,With mucin,E. tayi,B9P1,P1,19,DSM26961,"E. tayi
(DSM26961)",B9,19,1,0.16399999999999998,3,mGAM
mGAM,With mucin,E. tayi,B9P1,P1,20,DSM26961,"E. tayi
(DSM26961)",B9,20,1,0.16299999999999998,3,mGAM
mGAM,With mucin,E. tayi,B9P1,P1,21,DSM26961,"E. tayi
(DSM26961)",B9,21,1,0.16,3,mGAM
mGAM,With mucin,E. tayi,B9P1,P1,22,DSM26961,"E. tayi
(DSM26961)",B9,22,1,0.156,3,mGAM
mGAM,With mucin,E. tayi,B9P1,P1,23,DSM26961,"E. tayi
(DSM26961)",B9,23,1,0.142,3,mGAM
mGAM,With mucin,E. tayi,B9P1,P1,24,DSM26961,"E. tayi
(DSM26961)",B9,24,1,0.152,3,mGAM
mGAM,With mucin,E. tayi,B9P1,P1,25,DSM26961,"E. tayi
(DSM26961)",B9,25,1,0.09100000000000001,3,mGAM
mGAM,With mucin,E. tayi,B9P1,P1,26,DSM26961,"E. tayi
(DSM26961)",B9,26,1,0.044999999999999936,3,mGAM
mGAM,With mucin,E. tayi,B9P1,P1,27,DSM26961,"E. tayi
(DSM26961)",B9,27,1,0.058999999999999976,3,mGAM
mGAM,With mucin,E. tayi,B9P1,P1,28,DSM26961,"E. tayi
(DSM26961)",B9,28,1,0.06799999999999998,3,mGAM
mGAM,With mucin,E. tayi,B9P1,P1,29,DSM26961,"E. tayi
(DSM26961)",B9,29,1,0,3,mGAM
mGAM,With mucin,E. tayi,B9P1,P1,30,DSM26961,"E. tayi
(DSM26961)",B9,30,1,0.13399999999999998,3,mGAM
mGAM,With mucin,E. tayi,B7P2,P2,0.5,DSM26961,"E. tayi
(DSM26961)",B7,0.5,1,0,1,mGAM
mGAM,With mucin,E. tayi,B7P2,P2,1,DSM26961,"E. tayi
(DSM26961)",B7,1,1,0,1,mGAM
mGAM,With mucin,E. tayi,B7P2,P2,2,DSM26961,"E. tayi
(DSM26961)",B7,2,1,0,1,mGAM
mGAM,With mucin,E. tayi,B7P2,P2,3,DSM26961,"E. tayi
(DSM26961)",B7,3,1,0,1,mGAM
mGAM,With mucin,E. tayi,B7P2,P2,4,DSM26961,"E. tayi
(DSM26961)",B7,4,1,0,1,mGAM
mGAM,With mucin,E. tayi,B7P2,P2,5,DSM26961,"E. tayi
(DSM26961)",B7,5,1,0,1,mGAM
mGAM,With mucin,E. tayi,B7P2,P2,6,DSM26961,"E. tayi
(DSM26961)",B7,6,1,0,1,mGAM
mGAM,With mucin,E. tayi,B7P2,P2,7,DSM26961,"E. tayi
(DSM26961)",B7,7,1,0,1,mGAM
mGAM,With mucin,E. tayi,B7P2,P2,8,DSM26961,"E. tayi
(DSM26961)",B7,8,1,0,1,mGAM
mGAM,With mucin,E. tayi,B7P2,P2,9,DSM26961,"E. tayi
(DSM26961)",B7,9,1,0,1,mGAM
mGAM,With mucin,E. tayi,B7P2,P2,10,DSM26961,"E. tayi
(DSM26961)",B7,10,1,0,1,mGAM
mGAM,With mucin,E. tayi,B7P2,P2,11,DSM26961,"E. tayi
(DSM26961)",B7,11,1,0,1,mGAM
mGAM,With mucin,E. tayi,B7P2,P2,12,DSM26961,"E. tayi
(DSM26961)",B7,12,1,0,1,mGAM
mGAM,With mucin,E. tayi,B7P2,P2,13,DSM26961,"E. tayi
(DSM26961)",B7,13,1,0,1,mGAM
mGAM,With mucin,E. tayi,B7P2,P2,14,DSM26961,"E. tayi
(DSM26961)",B7,14,1,0,1,mGAM
mGAM,With mucin,E. tayi,B7P2,P2,15,DSM26961,"E. tayi
(DSM26961)",B7,15,1,0,1,mGAM
mGAM,With mucin,E. tayi,B7P2,P2,16,DSM26961,"E. tayi
(DSM26961)",B7,16,1,0,1,mGAM
mGAM,With mucin,E. tayi,B7P2,P2,17,DSM26961,"E. tayi
(DSM26961)",B7,17,1,0,1,mGAM
mGAM,With mucin,E. tayi,B7P2,P2,18,DSM26961,"E. tayi
(DSM26961)",B7,18,1,0,1,mGAM
mGAM,With mucin,E. tayi,B7P2,P2,19,DSM26961,"E. tayi
(DSM26961)",B7,19,1,0,1,mGAM
mGAM,With mucin,E. tayi,B7P2,P2,20,DSM26961,"E. tayi
(DSM26961)",B7,20,1,0,1,mGAM
mGAM,With mucin,E. tayi,B7P2,P2,21,DSM26961,"E. tayi
(DSM26961)",B7,21,1,9.999999999999905e-4,1,mGAM
mGAM,With mucin,E. tayi,B7P2,P2,22,DSM26961,"E. tayi
(DSM26961)",B7,22,1,0.016,1,mGAM
mGAM,With mucin,E. tayi,B7P2,P2,23,DSM26961,"E. tayi
(DSM26961)",B7,23,1,0.02000000000000001,1,mGAM
mGAM,With mucin,E. tayi,B7P2,P2,24,DSM26961,"E. tayi
(DSM26961)",B7,24,1,0.02700000000000001,1,mGAM
mGAM,With mucin,E. tayi,B7P2,P2,25,DSM26961,"E. tayi
(DSM26961)",B7,25,1,0.017,1,mGAM
mGAM,With mucin,E. tayi,B7P2,P2,26,DSM26961,"E. tayi
(DSM26961)",B7,26,1,0.002999999999999999,1,mGAM
mGAM,With mucin,E. tayi,B7P2,P2,27,DSM26961,"E. tayi
(DSM26961)",B7,27,1,0.03100000000000002,1,mGAM
mGAM,With mucin,E. tayi,B7P2,P2,28,DSM26961,"E. tayi
(DSM26961)",B7,28,1,0.016,1,mGAM
mGAM,With mucin,E. tayi,B7P2,P2,29,DSM26961,"E. tayi
(DSM26961)",B7,29,1,0.0019999999999999896,1,mGAM
mGAM,With mucin,E. tayi,B7P2,P2,30,DSM26961,"E. tayi
(DSM26961)",B7,30,1,0.0019999999999999896,1,mGAM
mGAM,With mucin,E. tayi,B8P1,P1,0.5,DSM26961,"E. tayi
(DSM26961)",B8,0.5,1,0,2,mGAM
mGAM,With mucin,E. tayi,B8P1,P1,1,DSM26961,"E. tayi
(DSM26961)",B8,1,1,0.02299999999999998,2,mGAM
mGAM,With mucin,E. tayi,B8P1,P1,2,DSM26961,"E. tayi
(DSM26961)",B8,2,1,0.005999999999999969,2,mGAM
mGAM,With mucin,E. tayi,B8P1,P1,3,DSM26961,"E. tayi
(DSM26961)",B8,3,1,0.02299999999999998,2,mGAM
mGAM,With mucin,E. tayi,B8P1,P1,4,DSM26961,"E. tayi
(DSM26961)",B8,4,1,0.048999999999999995,2,mGAM
mGAM,With mucin,E. tayi,B8P1,P1,5,DSM26961,"E. tayi
(DSM26961)",B8,5,1,0.07199999999999998,2,mGAM
mGAM,With mucin,E. tayi,B8P1,P1,6,DSM26961,"E. tayi
(DSM26961)",B8,6,1,0.093,2,mGAM
mGAM,With mucin,E. tayi,B8P1,P1,7,DSM26961,"E. tayi
(DSM26961)",B8,7,1,0.10700000000000001,2,mGAM
mGAM,With mucin,E. tayi,B8P1,P1,8,DSM26961,"E. tayi
(DSM26961)",B8,8,1,0.12200000000000001,2,mGAM
mGAM,With mucin,E. tayi,B8P1,P1,9,DSM26961,"E. tayi
(DSM26961)",B8,9,1,0.13499999999999998,2,mGAM
mGAM,With mucin,E. tayi,B8P1,P1,10,DSM26961,"E. tayi
(DSM26961)",B8,10,1,0.142,2,mGAM
mGAM,With mucin,E. tayi,B8P1,P1,11,DSM26961,"E. tayi
(DSM26961)",B8,11,1,0.147,2,mGAM
mGAM,With mucin,E. tayi,B8P1,P1,12,DSM26961,"E. tayi
(DSM26961)",B8,12,1,0.155,2,mGAM
mGAM,With mucin,E. tayi,B8P1,P1,13,DSM26961,"E. tayi
(DSM26961)",B8,13,1,0.15,2,mGAM
mGAM,With mucin,E. tayi,B8P1,P1,14,DSM26961,"E. tayi
(DSM26961)",B8,14,1,0.143,2,mGAM
mGAM,With mucin,E. tayi,B8P1,P1,15,DSM26961,"E. tayi
(DSM26961)",B8,15,1,0.143,2,mGAM
mGAM,With mucin,E. tayi,B8P1,P1,16,DSM26961,"E. tayi
(DSM26961)",B8,16,1,0.148,2,mGAM
mGAM,With mucin,E. tayi,B8P1,P1,17,DSM26961,"E. tayi
(DSM26961)",B8,17,1,0.152,2,mGAM
mGAM,With mucin,E. tayi,B8P1,P1,18,DSM26961,"E. tayi
(DSM26961)",B8,18,1,0.15,2,mGAM
mGAM,With mucin,E. tayi,B8P1,P1,19,DSM26961,"E. tayi
(DSM26961)",B8,19,1,0.154,2,mGAM
mGAM,With mucin,E. tayi,B8P1,P1,20,DSM26961,"E. tayi
(DSM26961)",B8,20,1,0.156,2,mGAM
mGAM,With mucin,E. tayi,B8P1,P1,21,DSM26961,"E. tayi
(DSM26961)",B8,21,1,0.148,2,mGAM
mGAM,With mucin,E. tayi,B8P1,P1,22,DSM26961,"E. tayi
(DSM26961)",B8,22,1,0.158,2,mGAM
mGAM,With mucin,E. tayi,B8P1,P1,23,DSM26961,"E. tayi
(DSM26961)",B8,23,1,0.13099999999999998,2,mGAM
mGAM,With mucin,E. tayi,B8P1,P1,24,DSM26961,"E. tayi
(DSM26961)",B8,24,1,0.13299999999999998,2,mGAM
mGAM,With mucin,E. tayi,B8P1,P1,25,DSM26961,"E. tayi
(DSM26961)",B8,25,1,0.0029999999999999593,2,mGAM
mGAM,With mucin,E. tayi,B8P1,P1,26,DSM26961,"E. tayi
(DSM26961)",B8,26,1,0.22999999999999998,2,mGAM
mGAM,With mucin,E. tayi,B8P1,P1,27,DSM26961,"E. tayi
(DSM26961)",B8,27,1,0,2,mGAM
mGAM,With mucin,E. tayi,B8P1,P1,28,DSM26961,"E. tayi
(DSM26961)",B8,28,1,0,2,mGAM
mGAM,With mucin,E. tayi,B8P1,P1,29,DSM26961,"E. tayi
(DSM26961)",B8,29,1,0.145,2,mGAM
mGAM,With mucin,E. tayi,B8P1,P1,30,DSM26961,"E. tayi
(DSM26961)",B8,30,1,0,2,mGAM
mGAM,Without mucin,E. tayi,B3P1,P1,0.5,DSM26961,"E. tayi
(DSM26961)",B3,0.5,1,0,3,mGAM
mGAM,Without mucin,E. tayi,B3P1,P1,1,DSM26961,"E. tayi
(DSM26961)",B3,1,1,0,3,mGAM
mGAM,Without mucin,E. tayi,B3P1,P1,2,DSM26961,"E. tayi
(DSM26961)",B3,2,1,0,3,mGAM
mGAM,Without mucin,E. tayi,B3P1,P1,3,DSM26961,"E. tayi
(DSM26961)",B3,3,1,0,3,mGAM
mGAM,Without mucin,E. tayi,B3P1,P1,4,DSM26961,"E. tayi
(DSM26961)",B3,4,1,0,3,mGAM
mGAM,Without mucin,E. tayi,B3P1,P1,5,DSM26961,"E. tayi
(DSM26961)",B3,5,1,0,3,mGAM
mGAM,Without mucin,E. tayi,B3P1,P1,6,DSM26961,"E. tayi
(DSM26961)",B3,6,1,0,3,mGAM
mGAM,Without mucin,E. tayi,B3P1,P1,7,DSM26961,"E. tayi
(DSM26961)",B3,7,1,0.0019999999999999896,3,mGAM
mGAM,Without mucin,E. tayi,B3P1,P1,8,DSM26961,"E. tayi
(DSM26961)",B3,8,1,9.999999999999905e-4,3,mGAM
mGAM,Without mucin,E. tayi,B3P1,P1,9,DSM26961,"E. tayi
(DSM26961)",B3,9,1,0,3,mGAM
mGAM,Without mucin,E. tayi,B3P1,P1,10,DSM26961,"E. tayi
(DSM26961)",B3,10,1,9.999999999999905e-4,3,mGAM
mGAM,Without mucin,E. tayi,B3P1,P1,11,DSM26961,"E. tayi
(DSM26961)",B3,11,1,0,3,mGAM
mGAM,Without mucin,E. tayi,B3P1,P1,12,DSM26961,"E. tayi
(DSM26961)",B3,12,1,0,3,mGAM
mGAM,Without mucin,E. tayi,B3P1,P1,13,DSM26961,"E. tayi
(DSM26961)",B3,13,1,0,3,mGAM
mGAM,Without mucin,E. tayi,B3P1,P1,14,DSM26961,"E. tayi
(DSM26961)",B3,14,1,0,3,mGAM
mGAM,Without mucin,E. tayi,B3P1,P1,15,DSM26961,"E. tayi
(DSM26961)",B3,15,1,0,3,mGAM
mGAM,Without mucin,E. tayi,B3P1,P1,16,DSM26961,"E. tayi
(DSM26961)",B3,16,1,0,3,mGAM
mGAM,Without mucin,E. tayi,B3P1,P1,17,DSM26961,"E. tayi
(DSM26961)",B3,17,1,0,3,mGAM
mGAM,Without mucin,E. tayi,B3P1,P1,18,DSM26961,"E. tayi
(DSM26961)",B3,18,1,0,3,mGAM
mGAM,Without mucin,E. tayi,B3P1,P1,19,DSM26961,"E. tayi
(DSM26961)",B3,19,1,0,3,mGAM
mGAM,Without mucin,E. tayi,B3P1,P1,20,DSM26961,"E. tayi
(DSM26961)",B3,20,1,0,3,mGAM
mGAM,Without mucin,E. tayi,B3P1,P1,21,DSM26961,"E. tayi
(DSM26961)",B3,21,1,0,3,mGAM
mGAM,Without mucin,E. tayi,B3P1,P1,22,DSM26961,"E. tayi
(DSM26961)",B3,22,1,0,3,mGAM
mGAM,Without mucin,E. tayi,B3P1,P1,23,DSM26961,"E. tayi
(DSM26961)",B3,23,1,0,3,mGAM
mGAM,Without mucin,E. tayi,B3P1,P1,24,DSM26961,"E. tayi
(DSM26961)",B3,24,1,0,3,mGAM
mGAM,Without mucin,E. tayi,B3P1,P1,25,DSM26961,"E. tayi
(DSM26961)",B3,25,1,0,3,mGAM
mGAM,Without mucin,E. tayi,B3P1,P1,26,DSM26961,"E. tayi
(DSM26961)",B3,26,1,0,3,mGAM
mGAM,Without mucin,E. tayi,B3P1,P1,27,DSM26961,"E. tayi
(DSM26961)",B3,27,1,0,3,mGAM
mGAM,Without mucin,E. tayi,B3P1,P1,28,DSM26961,"E. tayi
(DSM26961)",B3,28,1,0,3,mGAM
mGAM,Without mucin,E. tayi,B3P1,P1,29,DSM26961,"E. tayi
(DSM26961)",B3,29,1,0,3,mGAM
mGAM,Without mucin,E. tayi,B3P1,P1,30,DSM26961,"E. tayi
(DSM26961)",B3,30,1,0,3,mGAM
mGAM,Without mucin,E. tayi,B1P1,P1,0.5,DSM26961,"E. tayi
(DSM26961)",B1,0.5,1,0,1,mGAM
mGAM,Without mucin,E. tayi,B1P1,P1,1,DSM26961,"E. tayi
(DSM26961)",B1,1,1,0,1,mGAM
mGAM,Without mucin,E. tayi,B1P1,P1,2,DSM26961,"E. tayi
(DSM26961)",B1,2,1,0,1,mGAM
mGAM,Without mucin,E. tayi,B1P1,P1,3,DSM26961,"E. tayi
(DSM26961)",B1,3,1,0,1,mGAM
mGAM,Without mucin,E. tayi,B1P1,P1,4,DSM26961,"E. tayi
(DSM26961)",B1,4,1,0.002999999999999999,1,mGAM
mGAM,Without mucin,E. tayi,B1P1,P1,5,DSM26961,"E. tayi
(DSM26961)",B1,5,1,0.009,1,mGAM
mGAM,Without mucin,E. tayi,B1P1,P1,6,DSM26961,"E. tayi
(DSM26961)",B1,6,1,0.016,1,mGAM
mGAM,Without mucin,E. tayi,B1P1,P1,7,DSM26961,"E. tayi
(DSM26961)",B1,7,1,0.018000000000000002,1,mGAM
mGAM,Without mucin,E. tayi,B1P1,P1,8,DSM26961,"E. tayi
(DSM26961)",B1,8,1,0.019000000000000003,1,mGAM
mGAM,Without mucin,E. tayi,B1P1,P1,9,DSM26961,"E. tayi
(DSM26961)",B1,9,1,0.019000000000000003,1,mGAM
mGAM,Without mucin,E. tayi,B1P1,P1,10,DSM26961,"E. tayi
(DSM26961)",B1,10,1,0.018000000000000002,1,mGAM
mGAM,Without mucin,E. tayi,B1P1,P1,11,DSM26961,"E. tayi
(DSM26961)",B1,11,1,0.014,1,mGAM
mGAM,Without mucin,E. tayi,B1P1,P1,12,DSM26961,"E. tayi
(DSM26961)",B1,12,1,0.01,1,mGAM
mGAM,Without mucin,E. tayi,B1P1,P1,13,DSM26961,"E. tayi
(DSM26961)",B1,13,1,0.007999999999999998,1,mGAM
mGAM,Without mucin,E. tayi,B1P1,P1,14,DSM26961,"E. tayi
(DSM26961)",B1,14,1,0.004,1,mGAM
mGAM,Without mucin,E. tayi,B1P1,P1,15,DSM26961,"E. tayi
(DSM26961)",B1,15,1,9.999999999999905e-4,1,mGAM
mGAM,Without mucin,E. tayi,B1P1,P1,16,DSM26961,"E. tayi
(DSM26961)",B1,16,1,0,1,mGAM
mGAM,Without mucin,E. tayi,B1P1,P1,17,DSM26961,"E. tayi
(DSM26961)",B1,17,1,0,1,mGAM
mGAM,Without mucin,E. tayi,B1P1,P1,18,DSM26961,"E. tayi
(DSM26961)",B1,18,1,0,1,mGAM
mGAM,Without mucin,E. tayi,B1P1,P1,19,DSM26961,"E. tayi
(DSM26961)",B1,19,1,0,1,mGAM
mGAM,Without mucin,E. tayi,B1P1,P1,20,DSM26961,"E. tayi
(DSM26961)",B1,20,1,0,1,mGAM
mGAM,Without mucin,E. tayi,B1P1,P1,21,DSM26961,"E. tayi
(DSM26961)",B1,21,1,0,1,mGAM
mGAM,Without mucin,E. tayi,B1P1,P1,22,DSM26961,"E. tayi
(DSM26961)",B1,22,1,0,1,mGAM
mGAM,Without mucin,E. tayi,B1P1,P1,23,DSM26961,"E. tayi
(DSM26961)",B1,23,1,0,1,mGAM
mGAM,Without mucin,E. tayi,B1P1,P1,24,DSM26961,"E. tayi
(DSM26961)",B1,24,1,0,1,mGAM
mGAM,Without mucin,E. tayi,B1P1,P1,25,DSM26961,"E. tayi
(DSM26961)",B1,25,1,0,1,mGAM
mGAM,Without mucin,E. tayi,B1P1,P1,26,DSM26961,"E. tayi
(DSM26961)",B1,26,1,0,1,mGAM
mGAM,Without mucin,E. tayi,B1P1,P1,27,DSM26961,"E. tayi
(DSM26961)",B1,27,1,0,1,mGAM
mGAM,Without mucin,E. tayi,B1P1,P1,28,DSM26961,"E. tayi
(DSM26961)",B1,28,1,0,1,mGAM
mGAM,Without mucin,E. tayi,B1P1,P1,29,DSM26961,"E. tayi
(DSM26961)",B1,29,1,0,1,mGAM
mGAM,Without mucin,E. tayi,B1P1,P1,30,DSM26961,"E. tayi
(DSM26961)",B1,30,1,0,1,mGAM
mGAM,Without mucin,E. tayi,B1P2,P2,0.5,DSM26961,"E. tayi
(DSM26961)",B1,0.5,1,0,1,mGAM
mGAM,Without mucin,E. tayi,B1P2,P2,1,DSM26961,"E. tayi
(DSM26961)",B1,1,1,0,1,mGAM
mGAM,Without mucin,E. tayi,B1P2,P2,2,DSM26961,"E. tayi
(DSM26961)",B1,2,1,0,1,mGAM
mGAM,Without mucin,E. tayi,B1P2,P2,3,DSM26961,"E. tayi
(DSM26961)",B1,3,1,0.002000000000000019,1,mGAM
mGAM,Without mucin,E. tayi,B1P2,P2,4,DSM26961,"E. tayi
(DSM26961)",B1,4,1,0.013,1,mGAM
mGAM,Without mucin,E. tayi,B1P2,P2,5,DSM26961,"E. tayi
(DSM26961)",B1,5,1,0.02000000000000001,1,mGAM
mGAM,Without mucin,E. tayi,B1P2,P2,6,DSM26961,"E. tayi
(DSM26961)",B1,6,1,0.02800000000000001,1,mGAM
mGAM,Without mucin,E. tayi,B1P2,P2,7,DSM26961,"E. tayi
(DSM26961)",B1,7,1,0.03100000000000002,1,mGAM
mGAM,Without mucin,E. tayi,B1P2,P2,8,DSM26961,"E. tayi
(DSM26961)",B1,8,1,0.033000000000000015,1,mGAM
mGAM,Without mucin,E. tayi,B1P2,P2,9,DSM26961,"E. tayi
(DSM26961)",B1,9,1,0.03200000000000002,1,mGAM
mGAM,Without mucin,E. tayi,B1P2,P2,10,DSM26961,"E. tayi
(DSM26961)",B1,10,1,0.030000000000000006,1,mGAM
mGAM,Without mucin,E. tayi,B1P2,P2,11,DSM26961,"E. tayi
(DSM26961)",B1,11,1,0.02700000000000001,1,mGAM
mGAM,Without mucin,E. tayi,B1P2,P2,12,DSM26961,"E. tayi
(DSM26961)",B1,12,1,0.02700000000000001,1,mGAM
mGAM,Without mucin,E. tayi,B1P2,P2,13,DSM26961,"E. tayi
(DSM26961)",B1,13,1,0.024000000000000007,1,mGAM
mGAM,Without mucin,E. tayi,B1P2,P2,14,DSM26961,"E. tayi
(DSM26961)",B1,14,1,0.02000000000000001,1,mGAM
mGAM,Without mucin,E. tayi,B1P2,P2,15,DSM26961,"E. tayi
(DSM26961)",B1,15,1,0.016,1,mGAM
mGAM,Without mucin,E. tayi,B1P2,P2,16,DSM26961,"E. tayi
(DSM26961)",B1,16,1,0.011000000000000001,1,mGAM
mGAM,Without mucin,E. tayi,B1P2,P2,17,DSM26961,"E. tayi
(DSM26961)",B1,17,1,0.007999999999999998,1,mGAM
mGAM,Without mucin,E. tayi,B1P2,P2,18,DSM26961,"E. tayi
(DSM26961)",B1,18,1,0.007999999999999998,1,mGAM
mGAM,Without mucin,E. tayi,B1P2,P2,19,DSM26961,"E. tayi
(DSM26961)",B1,19,1,0.00599999999999999,1,mGAM
mGAM,Without mucin,E. tayi,B1P2,P2,20,DSM26961,"E. tayi
(DSM26961)",B1,20,1,0.0049999999999999906,1,mGAM
mGAM,Without mucin,E. tayi,B1P2,P2,21,DSM26961,"E. tayi
(DSM26961)",B1,21,1,0.00300000000000002,1,mGAM
mGAM,Without mucin,E. tayi,B1P2,P2,22,DSM26961,"E. tayi
(DSM26961)",B1,22,1,0.0010000000000000096,1,mGAM
mGAM,Without mucin,E. tayi,B1P2,P2,23,DSM26961,"E. tayi
(DSM26961)",B1,23,1,0.0010000000000000096,1,mGAM
mGAM,Without mucin,E. tayi,B1P2,P2,24,DSM26961,"E. tayi
(DSM26961)",B1,24,1,0.0010000000000000096,1,mGAM
mGAM,Without mucin,E. tayi,B1P2,P2,25,DSM26961,"E. tayi
(DSM26961)",B1,25,1,0,1,mGAM
mGAM,Without mucin,E. tayi,B1P2,P2,26,DSM26961,"E. tayi
(DSM26961)",B1,26,1,0,1,mGAM
mGAM,Without mucin,E. tayi,B1P2,P2,27,DSM26961,"E. tayi
(DSM26961)",B1,27,1,0,1,mGAM
mGAM,Without mucin,E. tayi,B1P2,P2,28,DSM26961,"E. tayi
(DSM26961)",B1,28,1,0,1,mGAM
mGAM,Without mucin,E. tayi,B1P2,P2,29,DSM26961,"E. tayi
(DSM26961)",B1,29,1,0,1,mGAM
mGAM,Without mucin,E. tayi,B1P2,P2,30,DSM26961,"E. tayi
(DSM26961)",B1,30,1,0,1,mGAM
GMM+LAB,With mucin,H. hathewayi,E1P5,P5,0.5,DSM13479,"H. hathewayi
(DSM13479)",E1,0.5,1,0.003800000000000005,1,GMM+LAB
GMM+LAB,With mucin,H. hathewayi,E1P5,P5,1,DSM13479,"H. hathewayi
(DSM13479)",E1,1,1,0,1,GMM+LAB
GMM+LAB,With mucin,H. hathewayi,E1P5,P5,2,DSM13479,"H. hathewayi
(DSM13479)",E1,2,1,0,1,GMM+LAB
GMM+LAB,With mucin,H. hathewayi,E1P5,P5,3,DSM13479,"H. hathewayi
(DSM13479)",E1,3,1,0,1,GMM+LAB
GMM+LAB,With mucin,H. hathewayi,E1P5,P5,4,DSM13479,"H. hathewayi
(DSM13479)",E1,4,1,0,1,GMM+LAB
GMM+LAB,With mucin,H. hathewayi,E1P5,P5,5,DSM13479,"H. hathewayi
(DSM13479)",E1,5,1,0,1,GMM+LAB
GMM+LAB,With mucin,H. hathewayi,E1P5,P5,6,DSM13479,"H. hathewayi
(DSM13479)",E1,6,1,0,1,GMM+LAB
GMM+LAB,With mucin,H. hathewayi,E1P5,P5,7,DSM13479,"H. hathewayi
(DSM13479)",E1,7,1,0,1,GMM+LAB
GMM+LAB,With mucin,H. hathewayi,E1P5,P5,8,DSM13479,"H. hathewayi
(DSM13479)",E1,8,1,0,1,GMM+LAB
GMM+LAB,With mucin,H. hathewayi,E1P5,P5,9,DSM13479,"H. hathewayi
(DSM13479)",E1,9,1,0,1,GMM+LAB
GMM+LAB,With mucin,H. hathewayi,E1P5,P5,10,DSM13479,"H. hathewayi
(DSM13479)",E1,10,1,0,1,GMM+LAB
GMM+LAB,With mucin,H. hathewayi,E1P5,P5,11,DSM13479,"H. hathewayi
(DSM13479)",E1,11,1,0,1,GMM+LAB
GMM+LAB,With mucin,H. hathewayi,E1P5,P5,12,DSM13479,"H. hathewayi
(DSM13479)",E1,12,1,0,1,GMM+LAB
GMM+LAB,With mucin,H. hathewayi,E1P5,P5,13,DSM13479,"H. hathewayi
(DSM13479)",E1,13,1,0,1,GMM+LAB
GMM+LAB,With mucin,H. hathewayi,E1P5,P5,14,DSM13479,"H. hathewayi
(DSM13479)",E1,14,1,0,1,GMM+LAB
GMM+LAB,With mucin,H. hathewayi,E1P5,P5,15,DSM13479,"H. hathewayi
(DSM13479)",E1,15,1,0,1,GMM+LAB
GMM+LAB,With mucin,H. hathewayi,E1P5,P5,16,DSM13479,"H. hathewayi
(DSM13479)",E1,16,1,0,1,GMM+LAB
GMM+LAB,With mucin,H. hathewayi,E1P5,P5,17,DSM13479,"H. hathewayi
(DSM13479)",E1,17,1,0,1,GMM+LAB
GMM+LAB,With mucin,H. hathewayi,E1P5,P5,18,DSM13479,"H. hathewayi
(DSM13479)",E1,18,1,0,1,GMM+LAB
GMM+LAB,With mucin,H. hathewayi,E1P5,P5,19,DSM13479,"H. hathewayi
(DSM13479)",E1,19,1,0,1,GMM+LAB
GMM+LAB,With mucin,H. hathewayi,E1P5,P5,20,DSM13479,"H. hathewayi
(DSM13479)",E1,20,1,0,1,GMM+LAB
GMM+LAB,With mucin,H. hathewayi,E1P5,P5,21,DSM13479,"H. hathewayi
(DSM13479)",E1,21,1,0,1,GMM+LAB
GMM+LAB,With mucin,H. hathewayi,E1P5,P5,22,DSM13479,"H. hathewayi
(DSM13479)",E1,22,1,0,1,GMM+LAB
GMM+LAB,With mucin,H. hathewayi,E1P5,P5,23,DSM13479,"H. hathewayi
(DSM13479)",E1,23,1,0,1,GMM+LAB
GMM+LAB,With mucin,H. hathewayi,E1P5,P5,24,DSM13479,"H. hathewayi
(DSM13479)",E1,24,1,0,1,GMM+LAB
GMM+LAB,With mucin,H. hathewayi,E1P5,P5,25,DSM13479,"H. hathewayi
(DSM13479)",E1,25,1,0,1,GMM+LAB
GMM+LAB,With mucin,H. hathewayi,E1P5,P5,26,DSM13479,"H. hathewayi
(DSM13479)",E1,26,1,0,1,GMM+LAB
GMM+LAB,With mucin,H. hathewayi,E1P5,P5,27,DSM13479,"H. hathewayi
(DSM13479)",E1,27,1,0,1,GMM+LAB
GMM+LAB,With mucin,H. hathewayi,E1P5,P5,28,DSM13479,"H. hathewayi
(DSM13479)",E1,28,1,0,1,GMM+LAB
GMM+LAB,With mucin,H. hathewayi,E1P5,P5,29,DSM13479,"H. hathewayi
(DSM13479)",E1,29,1,0,1,GMM+LAB
GMM+LAB,With mucin,H. hathewayi,E1P5,P5,30,DSM13479,"H. hathewayi
(DSM13479)",E1,30,1,0,1,GMM+LAB
GMM+LAB,With mucin,H. hathewayi,H1P5,P5,0.5,DSM13479,"H. hathewayi
(DSM13479)",H1,0.5,1,0,4,GMM+LAB
GMM+LAB,With mucin,H. hathewayi,H1P5,P5,1,DSM13479,"H. hathewayi
(DSM13479)",H1,1,1,0,4,GMM+LAB
GMM+LAB,With mucin,H. hathewayi,H1P5,P5,2,DSM13479,"H. hathewayi
(DSM13479)",H1,2,1,0,4,GMM+LAB
GMM+LAB,With mucin,H. hathewayi,H1P5,P5,3,DSM13479,"H. hathewayi
(DSM13479)",H1,3,1,0,4,GMM+LAB
GMM+LAB,With mucin,H. hathewayi,H1P5,P5,4,DSM13479,"H. hathewayi
(DSM13479)",H1,4,1,0,4,GMM+LAB
GMM+LAB,With mucin,H. hathewayi,H1P5,P5,5,DSM13479,"H. hathewayi
(DSM13479)",H1,5,1,0,4,GMM+LAB
GMM+LAB,With mucin,H. hathewayi,H1P5,P5,6,DSM13479,"H. hathewayi
(DSM13479)",H1,6,1,0,4,GMM+LAB
GMM+LAB,With mucin,H. hathewayi,H1P5,P5,7,DSM13479,"H. hathewayi
(DSM13479)",H1,7,1,0,4,GMM+LAB
GMM+LAB,With mucin,H. hathewayi,H1P5,P5,8,DSM13479,"H. hathewayi
(DSM13479)",H1,8,1,0,4,GMM+LAB
GMM+LAB,With mucin,H. hathewayi,H1P5,P5,9,DSM13479,"H. hathewayi
(DSM13479)",H1,9,1,0,4,GMM+LAB
GMM+LAB,With mucin,H. hathewayi,H1P5,P5,10,DSM13479,"H. hathewayi
(DSM13479)",H1,10,1,0,4,GMM+LAB
GMM+LAB,With mucin,H. hathewayi,H1P5,P5,11,DSM13479,"H. hathewayi
(DSM13479)",H1,11,1,0,4,GMM+LAB
GMM+LAB,With mucin,H. hathewayi,H1P5,P5,12,DSM13479,"H. hathewayi
(DSM13479)",H1,12,1,0,4,GMM+LAB
GMM+LAB,With mucin,H. hathewayi,H1P5,P5,13,DSM13479,"H. hathewayi
(DSM13479)",H1,13,1,0,4,GMM+LAB
GMM+LAB,With mucin,H. hathewayi,H1P5,P5,14,DSM13479,"H. hathewayi
(DSM13479)",H1,14,1,0,4,GMM+LAB
GMM+LAB,With mucin,H. hathewayi,H1P5,P5,15,DSM13479,"H. hathewayi
(DSM13479)",H1,15,1,0,4,GMM+LAB
GMM+LAB,With mucin,H. hathewayi,H1P5,P5,16,DSM13479,"H. hathewayi
(DSM13479)",H1,16,1,0,4,GMM+LAB
GMM+LAB,With mucin,H. hathewayi,H1P5,P5,17,DSM13479,"H. hathewayi
(DSM13479)",H1,17,1,0,4,GMM+LAB
GMM+LAB,With mucin,H. hathewayi,H1P5,P5,18,DSM13479,"H. hathewayi
(DSM13479)",H1,18,1,0,4,GMM+LAB
GMM+LAB,With mucin,H. hathewayi,H1P5,P5,19,DSM13479,"H. hathewayi
(DSM13479)",H1,19,1,0,4,GMM+LAB
GMM+LAB,With mucin,H. hathewayi,H1P5,P5,20,DSM13479,"H. hathewayi
(DSM13479)",H1,20,1,0,4,GMM+LAB
GMM+LAB,With mucin,H. hathewayi,H1P5,P5,21,DSM13479,"H. hathewayi
(DSM13479)",H1,21,1,0,4,GMM+LAB
GMM+LAB,With mucin,H. hathewayi,H1P5,P5,22,DSM13479,"H. hathewayi
(DSM13479)",H1,22,1,0,4,GMM+LAB
GMM+LAB,With mucin,H. hathewayi,H1P5,P5,23,DSM13479,"H. hathewayi
(DSM13479)",H1,23,1,0,4,GMM+LAB
GMM+LAB,With mucin,H. hathewayi,H1P5,P5,24,DSM13479,"H. hathewayi
(DSM13479)",H1,24,1,0,4,GMM+LAB
GMM+LAB,With mucin,H. hathewayi,H1P5,P5,25,DSM13479,"H. hathewayi
(DSM13479)",H1,25,1,0,4,GMM+LAB
GMM+LAB,With mucin,H. hathewayi,H1P5,P5,26,DSM13479,"H. hathewayi
(DSM13479)",H1,26,1,0,4,GMM+LAB
GMM+LAB,With mucin,H. hathewayi,H1P5,P5,27,DSM13479,"H. hathewayi
(DSM13479)",H1,27,1,0,4,GMM+LAB
GMM+LAB,With mucin,H. hathewayi,H1P5,P5,28,DSM13479,"H. hathewayi
(DSM13479)",H1,28,1,0,4,GMM+LAB
GMM+LAB,With mucin,H. hathewayi,H1P5,P5,29,DSM13479,"H. hathewayi
(DSM13479)",H1,29,1,0,4,GMM+LAB
GMM+LAB,With mucin,H. hathewayi,H1P5,P5,30,DSM13479,"H. hathewayi
(DSM13479)",H1,30,1,0,4,GMM+LAB
GMM+LAB,With mucin,H. hathewayi,F1P5,P5,0.5,DSM13479,"H. hathewayi
(DSM13479)",F1,0.5,1,0,2,GMM+LAB
GMM+LAB,With mucin,H. hathewayi,F1P5,P5,1,DSM13479,"H. hathewayi
(DSM13479)",F1,1,1,0,2,GMM+LAB
GMM+LAB,With mucin,H. hathewayi,F1P5,P5,2,DSM13479,"H. hathewayi
(DSM13479)",F1,2,1,0,2,GMM+LAB
GMM+LAB,With mucin,H. hathewayi,F1P5,P5,3,DSM13479,"H. hathewayi
(DSM13479)",F1,3,1,0,2,GMM+LAB
GMM+LAB,With mucin,H. hathewayi,F1P5,P5,4,DSM13479,"H. hathewayi
(DSM13479)",F1,4,1,0,2,GMM+LAB
GMM+LAB,With mucin,H. hathewayi,F1P5,P5,5,DSM13479,"H. hathewayi
(DSM13479)",F1,5,1,0,2,GMM+LAB
GMM+LAB,With mucin,H. hathewayi,F1P5,P5,6,DSM13479,"H. hathewayi
(DSM13479)",F1,6,1,0,2,GMM+LAB
GMM+LAB,With mucin,H. hathewayi,F1P5,P5,7,DSM13479,"H. hathewayi
(DSM13479)",F1,7,1,0,2,GMM+LAB
GMM+LAB,With mucin,H. hathewayi,F1P5,P5,8,DSM13479,"H. hathewayi
(DSM13479)",F1,8,1,0,2,GMM+LAB
GMM+LAB,With mucin,H. hathewayi,F1P5,P5,9,DSM13479,"H. hathewayi
(DSM13479)",F1,9,1,0,2,GMM+LAB
GMM+LAB,With mucin,H. hathewayi,F1P5,P5,10,DSM13479,"H. hathewayi
(DSM13479)",F1,10,1,0,2,GMM+LAB
GMM+LAB,With mucin,H. hathewayi,F1P5,P5,11,DSM13479,"H. hathewayi
(DSM13479)",F1,11,1,0,2,GMM+LAB
GMM+LAB,With mucin,H. hathewayi,F1P5,P5,12,DSM13479,"H. hathewayi
(DSM13479)",F1,12,1,0,2,GMM+LAB
GMM+LAB,With mucin,H. hathewayi,F1P5,P5,13,DSM13479,"H. hathewayi
(DSM13479)",F1,13,1,0,2,GMM+LAB
GMM+LAB,With mucin,H. hathewayi,F1P5,P5,14,DSM13479,"H. hathewayi
(DSM13479)",F1,14,1,0,2,GMM+LAB
GMM+LAB,With mucin,H. hathewayi,F1P5,P5,15,DSM13479,"H. hathewayi
(DSM13479)",F1,15,1,0,2,GMM+LAB
GMM+LAB,With mucin,H. hathewayi,F1P5,P5,16,DSM13479,"H. hathewayi
(DSM13479)",F1,16,1,0,2,GMM+LAB
GMM+LAB,With mucin,H. hathewayi,F1P5,P5,17,DSM13479,"H. hathewayi
(DSM13479)",F1,17,1,0,2,GMM+LAB
GMM+LAB,With mucin,H. hathewayi,F1P5,P5,18,DSM13479,"H. hathewayi
(DSM13479)",F1,18,1,0,2,GMM+LAB
GMM+LAB,With mucin,H. hathewayi,F1P5,P5,19,DSM13479,"H. hathewayi
(DSM13479)",F1,19,1,0,2,GMM+LAB
GMM+LAB,With mucin,H. hathewayi,F1P5,P5,20,DSM13479,"H. hathewayi
(DSM13479)",F1,20,1,0,2,GMM+LAB
GMM+LAB,With mucin,H. hathewayi,F1P5,P5,21,DSM13479,"H. hathewayi
(DSM13479)",F1,21,1,0,2,GMM+LAB
GMM+LAB,With mucin,H. hathewayi,F1P5,P5,22,DSM13479,"H. hathewayi
(DSM13479)",F1,22,1,0,2,GMM+LAB
GMM+LAB,With mucin,H. hathewayi,F1P5,P5,23,DSM13479,"H. hathewayi
(DSM13479)",F1,23,1,0,2,GMM+LAB
GMM+LAB,With mucin,H. hathewayi,F1P5,P5,24,DSM13479,"H. hathewayi
(DSM13479)",F1,24,1,0,2,GMM+LAB
GMM+LAB,With mucin,H. hathewayi,F1P5,P5,25,DSM13479,"H. hathewayi
(DSM13479)",F1,25,1,0,2,GMM+LAB
GMM+LAB,With mucin,H. hathewayi,F1P5,P5,26,DSM13479,"H. hathewayi
(DSM13479)",F1,26,1,0,2,GMM+LAB
GMM+LAB,With mucin,H. hathewayi,F1P5,P5,27,DSM13479,"H. hathewayi
(DSM13479)",F1,27,1,0,2,GMM+LAB
GMM+LAB,With mucin,H. hathewayi,F1P5,P5,28,DSM13479,"H. hathewayi
(DSM13479)",F1,28,1,0,2,GMM+LAB
GMM+LAB,With mucin,H. hathewayi,F1P5,P5,29,DSM13479,"H. hathewayi
(DSM13479)",F1,29,1,0,2,GMM+LAB
GMM+LAB,With mucin,H. hathewayi,F1P5,P5,30,DSM13479,"H. hathewayi
(DSM13479)",F1,30,1,0,2,GMM+LAB
GMM+LAB,Without mucin,H. hathewayi,A1P5,P5,0.5,DSM13479,"H. hathewayi
(DSM13479)",A1,0.5,1,0,1,GMM+LAB
GMM+LAB,Without mucin,H. hathewayi,A1P5,P5,1,DSM13479,"H. hathewayi
(DSM13479)",A1,1,1,0,1,GMM+LAB
GMM+LAB,Without mucin,H. hathewayi,A1P5,P5,2,DSM13479,"H. hathewayi
(DSM13479)",A1,2,1,0,1,GMM+LAB
GMM+LAB,Without mucin,H. hathewayi,A1P5,P5,3,DSM13479,"H. hathewayi
(DSM13479)",A1,3,1,0,1,GMM+LAB
GMM+LAB,Without mucin,H. hathewayi,A1P5,P5,4,DSM13479,"H. hathewayi
(DSM13479)",A1,4,1,0,1,GMM+LAB
GMM+LAB,Without mucin,H. hathewayi,A1P5,P5,5,DSM13479,"H. hathewayi
(DSM13479)",A1,5,1,0,1,GMM+LAB
GMM+LAB,Without mucin,H. hathewayi,A1P5,P5,6,DSM13479,"H. hathewayi
(DSM13479)",A1,6,1,0,1,GMM+LAB
GMM+LAB,Without mucin,H. hathewayi,A1P5,P5,7,DSM13479,"H. hathewayi
(DSM13479)",A1,7,1,0,1,GMM+LAB
GMM+LAB,Without mucin,H. hathewayi,A1P5,P5,8,DSM13479,"H. hathewayi
(DSM13479)",A1,8,1,0,1,GMM+LAB
GMM+LAB,Without mucin,H. hathewayi,A1P5,P5,9,DSM13479,"H. hathewayi
(DSM13479)",A1,9,1,0,1,GMM+LAB
GMM+LAB,Without mucin,H. hathewayi,A1P5,P5,10,DSM13479,"H. hathewayi
(DSM13479)",A1,10,1,0,1,GMM+LAB
GMM+LAB,Without mucin,H. hathewayi,A1P5,P5,11,DSM13479,"H. hathewayi
(DSM13479)",A1,11,1,0,1,GMM+LAB
GMM+LAB,Without mucin,H. hathewayi,A1P5,P5,12,DSM13479,"H. hathewayi
(DSM13479)",A1,12,1,0,1,GMM+LAB
GMM+LAB,Without mucin,H. hathewayi,A1P5,P5,13,DSM13479,"H. hathewayi
(DSM13479)",A1,13,1,0,1,GMM+LAB
GMM+LAB,Without mucin,H. hathewayi,A1P5,P5,14,DSM13479,"H. hathewayi
(DSM13479)",A1,14,1,0,1,GMM+LAB
GMM+LAB,Without mucin,H. hathewayi,A1P5,P5,15,DSM13479,"H. hathewayi
(DSM13479)",A1,15,1,0,1,GMM+LAB
GMM+LAB,Without mucin,H. hathewayi,A1P5,P5,16,DSM13479,"H. hathewayi
(DSM13479)",A1,16,1,0,1,GMM+LAB
GMM+LAB,Without mucin,H. hathewayi,A1P5,P5,17,DSM13479,"H. hathewayi
(DSM13479)",A1,17,1,0,1,GMM+LAB
GMM+LAB,Without mucin,H. hathewayi,A1P5,P5,18,DSM13479,"H. hathewayi
(DSM13479)",A1,18,1,0,1,GMM+LAB
GMM+LAB,Without mucin,H. hathewayi,A1P5,P5,19,DSM13479,"H. hathewayi
(DSM13479)",A1,19,1,0,1,GMM+LAB
GMM+LAB,Without mucin,H. hathewayi,A1P5,P5,20,DSM13479,"H. hathewayi
(DSM13479)",A1,20,1,0,1,GMM+LAB
GMM+LAB,Without mucin,H. hathewayi,A1P5,P5,21,DSM13479,"H. hathewayi
(DSM13479)",A1,21,1,0,1,GMM+LAB
GMM+LAB,Without mucin,H. hathewayi,A1P5,P5,22,DSM13479,"H. hathewayi
(DSM13479)",A1,22,1,0,1,GMM+LAB
GMM+LAB,Without mucin,H. hathewayi,A1P5,P5,23,DSM13479,"H. hathewayi
(DSM13479)",A1,23,1,0,1,GMM+LAB
GMM+LAB,Without mucin,H. hathewayi,A1P5,P5,24,DSM13479,"H. hathewayi
(DSM13479)",A1,24,1,0,1,GMM+LAB
GMM+LAB,Without mucin,H. hathewayi,A1P5,P5,25,DSM13479,"H. hathewayi
(DSM13479)",A1,25,1,0,1,GMM+LAB
GMM+LAB,Without mucin,H. hathewayi,A1P5,P5,26,DSM13479,"H. hathewayi
(DSM13479)",A1,26,1,0,1,GMM+LAB
GMM+LAB,Without mucin,H. hathewayi,A1P5,P5,27,DSM13479,"H. hathewayi
(DSM13479)",A1,27,1,0,1,GMM+LAB
GMM+LAB,Without mucin,H. hathewayi,A1P5,P5,28,DSM13479,"H. hathewayi
(DSM13479)",A1,28,1,0,1,GMM+LAB
GMM+LAB,Without mucin,H. hathewayi,A1P5,P5,29,DSM13479,"H. hathewayi
(DSM13479)",A1,29,1,0,1,GMM+LAB
GMM+LAB,Without mucin,H. hathewayi,A1P5,P5,30,DSM13479,"H. hathewayi
(DSM13479)",A1,30,1,0,1,GMM+LAB
GMM+LAB,Without mucin,H. hathewayi,C1P5,P5,0.5,DSM13479,"H. hathewayi
(DSM13479)",C1,0.5,1,0.01879999999999999,3,GMM+LAB
GMM+LAB,Without mucin,H. hathewayi,C1P5,P5,1,DSM13479,"H. hathewayi
(DSM13479)",C1,1,1,0.01079999999999998,3,GMM+LAB
GMM+LAB,Without mucin,H. hathewayi,C1P5,P5,2,DSM13479,"H. hathewayi
(DSM13479)",C1,2,1,0.008799999999999981,3,GMM+LAB
GMM+LAB,Without mucin,H. hathewayi,C1P5,P5,3,DSM13479,"H. hathewayi
(DSM13479)",C1,3,1,0,3,GMM+LAB
GMM+LAB,Without mucin,H. hathewayi,C1P5,P5,4,DSM13479,"H. hathewayi
(DSM13479)",C1,4,1,0,3,GMM+LAB
GMM+LAB,Without mucin,H. hathewayi,C1P5,P5,5,DSM13479,"H. hathewayi
(DSM13479)",C1,5,1,0,3,GMM+LAB
GMM+LAB,Without mucin,H. hathewayi,C1P5,P5,6,DSM13479,"H. hathewayi
(DSM13479)",C1,6,1,0,3,GMM+LAB
GMM+LAB,Without mucin,H. hathewayi,C1P5,P5,7,DSM13479,"H. hathewayi
(DSM13479)",C1,7,1,0,3,GMM+LAB
GMM+LAB,Without mucin,H. hathewayi,C1P5,P5,8,DSM13479,"H. hathewayi
(DSM13479)",C1,8,1,0,3,GMM+LAB
GMM+LAB,Without mucin,H. hathewayi,C1P5,P5,9,DSM13479,"H. hathewayi
(DSM13479)",C1,9,1,0,3,GMM+LAB
GMM+LAB,Without mucin,H. hathewayi,C1P5,P5,10,DSM13479,"H. hathewayi
(DSM13479)",C1,10,1,0,3,GMM+LAB
GMM+LAB,Without mucin,H. hathewayi,C1P5,P5,11,DSM13479,"H. hathewayi
(DSM13479)",C1,11,1,0,3,GMM+LAB
GMM+LAB,Without mucin,H. hathewayi,C1P5,P5,12,DSM13479,"H. hathewayi
(DSM13479)",C1,12,1,0,3,GMM+LAB
GMM+LAB,Without mucin,H. hathewayi,C1P5,P5,13,DSM13479,"H. hathewayi
(DSM13479)",C1,13,1,0,3,GMM+LAB
GMM+LAB,Without mucin,H. hathewayi,C1P5,P5,14,DSM13479,"H. hathewayi
(DSM13479)",C1,14,1,0,3,GMM+LAB
GMM+LAB,Without mucin,H. hathewayi,C1P5,P5,15,DSM13479,"H. hathewayi
(DSM13479)",C1,15,1,0,3,GMM+LAB
GMM+LAB,Without mucin,H. hathewayi,C1P5,P5,16,DSM13479,"H. hathewayi
(DSM13479)",C1,16,1,0,3,GMM+LAB
GMM+LAB,Without mucin,H. hathewayi,C1P5,P5,17,DSM13479,"H. hathewayi
(DSM13479)",C1,17,1,0,3,GMM+LAB
GMM+LAB,Without mucin,H. hathewayi,C1P5,P5,18,DSM13479,"H. hathewayi
(DSM13479)",C1,18,1,0,3,GMM+LAB
GMM+LAB,Without mucin,H. hathewayi,C1P5,P5,19,DSM13479,"H. hathewayi
(DSM13479)",C1,19,1,0,3,GMM+LAB
GMM+LAB,Without mucin,H. hathewayi,C1P5,P5,20,DSM13479,"H. hathewayi
(DSM13479)",C1,20,1,0,3,GMM+LAB
GMM+LAB,Without mucin,H. hathewayi,C1P5,P5,21,DSM13479,"H. hathewayi
(DSM13479)",C1,21,1,0,3,GMM+LAB
GMM+LAB,Without mucin,H. hathewayi,C1P5,P5,22,DSM13479,"H. hathewayi
(DSM13479)",C1,22,1,0,3,GMM+LAB
GMM+LAB,Without mucin,H. hathewayi,C1P5,P5,23,DSM13479,"H. hathewayi
(DSM13479)",C1,23,1,0,3,GMM+LAB
GMM+LAB,Without mucin,H. hathewayi,C1P5,P5,24,DSM13479,"H. hathewayi
(DSM13479)",C1,24,1,0,3,GMM+LAB
GMM+LAB,Without mucin,H. hathewayi,C1P5,P5,25,DSM13479,"H. hathewayi
(DSM13479)",C1,25,1,0,3,GMM+LAB
GMM+LAB,Without mucin,H. hathewayi,C1P5,P5,26,DSM13479,"H. hathewayi
(DSM13479)",C1,26,1,0,3,GMM+LAB
GMM+LAB,Without mucin,H. hathewayi,C1P5,P5,27,DSM13479,"H. hathewayi
(DSM13479)",C1,27,1,0,3,GMM+LAB
GMM+LAB,Without mucin,H. hathewayi,C1P5,P5,28,DSM13479,"H. hathewayi
(DSM13479)",C1,28,1,0,3,GMM+LAB
GMM+LAB,Without mucin,H. hathewayi,C1P5,P5,29,DSM13479,"H. hathewayi
(DSM13479)",C1,29,1,0,3,GMM+LAB
GMM+LAB,Without mucin,H. hathewayi,C1P5,P5,30,DSM13479,"H. hathewayi
(DSM13479)",C1,30,1,0,3,GMM+LAB
GMM+LAB,Without mucin,H. hathewayi,B1P5,P5,0.5,DSM13479,"H. hathewayi
(DSM13479)",B1,0.5,1,0,2,GMM+LAB
GMM+LAB,Without mucin,H. hathewayi,B1P5,P5,1,DSM13479,"H. hathewayi
(DSM13479)",B1,1,1,0,2,GMM+LAB
GMM+LAB,Without mucin,H. hathewayi,B1P5,P5,2,DSM13479,"H. hathewayi
(DSM13479)",B1,2,1,0,2,GMM+LAB
GMM+LAB,Without mucin,H. hathewayi,B1P5,P5,3,DSM13479,"H. hathewayi
(DSM13479)",B1,3,1,0,2,GMM+LAB
GMM+LAB,Without mucin,H. hathewayi,B1P5,P5,4,DSM13479,"H. hathewayi
(DSM13479)",B1,4,1,0,2,GMM+LAB
GMM+LAB,Without mucin,H. hathewayi,B1P5,P5,5,DSM13479,"H. hathewayi
(DSM13479)",B1,5,1,0,2,GMM+LAB
GMM+LAB,Without mucin,H. hathewayi,B1P5,P5,6,DSM13479,"H. hathewayi
(DSM13479)",B1,6,1,0,2,GMM+LAB
GMM+LAB,Without mucin,H. hathewayi,B1P5,P5,7,DSM13479,"H. hathewayi
(DSM13479)",B1,7,1,0,2,GMM+LAB
GMM+LAB,Without mucin,H. hathewayi,B1P5,P5,8,DSM13479,"H. hathewayi
(DSM13479)",B1,8,1,0,2,GMM+LAB
GMM+LAB,Without mucin,H. hathewayi,B1P5,P5,9,DSM13479,"H. hathewayi
(DSM13479)",B1,9,1,0,2,GMM+LAB
GMM+LAB,Without mucin,H. hathewayi,B1P5,P5,10,DSM13479,"H. hathewayi
(DSM13479)",B1,10,1,0,2,GMM+LAB
GMM+LAB,Without mucin,H. hathewayi,B1P5,P5,11,DSM13479,"H. hathewayi
(DSM13479)",B1,11,1,0,2,GMM+LAB
GMM+LAB,Without mucin,H. hathewayi,B1P5,P5,12,DSM13479,"H. hathewayi
(DSM13479)",B1,12,1,0,2,GMM+LAB
GMM+LAB,Without mucin,H. hathewayi,B1P5,P5,13,DSM13479,"H. hathewayi
(DSM13479)",B1,13,1,0,2,GMM+LAB
GMM+LAB,Without mucin,H. hathewayi,B1P5,P5,14,DSM13479,"H. hathewayi
(DSM13479)",B1,14,1,0,2,GMM+LAB
GMM+LAB,Without mucin,H. hathewayi,B1P5,P5,15,DSM13479,"H. hathewayi
(DSM13479)",B1,15,1,0,2,GMM+LAB
GMM+LAB,Without mucin,H. hathewayi,B1P5,P5,16,DSM13479,"H. hathewayi
(DSM13479)",B1,16,1,0,2,GMM+LAB
GMM+LAB,Without mucin,H. hathewayi,B1P5,P5,17,DSM13479,"H. hathewayi
(DSM13479)",B1,17,1,0,2,GMM+LAB
GMM+LAB,Without mucin,H. hathewayi,B1P5,P5,18,DSM13479,"H. hathewayi
(DSM13479)",B1,18,1,0,2,GMM+LAB
GMM+LAB,Without mucin,H. hathewayi,B1P5,P5,19,DSM13479,"H. hathewayi
(DSM13479)",B1,19,1,0,2,GMM+LAB
GMM+LAB,Without mucin,H. hathewayi,B1P5,P5,20,DSM13479,"H. hathewayi
(DSM13479)",B1,20,1,0,2,GMM+LAB
GMM+LAB,Without mucin,H. hathewayi,B1P5,P5,21,DSM13479,"H. hathewayi
(DSM13479)",B1,21,1,0,2,GMM+LAB
GMM+LAB,Without mucin,H. hathewayi,B1P5,P5,22,DSM13479,"H. hathewayi
(DSM13479)",B1,22,1,0,2,GMM+LAB
GMM+LAB,Without mucin,H. hathewayi,B1P5,P5,23,DSM13479,"H. hathewayi
(DSM13479)",B1,23,1,0,2,GMM+LAB
GMM+LAB,Without mucin,H. hathewayi,B1P5,P5,24,DSM13479,"H. hathewayi
(DSM13479)",B1,24,1,0,2,GMM+LAB
GMM+LAB,Without mucin,H. hathewayi,B1P5,P5,25,DSM13479,"H. hathewayi
(DSM13479)",B1,25,1,0,2,GMM+LAB
GMM+LAB,Without mucin,H. hathewayi,B1P5,P5,26,DSM13479,"H. hathewayi
(DSM13479)",B1,26,1,0,2,GMM+LAB
GMM+LAB,Without mucin,H. hathewayi,B1P5,P5,27,DSM13479,"H. hathewayi
(DSM13479)",B1,27,1,0,2,GMM+LAB
GMM+LAB,Without mucin,H. hathewayi,B1P5,P5,28,DSM13479,"H. hathewayi
(DSM13479)",B1,28,1,0,2,GMM+LAB
GMM+LAB,Without mucin,H. hathewayi,B1P5,P5,29,DSM13479,"H. hathewayi
(DSM13479)",B1,29,1,0,2,GMM+LAB
GMM+LAB,Without mucin,H. hathewayi,B1P5,P5,30,DSM13479,"H. hathewayi
(DSM13479)",B1,30,1,0,2,GMM+LAB
SB,With mucin,H. hathewayi,A9P5,P5,0.5,DSM13479,"H. hathewayi
(DSM13479)",A9,0.5,1,0,3,SB
SB,With mucin,H. hathewayi,A9P5,P5,1,DSM13479,"H. hathewayi
(DSM13479)",A9,1,1,0,3,SB
SB,With mucin,H. hathewayi,A9P5,P5,2,DSM13479,"H. hathewayi
(DSM13479)",A9,2,1,0.007999999999999998,3,SB
SB,With mucin,H. hathewayi,A9P5,P5,3,DSM13479,"H. hathewayi
(DSM13479)",A9,3,1,0.018000000000000002,3,SB
SB,With mucin,H. hathewayi,A9P5,P5,4,DSM13479,"H. hathewayi
(DSM13479)",A9,4,1,0.02100000000000001,3,SB
SB,With mucin,H. hathewayi,A9P5,P5,5,DSM13479,"H. hathewayi
(DSM13479)",A9,5,1,0.025,3,SB
SB,With mucin,H. hathewayi,A9P5,P5,6,DSM13479,"H. hathewayi
(DSM13479)",A9,6,1,0.030000000000000006,3,SB
SB,With mucin,H. hathewayi,A9P5,P5,7,DSM13479,"H. hathewayi
(DSM13479)",A9,7,1,0.030000000000000006,3,SB
SB,With mucin,H. hathewayi,A9P5,P5,8,DSM13479,"H. hathewayi
(DSM13479)",A9,8,1,0.03399999999999999,3,SB
SB,With mucin,H. hathewayi,A9P5,P5,9,DSM13479,"H. hathewayi
(DSM13479)",A9,9,1,0.037,3,SB
SB,With mucin,H. hathewayi,A9P5,P5,10,DSM13479,"H. hathewayi
(DSM13479)",A9,10,1,0.037,3,SB
SB,With mucin,H. hathewayi,A9P5,P5,11,DSM13479,"H. hathewayi
(DSM13479)",A9,11,1,0.037,3,SB
SB,With mucin,H. hathewayi,A9P5,P5,12,DSM13479,"H. hathewayi
(DSM13479)",A9,12,1,0.038999999999999986,3,SB
SB,With mucin,H. hathewayi,A9P5,P5,13,DSM13479,"H. hathewayi
(DSM13479)",A9,13,1,0.038,3,SB
SB,With mucin,H. hathewayi,A9P5,P5,14,DSM13479,"H. hathewayi
(DSM13479)",A9,14,1,0.04,3,SB
SB,With mucin,H. hathewayi,A9P5,P5,15,DSM13479,"H. hathewayi
(DSM13479)",A9,15,1,0.045,3,SB
SB,With mucin,H. hathewayi,A9P5,P5,16,DSM13479,"H. hathewayi
(DSM13479)",A9,16,1,0.049999999999999996,3,SB
SB,With mucin,H. hathewayi,A9P5,P5,17,DSM13479,"H. hathewayi
(DSM13479)",A9,17,1,0.06100000000000002,3,SB
SB,With mucin,H. hathewayi,A9P5,P5,18,DSM13479,"H. hathewayi
(DSM13479)",A9,18,1,0.07400000000000004,3,SB
SB,With mucin,H. hathewayi,A9P5,P5,19,DSM13479,"H. hathewayi
(DSM13479)",A9,19,1,0.1,3,SB
SB,With mucin,H. hathewayi,A9P5,P5,20,DSM13479,"H. hathewayi
(DSM13479)",A9,20,1,0.159,3,SB
SB,With mucin,H. hathewayi,A9P5,P5,21,DSM13479,"H. hathewayi
(DSM13479)",A9,21,1,0.28099999999999997,3,SB
SB,With mucin,H. hathewayi,A9P5,P5,22,DSM13479,"H. hathewayi
(DSM13479)",A9,22,1,0.443,3,SB
SB,With mucin,H. hathewayi,A9P5,P5,23,DSM13479,"H. hathewayi
(DSM13479)",A9,23,1,0.563,3,SB
SB,With mucin,H. hathewayi,A9P5,P5,24,DSM13479,"H. hathewayi
(DSM13479)",A9,24,1,0.6739999999999999,3,SB
SB,With mucin,H. hathewayi,A9P5,P5,25,DSM13479,"H. hathewayi
(DSM13479)",A9,25,1,0.746,3,SB
SB,With mucin,H. hathewayi,A9P5,P5,26,DSM13479,"H. hathewayi
(DSM13479)",A9,26,1,0.7969999999999998,3,SB
SB,With mucin,H. hathewayi,A9P5,P5,27,DSM13479,"H. hathewayi
(DSM13479)",A9,27,1,0.831,3,SB
SB,With mucin,H. hathewayi,A9P5,P5,28,DSM13479,"H. hathewayi
(DSM13479)",A9,28,1,0.856,3,SB
SB,With mucin,H. hathewayi,A9P5,P5,29,DSM13479,"H. hathewayi
(DSM13479)",A9,29,1,0.8099999999999998,3,SB
SB,With mucin,H. hathewayi,A9P5,P5,30,DSM13479,"H. hathewayi
(DSM13479)",A9,30,1,0.776,3,SB
SB,With mucin,H. hathewayi,A7P5,P5,0.5,DSM13479,"H. hathewayi
(DSM13479)",A7,0.5,1,0,1,SB
SB,With mucin,H. hathewayi,A7P5,P5,1,DSM13479,"H. hathewayi
(DSM13479)",A7,1,1,1.0408340855860843e-17,1,SB
SB,With mucin,H. hathewayi,A7P5,P5,2,DSM13479,"H. hathewayi
(DSM13479)",A7,2,1,0.007999999999999998,1,SB
SB,With mucin,H. hathewayi,A7P5,P5,3,DSM13479,"H. hathewayi
(DSM13479)",A7,3,1,0.015000000000000001,1,SB
SB,With mucin,H. hathewayi,A7P5,P5,4,DSM13479,"H. hathewayi
(DSM13479)",A7,4,1,0.024000000000000007,1,SB
SB,With mucin,H. hathewayi,A7P5,P5,5,DSM13479,"H. hathewayi
(DSM13479)",A7,5,1,0.02700000000000001,1,SB
SB,With mucin,H. hathewayi,A7P5,P5,6,DSM13479,"H. hathewayi
(DSM13479)",A7,6,1,0.029000000000000005,1,SB
SB,With mucin,H. hathewayi,A7P5,P5,7,DSM13479,"H. hathewayi
(DSM13479)",A7,7,1,0.033000000000000015,1,SB
SB,With mucin,H. hathewayi,A7P5,P5,8,DSM13479,"H. hathewayi
(DSM13479)",A7,8,1,0.033000000000000015,1,SB
SB,With mucin,H. hathewayi,A7P5,P5,9,DSM13479,"H. hathewayi
(DSM13479)",A7,9,1,0.03500000000000001,1,SB
SB,With mucin,H. hathewayi,A7P5,P5,10,DSM13479,"H. hathewayi
(DSM13479)",A7,10,1,0.038000000000000006,1,SB
SB,With mucin,H. hathewayi,A7P5,P5,11,DSM13479,"H. hathewayi
(DSM13479)",A7,11,1,0.037000000000000005,1,SB
SB,With mucin,H. hathewayi,A7P5,P5,12,DSM13479,"H. hathewayi
(DSM13479)",A7,12,1,0.04300000000000003,1,SB
SB,With mucin,H. hathewayi,A7P5,P5,13,DSM13479,"H. hathewayi
(DSM13479)",A7,13,1,0.044000000000000025,1,SB
SB,With mucin,H. hathewayi,A7P5,P5,14,DSM13479,"H. hathewayi
(DSM13479)",A7,14,1,0.04200000000000003,1,SB
SB,With mucin,H. hathewayi,A7P5,P5,15,DSM13479,"H. hathewayi
(DSM13479)",A7,15,1,0.05199999999999998,1,SB
SB,With mucin,H. hathewayi,A7P5,P5,16,DSM13479,"H. hathewayi
(DSM13479)",A7,16,1,0.06799999999999999,1,SB
SB,With mucin,H. hathewayi,A7P5,P5,17,DSM13479,"H. hathewayi
(DSM13479)",A7,17,1,0.084,1,SB
SB,With mucin,H. hathewayi,A7P5,P5,18,DSM13479,"H. hathewayi
(DSM13479)",A7,18,1,0.101,1,SB
SB,With mucin,H. hathewayi,A7P5,P5,19,DSM13479,"H. hathewayi
(DSM13479)",A7,19,1,0.127,1,SB
SB,With mucin,H. hathewayi,A7P5,P5,20,DSM13479,"H. hathewayi
(DSM13479)",A7,20,1,0.17099999999999999,1,SB
SB,With mucin,H. hathewayi,A7P5,P5,21,DSM13479,"H. hathewayi
(DSM13479)",A7,21,1,0.27299999999999996,1,SB
SB,With mucin,H. hathewayi,A7P5,P5,22,DSM13479,"H. hathewayi
(DSM13479)",A7,22,1,0.4130000000000001,1,SB
SB,With mucin,H. hathewayi,A7P5,P5,23,DSM13479,"H. hathewayi
(DSM13479)",A7,23,1,0.49,1,SB
SB,With mucin,H. hathewayi,A7P5,P5,24,DSM13479,"H. hathewayi
(DSM13479)",A7,24,1,0.614,1,SB
SB,With mucin,H. hathewayi,A7P5,P5,25,DSM13479,"H. hathewayi
(DSM13479)",A7,25,1,0.6940000000000001,1,SB
SB,With mucin,H. hathewayi,A7P5,P5,26,DSM13479,"H. hathewayi
(DSM13479)",A7,26,1,0.747,1,SB
SB,With mucin,H. hathewayi,A7P5,P5,27,DSM13479,"H. hathewayi
(DSM13479)",A7,27,1,0.7979999999999998,1,SB
SB,With mucin,H. hathewayi,A7P5,P5,28,DSM13479,"H. hathewayi
(DSM13479)",A7,28,1,0.7919999999999998,1,SB
SB,With mucin,H. hathewayi,A7P5,P5,29,DSM13479,"H. hathewayi
(DSM13479)",A7,29,1,0.7899999999999998,1,SB
SB,With mucin,H. hathewayi,A7P5,P5,30,DSM13479,"H. hathewayi
(DSM13479)",A7,30,1,0.7859999999999998,1,SB
SB,With mucin,H. hathewayi,A8P5,P5,0.5,DSM13479,"H. hathewayi
(DSM13479)",A8,0.5,1,0,2,SB
SB,With mucin,H. hathewayi,A8P5,P5,1,DSM13479,"H. hathewayi
(DSM13479)",A8,1,1,0,2,SB
SB,With mucin,H. hathewayi,A8P5,P5,2,DSM13479,"H. hathewayi
(DSM13479)",A8,2,1,0.00599999999999999,2,SB
SB,With mucin,H. hathewayi,A8P5,P5,3,DSM13479,"H. hathewayi
(DSM13479)",A8,3,1,0.013,2,SB
SB,With mucin,H. hathewayi,A8P5,P5,4,DSM13479,"H. hathewayi
(DSM13479)",A8,4,1,0.015000000000000001,2,SB
SB,With mucin,H. hathewayi,A8P5,P5,5,DSM13479,"H. hathewayi
(DSM13479)",A8,5,1,0.02000000000000001,2,SB
SB,With mucin,H. hathewayi,A8P5,P5,6,DSM13479,"H. hathewayi
(DSM13479)",A8,6,1,0.024000000000000007,2,SB
SB,With mucin,H. hathewayi,A8P5,P5,7,DSM13479,"H. hathewayi
(DSM13479)",A8,7,1,0.029000000000000005,2,SB
SB,With mucin,H. hathewayi,A8P5,P5,8,DSM13479,"H. hathewayi
(DSM13479)",A8,8,1,0.029000000000000005,2,SB
SB,With mucin,H. hathewayi,A8P5,P5,9,DSM13479,"H. hathewayi
(DSM13479)",A8,9,1,0.030000000000000006,2,SB
SB,With mucin,H. hathewayi,A8P5,P5,10,DSM13479,"H. hathewayi
(DSM13479)",A8,10,1,0.03100000000000002,2,SB
SB,With mucin,H. hathewayi,A8P5,P5,11,DSM13479,"H. hathewayi
(DSM13479)",A8,11,1,0.02800000000000001,2,SB
SB,With mucin,H. hathewayi,A8P5,P5,12,DSM13479,"H. hathewayi
(DSM13479)",A8,12,1,0.02800000000000001,2,SB
SB,With mucin,H. hathewayi,A8P5,P5,13,DSM13479,"H. hathewayi
(DSM13479)",A8,13,1,0.030000000000000006,2,SB
SB,With mucin,H. hathewayi,A8P5,P5,14,DSM13479,"H. hathewayi
(DSM13479)",A8,14,1,0.033000000000000015,2,SB
SB,With mucin,H. hathewayi,A8P5,P5,15,DSM13479,"H. hathewayi
(DSM13479)",A8,15,1,0.04299999999999997,2,SB
SB,With mucin,H. hathewayi,A8P5,P5,16,DSM13479,"H. hathewayi
(DSM13479)",A8,16,1,0.052999999999999985,2,SB
SB,With mucin,H. hathewayi,A8P5,P5,17,DSM13479,"H. hathewayi
(DSM13479)",A8,17,1,0.06799999999999999,2,SB
SB,With mucin,H. hathewayi,A8P5,P5,18,DSM13479,"H. hathewayi
(DSM13479)",A8,18,1,0.101,2,SB
SB,With mucin,H. hathewayi,A8P5,P5,19,DSM13479,"H. hathewayi
(DSM13479)",A8,19,1,0.145,2,SB
SB,With mucin,H. hathewayi,A8P5,P5,20,DSM13479,"H. hathewayi
(DSM13479)",A8,20,1,0.23199999999999998,2,SB
SB,With mucin,H. hathewayi,A8P5,P5,21,DSM13479,"H. hathewayi
(DSM13479)",A8,21,1,0.376,2,SB
SB,With mucin,H. hathewayi,A8P5,P5,22,DSM13479,"H. hathewayi
(DSM13479)",A8,22,1,0.503,2,SB
SB,With mucin,H. hathewayi,A8P5,P5,23,DSM13479,"H. hathewayi
(DSM13479)",A8,23,1,0.628,2,SB
SB,With mucin,H. hathewayi,A8P5,P5,24,DSM13479,"H. hathewayi
(DSM13479)",A8,24,1,0.717,2,SB
SB,With mucin,H. hathewayi,A8P5,P5,25,DSM13479,"H. hathewayi
(DSM13479)",A8,25,1,0.8069999999999998,2,SB
SB,With mucin,H. hathewayi,A8P5,P5,26,DSM13479,"H. hathewayi
(DSM13479)",A8,26,1,0.859,2,SB
SB,With mucin,H. hathewayi,A8P5,P5,27,DSM13479,"H. hathewayi
(DSM13479)",A8,27,1,0.901,2,SB
SB,With mucin,H. hathewayi,A8P5,P5,28,DSM13479,"H. hathewayi
(DSM13479)",A8,28,1,0.943,2,SB
SB,With mucin,H. hathewayi,A8P5,P5,29,DSM13479,"H. hathewayi
(DSM13479)",A8,29,1,0.939,2,SB
SB,With mucin,H. hathewayi,A8P5,P5,30,DSM13479,"H. hathewayi
(DSM13479)",A8,30,1,0.903,2,SB
SB,Without mucin,H. hathewayi,A2P5,P5,0.5,DSM13479,"H. hathewayi
(DSM13479)",A2,0.5,1,0,2,SB
SB,Without mucin,H. hathewayi,A2P5,P5,1,DSM13479,"H. hathewayi
(DSM13479)",A2,1,1,0.007999999999999998,2,SB
SB,Without mucin,H. hathewayi,A2P5,P5,2,DSM13479,"H. hathewayi
(DSM13479)",A2,2,1,0.02000000000000001,2,SB
SB,Without mucin,H. hathewayi,A2P5,P5,3,DSM13479,"H. hathewayi
(DSM13479)",A2,3,1,0.02799999999999999,2,SB
SB,Without mucin,H. hathewayi,A2P5,P5,4,DSM13479,"H. hathewayi
(DSM13479)",A2,4,1,0.03299999999999999,2,SB
SB,Without mucin,H. hathewayi,A2P5,P5,5,DSM13479,"H. hathewayi
(DSM13479)",A2,5,1,0.03499999999999999,2,SB
SB,Without mucin,H. hathewayi,A2P5,P5,6,DSM13479,"H. hathewayi
(DSM13479)",A2,6,1,0.03299999999999999,2,SB
SB,Without mucin,H. hathewayi,A2P5,P5,7,DSM13479,"H. hathewayi
(DSM13479)",A2,7,1,0.036,2,SB
SB,Without mucin,H. hathewayi,A2P5,P5,8,DSM13479,"H. hathewayi
(DSM13479)",A2,8,1,0.036,2,SB
SB,Without mucin,H. hathewayi,A2P5,P5,9,DSM13479,"H. hathewayi
(DSM13479)",A2,9,1,0.03499999999999999,2,SB
SB,Without mucin,H. hathewayi,A2P5,P5,10,DSM13479,"H. hathewayi
(DSM13479)",A2,10,1,0.03299999999999999,2,SB
SB,Without mucin,H. hathewayi,A2P5,P5,11,DSM13479,"H. hathewayi
(DSM13479)",A2,11,1,0.03199999999999999,2,SB
SB,Without mucin,H. hathewayi,A2P5,P5,12,DSM13479,"H. hathewayi
(DSM13479)",A2,12,1,0.03399999999999999,2,SB
SB,Without mucin,H. hathewayi,A2P5,P5,13,DSM13479,"H. hathewayi
(DSM13479)",A2,13,1,0.03199999999999999,2,SB
SB,Without mucin,H. hathewayi,A2P5,P5,14,DSM13479,"H. hathewayi
(DSM13479)",A2,14,1,0.03399999999999999,2,SB
SB,Without mucin,H. hathewayi,A2P5,P5,15,DSM13479,"H. hathewayi
(DSM13479)",A2,15,1,0.036,2,SB
SB,Without mucin,H. hathewayi,A2P5,P5,16,DSM13479,"H. hathewayi
(DSM13479)",A2,16,1,0.036,2,SB
SB,Without mucin,H. hathewayi,A2P5,P5,17,DSM13479,"H. hathewayi
(DSM13479)",A2,17,1,0.060000000000000005,2,SB
SB,Without mucin,H. hathewayi,A2P5,P5,18,DSM13479,"H. hathewayi
(DSM13479)",A2,18,1,0.111,2,SB
SB,Without mucin,H. hathewayi,A2P5,P5,19,DSM13479,"H. hathewayi
(DSM13479)",A2,19,1,0.177,2,SB
SB,Without mucin,H. hathewayi,A2P5,P5,20,DSM13479,"H. hathewayi
(DSM13479)",A2,20,1,0.2989999999999999,2,SB
SB,Without mucin,H. hathewayi,A2P5,P5,21,DSM13479,"H. hathewayi
(DSM13479)",A2,21,1,0.447,2,SB
SB,Without mucin,H. hathewayi,A2P5,P5,22,DSM13479,"H. hathewayi
(DSM13479)",A2,22,1,0.6399999999999999,2,SB
SB,Without mucin,H. hathewayi,A2P5,P5,23,DSM13479,"H. hathewayi
(DSM13479)",A2,23,1,0.8159999999999998,2,SB
SB,Without mucin,H. hathewayi,A2P5,P5,24,DSM13479,"H. hathewayi
(DSM13479)",A2,24,1,0.98,2,SB
SB,Without mucin,H. hathewayi,A2P5,P5,25,DSM13479,"H. hathewayi
(DSM13479)",A2,25,1,1.052,2,SB
SB,Without mucin,H. hathewayi,A2P5,P5,26,DSM13479,"H. hathewayi
(DSM13479)",A2,26,1,1.077,2,SB
SB,Without mucin,H. hathewayi,A2P5,P5,27,DSM13479,"H. hathewayi
(DSM13479)",A2,27,1,1.106,2,SB
SB,Without mucin,H. hathewayi,A2P5,P5,28,DSM13479,"H. hathewayi
(DSM13479)",A2,28,1,1.115,2,SB
SB,Without mucin,H. hathewayi,A2P5,P5,29,DSM13479,"H. hathewayi
(DSM13479)",A2,29,1,1.117,2,SB
SB,Without mucin,H. hathewayi,A2P5,P5,30,DSM13479,"H. hathewayi
(DSM13479)",A2,30,1,1.1239999999999999,2,SB
SB,Without mucin,H. hathewayi,A1P5,P5,0.5,DSM13479,"H. hathewayi
(DSM13479)",A1,0.5,1,0,1,SB
SB,Without mucin,H. hathewayi,A1P5,P5,1,DSM13479,"H. hathewayi
(DSM13479)",A1,1,1,0,1,SB
SB,Without mucin,H. hathewayi,A1P5,P5,2,DSM13479,"H. hathewayi
(DSM13479)",A1,2,1,0.007999999999999998,1,SB
SB,Without mucin,H. hathewayi,A1P5,P5,3,DSM13479,"H. hathewayi
(DSM13479)",A1,3,1,0.011999999999999999,1,SB
SB,Without mucin,H. hathewayi,A1P5,P5,4,DSM13479,"H. hathewayi
(DSM13479)",A1,4,1,0.014,1,SB
SB,Without mucin,H. hathewayi,A1P5,P5,5,DSM13479,"H. hathewayi
(DSM13479)",A1,5,1,0.016,1,SB
SB,Without mucin,H. hathewayi,A1P5,P5,6,DSM13479,"H. hathewayi
(DSM13479)",A1,6,1,0.016,1,SB
SB,Without mucin,H. hathewayi,A1P5,P5,7,DSM13479,"H. hathewayi
(DSM13479)",A1,7,1,0.014,1,SB
SB,Without mucin,H. hathewayi,A1P5,P5,8,DSM13479,"H. hathewayi
(DSM13479)",A1,8,1,0.014,1,SB
SB,Without mucin,H. hathewayi,A1P5,P5,9,DSM13479,"H. hathewayi
(DSM13479)",A1,9,1,0.013,1,SB
SB,Without mucin,H. hathewayi,A1P5,P5,10,DSM13479,"H. hathewayi
(DSM13479)",A1,10,1,0.011000000000000001,1,SB
SB,Without mucin,H. hathewayi,A1P5,P5,11,DSM13479,"H. hathewayi
(DSM13479)",A1,11,1,0.011999999999999999,1,SB
SB,Without mucin,H. hathewayi,A1P5,P5,12,DSM13479,"H. hathewayi
(DSM13479)",A1,12,1,0.007999999999999998,1,SB
SB,Without mucin,H. hathewayi,A1P5,P5,13,DSM13479,"H. hathewayi
(DSM13479)",A1,13,1,0.011999999999999999,1,SB
SB,Without mucin,H. hathewayi,A1P5,P5,14,DSM13479,"H. hathewayi
(DSM13479)",A1,14,1,0.007999999999999998,1,SB
SB,Without mucin,H. hathewayi,A1P5,P5,15,DSM13479,"H. hathewayi
(DSM13479)",A1,15,1,0.017,1,SB
SB,Without mucin,H. hathewayi,A1P5,P5,16,DSM13479,"H. hathewayi
(DSM13479)",A1,16,1,0.045,1,SB
SB,Without mucin,H. hathewayi,A1P5,P5,17,DSM13479,"H. hathewayi
(DSM13479)",A1,17,1,0.082,1,SB
SB,Without mucin,H. hathewayi,A1P5,P5,18,DSM13479,"H. hathewayi
(DSM13479)",A1,18,1,0.147,1,SB
SB,Without mucin,H. hathewayi,A1P5,P5,19,DSM13479,"H. hathewayi
(DSM13479)",A1,19,1,0.267,1,SB
SB,Without mucin,H. hathewayi,A1P5,P5,20,DSM13479,"H. hathewayi
(DSM13479)",A1,20,1,0.3919999999999999,1,SB
SB,Without mucin,H. hathewayi,A1P5,P5,21,DSM13479,"H. hathewayi
(DSM13479)",A1,21,1,0.591,1,SB
SB,Without mucin,H. hathewayi,A1P5,P5,22,DSM13479,"H. hathewayi
(DSM13479)",A1,22,1,0.744,1,SB
SB,Without mucin,H. hathewayi,A1P5,P5,23,DSM13479,"H. hathewayi
(DSM13479)",A1,23,1,0.909,1,SB
SB,Without mucin,H. hathewayi,A1P5,P5,24,DSM13479,"H. hathewayi
(DSM13479)",A1,24,1,0.994,1,SB
SB,Without mucin,H. hathewayi,A1P5,P5,25,DSM13479,"H. hathewayi
(DSM13479)",A1,25,1,1.034,1,SB
SB,Without mucin,H. hathewayi,A1P5,P5,26,DSM13479,"H. hathewayi
(DSM13479)",A1,26,1,1.079,1,SB
SB,Without mucin,H. hathewayi,A1P5,P5,27,DSM13479,"H. hathewayi
(DSM13479)",A1,27,1,1.102,1,SB
SB,Without mucin,H. hathewayi,A1P5,P5,28,DSM13479,"H. hathewayi
(DSM13479)",A1,28,1,1.097,1,SB
SB,Without mucin,H. hathewayi,A1P5,P5,29,DSM13479,"H. hathewayi
(DSM13479)",A1,29,1,1.094,1,SB
SB,Without mucin,H. hathewayi,A1P5,P5,30,DSM13479,"H. hathewayi
(DSM13479)",A1,30,1,1.092,1,SB
SB,Without mucin,H. hathewayi,A3P5,P5,0.5,DSM13479,"H. hathewayi
(DSM13479)",A3,0.5,1,0,3,SB
SB,Without mucin,H. hathewayi,A3P5,P5,1,DSM13479,"H. hathewayi
(DSM13479)",A3,1,1,0,3,SB
SB,Without mucin,H. hathewayi,A3P5,P5,2,DSM13479,"H. hathewayi
(DSM13479)",A3,2,1,0.0019999999999999896,3,SB
SB,Without mucin,H. hathewayi,A3P5,P5,3,DSM13479,"H. hathewayi
(DSM13479)",A3,3,1,0.009,3,SB
SB,Without mucin,H. hathewayi,A3P5,P5,4,DSM13479,"H. hathewayi
(DSM13479)",A3,4,1,0.013999999999999969,3,SB
SB,Without mucin,H. hathewayi,A3P5,P5,5,DSM13479,"H. hathewayi
(DSM13479)",A3,5,1,0.01499999999999997,3,SB
SB,Without mucin,H. hathewayi,A3P5,P5,6,DSM13479,"H. hathewayi
(DSM13479)",A3,6,1,0.015999999999999973,3,SB
SB,Without mucin,H. hathewayi,A3P5,P5,7,DSM13479,"H. hathewayi
(DSM13479)",A3,7,1,0.020999999999999977,3,SB
SB,Without mucin,H. hathewayi,A3P5,P5,8,DSM13479,"H. hathewayi
(DSM13479)",A3,8,1,0.01799999999999998,3,SB
SB,Without mucin,H. hathewayi,A3P5,P5,9,DSM13479,"H. hathewayi
(DSM13479)",A3,9,1,0.018999999999999982,3,SB
SB,Without mucin,H. hathewayi,A3P5,P5,10,DSM13479,"H. hathewayi
(DSM13479)",A3,10,1,0.019999999999999983,3,SB
SB,Without mucin,H. hathewayi,A3P5,P5,11,DSM13479,"H. hathewayi
(DSM13479)",A3,11,1,0.019999999999999983,3,SB
SB,Without mucin,H. hathewayi,A3P5,P5,12,DSM13479,"H. hathewayi
(DSM13479)",A3,12,1,0.019999999999999983,3,SB
SB,Without mucin,H. hathewayi,A3P5,P5,13,DSM13479,"H. hathewayi
(DSM13479)",A3,13,1,0.020999999999999977,3,SB
SB,Without mucin,H. hathewayi,A3P5,P5,14,DSM13479,"H. hathewayi
(DSM13479)",A3,14,1,0.020999999999999977,3,SB
SB,Without mucin,H. hathewayi,A3P5,P5,15,DSM13479,"H. hathewayi
(DSM13479)",A3,15,1,0.018999999999999982,3,SB
SB,Without mucin,H. hathewayi,A3P5,P5,16,DSM13479,"H. hathewayi
(DSM13479)",A3,16,1,0.018999999999999982,3,SB
SB,Without mucin,H. hathewayi,A3P5,P5,17,DSM13479,"H. hathewayi
(DSM13479)",A3,17,1,0.02399999999999998,3,SB
SB,Without mucin,H. hathewayi,A3P5,P5,18,DSM13479,"H. hathewayi
(DSM13479)",A3,18,1,0.07200000000000001,3,SB
SB,Without mucin,H. hathewayi,A3P5,P5,19,DSM13479,"H. hathewayi
(DSM13479)",A3,19,1,0.148,3,SB
SB,Without mucin,H. hathewayi,A3P5,P5,20,DSM13479,"H. hathewayi
(DSM13479)",A3,20,1,0.221,3,SB
SB,Without mucin,H. hathewayi,A3P5,P5,21,DSM13479,"H. hathewayi
(DSM13479)",A3,21,1,0.421,3,SB
SB,Without mucin,H. hathewayi,A3P5,P5,22,DSM13479,"H. hathewayi
(DSM13479)",A3,22,1,0.644,3,SB
SB,Without mucin,H. hathewayi,A3P5,P5,23,DSM13479,"H. hathewayi
(DSM13479)",A3,23,1,0.833,3,SB
SB,Without mucin,H. hathewayi,A3P5,P5,24,DSM13479,"H. hathewayi
(DSM13479)",A3,24,1,0.9989999999999999,3,SB
SB,Without mucin,H. hathewayi,A3P5,P5,25,DSM13479,"H. hathewayi
(DSM13479)",A3,25,1,1.075,3,SB
SB,Without mucin,H. hathewayi,A3P5,P5,26,DSM13479,"H. hathewayi
(DSM13479)",A3,26,1,1.083,3,SB
SB,Without mucin,H. hathewayi,A3P5,P5,27,DSM13479,"H. hathewayi
(DSM13479)",A3,27,1,1.064,3,SB
SB,Without mucin,H. hathewayi,A3P5,P5,28,DSM13479,"H. hathewayi
(DSM13479)",A3,28,1,0.9909999999999999,3,SB
SB,Without mucin,H. hathewayi,A3P5,P5,29,DSM13479,"H. hathewayi
(DSM13479)",A3,29,1,0.9909999999999999,3,SB
SB,Without mucin,H. hathewayi,A3P5,P5,30,DSM13479,"H. hathewayi
(DSM13479)",A3,30,1,0.906,3,SB
WCA,With mucin,H. hathewayi,E6P1,P1,0.5,DSM13479,"H. hathewayi
(DSM13479)",E6,0.5,1,0,1,WCA
WCA,With mucin,H. hathewayi,E6P1,P1,1,DSM13479,"H. hathewayi
(DSM13479)",E6,1,1,0,1,WCA
WCA,With mucin,H. hathewayi,E6P1,P1,2,DSM13479,"H. hathewayi
(DSM13479)",E6,2,1,0,1,WCA
WCA,With mucin,H. hathewayi,E6P1,P1,3,DSM13479,"H. hathewayi
(DSM13479)",E6,3,1,0.0029999999999999905,1,WCA
WCA,With mucin,H. hathewayi,E6P1,P1,4,DSM13479,"H. hathewayi
(DSM13479)",E6,4,1,0.013,1,WCA
WCA,With mucin,H. hathewayi,E6P1,P1,5,DSM13479,"H. hathewayi
(DSM13479)",E6,5,1,0.024000000000000007,1,WCA
WCA,With mucin,H. hathewayi,E6P1,P1,6,DSM13479,"H. hathewayi
(DSM13479)",E6,6,1,0.03199999999999999,1,WCA
WCA,With mucin,H. hathewayi,E6P1,P1,7,DSM13479,"H. hathewayi
(DSM13479)",E6,7,1,0.04,1,WCA
WCA,With mucin,H. hathewayi,E6P1,P1,8,DSM13479,"H. hathewayi
(DSM13479)",E6,8,1,0.048,1,WCA
WCA,With mucin,H. hathewayi,E6P1,P1,9,DSM13479,"H. hathewayi
(DSM13479)",E6,9,1,0.056000000000000015,1,WCA
WCA,With mucin,H. hathewayi,E6P1,P1,10,DSM13479,"H. hathewayi
(DSM13479)",E6,10,1,0.06600000000000003,1,WCA
WCA,With mucin,H. hathewayi,E6P1,P1,11,DSM13479,"H. hathewayi
(DSM13479)",E6,11,1,0.07699999999999999,1,WCA
WCA,With mucin,H. hathewayi,E6P1,P1,12,DSM13479,"H. hathewayi
(DSM13479)",E6,12,1,0.09,1,WCA
WCA,With mucin,H. hathewayi,E6P1,P1,13,DSM13479,"H. hathewayi
(DSM13479)",E6,13,1,0.10500000000000001,1,WCA
WCA,With mucin,H. hathewayi,E6P1,P1,14,DSM13479,"H. hathewayi
(DSM13479)",E6,14,1,0.13099999999999998,1,WCA
WCA,With mucin,H. hathewayi,E6P1,P1,15,DSM13479,"H. hathewayi
(DSM13479)",E6,15,1,0.147,1,WCA
WCA,With mucin,H. hathewayi,E6P1,P1,16,DSM13479,"H. hathewayi
(DSM13479)",E6,16,1,0.159,1,WCA
WCA,With mucin,H. hathewayi,E6P1,P1,17,DSM13479,"H. hathewayi
(DSM13479)",E6,17,1,0.16699999999999998,1,WCA
WCA,With mucin,H. hathewayi,E6P1,P1,18,DSM13479,"H. hathewayi
(DSM13479)",E6,18,1,0.172,1,WCA
WCA,With mucin,H. hathewayi,E6P1,P1,19,DSM13479,"H. hathewayi
(DSM13479)",E6,19,1,0.172,1,WCA
WCA,With mucin,H. hathewayi,E6P1,P1,20,DSM13479,"H. hathewayi
(DSM13479)",E6,20,1,0.188,1,WCA
WCA,With mucin,H. hathewayi,E6P1,P1,21,DSM13479,"H. hathewayi
(DSM13479)",E6,21,1,0.212,1,WCA
WCA,With mucin,H. hathewayi,E6P1,P1,22,DSM13479,"H. hathewayi
(DSM13479)",E6,22,1,0.252,1,WCA
WCA,With mucin,H. hathewayi,E6P1,P1,23,DSM13479,"H. hathewayi
(DSM13479)",E6,23,1,0.3,1,WCA
WCA,With mucin,H. hathewayi,E6P1,P1,24,DSM13479,"H. hathewayi
(DSM13479)",E6,24,1,0.35299999999999987,1,WCA
WCA,With mucin,H. hathewayi,E6P1,P1,25,DSM13479,"H. hathewayi
(DSM13479)",E6,25,1,0.427,1,WCA
WCA,With mucin,H. hathewayi,E6P1,P1,26,DSM13479,"H. hathewayi
(DSM13479)",E6,26,1,0.476,1,WCA
WCA,With mucin,H. hathewayi,E6P1,P1,27,DSM13479,"H. hathewayi
(DSM13479)",E6,27,1,0.7569999999999999,1,WCA
WCA,With mucin,H. hathewayi,E6P1,P1,28,DSM13479,"H. hathewayi
(DSM13479)",E6,28,1,0.8840000000000001,1,WCA
WCA,With mucin,H. hathewayi,E6P1,P1,29,DSM13479,"H. hathewayi
(DSM13479)",E6,29,1,0.9100000000000001,1,WCA
WCA,With mucin,H. hathewayi,E6P1,P1,30,DSM13479,"H. hathewayi
(DSM13479)",E6,30,1,0.8460000000000001,1,WCA
WCA,With mucin,H. hathewayi,G6P1,P1,0.5,DSM13479,"H. hathewayi
(DSM13479)",G6,0.5,1,0,3,WCA
WCA,With mucin,H. hathewayi,G6P1,P1,1,DSM13479,"H. hathewayi
(DSM13479)",G6,1,1,0,3,WCA
WCA,With mucin,H. hathewayi,G6P1,P1,2,DSM13479,"H. hathewayi
(DSM13479)",G6,2,1,0,3,WCA
WCA,With mucin,H. hathewayi,G6P1,P1,3,DSM13479,"H. hathewayi
(DSM13479)",G6,3,1,0.01699999999999998,3,WCA
WCA,With mucin,H. hathewayi,G6P1,P1,4,DSM13479,"H. hathewayi
(DSM13479)",G6,4,1,0.029999999999999985,3,WCA
WCA,With mucin,H. hathewayi,G6P1,P1,5,DSM13479,"H. hathewayi
(DSM13479)",G6,5,1,0.038999999999999986,3,WCA
WCA,With mucin,H. hathewayi,G6P1,P1,6,DSM13479,"H. hathewayi
(DSM13479)",G6,6,1,0.047,3,WCA
WCA,With mucin,H. hathewayi,G6P1,P1,7,DSM13479,"H. hathewayi
(DSM13479)",G6,7,1,0.05300000000000001,3,WCA
WCA,With mucin,H. hathewayi,G6P1,P1,8,DSM13479,"H. hathewayi
(DSM13479)",G6,8,1,0.06300000000000003,3,WCA
WCA,With mucin,H. hathewayi,G6P1,P1,9,DSM13479,"H. hathewayi
(DSM13479)",G6,9,1,0.07099999999999998,3,WCA
WCA,With mucin,H. hathewayi,G6P1,P1,10,DSM13479,"H. hathewayi
(DSM13479)",G6,10,1,0.08299999999999999,3,WCA
WCA,With mucin,H. hathewayi,G6P1,P1,11,DSM13479,"H. hathewayi
(DSM13479)",G6,11,1,0.088,3,WCA
WCA,With mucin,H. hathewayi,G6P1,P1,12,DSM13479,"H. hathewayi
(DSM13479)",G6,12,1,0.094,3,WCA
WCA,With mucin,H. hathewayi,G6P1,P1,13,DSM13479,"H. hathewayi
(DSM13479)",G6,13,1,0.10200000000000001,3,WCA
WCA,With mucin,H. hathewayi,G6P1,P1,14,DSM13479,"H. hathewayi
(DSM13479)",G6,14,1,0.111,3,WCA
WCA,With mucin,H. hathewayi,G6P1,P1,15,DSM13479,"H. hathewayi
(DSM13479)",G6,15,1,0.11800000000000001,3,WCA
WCA,With mucin,H. hathewayi,G6P1,P1,16,DSM13479,"H. hathewayi
(DSM13479)",G6,16,1,0.127,3,WCA
WCA,With mucin,H. hathewayi,G6P1,P1,17,DSM13479,"H. hathewayi
(DSM13479)",G6,17,1,0.143,3,WCA
WCA,With mucin,H. hathewayi,G6P1,P1,18,DSM13479,"H. hathewayi
(DSM13479)",G6,18,1,0.149,3,WCA
WCA,With mucin,H. hathewayi,G6P1,P1,19,DSM13479,"H. hathewayi
(DSM13479)",G6,19,1,0.158,3,WCA
WCA,With mucin,H. hathewayi,G6P1,P1,20,DSM13479,"H. hathewayi
(DSM13479)",G6,20,1,0.175,3,WCA
WCA,With mucin,H. hathewayi,G6P1,P1,21,DSM13479,"H. hathewayi
(DSM13479)",G6,21,1,0.208,3,WCA
WCA,With mucin,H. hathewayi,G6P1,P1,22,DSM13479,"H. hathewayi
(DSM13479)",G6,22,1,0.248,3,WCA
WCA,With mucin,H. hathewayi,G6P1,P1,23,DSM13479,"H. hathewayi
(DSM13479)",G6,23,1,0.304,3,WCA
WCA,With mucin,H. hathewayi,G6P1,P1,24,DSM13479,"H. hathewayi
(DSM13479)",G6,24,1,0.33399999999999996,3,WCA
WCA,With mucin,H. hathewayi,G6P1,P1,25,DSM13479,"H. hathewayi
(DSM13479)",G6,25,1,0.5529999999999999,3,WCA
WCA,With mucin,H. hathewayi,G6P1,P1,26,DSM13479,"H. hathewayi
(DSM13479)",G6,26,1,0.6499999999999999,3,WCA
WCA,With mucin,H. hathewayi,G6P1,P1,27,DSM13479,"H. hathewayi
(DSM13479)",G6,27,1,0.835,3,WCA
WCA,With mucin,H. hathewayi,G6P1,P1,28,DSM13479,"H. hathewayi
(DSM13479)",G6,28,1,0.9279999999999999,3,WCA
WCA,With mucin,H. hathewayi,G6P1,P1,29,DSM13479,"H. hathewayi
(DSM13479)",G6,29,1,0.9730000000000001,3,WCA
WCA,With mucin,H. hathewayi,G6P1,P1,30,DSM13479,"H. hathewayi
(DSM13479)",G6,30,1,0.97,3,WCA
WCA,With mucin,H. hathewayi,F6P1,P1,0.5,DSM13479,"H. hathewayi
(DSM13479)",F6,0.5,1,0,2,WCA
WCA,With mucin,H. hathewayi,F6P1,P1,1,DSM13479,"H. hathewayi
(DSM13479)",F6,1,1,0,2,WCA
WCA,With mucin,H. hathewayi,F6P1,P1,2,DSM13479,"H. hathewayi
(DSM13479)",F6,2,1,0,2,WCA
WCA,With mucin,H. hathewayi,F6P1,P1,3,DSM13479,"H. hathewayi
(DSM13479)",F6,3,1,0.019000000000000003,2,WCA
WCA,With mucin,H. hathewayi,F6P1,P1,4,DSM13479,"H. hathewayi
(DSM13479)",F6,4,1,0.03499999999999999,2,WCA
WCA,With mucin,H. hathewayi,F6P1,P1,5,DSM13479,"H. hathewayi
(DSM13479)",F6,5,1,0.047,2,WCA
WCA,With mucin,H. hathewayi,F6P1,P1,6,DSM13479,"H. hathewayi
(DSM13479)",F6,6,1,0.05400000000000001,2,WCA
WCA,With mucin,H. hathewayi,F6P1,P1,7,DSM13479,"H. hathewayi
(DSM13479)",F6,7,1,0.06100000000000002,2,WCA
WCA,With mucin,H. hathewayi,F6P1,P1,8,DSM13479,"H. hathewayi
(DSM13479)",F6,8,1,0.07000000000000003,2,WCA
WCA,With mucin,H. hathewayi,F6P1,P1,9,DSM13479,"H. hathewayi
(DSM13479)",F6,9,1,0.07599999999999998,2,WCA
WCA,With mucin,H. hathewayi,F6P1,P1,10,DSM13479,"H. hathewayi
(DSM13479)",F6,10,1,0.087,2,WCA
WCA,With mucin,H. hathewayi,F6P1,P1,11,DSM13479,"H. hathewayi
(DSM13479)",F6,11,1,0.097,2,WCA
WCA,With mucin,H. hathewayi,F6P1,P1,12,DSM13479,"H. hathewayi
(DSM13479)",F6,12,1,0.109,2,WCA
WCA,With mucin,H. hathewayi,F6P1,P1,13,DSM13479,"H. hathewayi
(DSM13479)",F6,13,1,0.126,2,WCA
WCA,With mucin,H. hathewayi,F6P1,P1,14,DSM13479,"H. hathewayi
(DSM13479)",F6,14,1,0.13499999999999998,2,WCA
WCA,With mucin,H. hathewayi,F6P1,P1,15,DSM13479,"H. hathewayi
(DSM13479)",F6,15,1,0.13399999999999998,2,WCA
WCA,With mucin,H. hathewayi,F6P1,P1,16,DSM13479,"H. hathewayi
(DSM13479)",F6,16,1,0.13099999999999998,2,WCA
WCA,With mucin,H. hathewayi,F6P1,P1,17,DSM13479,"H. hathewayi
(DSM13479)",F6,17,1,0.127,2,WCA
WCA,With mucin,H. hathewayi,F6P1,P1,18,DSM13479,"H. hathewayi
(DSM13479)",F6,18,1,0.125,2,WCA
WCA,With mucin,H. hathewayi,F6P1,P1,19,DSM13479,"H. hathewayi
(DSM13479)",F6,19,1,0.128,2,WCA
WCA,With mucin,H. hathewayi,F6P1,P1,20,DSM13479,"H. hathewayi
(DSM13479)",F6,20,1,0.13499999999999998,2,WCA
WCA,With mucin,H. hathewayi,F6P1,P1,21,DSM13479,"H. hathewayi
(DSM13479)",F6,21,1,0.153,2,WCA
WCA,With mucin,H. hathewayi,F6P1,P1,22,DSM13479,"H. hathewayi
(DSM13479)",F6,22,1,0.182,2,WCA
WCA,With mucin,H. hathewayi,F6P1,P1,23,DSM13479,"H. hathewayi
(DSM13479)",F6,23,1,0.224,2,WCA
WCA,With mucin,H. hathewayi,F6P1,P1,24,DSM13479,"H. hathewayi
(DSM13479)",F6,24,1,0.265,2,WCA
WCA,With mucin,H. hathewayi,F6P1,P1,25,DSM13479,"H. hathewayi
(DSM13479)",F6,25,1,0.316,2,WCA
WCA,With mucin,H. hathewayi,F6P1,P1,26,DSM13479,"H. hathewayi
(DSM13479)",F6,26,1,0.388,2,WCA
WCA,With mucin,H. hathewayi,F6P1,P1,27,DSM13479,"H. hathewayi
(DSM13479)",F6,27,1,0.558,2,WCA
WCA,With mucin,H. hathewayi,F6P1,P1,28,DSM13479,"H. hathewayi
(DSM13479)",F6,28,1,0.675,2,WCA
WCA,With mucin,H. hathewayi,F6P1,P1,29,DSM13479,"H. hathewayi
(DSM13479)",F6,29,1,0.746,2,WCA
WCA,With mucin,H. hathewayi,F6P1,P1,30,DSM13479,"H. hathewayi
(DSM13479)",F6,30,1,0.8049999999999999,2,WCA
WCA,Without mucin,H. hathewayi,C8P1,P1,0.5,DSM13479,"H. hathewayi
(DSM13479)",C8,0.5,1,0,3,WCA
WCA,Without mucin,H. hathewayi,C8P1,P1,1,DSM13479,"H. hathewayi
(DSM13479)",C8,1,1,0,3,WCA
WCA,Without mucin,H. hathewayi,C8P1,P1,2,DSM13479,"H. hathewayi
(DSM13479)",C8,2,1,0,3,WCA
WCA,Without mucin,H. hathewayi,C8P1,P1,3,DSM13479,"H. hathewayi
(DSM13479)",C8,3,1,0,3,WCA
WCA,Without mucin,H. hathewayi,C8P1,P1,4,DSM13479,"H. hathewayi
(DSM13479)",C8,4,1,0,3,WCA
WCA,Without mucin,H. hathewayi,C8P1,P1,5,DSM13479,"H. hathewayi
(DSM13479)",C8,5,1,0,3,WCA
WCA,Without mucin,H. hathewayi,C8P1,P1,6,DSM13479,"H. hathewayi
(DSM13479)",C8,6,1,0,3,WCA
WCA,Without mucin,H. hathewayi,C8P1,P1,7,DSM13479,"H. hathewayi
(DSM13479)",C8,7,1,0.0019999999999999896,3,WCA
WCA,Without mucin,H. hathewayi,C8P1,P1,8,DSM13479,"H. hathewayi
(DSM13479)",C8,8,1,0.00399999999999999,3,WCA
WCA,Without mucin,H. hathewayi,C8P1,P1,9,DSM13479,"H. hathewayi
(DSM13479)",C8,9,1,0.006999999999999991,3,WCA
WCA,Without mucin,H. hathewayi,C8P1,P1,10,DSM13479,"H. hathewayi
(DSM13479)",C8,10,1,0.007999999999999998,3,WCA
WCA,Without mucin,H. hathewayi,C8P1,P1,11,DSM13479,"H. hathewayi
(DSM13479)",C8,11,1,0.009,3,WCA
WCA,Without mucin,H. hathewayi,C8P1,P1,12,DSM13479,"H. hathewayi
(DSM13479)",C8,12,1,0.009,3,WCA
WCA,Without mucin,H. hathewayi,C8P1,P1,13,DSM13479,"H. hathewayi
(DSM13479)",C8,13,1,0.01,3,WCA
WCA,Without mucin,H. hathewayi,C8P1,P1,14,DSM13479,"H. hathewayi
(DSM13479)",C8,14,1,0.01,3,WCA
WCA,Without mucin,H. hathewayi,C8P1,P1,15,DSM13479,"H. hathewayi
(DSM13479)",C8,15,1,0.011999999999999999,3,WCA
WCA,Without mucin,H. hathewayi,C8P1,P1,16,DSM13479,"H. hathewayi
(DSM13479)",C8,16,1,0.011000000000000001,3,WCA
WCA,Without mucin,H. hathewayi,C8P1,P1,17,DSM13479,"H. hathewayi
(DSM13479)",C8,17,1,0.011000000000000001,3,WCA
WCA,Without mucin,H. hathewayi,C8P1,P1,18,DSM13479,"H. hathewayi
(DSM13479)",C8,18,1,0.013,3,WCA
WCA,Without mucin,H. hathewayi,C8P1,P1,19,DSM13479,"H. hathewayi
(DSM13479)",C8,19,1,0.019000000000000003,3,WCA
WCA,Without mucin,H. hathewayi,C8P1,P1,20,DSM13479,"H. hathewayi
(DSM13479)",C8,20,1,0.045,3,WCA
WCA,Without mucin,H. hathewayi,C8P1,P1,21,DSM13479,"H. hathewayi
(DSM13479)",C8,21,1,0.08200000000000002,3,WCA
WCA,Without mucin,H. hathewayi,C8P1,P1,22,DSM13479,"H. hathewayi
(DSM13479)",C8,22,1,0.144,3,WCA
WCA,Without mucin,H. hathewayi,C8P1,P1,23,DSM13479,"H. hathewayi
(DSM13479)",C8,23,1,0.213,3,WCA
WCA,Without mucin,H. hathewayi,C8P1,P1,24,DSM13479,"H. hathewayi
(DSM13479)",C8,24,1,0.292,3,WCA
WCA,Without mucin,H. hathewayi,C8P1,P1,25,DSM13479,"H. hathewayi
(DSM13479)",C8,25,1,0.40499999999999997,3,WCA
WCA,Without mucin,H. hathewayi,C8P1,P1,26,DSM13479,"H. hathewayi
(DSM13479)",C8,26,1,0.528,3,WCA
WCA,Without mucin,H. hathewayi,C8P1,P1,27,DSM13479,"H. hathewayi
(DSM13479)",C8,27,1,0.608,3,WCA
WCA,Without mucin,H. hathewayi,C8P1,P1,28,DSM13479,"H. hathewayi
(DSM13479)",C8,28,1,0.6719999999999999,3,WCA
WCA,Without mucin,H. hathewayi,C8P1,P1,29,DSM13479,"H. hathewayi
(DSM13479)",C8,29,1,0.73,3,WCA
WCA,Without mucin,H. hathewayi,C8P1,P1,30,DSM13479,"H. hathewayi
(DSM13479)",C8,30,1,0.776,3,WCA
WCA,Without mucin,H. hathewayi,B8P1,P1,0.5,DSM13479,"H. hathewayi
(DSM13479)",B8,0.5,1,0,2,WCA
WCA,Without mucin,H. hathewayi,B8P1,P1,1,DSM13479,"H. hathewayi
(DSM13479)",B8,1,1,0,2,WCA
WCA,Without mucin,H. hathewayi,B8P1,P1,2,DSM13479,"H. hathewayi
(DSM13479)",B8,2,1,0,2,WCA
WCA,Without mucin,H. hathewayi,B8P1,P1,3,DSM13479,"H. hathewayi
(DSM13479)",B8,3,1,0,2,WCA
WCA,Without mucin,H. hathewayi,B8P1,P1,4,DSM13479,"H. hathewayi
(DSM13479)",B8,4,1,0,2,WCA
WCA,Without mucin,H. hathewayi,B8P1,P1,5,DSM13479,"H. hathewayi
(DSM13479)",B8,5,1,0,2,WCA
WCA,Without mucin,H. hathewayi,B8P1,P1,6,DSM13479,"H. hathewayi
(DSM13479)",B8,6,1,0,2,WCA
WCA,Without mucin,H. hathewayi,B8P1,P1,7,DSM13479,"H. hathewayi
(DSM13479)",B8,7,1,0,2,WCA
WCA,Without mucin,H. hathewayi,B8P1,P1,8,DSM13479,"H. hathewayi
(DSM13479)",B8,8,1,0,2,WCA
WCA,Without mucin,H. hathewayi,B8P1,P1,9,DSM13479,"H. hathewayi
(DSM13479)",B8,9,1,0,2,WCA
WCA,Without mucin,H. hathewayi,B8P1,P1,10,DSM13479,"H. hathewayi
(DSM13479)",B8,10,1,0,2,WCA
WCA,Without mucin,H. hathewayi,B8P1,P1,11,DSM13479,"H. hathewayi
(DSM13479)",B8,11,1,0,2,WCA
WCA,Without mucin,H. hathewayi,B8P1,P1,12,DSM13479,"H. hathewayi
(DSM13479)",B8,12,1,0,2,WCA
WCA,Without mucin,H. hathewayi,B8P1,P1,13,DSM13479,"H. hathewayi
(DSM13479)",B8,13,1,0,2,WCA
WCA,Without mucin,H. hathewayi,B8P1,P1,14,DSM13479,"H. hathewayi
(DSM13479)",B8,14,1,0,2,WCA
WCA,Without mucin,H. hathewayi,B8P1,P1,15,DSM13479,"H. hathewayi
(DSM13479)",B8,15,1,0,2,WCA
WCA,Without mucin,H. hathewayi,B8P1,P1,16,DSM13479,"H. hathewayi
(DSM13479)",B8,16,1,0,2,WCA
WCA,Without mucin,H. hathewayi,B8P1,P1,17,DSM13479,"H. hathewayi
(DSM13479)",B8,17,1,0,2,WCA
WCA,Without mucin,H. hathewayi,B8P1,P1,18,DSM13479,"H. hathewayi
(DSM13479)",B8,18,1,0,2,WCA
WCA,Without mucin,H. hathewayi,B8P1,P1,19,DSM13479,"H. hathewayi
(DSM13479)",B8,19,1,0.0029999999999999905,2,WCA
WCA,Without mucin,H. hathewayi,B8P1,P1,20,DSM13479,"H. hathewayi
(DSM13479)",B8,20,1,0.017,2,WCA
WCA,Without mucin,H. hathewayi,B8P1,P1,21,DSM13479,"H. hathewayi
(DSM13479)",B8,21,1,0.03599999999999999,2,WCA
WCA,Without mucin,H. hathewayi,B8P1,P1,22,DSM13479,"H. hathewayi
(DSM13479)",B8,22,1,0.06099999999999999,2,WCA
WCA,Without mucin,H. hathewayi,B8P1,P1,23,DSM13479,"H. hathewayi
(DSM13479)",B8,23,1,0.113,2,WCA
WCA,Without mucin,H. hathewayi,B8P1,P1,24,DSM13479,"H. hathewayi
(DSM13479)",B8,24,1,0.204,2,WCA
WCA,Without mucin,H. hathewayi,B8P1,P1,25,DSM13479,"H. hathewayi
(DSM13479)",B8,25,1,0.296,2,WCA
WCA,Without mucin,H. hathewayi,B8P1,P1,26,DSM13479,"H. hathewayi
(DSM13479)",B8,26,1,0.391,2,WCA
WCA,Without mucin,H. hathewayi,B8P1,P1,27,DSM13479,"H. hathewayi
(DSM13479)",B8,27,1,0.48,2,WCA
WCA,Without mucin,H. hathewayi,B8P1,P1,28,DSM13479,"H. hathewayi
(DSM13479)",B8,28,1,0.616,2,WCA
WCA,Without mucin,H. hathewayi,B8P1,P1,29,DSM13479,"H. hathewayi
(DSM13479)",B8,29,1,0.725,2,WCA
WCA,Without mucin,H. hathewayi,B8P1,P1,30,DSM13479,"H. hathewayi
(DSM13479)",B8,30,1,0.82,2,WCA
WCA,Without mucin,H. hathewayi,A8P1,P1,0.5,DSM13479,"H. hathewayi
(DSM13479)",A8,0.5,1,0,1,WCA
WCA,Without mucin,H. hathewayi,A8P1,P1,1,DSM13479,"H. hathewayi
(DSM13479)",A8,1,1,0,1,WCA
WCA,Without mucin,H. hathewayi,A8P1,P1,2,DSM13479,"H. hathewayi
(DSM13479)",A8,2,1,0,1,WCA
WCA,Without mucin,H. hathewayi,A8P1,P1,3,DSM13479,"H. hathewayi
(DSM13479)",A8,3,1,0,1,WCA
WCA,Without mucin,H. hathewayi,A8P1,P1,4,DSM13479,"H. hathewayi
(DSM13479)",A8,4,1,0,1,WCA
WCA,Without mucin,H. hathewayi,A8P1,P1,5,DSM13479,"H. hathewayi
(DSM13479)",A8,5,1,0,1,WCA
WCA,Without mucin,H. hathewayi,A8P1,P1,6,DSM13479,"H. hathewayi
(DSM13479)",A8,6,1,0,1,WCA
WCA,Without mucin,H. hathewayi,A8P1,P1,7,DSM13479,"H. hathewayi
(DSM13479)",A8,7,1,9.999999999999905e-4,1,WCA
WCA,Without mucin,H. hathewayi,A8P1,P1,8,DSM13479,"H. hathewayi
(DSM13479)",A8,8,1,0.0029999999999999905,1,WCA
WCA,Without mucin,H. hathewayi,A8P1,P1,9,DSM13479,"H. hathewayi
(DSM13479)",A8,9,1,0.0049999999999999906,1,WCA
WCA,Without mucin,H. hathewayi,A8P1,P1,10,DSM13479,"H. hathewayi
(DSM13479)",A8,10,1,0.00599999999999999,1,WCA
WCA,Without mucin,H. hathewayi,A8P1,P1,11,DSM13479,"H. hathewayi
(DSM13479)",A8,11,1,0.007999999999999998,1,WCA
WCA,Without mucin,H. hathewayi,A8P1,P1,12,DSM13479,"H. hathewayi
(DSM13479)",A8,12,1,0.01,1,WCA
WCA,Without mucin,H. hathewayi,A8P1,P1,13,DSM13479,"H. hathewayi
(DSM13479)",A8,13,1,0.011000000000000001,1,WCA
WCA,Without mucin,H. hathewayi,A8P1,P1,14,DSM13479,"H. hathewayi
(DSM13479)",A8,14,1,0.011999999999999999,1,WCA
WCA,Without mucin,H. hathewayi,A8P1,P1,15,DSM13479,"H. hathewayi
(DSM13479)",A8,15,1,0.014,1,WCA
WCA,Without mucin,H. hathewayi,A8P1,P1,16,DSM13479,"H. hathewayi
(DSM13479)",A8,16,1,0.014,1,WCA
WCA,Without mucin,H. hathewayi,A8P1,P1,17,DSM13479,"H. hathewayi
(DSM13479)",A8,17,1,0.017,1,WCA
WCA,Without mucin,H. hathewayi,A8P1,P1,18,DSM13479,"H. hathewayi
(DSM13479)",A8,18,1,0.02000000000000001,1,WCA
WCA,Without mucin,H. hathewayi,A8P1,P1,19,DSM13479,"H. hathewayi
(DSM13479)",A8,19,1,0.030999999999999986,1,WCA
WCA,Without mucin,H. hathewayi,A8P1,P1,20,DSM13479,"H. hathewayi
(DSM13479)",A8,20,1,0.05300000000000001,1,WCA
WCA,Without mucin,H. hathewayi,A8P1,P1,21,DSM13479,"H. hathewayi
(DSM13479)",A8,21,1,0.092,1,WCA
WCA,Without mucin,H. hathewayi,A8P1,P1,22,DSM13479,"H. hathewayi
(DSM13479)",A8,22,1,0.152,1,WCA
WCA,Without mucin,H. hathewayi,A8P1,P1,23,DSM13479,"H. hathewayi
(DSM13479)",A8,23,1,0.22999999999999998,1,WCA
WCA,Without mucin,H. hathewayi,A8P1,P1,24,DSM13479,"H. hathewayi
(DSM13479)",A8,24,1,0.322,1,WCA
WCA,Without mucin,H. hathewayi,A8P1,P1,25,DSM13479,"H. hathewayi
(DSM13479)",A8,25,1,0.44,1,WCA
WCA,Without mucin,H. hathewayi,A8P1,P1,26,DSM13479,"H. hathewayi
(DSM13479)",A8,26,1,0.5549999999999999,1,WCA
WCA,Without mucin,H. hathewayi,A8P1,P1,27,DSM13479,"H. hathewayi
(DSM13479)",A8,27,1,0.641,1,WCA
WCA,Without mucin,H. hathewayi,A8P1,P1,28,DSM13479,"H. hathewayi
(DSM13479)",A8,28,1,0.74,1,WCA
WCA,Without mucin,H. hathewayi,A8P1,P1,29,DSM13479,"H. hathewayi
(DSM13479)",A8,29,1,0.842,1,WCA
WCA,Without mucin,H. hathewayi,A8P1,P1,30,DSM13479,"H. hathewayi
(DSM13479)",A8,30,1,0.94,1,WCA
mGAM,With mucin,H. hathewayi,A7P1,P1,0.5,DSM13479,"H. hathewayi
(DSM13479)",A7,0.5,1,0,1,mGAM
mGAM,With mucin,H. hathewayi,A7P1,P1,1,DSM13479,"H. hathewayi
(DSM13479)",A7,1,1,0,1,mGAM
mGAM,With mucin,H. hathewayi,A7P1,P1,2,DSM13479,"H. hathewayi
(DSM13479)",A7,2,1,0.0050000000000000305,1,mGAM
mGAM,With mucin,H. hathewayi,A7P1,P1,3,DSM13479,"H. hathewayi
(DSM13479)",A7,3,1,0.025000000000000036,1,mGAM
mGAM,With mucin,H. hathewayi,A7P1,P1,4,DSM13479,"H. hathewayi
(DSM13479)",A7,4,1,0.044,1,mGAM
mGAM,With mucin,H. hathewayi,A7P1,P1,5,DSM13479,"H. hathewayi
(DSM13479)",A7,5,1,0.06700000000000003,1,mGAM
mGAM,With mucin,H. hathewayi,A7P1,P1,6,DSM13479,"H. hathewayi
(DSM13479)",A7,6,1,0.08900000000000005,1,mGAM
mGAM,With mucin,H. hathewayi,A7P1,P1,7,DSM13479,"H. hathewayi
(DSM13479)",A7,7,1,0.114,1,mGAM
mGAM,With mucin,H. hathewayi,A7P1,P1,8,DSM13479,"H. hathewayi
(DSM13479)",A7,8,1,0.127,1,mGAM
mGAM,With mucin,H. hathewayi,A7P1,P1,9,DSM13479,"H. hathewayi
(DSM13479)",A7,9,1,0.13099999999999998,1,mGAM
mGAM,With mucin,H. hathewayi,A7P1,P1,10,DSM13479,"H. hathewayi
(DSM13479)",A7,10,1,0.141,1,mGAM
mGAM,With mucin,H. hathewayi,A7P1,P1,11,DSM13479,"H. hathewayi
(DSM13479)",A7,11,1,0.142,1,mGAM
mGAM,With mucin,H. hathewayi,A7P1,P1,12,DSM13479,"H. hathewayi
(DSM13479)",A7,12,1,0.148,1,mGAM
mGAM,With mucin,H. hathewayi,A7P1,P1,13,DSM13479,"H. hathewayi
(DSM13479)",A7,13,1,0.155,1,mGAM
mGAM,With mucin,H. hathewayi,A7P1,P1,14,DSM13479,"H. hathewayi
(DSM13479)",A7,14,1,0.153,1,mGAM
mGAM,With mucin,H. hathewayi,A7P1,P1,15,DSM13479,"H. hathewayi
(DSM13479)",A7,15,1,0.155,1,mGAM
mGAM,With mucin,H. hathewayi,A7P1,P1,16,DSM13479,"H. hathewayi
(DSM13479)",A7,16,1,0.157,1,mGAM
mGAM,With mucin,H. hathewayi,A7P1,P1,17,DSM13479,"H. hathewayi
(DSM13479)",A7,17,1,0.148,1,mGAM
mGAM,With mucin,H. hathewayi,A7P1,P1,18,DSM13479,"H. hathewayi
(DSM13479)",A7,18,1,0.149,1,mGAM
mGAM,With mucin,H. hathewayi,A7P1,P1,19,DSM13479,"H. hathewayi
(DSM13479)",A7,19,1,0.144,1,mGAM
mGAM,With mucin,H. hathewayi,A7P1,P1,20,DSM13479,"H. hathewayi
(DSM13479)",A7,20,1,0.141,1,mGAM
mGAM,With mucin,H. hathewayi,A7P1,P1,21,DSM13479,"H. hathewayi
(DSM13479)",A7,21,1,0.158,1,mGAM
mGAM,With mucin,H. hathewayi,A7P1,P1,22,DSM13479,"H. hathewayi
(DSM13479)",A7,22,1,0.1710000000000001,1,mGAM
mGAM,With mucin,H. hathewayi,A7P1,P1,23,DSM13479,"H. hathewayi
(DSM13479)",A7,23,1,0.209,1,mGAM
mGAM,With mucin,H. hathewayi,A7P1,P1,24,DSM13479,"H. hathewayi
(DSM13479)",A7,24,1,0.23299999999999998,1,mGAM
mGAM,With mucin,H. hathewayi,A7P1,P1,25,DSM13479,"H. hathewayi
(DSM13479)",A7,25,1,0.222,1,mGAM
mGAM,With mucin,H. hathewayi,A7P1,P1,26,DSM13479,"H. hathewayi
(DSM13479)",A7,26,1,0.21,1,mGAM
mGAM,With mucin,H. hathewayi,A7P1,P1,27,DSM13479,"H. hathewayi
(DSM13479)",A7,27,1,0.19799999999999998,1,mGAM
mGAM,With mucin,H. hathewayi,A7P1,P1,28,DSM13479,"H. hathewayi
(DSM13479)",A7,28,1,0.18500000000000008,1,mGAM
mGAM,With mucin,H. hathewayi,A7P1,P1,29,DSM13479,"H. hathewayi
(DSM13479)",A7,29,1,0.1750000000000001,1,mGAM
mGAM,With mucin,H. hathewayi,A7P1,P1,30,DSM13479,"H. hathewayi
(DSM13479)",A7,30,1,0.1670000000000001,1,mGAM
mGAM,With mucin,H. hathewayi,A9P1,P1,0.5,DSM13479,"H. hathewayi
(DSM13479)",A9,0.5,1,0,3,mGAM
mGAM,With mucin,H. hathewayi,A9P1,P1,1,DSM13479,"H. hathewayi
(DSM13479)",A9,1,1,0,3,mGAM
mGAM,With mucin,H. hathewayi,A9P1,P1,2,DSM13479,"H. hathewayi
(DSM13479)",A9,2,1,9.999999999999593e-4,3,mGAM
mGAM,With mucin,H. hathewayi,A9P1,P1,3,DSM13479,"H. hathewayi
(DSM13479)",A9,3,1,0.015999999999999973,3,mGAM
mGAM,With mucin,H. hathewayi,A9P1,P1,4,DSM13479,"H. hathewayi
(DSM13479)",A9,4,1,0.036,3,mGAM
mGAM,With mucin,H. hathewayi,A9P1,P1,5,DSM13479,"H. hathewayi
(DSM13479)",A9,5,1,0.057000000000000016,3,mGAM
mGAM,With mucin,H. hathewayi,A9P1,P1,6,DSM13479,"H. hathewayi
(DSM13479)",A9,6,1,0.07699999999999997,3,mGAM
mGAM,With mucin,H. hathewayi,A9P1,P1,7,DSM13479,"H. hathewayi
(DSM13479)",A9,7,1,0.096,3,mGAM
mGAM,With mucin,H. hathewayi,A9P1,P1,8,DSM13479,"H. hathewayi
(DSM13479)",A9,8,1,0.10500000000000001,3,mGAM
mGAM,With mucin,H. hathewayi,A9P1,P1,9,DSM13479,"H. hathewayi
(DSM13479)",A9,9,1,0.11,3,mGAM
mGAM,With mucin,H. hathewayi,A9P1,P1,10,DSM13479,"H. hathewayi
(DSM13479)",A9,10,1,0.111,3,mGAM
mGAM,With mucin,H. hathewayi,A9P1,P1,11,DSM13479,"H. hathewayi
(DSM13479)",A9,11,1,0.114,3,mGAM
mGAM,With mucin,H. hathewayi,A9P1,P1,12,DSM13479,"H. hathewayi
(DSM13479)",A9,12,1,0.11,3,mGAM
mGAM,With mucin,H. hathewayi,A9P1,P1,13,DSM13479,"H. hathewayi
(DSM13479)",A9,13,1,0.11,3,mGAM
mGAM,With mucin,H. hathewayi,A9P1,P1,14,DSM13479,"H. hathewayi
(DSM13479)",A9,14,1,0.10500000000000001,3,mGAM
mGAM,With mucin,H. hathewayi,A9P1,P1,15,DSM13479,"H. hathewayi
(DSM13479)",A9,15,1,0.10300000000000001,3,mGAM
mGAM,With mucin,H. hathewayi,A9P1,P1,16,DSM13479,"H. hathewayi
(DSM13479)",A9,16,1,0.10200000000000001,3,mGAM
mGAM,With mucin,H. hathewayi,A9P1,P1,17,DSM13479,"H. hathewayi
(DSM13479)",A9,17,1,0.097,3,mGAM
mGAM,With mucin,H. hathewayi,A9P1,P1,18,DSM13479,"H. hathewayi
(DSM13479)",A9,18,1,0.10300000000000001,3,mGAM
mGAM,With mucin,H. hathewayi,A9P1,P1,19,DSM13479,"H. hathewayi
(DSM13479)",A9,19,1,0.10200000000000001,3,mGAM
mGAM,With mucin,H. hathewayi,A9P1,P1,20,DSM13479,"H. hathewayi
(DSM13479)",A9,20,1,0.11900000000000001,3,mGAM
mGAM,With mucin,H. hathewayi,A9P1,P1,21,DSM13479,"H. hathewayi
(DSM13479)",A9,21,1,0.157,3,mGAM
mGAM,With mucin,H. hathewayi,A9P1,P1,22,DSM13479,"H. hathewayi
(DSM13479)",A9,22,1,0.16999999999999998,3,mGAM
mGAM,With mucin,H. hathewayi,A9P1,P1,23,DSM13479,"H. hathewayi
(DSM13479)",A9,23,1,0.222,3,mGAM
mGAM,With mucin,H. hathewayi,A9P1,P1,24,DSM13479,"H. hathewayi
(DSM13479)",A9,24,1,0.216,3,mGAM
mGAM,With mucin,H. hathewayi,A9P1,P1,25,DSM13479,"H. hathewayi
(DSM13479)",A9,25,1,0.209,3,mGAM
mGAM,With mucin,H. hathewayi,A9P1,P1,26,DSM13479,"H. hathewayi
(DSM13479)",A9,26,1,0.193,3,mGAM
mGAM,With mucin,H. hathewayi,A9P1,P1,27,DSM13479,"H. hathewayi
(DSM13479)",A9,27,1,0.191,3,mGAM
mGAM,With mucin,H. hathewayi,A9P1,P1,28,DSM13479,"H. hathewayi
(DSM13479)",A9,28,1,0.185,3,mGAM
mGAM,With mucin,H. hathewayi,A9P1,P1,29,DSM13479,"H. hathewayi
(DSM13479)",A9,29,1,0.184,3,mGAM
mGAM,With mucin,H. hathewayi,A9P1,P1,30,DSM13479,"H. hathewayi
(DSM13479)",A9,30,1,0.175,3,mGAM
mGAM,With mucin,H. hathewayi,A8P1,P1,0.5,DSM13479,"H. hathewayi
(DSM13479)",A8,0.5,1,0,2,mGAM
mGAM,With mucin,H. hathewayi,A8P1,P1,1,DSM13479,"H. hathewayi
(DSM13479)",A8,1,1,0,2,mGAM
mGAM,With mucin,H. hathewayi,A8P1,P1,2,DSM13479,"H. hathewayi
(DSM13479)",A8,2,1,0.013999999999999969,2,mGAM
mGAM,With mucin,H. hathewayi,A8P1,P1,3,DSM13479,"H. hathewayi
(DSM13479)",A8,3,1,0.036,2,mGAM
mGAM,With mucin,H. hathewayi,A8P1,P1,4,DSM13479,"H. hathewayi
(DSM13479)",A8,4,1,0.05699999999999996,2,mGAM
mGAM,With mucin,H. hathewayi,A8P1,P1,5,DSM13479,"H. hathewayi
(DSM13479)",A8,5,1,0.08399999999999999,2,mGAM
mGAM,With mucin,H. hathewayi,A8P1,P1,6,DSM13479,"H. hathewayi
(DSM13479)",A8,6,1,0.101,2,mGAM
mGAM,With mucin,H. hathewayi,A8P1,P1,7,DSM13479,"H. hathewayi
(DSM13479)",A8,7,1,0.1189999999999999,2,mGAM
mGAM,With mucin,H. hathewayi,A8P1,P1,8,DSM13479,"H. hathewayi
(DSM13479)",A8,8,1,0.13,2,mGAM
mGAM,With mucin,H. hathewayi,A8P1,P1,9,DSM13479,"H. hathewayi
(DSM13479)",A8,9,1,0.13799999999999998,2,mGAM
mGAM,With mucin,H. hathewayi,A8P1,P1,10,DSM13479,"H. hathewayi
(DSM13479)",A8,10,1,0.144,2,mGAM
mGAM,With mucin,H. hathewayi,A8P1,P1,11,DSM13479,"H. hathewayi
(DSM13479)",A8,11,1,0.148,2,mGAM
mGAM,With mucin,H. hathewayi,A8P1,P1,12,DSM13479,"H. hathewayi
(DSM13479)",A8,12,1,0.15,2,mGAM
mGAM,With mucin,H. hathewayi,A8P1,P1,13,DSM13479,"H. hathewayi
(DSM13479)",A8,13,1,0.148,2,mGAM
mGAM,With mucin,H. hathewayi,A8P1,P1,14,DSM13479,"H. hathewayi
(DSM13479)",A8,14,1,0.154,2,mGAM
mGAM,With mucin,H. hathewayi,A8P1,P1,15,DSM13479,"H. hathewayi
(DSM13479)",A8,15,1,0.15,2,mGAM
mGAM,With mucin,H. hathewayi,A8P1,P1,16,DSM13479,"H. hathewayi
(DSM13479)",A8,16,1,0.147,2,mGAM
mGAM,With mucin,H. hathewayi,A8P1,P1,17,DSM13479,"H. hathewayi
(DSM13479)",A8,17,1,0.13799999999999998,2,mGAM
mGAM,With mucin,H. hathewayi,A8P1,P1,18,DSM13479,"H. hathewayi
(DSM13479)",A8,18,1,0.144,2,mGAM
mGAM,With mucin,H. hathewayi,A8P1,P1,19,DSM13479,"H. hathewayi
(DSM13479)",A8,19,1,0.143,2,mGAM
mGAM,With mucin,H. hathewayi,A8P1,P1,20,DSM13479,"H. hathewayi
(DSM13479)",A8,20,1,0.148,2,mGAM
mGAM,With mucin,H. hathewayi,A8P1,P1,21,DSM13479,"H. hathewayi
(DSM13479)",A8,21,1,0.175,2,mGAM
mGAM,With mucin,H. hathewayi,A8P1,P1,22,DSM13479,"H. hathewayi
(DSM13479)",A8,22,1,0.19399999999999998,2,mGAM
mGAM,With mucin,H. hathewayi,A8P1,P1,23,DSM13479,"H. hathewayi
(DSM13479)",A8,23,1,0.24099999999999988,2,mGAM
mGAM,With mucin,H. hathewayi,A8P1,P1,24,DSM13479,"H. hathewayi
(DSM13479)",A8,24,1,0.247,2,mGAM
mGAM,With mucin,H. hathewayi,A8P1,P1,25,DSM13479,"H. hathewayi
(DSM13479)",A8,25,1,0.23699999999999988,2,mGAM
mGAM,With mucin,H. hathewayi,A8P1,P1,26,DSM13479,"H. hathewayi
(DSM13479)",A8,26,1,0.222,2,mGAM
mGAM,With mucin,H. hathewayi,A8P1,P1,27,DSM13479,"H. hathewayi
(DSM13479)",A8,27,1,0.217,2,mGAM
mGAM,With mucin,H. hathewayi,A8P1,P1,28,DSM13479,"H. hathewayi
(DSM13479)",A8,28,1,0.21299999999999988,2,mGAM
mGAM,With mucin,H. hathewayi,A8P1,P1,29,DSM13479,"H. hathewayi
(DSM13479)",A8,29,1,0.19999999999999998,2,mGAM
mGAM,With mucin,H. hathewayi,A8P1,P1,30,DSM13479,"H. hathewayi
(DSM13479)",A8,30,1,0.20099999999999998,2,mGAM
mGAM,Without mucin,H. hathewayi,A2P1,P1,0.5,DSM13479,"H. hathewayi
(DSM13479)",A2,0.5,1,0,2,mGAM
mGAM,Without mucin,H. hathewayi,A2P1,P1,1,DSM13479,"H. hathewayi
(DSM13479)",A2,1,1,0,2,mGAM
mGAM,Without mucin,H. hathewayi,A2P1,P1,2,DSM13479,"H. hathewayi
(DSM13479)",A2,2,1,0,2,mGAM
mGAM,Without mucin,H. hathewayi,A2P1,P1,3,DSM13479,"H. hathewayi
(DSM13479)",A2,3,1,0,2,mGAM
mGAM,Without mucin,H. hathewayi,A2P1,P1,4,DSM13479,"H. hathewayi
(DSM13479)",A2,4,1,0.004,2,mGAM
mGAM,Without mucin,H. hathewayi,A2P1,P1,5,DSM13479,"H. hathewayi
(DSM13479)",A2,5,1,0.01,2,mGAM
mGAM,Without mucin,H. hathewayi,A2P1,P1,6,DSM13479,"H. hathewayi
(DSM13479)",A2,6,1,0.016,2,mGAM
mGAM,Without mucin,H. hathewayi,A2P1,P1,7,DSM13479,"H. hathewayi
(DSM13479)",A2,7,1,0.02100000000000001,2,mGAM
mGAM,Without mucin,H. hathewayi,A2P1,P1,8,DSM13479,"H. hathewayi
(DSM13479)",A2,8,1,0.02100000000000001,2,mGAM
mGAM,Without mucin,H. hathewayi,A2P1,P1,9,DSM13479,"H. hathewayi
(DSM13479)",A2,9,1,0.022000000000000006,2,mGAM
mGAM,Without mucin,H. hathewayi,A2P1,P1,10,DSM13479,"H. hathewayi
(DSM13479)",A2,10,1,0.02100000000000001,2,mGAM
mGAM,Without mucin,H. hathewayi,A2P1,P1,11,DSM13479,"H. hathewayi
(DSM13479)",A2,11,1,0.023000000000000007,2,mGAM
mGAM,Without mucin,H. hathewayi,A2P1,P1,12,DSM13479,"H. hathewayi
(DSM13479)",A2,12,1,0.02000000000000001,2,mGAM
mGAM,Without mucin,H. hathewayi,A2P1,P1,13,DSM13479,"H. hathewayi
(DSM13479)",A2,13,1,0.019000000000000003,2,mGAM
mGAM,Without mucin,H. hathewayi,A2P1,P1,14,DSM13479,"H. hathewayi
(DSM13479)",A2,14,1,0.018000000000000002,2,mGAM
mGAM,Without mucin,H. hathewayi,A2P1,P1,15,DSM13479,"H. hathewayi
(DSM13479)",A2,15,1,0.017,2,mGAM
mGAM,Without mucin,H. hathewayi,A2P1,P1,16,DSM13479,"H. hathewayi
(DSM13479)",A2,16,1,0.013,2,mGAM
mGAM,Without mucin,H. hathewayi,A2P1,P1,17,DSM13479,"H. hathewayi
(DSM13479)",A2,17,1,0.01,2,mGAM
mGAM,Without mucin,H. hathewayi,A2P1,P1,18,DSM13479,"H. hathewayi
(DSM13479)",A2,18,1,0.007000000000000001,2,mGAM
mGAM,Without mucin,H. hathewayi,A2P1,P1,19,DSM13479,"H. hathewayi
(DSM13479)",A2,19,1,0.004,2,mGAM
mGAM,Without mucin,H. hathewayi,A2P1,P1,20,DSM13479,"H. hathewayi
(DSM13479)",A2,20,1,0.0019999999999999896,2,mGAM
mGAM,Without mucin,H. hathewayi,A2P1,P1,21,DSM13479,"H. hathewayi
(DSM13479)",A2,21,1,0.0019999999999999896,2,mGAM
mGAM,Without mucin,H. hathewayi,A2P1,P1,22,DSM13479,"H. hathewayi
(DSM13479)",A2,22,1,0.00599999999999999,2,mGAM
mGAM,Without mucin,H. hathewayi,A2P1,P1,23,DSM13479,"H. hathewayi
(DSM13479)",A2,23,1,0.023000000000000007,2,mGAM
mGAM,Without mucin,H. hathewayi,A2P1,P1,24,DSM13479,"H. hathewayi
(DSM13479)",A2,24,1,0.06400000000000004,2,mGAM
mGAM,Without mucin,H. hathewayi,A2P1,P1,25,DSM13479,"H. hathewayi
(DSM13479)",A2,25,1,0.101,2,mGAM
mGAM,Without mucin,H. hathewayi,A2P1,P1,26,DSM13479,"H. hathewayi
(DSM13479)",A2,26,1,0.152,2,mGAM
mGAM,Without mucin,H. hathewayi,A2P1,P1,27,DSM13479,"H. hathewayi
(DSM13479)",A2,27,1,0.185,2,mGAM
mGAM,Without mucin,H. hathewayi,A2P1,P1,28,DSM13479,"H. hathewayi
(DSM13479)",A2,28,1,0.176,2,mGAM
mGAM,Without mucin,H. hathewayi,A2P1,P1,29,DSM13479,"H. hathewayi
(DSM13479)",A2,29,1,0.16899999999999998,2,mGAM
mGAM,Without mucin,H. hathewayi,A2P1,P1,30,DSM13479,"H. hathewayi
(DSM13479)",A2,30,1,0.155,2,mGAM
mGAM,Without mucin,H. hathewayi,A3P2,P2,0.5,DSM13479,"H. hathewayi
(DSM13479)",A3,0.5,1,0,3,mGAM
mGAM,Without mucin,H. hathewayi,A3P2,P2,1,DSM13479,"H. hathewayi
(DSM13479)",A3,1,1,0,3,mGAM
mGAM,Without mucin,H. hathewayi,A3P2,P2,2,DSM13479,"H. hathewayi
(DSM13479)",A3,2,1,0,3,mGAM
mGAM,Without mucin,H. hathewayi,A3P2,P2,3,DSM13479,"H. hathewayi
(DSM13479)",A3,3,1,0,3,mGAM
mGAM,Without mucin,H. hathewayi,A3P2,P2,4,DSM13479,"H. hathewayi
(DSM13479)",A3,4,1,0,3,mGAM
mGAM,Without mucin,H. hathewayi,A3P2,P2,5,DSM13479,"H. hathewayi
(DSM13479)",A3,5,1,0,3,mGAM
mGAM,Without mucin,H. hathewayi,A3P2,P2,6,DSM13479,"H. hathewayi
(DSM13479)",A3,6,1,9.999999999999905e-4,3,mGAM
mGAM,Without mucin,H. hathewayi,A3P2,P2,7,DSM13479,"H. hathewayi
(DSM13479)",A3,7,1,0.002999999999999999,3,mGAM
mGAM,Without mucin,H. hathewayi,A3P2,P2,8,DSM13479,"H. hathewayi
(DSM13479)",A3,8,1,0.004,3,mGAM
mGAM,Without mucin,H. hathewayi,A3P2,P2,9,DSM13479,"H. hathewayi
(DSM13479)",A3,9,1,0.004,3,mGAM
mGAM,Without mucin,H. hathewayi,A3P2,P2,10,DSM13479,"H. hathewayi
(DSM13479)",A3,10,1,0.0049999999999999906,3,mGAM
mGAM,Without mucin,H. hathewayi,A3P2,P2,11,DSM13479,"H. hathewayi
(DSM13479)",A3,11,1,0.0049999999999999906,3,mGAM
mGAM,Without mucin,H. hathewayi,A3P2,P2,12,DSM13479,"H. hathewayi
(DSM13479)",A3,12,1,9.999999999999905e-4,3,mGAM
mGAM,Without mucin,H. hathewayi,A3P2,P2,13,DSM13479,"H. hathewayi
(DSM13479)",A3,13,1,0,3,mGAM
mGAM,Without mucin,H. hathewayi,A3P2,P2,14,DSM13479,"H. hathewayi
(DSM13479)",A3,14,1,0,3,mGAM
mGAM,Without mucin,H. hathewayi,A3P2,P2,15,DSM13479,"H. hathewayi
(DSM13479)",A3,15,1,0,3,mGAM
mGAM,Without mucin,H. hathewayi,A3P2,P2,16,DSM13479,"H. hathewayi
(DSM13479)",A3,16,1,0,3,mGAM
mGAM,Without mucin,H. hathewayi,A3P2,P2,17,DSM13479,"H. hathewayi
(DSM13479)",A3,17,1,0,3,mGAM
mGAM,Without mucin,H. hathewayi,A3P2,P2,18,DSM13479,"H. hathewayi
(DSM13479)",A3,18,1,0,3,mGAM
mGAM,Without mucin,H. hathewayi,A3P2,P2,19,DSM13479,"H. hathewayi
(DSM13479)",A3,19,1,0,3,mGAM
mGAM,Without mucin,H. hathewayi,A3P2,P2,20,DSM13479,"H. hathewayi
(DSM13479)",A3,20,1,0.007999999999999998,3,mGAM
mGAM,Without mucin,H. hathewayi,A3P2,P2,21,DSM13479,"H. hathewayi
(DSM13479)",A3,21,1,0.030999999999999986,3,mGAM
mGAM,Without mucin,H. hathewayi,A3P2,P2,22,DSM13479,"H. hathewayi
(DSM13479)",A3,22,1,0.06300000000000004,3,mGAM
mGAM,Without mucin,H. hathewayi,A3P2,P2,23,DSM13479,"H. hathewayi
(DSM13479)",A3,23,1,0.13299999999999998,3,mGAM
mGAM,Without mucin,H. hathewayi,A3P2,P2,24,DSM13479,"H. hathewayi
(DSM13479)",A3,24,1,0.206,3,mGAM
mGAM,Without mucin,H. hathewayi,A3P2,P2,25,DSM13479,"H. hathewayi
(DSM13479)",A3,25,1,0.311,3,mGAM
mGAM,Without mucin,H. hathewayi,A3P2,P2,26,DSM13479,"H. hathewayi
(DSM13479)",A3,26,1,0.322,3,mGAM
mGAM,Without mucin,H. hathewayi,A3P2,P2,27,DSM13479,"H. hathewayi
(DSM13479)",A3,27,1,0.316,3,mGAM
mGAM,Without mucin,H. hathewayi,A3P2,P2,28,DSM13479,"H. hathewayi
(DSM13479)",A3,28,1,0.307,3,mGAM
mGAM,Without mucin,H. hathewayi,A3P2,P2,29,DSM13479,"H. hathewayi
(DSM13479)",A3,29,1,0.29,3,mGAM
mGAM,Without mucin,H. hathewayi,A3P2,P2,30,DSM13479,"H. hathewayi
(DSM13479)",A3,30,1,0.27999999999999997,3,mGAM
mGAM,Without mucin,H. hathewayi,A1P2,P2,0.5,DSM13479,"H. hathewayi
(DSM13479)",A1,0.5,1,0,1,mGAM
mGAM,Without mucin,H. hathewayi,A1P2,P2,1,DSM13479,"H. hathewayi
(DSM13479)",A1,1,1,0,1,mGAM
mGAM,Without mucin,H. hathewayi,A1P2,P2,2,DSM13479,"H. hathewayi
(DSM13479)",A1,2,1,0,1,mGAM
mGAM,Without mucin,H. hathewayi,A1P2,P2,3,DSM13479,"H. hathewayi
(DSM13479)",A1,3,1,0.0019999999999999896,1,mGAM
mGAM,Without mucin,H. hathewayi,A1P2,P2,4,DSM13479,"H. hathewayi
(DSM13479)",A1,4,1,0.009,1,mGAM
mGAM,Without mucin,H. hathewayi,A1P2,P2,5,DSM13479,"H. hathewayi
(DSM13479)",A1,5,1,0.015000000000000001,1,mGAM
mGAM,Without mucin,H. hathewayi,A1P2,P2,6,DSM13479,"H. hathewayi
(DSM13479)",A1,6,1,0.022000000000000006,1,mGAM
mGAM,Without mucin,H. hathewayi,A1P2,P2,7,DSM13479,"H. hathewayi
(DSM13479)",A1,7,1,0.025,1,mGAM
mGAM,Without mucin,H. hathewayi,A1P2,P2,8,DSM13479,"H. hathewayi
(DSM13479)",A1,8,1,0.025,1,mGAM
mGAM,Without mucin,H. hathewayi,A1P2,P2,9,DSM13479,"H. hathewayi
(DSM13479)",A1,9,1,0.025,1,mGAM
mGAM,Without mucin,H. hathewayi,A1P2,P2,10,DSM13479,"H. hathewayi
(DSM13479)",A1,10,1,0.024000000000000007,1,mGAM
mGAM,Without mucin,H. hathewayi,A1P2,P2,11,DSM13479,"H. hathewayi
(DSM13479)",A1,11,1,0.022000000000000006,1,mGAM
mGAM,Without mucin,H. hathewayi,A1P2,P2,12,DSM13479,"H. hathewayi
(DSM13479)",A1,12,1,0.022000000000000006,1,mGAM
mGAM,Without mucin,H. hathewayi,A1P2,P2,13,DSM13479,"H. hathewayi
(DSM13479)",A1,13,1,0.02000000000000001,1,mGAM
mGAM,Without mucin,H. hathewayi,A1P2,P2,14,DSM13479,"H. hathewayi
(DSM13479)",A1,14,1,0.016,1,mGAM
mGAM,Without mucin,H. hathewayi,A1P2,P2,15,DSM13479,"H. hathewayi
(DSM13479)",A1,15,1,0.013,1,mGAM
mGAM,Without mucin,H. hathewayi,A1P2,P2,16,DSM13479,"H. hathewayi
(DSM13479)",A1,16,1,0.011000000000000001,1,mGAM
mGAM,Without mucin,H. hathewayi,A1P2,P2,17,DSM13479,"H. hathewayi
(DSM13479)",A1,17,1,0.007999999999999998,1,mGAM
mGAM,Without mucin,H. hathewayi,A1P2,P2,18,DSM13479,"H. hathewayi
(DSM13479)",A1,18,1,0.01,1,mGAM
mGAM,Without mucin,H. hathewayi,A1P2,P2,19,DSM13479,"H. hathewayi
(DSM13479)",A1,19,1,0.01,1,mGAM
mGAM,Without mucin,H. hathewayi,A1P2,P2,20,DSM13479,"H. hathewayi
(DSM13479)",A1,20,1,0.015000000000000001,1,mGAM
mGAM,Without mucin,H. hathewayi,A1P2,P2,21,DSM13479,"H. hathewayi
(DSM13479)",A1,21,1,0.02699999999999999,1,mGAM
mGAM,Without mucin,H. hathewayi,A1P2,P2,22,DSM13479,"H. hathewayi
(DSM13479)",A1,22,1,0.049999999999999996,1,mGAM
mGAM,Without mucin,H. hathewayi,A1P2,P2,23,DSM13479,"H. hathewayi
(DSM13479)",A1,23,1,0.093,1,mGAM
mGAM,Without mucin,H. hathewayi,A1P2,P2,24,DSM13479,"H. hathewayi
(DSM13479)",A1,24,1,0.154,1,mGAM
mGAM,Without mucin,H. hathewayi,A1P2,P2,25,DSM13479,"H. hathewayi
(DSM13479)",A1,25,1,0.23399999999999999,1,mGAM
mGAM,Without mucin,H. hathewayi,A1P2,P2,26,DSM13479,"H. hathewayi
(DSM13479)",A1,26,1,0.409,1,mGAM
mGAM,Without mucin,H. hathewayi,A1P2,P2,27,DSM13479,"H. hathewayi
(DSM13479)",A1,27,1,0.607,1,mGAM
mGAM,Without mucin,H. hathewayi,A1P2,P2,28,DSM13479,"H. hathewayi
(DSM13479)",A1,28,1,0.649,1,mGAM
mGAM,Without mucin,H. hathewayi,A1P2,P2,29,DSM13479,"H. hathewayi
(DSM13479)",A1,29,1,0.6459999999999999,1,mGAM
mGAM,Without mucin,H. hathewayi,A1P2,P2,30,DSM13479,"H. hathewayi
(DSM13479)",A1,30,1,0.639,1,mGAM
