mOTU_ID	Family	Genus	Species	cazy_family	prevalence
00717	171552 Prevotellaceae	838 Prevotella	363265 Prevotella stercorea [Prevotella stercorea CAG:629/Prevotella stercorea]	CBM32	1
00717	171552 Prevotellaceae	838 Prevotella	363265 Prevotella stercorea [Prevotella stercorea CAG:629/Prevotella stercorea]	CBM51	0.82
00717	171552 Prevotellaceae	838 Prevotella	363265 Prevotella stercorea [Prevotella stercorea CAG:629/Prevotella stercorea]	GH109	0.94
00717	171552 Prevotellaceae	838 Prevotella	363265 Prevotella stercorea [Prevotella stercorea CAG:629/Prevotella stercorea]	GH110	0
00717	171552 Prevotellaceae	838 Prevotella	363265 Prevotella stercorea [Prevotella stercorea CAG:629/Prevotella stercorea]	GH112	0
00717	171552 Prevotellaceae	838 Prevotella	363265 Prevotella stercorea [Prevotella stercorea CAG:629/Prevotella stercorea]	GH123	0.98
00717	171552 Prevotellaceae	838 Prevotella	363265 Prevotella stercorea [Prevotella stercorea CAG:629/Prevotella stercorea]	GH130	0.94
00717	171552 Prevotellaceae	838 Prevotella	363265 Prevotella stercorea [Prevotella stercorea CAG:629/Prevotella stercorea]	GH136	0
00717	171552 Prevotellaceae	838 Prevotella	363265 Prevotella stercorea [Prevotella stercorea CAG:629/Prevotella stercorea]	GH16	1
00717	171552 Prevotellaceae	838 Prevotella	363265 Prevotella stercorea [Prevotella stercorea CAG:629/Prevotella stercorea]	GH18	0
00717	171552 Prevotellaceae	838 Prevotella	363265 Prevotella stercorea [Prevotella stercorea CAG:629/Prevotella stercorea]	GH2	1
00717	171552 Prevotellaceae	838 Prevotella	363265 Prevotella stercorea [Prevotella stercorea CAG:629/Prevotella stercorea]	GH20	1
00717	171552 Prevotellaceae	838 Prevotella	363265 Prevotella stercorea [Prevotella stercorea CAG:629/Prevotella stercorea]	GH27	1
00717	171552 Prevotellaceae	838 Prevotella	363265 Prevotella stercorea [Prevotella stercorea CAG:629/Prevotella stercorea]	GH29	1
00717	171552 Prevotellaceae	838 Prevotella	363265 Prevotella stercorea [Prevotella stercorea CAG:629/Prevotella stercorea]	GH31	0.94
00717	171552 Prevotellaceae	838 Prevotella	363265 Prevotella stercorea [Prevotella stercorea CAG:629/Prevotella stercorea]	GH33	1
00717	171552 Prevotellaceae	838 Prevotella	363265 Prevotella stercorea [Prevotella stercorea CAG:629/Prevotella stercorea]	GH35	0
00717	171552 Prevotellaceae	838 Prevotella	363265 Prevotella stercorea [Prevotella stercorea CAG:629/Prevotella stercorea]	GH36	0.84
00717	171552 Prevotellaceae	838 Prevotella	363265 Prevotella stercorea [Prevotella stercorea CAG:629/Prevotella stercorea]	GH42	0
00717	171552 Prevotellaceae	838 Prevotella	363265 Prevotella stercorea [Prevotella stercorea CAG:629/Prevotella stercorea]	GH84	1
00717	171552 Prevotellaceae	838 Prevotella	363265 Prevotella stercorea [Prevotella stercorea CAG:629/Prevotella stercorea]	GH85	0.96
00717	171552 Prevotellaceae	838 Prevotella	363265 Prevotella stercorea [Prevotella stercorea CAG:629/Prevotella stercorea]	GH89	0.04
00717	171552 Prevotellaceae	838 Prevotella	363265 Prevotella stercorea [Prevotella stercorea CAG:629/Prevotella stercorea]	GH92	1
00717	171552 Prevotellaceae	838 Prevotella	363265 Prevotella stercorea [Prevotella stercorea CAG:629/Prevotella stercorea]	GH95	1
00717	171552 Prevotellaceae	838 Prevotella	363265 Prevotella stercorea [Prevotella stercorea CAG:629/Prevotella stercorea]	GH97	0.94
00855	815 Bacteroidaceae	816 Bacteroides	820 Bacteroides uniformis	CBM32	1
00855	815 Bacteroidaceae	816 Bacteroides	820 Bacteroides uniformis	CBM51	0.4
00855	815 Bacteroidaceae	816 Bacteroides	820 Bacteroides uniformis	GH109	0.94
00855	815 Bacteroidaceae	816 Bacteroides	820 Bacteroides uniformis	GH110	0.02
00855	815 Bacteroidaceae	816 Bacteroides	820 Bacteroides uniformis	GH112	0
00855	815 Bacteroidaceae	816 Bacteroides	820 Bacteroides uniformis	GH123	0.28
00855	815 Bacteroidaceae	816 Bacteroides	820 Bacteroides uniformis	GH130	1
00855	815 Bacteroidaceae	816 Bacteroides	820 Bacteroides uniformis	GH136	0.02
00855	815 Bacteroidaceae	816 Bacteroides	820 Bacteroides uniformis	GH16	0.84
00855	815 Bacteroidaceae	816 Bacteroides	820 Bacteroides uniformis	GH18	1
00855	815 Bacteroidaceae	816 Bacteroides	820 Bacteroides uniformis	GH2	1
00855	815 Bacteroidaceae	816 Bacteroides	820 Bacteroides uniformis	GH20	1
00855	815 Bacteroidaceae	816 Bacteroides	820 Bacteroides uniformis	GH27	0.48
00855	815 Bacteroidaceae	816 Bacteroides	820 Bacteroides uniformis	GH29	1
00855	815 Bacteroidaceae	816 Bacteroides	820 Bacteroides uniformis	GH31	1
00855	815 Bacteroidaceae	816 Bacteroides	820 Bacteroides uniformis	GH33	0.74
00855	815 Bacteroidaceae	816 Bacteroides	820 Bacteroides uniformis	GH35	1
00855	815 Bacteroidaceae	816 Bacteroides	820 Bacteroides uniformis	GH36	1
00855	815 Bacteroidaceae	816 Bacteroides	820 Bacteroides uniformis	GH42	0.92
00855	815 Bacteroidaceae	816 Bacteroides	820 Bacteroides uniformis	GH84	1
00855	815 Bacteroidaceae	816 Bacteroides	820 Bacteroides uniformis	GH85	0
00855	815 Bacteroidaceae	816 Bacteroides	820 Bacteroides uniformis	GH89	0.04
00855	815 Bacteroidaceae	816 Bacteroides	820 Bacteroides uniformis	GH92	1
00855	815 Bacteroidaceae	816 Bacteroides	820 Bacteroides uniformis	GH95	0.98
00855	815 Bacteroidaceae	816 Bacteroides	820 Bacteroides uniformis	GH97	1
01006	171552 Prevotellaceae	838 Prevotella	28126 Prevotella buccae [Prevotella sp. MSX73/Prevotella buccae]	CBM32	0.6842105263157895
01006	171552 Prevotellaceae	838 Prevotella	28126 Prevotella buccae [Prevotella sp. MSX73/Prevotella buccae]	CBM51	0
01006	171552 Prevotellaceae	838 Prevotella	28126 Prevotella buccae [Prevotella sp. MSX73/Prevotella buccae]	GH109	0
01006	171552 Prevotellaceae	838 Prevotella	28126 Prevotella buccae [Prevotella sp. MSX73/Prevotella buccae]	GH110	0
01006	171552 Prevotellaceae	838 Prevotella	28126 Prevotella buccae [Prevotella sp. MSX73/Prevotella buccae]	GH112	0
01006	171552 Prevotellaceae	838 Prevotella	28126 Prevotella buccae [Prevotella sp. MSX73/Prevotella buccae]	GH123	0
01006	171552 Prevotellaceae	838 Prevotella	28126 Prevotella buccae [Prevotella sp. MSX73/Prevotella buccae]	GH130	0.8947368421052632
01006	171552 Prevotellaceae	838 Prevotella	28126 Prevotella buccae [Prevotella sp. MSX73/Prevotella buccae]	GH136	0
01006	171552 Prevotellaceae	838 Prevotella	28126 Prevotella buccae [Prevotella sp. MSX73/Prevotella buccae]	GH16	1
01006	171552 Prevotellaceae	838 Prevotella	28126 Prevotella buccae [Prevotella sp. MSX73/Prevotella buccae]	GH18	0
01006	171552 Prevotellaceae	838 Prevotella	28126 Prevotella buccae [Prevotella sp. MSX73/Prevotella buccae]	GH2	1
01006	171552 Prevotellaceae	838 Prevotella	28126 Prevotella buccae [Prevotella sp. MSX73/Prevotella buccae]	GH20	0
01006	171552 Prevotellaceae	838 Prevotella	28126 Prevotella buccae [Prevotella sp. MSX73/Prevotella buccae]	GH27	0
01006	171552 Prevotellaceae	838 Prevotella	28126 Prevotella buccae [Prevotella sp. MSX73/Prevotella buccae]	GH29	0.10526315789473684
01006	171552 Prevotellaceae	838 Prevotella	28126 Prevotella buccae [Prevotella sp. MSX73/Prevotella buccae]	GH31	1
01006	171552 Prevotellaceae	838 Prevotella	28126 Prevotella buccae [Prevotella sp. MSX73/Prevotella buccae]	GH33	1
01006	171552 Prevotellaceae	838 Prevotella	28126 Prevotella buccae [Prevotella sp. MSX73/Prevotella buccae]	GH35	1
01006	171552 Prevotellaceae	838 Prevotella	28126 Prevotella buccae [Prevotella sp. MSX73/Prevotella buccae]	GH36	0.9473684210526315
01006	171552 Prevotellaceae	838 Prevotella	28126 Prevotella buccae [Prevotella sp. MSX73/Prevotella buccae]	GH42	0
01006	171552 Prevotellaceae	838 Prevotella	28126 Prevotella buccae [Prevotella sp. MSX73/Prevotella buccae]	GH84	0
01006	171552 Prevotellaceae	838 Prevotella	28126 Prevotella buccae [Prevotella sp. MSX73/Prevotella buccae]	GH85	0
01006	171552 Prevotellaceae	838 Prevotella	28126 Prevotella buccae [Prevotella sp. MSX73/Prevotella buccae]	GH89	0
01006	171552 Prevotellaceae	838 Prevotella	28126 Prevotella buccae [Prevotella sp. MSX73/Prevotella buccae]	GH92	0
01006	171552 Prevotellaceae	838 Prevotella	28126 Prevotella buccae [Prevotella sp. MSX73/Prevotella buccae]	GH95	1
01006	171552 Prevotellaceae	838 Prevotella	28126 Prevotella buccae [Prevotella sp. MSX73/Prevotella buccae]	GH97	1
01014	171550 Rikenellaceae	239759 Alistipes	328814 Alistipes shahii [Alistipes sp. 56_sp_Nov_56_25/Alistipes shahii]	CBM32	0.98
01014	171550 Rikenellaceae	239759 Alistipes	328814 Alistipes shahii [Alistipes sp. 56_sp_Nov_56_25/Alistipes shahii]	CBM51	0
01014	171550 Rikenellaceae	239759 Alistipes	328814 Alistipes shahii [Alistipes sp. 56_sp_Nov_56_25/Alistipes shahii]	GH109	1
01014	171550 Rikenellaceae	239759 Alistipes	328814 Alistipes shahii [Alistipes sp. 56_sp_Nov_56_25/Alistipes shahii]	GH110	0.36
01014	171550 Rikenellaceae	239759 Alistipes	328814 Alistipes shahii [Alistipes sp. 56_sp_Nov_56_25/Alistipes shahii]	GH112	0
01014	171550 Rikenellaceae	239759 Alistipes	328814 Alistipes shahii [Alistipes sp. 56_sp_Nov_56_25/Alistipes shahii]	GH123	0.9
01014	171550 Rikenellaceae	239759 Alistipes	328814 Alistipes shahii [Alistipes sp. 56_sp_Nov_56_25/Alistipes shahii]	GH130	1
01014	171550 Rikenellaceae	239759 Alistipes	328814 Alistipes shahii [Alistipes sp. 56_sp_Nov_56_25/Alistipes shahii]	GH136	0
01014	171550 Rikenellaceae	239759 Alistipes	328814 Alistipes shahii [Alistipes sp. 56_sp_Nov_56_25/Alistipes shahii]	GH16	0.12
01014	171550 Rikenellaceae	239759 Alistipes	328814 Alistipes shahii [Alistipes sp. 56_sp_Nov_56_25/Alistipes shahii]	GH18	0.82
01014	171550 Rikenellaceae	239759 Alistipes	328814 Alistipes shahii [Alistipes sp. 56_sp_Nov_56_25/Alistipes shahii]	GH2	1
01014	171550 Rikenellaceae	239759 Alistipes	328814 Alistipes shahii [Alistipes sp. 56_sp_Nov_56_25/Alistipes shahii]	GH20	1
01014	171550 Rikenellaceae	239759 Alistipes	328814 Alistipes shahii [Alistipes sp. 56_sp_Nov_56_25/Alistipes shahii]	GH27	0.78
01014	171550 Rikenellaceae	239759 Alistipes	328814 Alistipes shahii [Alistipes sp. 56_sp_Nov_56_25/Alistipes shahii]	GH29	0.8
01014	171550 Rikenellaceae	239759 Alistipes	328814 Alistipes shahii [Alistipes sp. 56_sp_Nov_56_25/Alistipes shahii]	GH31	1
01014	171550 Rikenellaceae	239759 Alistipes	328814 Alistipes shahii [Alistipes sp. 56_sp_Nov_56_25/Alistipes shahii]	GH33	0.32
01014	171550 Rikenellaceae	239759 Alistipes	328814 Alistipes shahii [Alistipes sp. 56_sp_Nov_56_25/Alistipes shahii]	GH35	0
01014	171550 Rikenellaceae	239759 Alistipes	328814 Alistipes shahii [Alistipes sp. 56_sp_Nov_56_25/Alistipes shahii]	GH36	1
01014	171550 Rikenellaceae	239759 Alistipes	328814 Alistipes shahii [Alistipes sp. 56_sp_Nov_56_25/Alistipes shahii]	GH42	0.1
01014	171550 Rikenellaceae	239759 Alistipes	328814 Alistipes shahii [Alistipes sp. 56_sp_Nov_56_25/Alistipes shahii]	GH84	0
01014	171550 Rikenellaceae	239759 Alistipes	328814 Alistipes shahii [Alistipes sp. 56_sp_Nov_56_25/Alistipes shahii]	GH85	0
01014	171550 Rikenellaceae	239759 Alistipes	328814 Alistipes shahii [Alistipes sp. 56_sp_Nov_56_25/Alistipes shahii]	GH89	0.36
01014	171550 Rikenellaceae	239759 Alistipes	328814 Alistipes shahii [Alistipes sp. 56_sp_Nov_56_25/Alistipes shahii]	GH92	1
01014	171550 Rikenellaceae	239759 Alistipes	328814 Alistipes shahii [Alistipes sp. 56_sp_Nov_56_25/Alistipes shahii]	GH95	0
01014	171550 Rikenellaceae	239759 Alistipes	328814 Alistipes shahii [Alistipes sp. 56_sp_Nov_56_25/Alistipes shahii]	GH97	1
01015	171550 Rikenellaceae	239759 Alistipes	1465754 Alistipes timonensis	CBM32	0
01015	171550 Rikenellaceae	239759 Alistipes	1465754 Alistipes timonensis	CBM51	0
01015	171550 Rikenellaceae	239759 Alistipes	1465754 Alistipes timonensis	GH109	1
01015	171550 Rikenellaceae	239759 Alistipes	1465754 Alistipes timonensis	GH110	1
01015	171550 Rikenellaceae	239759 Alistipes	1465754 Alistipes timonensis	GH112	0
01015	171550 Rikenellaceae	239759 Alistipes	1465754 Alistipes timonensis	GH123	0.6666666666666666
01015	171550 Rikenellaceae	239759 Alistipes	1465754 Alistipes timonensis	GH130	0.8333333333333334
01015	171550 Rikenellaceae	239759 Alistipes	1465754 Alistipes timonensis	GH136	1
01015	171550 Rikenellaceae	239759 Alistipes	1465754 Alistipes timonensis	GH16	1
01015	171550 Rikenellaceae	239759 Alistipes	1465754 Alistipes timonensis	GH18	0.8333333333333334
01015	171550 Rikenellaceae	239759 Alistipes	1465754 Alistipes timonensis	GH2	1
01015	171550 Rikenellaceae	239759 Alistipes	1465754 Alistipes timonensis	GH20	1
01015	171550 Rikenellaceae	239759 Alistipes	1465754 Alistipes timonensis	GH27	1
01015	171550 Rikenellaceae	239759 Alistipes	1465754 Alistipes timonensis	GH29	0.16666666666666666
01015	171550 Rikenellaceae	239759 Alistipes	1465754 Alistipes timonensis	GH31	1
01015	171550 Rikenellaceae	239759 Alistipes	1465754 Alistipes timonensis	GH33	1
01015	171550 Rikenellaceae	239759 Alistipes	1465754 Alistipes timonensis	GH35	0
01015	171550 Rikenellaceae	239759 Alistipes	1465754 Alistipes timonensis	GH36	1
01015	171550 Rikenellaceae	239759 Alistipes	1465754 Alistipes timonensis	GH42	0
01015	171550 Rikenellaceae	239759 Alistipes	1465754 Alistipes timonensis	GH84	0
01015	171550 Rikenellaceae	239759 Alistipes	1465754 Alistipes timonensis	GH85	0
01015	171550 Rikenellaceae	239759 Alistipes	1465754 Alistipes timonensis	GH89	1
01015	171550 Rikenellaceae	239759 Alistipes	1465754 Alistipes timonensis	GH92	1
01015	171550 Rikenellaceae	239759 Alistipes	1465754 Alistipes timonensis	GH95	0.5
01015	171550 Rikenellaceae	239759 Alistipes	1465754 Alistipes timonensis	GH97	1
01017	171550 Rikenellaceae	239759 Alistipes	1288121 Alistipes senegalensis	CBM32	0
01017	171550 Rikenellaceae	239759 Alistipes	1288121 Alistipes senegalensis	CBM51	0
01017	171550 Rikenellaceae	239759 Alistipes	1288121 Alistipes senegalensis	GH109	1
01017	171550 Rikenellaceae	239759 Alistipes	1288121 Alistipes senegalensis	GH110	1
01017	171550 Rikenellaceae	239759 Alistipes	1288121 Alistipes senegalensis	GH112	0
01017	171550 Rikenellaceae	239759 Alistipes	1288121 Alistipes senegalensis	GH123	0.5
01017	171550 Rikenellaceae	239759 Alistipes	1288121 Alistipes senegalensis	GH130	1
01017	171550 Rikenellaceae	239759 Alistipes	1288121 Alistipes senegalensis	GH136	0.875
01017	171550 Rikenellaceae	239759 Alistipes	1288121 Alistipes senegalensis	GH16	0.75
01017	171550 Rikenellaceae	239759 Alistipes	1288121 Alistipes senegalensis	GH18	0.625
01017	171550 Rikenellaceae	239759 Alistipes	1288121 Alistipes senegalensis	GH2	1
01017	171550 Rikenellaceae	239759 Alistipes	1288121 Alistipes senegalensis	GH20	1
01017	171550 Rikenellaceae	239759 Alistipes	1288121 Alistipes senegalensis	GH27	0.375
01017	171550 Rikenellaceae	239759 Alistipes	1288121 Alistipes senegalensis	GH29	0.625
01017	171550 Rikenellaceae	239759 Alistipes	1288121 Alistipes senegalensis	GH31	1
01017	171550 Rikenellaceae	239759 Alistipes	1288121 Alistipes senegalensis	GH33	1
01017	171550 Rikenellaceae	239759 Alistipes	1288121 Alistipes senegalensis	GH35	0
01017	171550 Rikenellaceae	239759 Alistipes	1288121 Alistipes senegalensis	GH36	1
01017	171550 Rikenellaceae	239759 Alistipes	1288121 Alistipes senegalensis	GH42	0.375
01017	171550 Rikenellaceae	239759 Alistipes	1288121 Alistipes senegalensis	GH84	0
01017	171550 Rikenellaceae	239759 Alistipes	1288121 Alistipes senegalensis	GH85	0
01017	171550 Rikenellaceae	239759 Alistipes	1288121 Alistipes senegalensis	GH89	0.75
01017	171550 Rikenellaceae	239759 Alistipes	1288121 Alistipes senegalensis	GH92	1
01017	171550 Rikenellaceae	239759 Alistipes	1288121 Alistipes senegalensis	GH95	0
01017	171550 Rikenellaceae	239759 Alistipes	1288121 Alistipes senegalensis	GH97	1
01070	76892 Caulobacteraceae	41275 Brevundimonas	293 Brevundimonas diminuta [Brevundimonas sp. ZS04/Brevundimonas diminuta]	CBM32	0.14
01070	76892 Caulobacteraceae	41275 Brevundimonas	293 Brevundimonas diminuta [Brevundimonas sp. ZS04/Brevundimonas diminuta]	CBM51	0.06
01070	76892 Caulobacteraceae	41275 Brevundimonas	293 Brevundimonas diminuta [Brevundimonas sp. ZS04/Brevundimonas diminuta]	GH109	0.06
01070	76892 Caulobacteraceae	41275 Brevundimonas	293 Brevundimonas diminuta [Brevundimonas sp. ZS04/Brevundimonas diminuta]	GH110	0.04
01070	76892 Caulobacteraceae	41275 Brevundimonas	293 Brevundimonas diminuta [Brevundimonas sp. ZS04/Brevundimonas diminuta]	GH112	0.02
01070	76892 Caulobacteraceae	41275 Brevundimonas	293 Brevundimonas diminuta [Brevundimonas sp. ZS04/Brevundimonas diminuta]	GH123	0.04
01070	76892 Caulobacteraceae	41275 Brevundimonas	293 Brevundimonas diminuta [Brevundimonas sp. ZS04/Brevundimonas diminuta]	GH130	0.14
01070	76892 Caulobacteraceae	41275 Brevundimonas	293 Brevundimonas diminuta [Brevundimonas sp. ZS04/Brevundimonas diminuta]	GH136	0.02
01070	76892 Caulobacteraceae	41275 Brevundimonas	293 Brevundimonas diminuta [Brevundimonas sp. ZS04/Brevundimonas diminuta]	GH16	0.06
01070	76892 Caulobacteraceae	41275 Brevundimonas	293 Brevundimonas diminuta [Brevundimonas sp. ZS04/Brevundimonas diminuta]	GH18	0.46
01070	76892 Caulobacteraceae	41275 Brevundimonas	293 Brevundimonas diminuta [Brevundimonas sp. ZS04/Brevundimonas diminuta]	GH2	0.44
01070	76892 Caulobacteraceae	41275 Brevundimonas	293 Brevundimonas diminuta [Brevundimonas sp. ZS04/Brevundimonas diminuta]	GH20	0.18
01070	76892 Caulobacteraceae	41275 Brevundimonas	293 Brevundimonas diminuta [Brevundimonas sp. ZS04/Brevundimonas diminuta]	GH27	0.12
01070	76892 Caulobacteraceae	41275 Brevundimonas	293 Brevundimonas diminuta [Brevundimonas sp. ZS04/Brevundimonas diminuta]	GH29	0.18
01070	76892 Caulobacteraceae	41275 Brevundimonas	293 Brevundimonas diminuta [Brevundimonas sp. ZS04/Brevundimonas diminuta]	GH31	0.3
01070	76892 Caulobacteraceae	41275 Brevundimonas	293 Brevundimonas diminuta [Brevundimonas sp. ZS04/Brevundimonas diminuta]	GH33	0.2
01070	76892 Caulobacteraceae	41275 Brevundimonas	293 Brevundimonas diminuta [Brevundimonas sp. ZS04/Brevundimonas diminuta]	GH35	0.16
01070	76892 Caulobacteraceae	41275 Brevundimonas	293 Brevundimonas diminuta [Brevundimonas sp. ZS04/Brevundimonas diminuta]	GH36	0.24
01070	76892 Caulobacteraceae	41275 Brevundimonas	293 Brevundimonas diminuta [Brevundimonas sp. ZS04/Brevundimonas diminuta]	GH42	0.16
01070	76892 Caulobacteraceae	41275 Brevundimonas	293 Brevundimonas diminuta [Brevundimonas sp. ZS04/Brevundimonas diminuta]	GH84	0.08
01070	76892 Caulobacteraceae	41275 Brevundimonas	293 Brevundimonas diminuta [Brevundimonas sp. ZS04/Brevundimonas diminuta]	GH85	0.02
01070	76892 Caulobacteraceae	41275 Brevundimonas	293 Brevundimonas diminuta [Brevundimonas sp. ZS04/Brevundimonas diminuta]	GH89	0.02
01070	76892 Caulobacteraceae	41275 Brevundimonas	293 Brevundimonas diminuta [Brevundimonas sp. ZS04/Brevundimonas diminuta]	GH92	0.04
01070	76892 Caulobacteraceae	41275 Brevundimonas	293 Brevundimonas diminuta [Brevundimonas sp. ZS04/Brevundimonas diminuta]	GH95	0.1
01070	76892 Caulobacteraceae	41275 Brevundimonas	293 Brevundimonas diminuta [Brevundimonas sp. ZS04/Brevundimonas diminuta]	GH97	0.06
01577	815 Bacteroidaceae	816 Bacteroides	28111 Bacteroides eggerthii	CBM32	0.96
01577	815 Bacteroidaceae	816 Bacteroides	28111 Bacteroides eggerthii	CBM51	0
01577	815 Bacteroidaceae	816 Bacteroides	28111 Bacteroides eggerthii	GH109	1
01577	815 Bacteroidaceae	816 Bacteroides	28111 Bacteroides eggerthii	GH110	0.02
01577	815 Bacteroidaceae	816 Bacteroides	28111 Bacteroides eggerthii	GH112	0
01577	815 Bacteroidaceae	816 Bacteroides	28111 Bacteroides eggerthii	GH123	0
01577	815 Bacteroidaceae	816 Bacteroides	28111 Bacteroides eggerthii	GH130	0.74
01577	815 Bacteroidaceae	816 Bacteroides	28111 Bacteroides eggerthii	GH136	0.38
01577	815 Bacteroidaceae	816 Bacteroides	28111 Bacteroides eggerthii	GH16	0.1
01577	815 Bacteroidaceae	816 Bacteroides	28111 Bacteroides eggerthii	GH18	0.04
01577	815 Bacteroidaceae	816 Bacteroides	28111 Bacteroides eggerthii	GH2	1
01577	815 Bacteroidaceae	816 Bacteroides	28111 Bacteroides eggerthii	GH20	1
01577	815 Bacteroidaceae	816 Bacteroides	28111 Bacteroides eggerthii	GH27	0.02
01577	815 Bacteroidaceae	816 Bacteroides	28111 Bacteroides eggerthii	GH29	1
01577	815 Bacteroidaceae	816 Bacteroides	28111 Bacteroides eggerthii	GH31	0.96
01577	815 Bacteroidaceae	816 Bacteroides	28111 Bacteroides eggerthii	GH33	0.94
01577	815 Bacteroidaceae	816 Bacteroides	28111 Bacteroides eggerthii	GH35	0.96
01577	815 Bacteroidaceae	816 Bacteroides	28111 Bacteroides eggerthii	GH36	0.44
01577	815 Bacteroidaceae	816 Bacteroides	28111 Bacteroides eggerthii	GH42	0.02
01577	815 Bacteroidaceae	816 Bacteroides	28111 Bacteroides eggerthii	GH84	0
01577	815 Bacteroidaceae	816 Bacteroides	28111 Bacteroides eggerthii	GH85	0
01577	815 Bacteroidaceae	816 Bacteroides	28111 Bacteroides eggerthii	GH89	0.02
01577	815 Bacteroidaceae	816 Bacteroides	28111 Bacteroides eggerthii	GH92	0.98
01577	815 Bacteroidaceae	816 Bacteroides	28111 Bacteroides eggerthii	GH95	1
01577	815 Bacteroidaceae	816 Bacteroides	28111 Bacteroides eggerthii	GH97	1
01578	815 Bacteroidaceae	816 Bacteroides	626929 Bacteroides clarus	CBM32	0.9375
01578	815 Bacteroidaceae	816 Bacteroides	626929 Bacteroides clarus	CBM51	0.625
01578	815 Bacteroidaceae	816 Bacteroides	626929 Bacteroides clarus	GH109	1
01578	815 Bacteroidaceae	816 Bacteroides	626929 Bacteroides clarus	GH110	0
01578	815 Bacteroidaceae	816 Bacteroides	626929 Bacteroides clarus	GH112	0
01578	815 Bacteroidaceae	816 Bacteroides	626929 Bacteroides clarus	GH123	0.15625
01578	815 Bacteroidaceae	816 Bacteroides	626929 Bacteroides clarus	GH130	1
01578	815 Bacteroidaceae	816 Bacteroides	626929 Bacteroides clarus	GH136	0
01578	815 Bacteroidaceae	816 Bacteroides	626929 Bacteroides clarus	GH16	0.40625
01578	815 Bacteroidaceae	816 Bacteroides	626929 Bacteroides clarus	GH18	0.09375
01578	815 Bacteroidaceae	816 Bacteroides	626929 Bacteroides clarus	GH2	1
01578	815 Bacteroidaceae	816 Bacteroides	626929 Bacteroides clarus	GH20	1
01578	815 Bacteroidaceae	816 Bacteroides	626929 Bacteroides clarus	GH27	0.71875
01578	815 Bacteroidaceae	816 Bacteroides	626929 Bacteroides clarus	GH29	0.9375
01578	815 Bacteroidaceae	816 Bacteroides	626929 Bacteroides clarus	GH31	1
01578	815 Bacteroidaceae	816 Bacteroides	626929 Bacteroides clarus	GH33	0.65625
01578	815 Bacteroidaceae	816 Bacteroides	626929 Bacteroides clarus	GH35	0.875
01578	815 Bacteroidaceae	816 Bacteroides	626929 Bacteroides clarus	GH36	1
01578	815 Bacteroidaceae	816 Bacteroides	626929 Bacteroides clarus	GH42	0
01578	815 Bacteroidaceae	816 Bacteroides	626929 Bacteroides clarus	GH84	0
01578	815 Bacteroidaceae	816 Bacteroides	626929 Bacteroides clarus	GH85	0
01578	815 Bacteroidaceae	816 Bacteroides	626929 Bacteroides clarus	GH89	0.4375
01578	815 Bacteroidaceae	816 Bacteroides	626929 Bacteroides clarus	GH92	0.125
01578	815 Bacteroidaceae	816 Bacteroides	626929 Bacteroides clarus	GH95	1
01578	815 Bacteroidaceae	816 Bacteroides	626929 Bacteroides clarus	GH97	1
01579	815 Bacteroidaceae	816 Bacteroides	46506 Bacteroides stercoris	CBM32	0.32
01579	815 Bacteroidaceae	816 Bacteroides	46506 Bacteroides stercoris	CBM51	0.02
01579	815 Bacteroidaceae	816 Bacteroides	46506 Bacteroides stercoris	GH109	0.98
01579	815 Bacteroidaceae	816 Bacteroides	46506 Bacteroides stercoris	GH110	0.08
01579	815 Bacteroidaceae	816 Bacteroides	46506 Bacteroides stercoris	GH112	0.02
01579	815 Bacteroidaceae	816 Bacteroides	46506 Bacteroides stercoris	GH123	0.06
01579	815 Bacteroidaceae	816 Bacteroides	46506 Bacteroides stercoris	GH130	0.98
01579	815 Bacteroidaceae	816 Bacteroides	46506 Bacteroides stercoris	GH136	0
01579	815 Bacteroidaceae	816 Bacteroides	46506 Bacteroides stercoris	GH16	0.92
01579	815 Bacteroidaceae	816 Bacteroides	46506 Bacteroides stercoris	GH18	0.92
01579	815 Bacteroidaceae	816 Bacteroides	46506 Bacteroides stercoris	GH2	1
01579	815 Bacteroidaceae	816 Bacteroides	46506 Bacteroides stercoris	GH20	1
01579	815 Bacteroidaceae	816 Bacteroides	46506 Bacteroides stercoris	GH27	0.02
01579	815 Bacteroidaceae	816 Bacteroides	46506 Bacteroides stercoris	GH29	1
01579	815 Bacteroidaceae	816 Bacteroides	46506 Bacteroides stercoris	GH31	0.74
01579	815 Bacteroidaceae	816 Bacteroides	46506 Bacteroides stercoris	GH33	0.14
01579	815 Bacteroidaceae	816 Bacteroides	46506 Bacteroides stercoris	GH35	0.26
01579	815 Bacteroidaceae	816 Bacteroides	46506 Bacteroides stercoris	GH36	0.16
01579	815 Bacteroidaceae	816 Bacteroides	46506 Bacteroides stercoris	GH42	0
01579	815 Bacteroidaceae	816 Bacteroides	46506 Bacteroides stercoris	GH84	0.02
01579	815 Bacteroidaceae	816 Bacteroides	46506 Bacteroides stercoris	GH85	0
01579	815 Bacteroidaceae	816 Bacteroides	46506 Bacteroides stercoris	GH89	0.42
01579	815 Bacteroidaceae	816 Bacteroides	46506 Bacteroides stercoris	GH92	1
01579	815 Bacteroidaceae	816 Bacteroides	46506 Bacteroides stercoris	GH95	1
01579	815 Bacteroidaceae	816 Bacteroides	46506 Bacteroides stercoris	GH97	1
01594	186803 Lachnospiraceae	572511 Blautia	33038 [Ruminococcus] gnavus [[Ruminococcus] gnavus CAG:126/Clostridia bacterium UC5.1-2D9/[Ruminococcus] gnavus/Lachnospiraceae bacterium 2_1_58FAA]	CBM32	0.52
01594	186803 Lachnospiraceae	572511 Blautia	33038 [Ruminococcus] gnavus [[Ruminococcus] gnavus CAG:126/Clostridia bacterium UC5.1-2D9/[Ruminococcus] gnavus/Lachnospiraceae bacterium 2_1_58FAA]	CBM51	0.08
01594	186803 Lachnospiraceae	572511 Blautia	33038 [Ruminococcus] gnavus [[Ruminococcus] gnavus CAG:126/Clostridia bacterium UC5.1-2D9/[Ruminococcus] gnavus/Lachnospiraceae bacterium 2_1_58FAA]	GH109	0
01594	186803 Lachnospiraceae	572511 Blautia	33038 [Ruminococcus] gnavus [[Ruminococcus] gnavus CAG:126/Clostridia bacterium UC5.1-2D9/[Ruminococcus] gnavus/Lachnospiraceae bacterium 2_1_58FAA]	GH110	0.06
01594	186803 Lachnospiraceae	572511 Blautia	33038 [Ruminococcus] gnavus [[Ruminococcus] gnavus CAG:126/Clostridia bacterium UC5.1-2D9/[Ruminococcus] gnavus/Lachnospiraceae bacterium 2_1_58FAA]	GH112	0.94
01594	186803 Lachnospiraceae	572511 Blautia	33038 [Ruminococcus] gnavus [[Ruminococcus] gnavus CAG:126/Clostridia bacterium UC5.1-2D9/[Ruminococcus] gnavus/Lachnospiraceae bacterium 2_1_58FAA]	GH123	0
01594	186803 Lachnospiraceae	572511 Blautia	33038 [Ruminococcus] gnavus [[Ruminococcus] gnavus CAG:126/Clostridia bacterium UC5.1-2D9/[Ruminococcus] gnavus/Lachnospiraceae bacterium 2_1_58FAA]	GH130	0.46
01594	186803 Lachnospiraceae	572511 Blautia	33038 [Ruminococcus] gnavus [[Ruminococcus] gnavus CAG:126/Clostridia bacterium UC5.1-2D9/[Ruminococcus] gnavus/Lachnospiraceae bacterium 2_1_58FAA]	GH136	0.26
01594	186803 Lachnospiraceae	572511 Blautia	33038 [Ruminococcus] gnavus [[Ruminococcus] gnavus CAG:126/Clostridia bacterium UC5.1-2D9/[Ruminococcus] gnavus/Lachnospiraceae bacterium 2_1_58FAA]	GH16	0.16
01594	186803 Lachnospiraceae	572511 Blautia	33038 [Ruminococcus] gnavus [[Ruminococcus] gnavus CAG:126/Clostridia bacterium UC5.1-2D9/[Ruminococcus] gnavus/Lachnospiraceae bacterium 2_1_58FAA]	GH18	1
01594	186803 Lachnospiraceae	572511 Blautia	33038 [Ruminococcus] gnavus [[Ruminococcus] gnavus CAG:126/Clostridia bacterium UC5.1-2D9/[Ruminococcus] gnavus/Lachnospiraceae bacterium 2_1_58FAA]	GH2	1
01594	186803 Lachnospiraceae	572511 Blautia	33038 [Ruminococcus] gnavus [[Ruminococcus] gnavus CAG:126/Clostridia bacterium UC5.1-2D9/[Ruminococcus] gnavus/Lachnospiraceae bacterium 2_1_58FAA]	GH20	0.04
01594	186803 Lachnospiraceae	572511 Blautia	33038 [Ruminococcus] gnavus [[Ruminococcus] gnavus CAG:126/Clostridia bacterium UC5.1-2D9/[Ruminococcus] gnavus/Lachnospiraceae bacterium 2_1_58FAA]	GH27	0.02
01594	186803 Lachnospiraceae	572511 Blautia	33038 [Ruminococcus] gnavus [[Ruminococcus] gnavus CAG:126/Clostridia bacterium UC5.1-2D9/[Ruminococcus] gnavus/Lachnospiraceae bacterium 2_1_58FAA]	GH29	1
01594	186803 Lachnospiraceae	572511 Blautia	33038 [Ruminococcus] gnavus [[Ruminococcus] gnavus CAG:126/Clostridia bacterium UC5.1-2D9/[Ruminococcus] gnavus/Lachnospiraceae bacterium 2_1_58FAA]	GH31	0.96
01594	186803 Lachnospiraceae	572511 Blautia	33038 [Ruminococcus] gnavus [[Ruminococcus] gnavus CAG:126/Clostridia bacterium UC5.1-2D9/[Ruminococcus] gnavus/Lachnospiraceae bacterium 2_1_58FAA]	GH33	0.44
01594	186803 Lachnospiraceae	572511 Blautia	33038 [Ruminococcus] gnavus [[Ruminococcus] gnavus CAG:126/Clostridia bacterium UC5.1-2D9/[Ruminococcus] gnavus/Lachnospiraceae bacterium 2_1_58FAA]	GH35	0
01594	186803 Lachnospiraceae	572511 Blautia	33038 [Ruminococcus] gnavus [[Ruminococcus] gnavus CAG:126/Clostridia bacterium UC5.1-2D9/[Ruminococcus] gnavus/Lachnospiraceae bacterium 2_1_58FAA]	GH36	0.98
01594	186803 Lachnospiraceae	572511 Blautia	33038 [Ruminococcus] gnavus [[Ruminococcus] gnavus CAG:126/Clostridia bacterium UC5.1-2D9/[Ruminococcus] gnavus/Lachnospiraceae bacterium 2_1_58FAA]	GH42	0.84
01594	186803 Lachnospiraceae	572511 Blautia	33038 [Ruminococcus] gnavus [[Ruminococcus] gnavus CAG:126/Clostridia bacterium UC5.1-2D9/[Ruminococcus] gnavus/Lachnospiraceae bacterium 2_1_58FAA]	GH84	0.04
01594	186803 Lachnospiraceae	572511 Blautia	33038 [Ruminococcus] gnavus [[Ruminococcus] gnavus CAG:126/Clostridia bacterium UC5.1-2D9/[Ruminococcus] gnavus/Lachnospiraceae bacterium 2_1_58FAA]	GH85	0
01594	186803 Lachnospiraceae	572511 Blautia	33038 [Ruminococcus] gnavus [[Ruminococcus] gnavus CAG:126/Clostridia bacterium UC5.1-2D9/[Ruminococcus] gnavus/Lachnospiraceae bacterium 2_1_58FAA]	GH89	0
01594	186803 Lachnospiraceae	572511 Blautia	33038 [Ruminococcus] gnavus [[Ruminococcus] gnavus CAG:126/Clostridia bacterium UC5.1-2D9/[Ruminococcus] gnavus/Lachnospiraceae bacterium 2_1_58FAA]	GH92	0
01594	186803 Lachnospiraceae	572511 Blautia	33038 [Ruminococcus] gnavus [[Ruminococcus] gnavus CAG:126/Clostridia bacterium UC5.1-2D9/[Ruminococcus] gnavus/Lachnospiraceae bacterium 2_1_58FAA]	GH95	0.88
01594	186803 Lachnospiraceae	572511 Blautia	33038 [Ruminococcus] gnavus [[Ruminococcus] gnavus CAG:126/Clostridia bacterium UC5.1-2D9/[Ruminococcus] gnavus/Lachnospiraceae bacterium 2_1_58FAA]	GH97	0
01597	815 Bacteroidaceae	816 Bacteroides	817 Bacteroides fragilis	CBM32	1
01597	815 Bacteroidaceae	816 Bacteroides	817 Bacteroides fragilis	CBM51	0.02
01597	815 Bacteroidaceae	816 Bacteroides	817 Bacteroides fragilis	GH109	1
01597	815 Bacteroidaceae	816 Bacteroides	817 Bacteroides fragilis	GH110	1
01597	815 Bacteroidaceae	816 Bacteroides	817 Bacteroides fragilis	GH112	0
01597	815 Bacteroidaceae	816 Bacteroides	817 Bacteroides fragilis	GH123	0.96
01597	815 Bacteroidaceae	816 Bacteroides	817 Bacteroides fragilis	GH130	1
01597	815 Bacteroidaceae	816 Bacteroides	817 Bacteroides fragilis	GH136	0.02
01597	815 Bacteroidaceae	816 Bacteroides	817 Bacteroides fragilis	GH16	1
01597	815 Bacteroidaceae	816 Bacteroides	817 Bacteroides fragilis	GH18	0.98
01597	815 Bacteroidaceae	816 Bacteroides	817 Bacteroides fragilis	GH2	1
01597	815 Bacteroidaceae	816 Bacteroides	817 Bacteroides fragilis	GH20	1
01597	815 Bacteroidaceae	816 Bacteroides	817 Bacteroides fragilis	GH27	0.98
01597	815 Bacteroidaceae	816 Bacteroides	817 Bacteroides fragilis	GH29	1
01597	815 Bacteroidaceae	816 Bacteroides	817 Bacteroides fragilis	GH31	1
01597	815 Bacteroidaceae	816 Bacteroides	817 Bacteroides fragilis	GH33	1
01597	815 Bacteroidaceae	816 Bacteroides	817 Bacteroides fragilis	GH35	1
01597	815 Bacteroidaceae	816 Bacteroides	817 Bacteroides fragilis	GH36	1
01597	815 Bacteroidaceae	816 Bacteroides	817 Bacteroides fragilis	GH42	0
01597	815 Bacteroidaceae	816 Bacteroides	817 Bacteroides fragilis	GH84	0.98
01597	815 Bacteroidaceae	816 Bacteroides	817 Bacteroides fragilis	GH85	0
01597	815 Bacteroidaceae	816 Bacteroides	817 Bacteroides fragilis	GH89	1
01597	815 Bacteroidaceae	816 Bacteroides	817 Bacteroides fragilis	GH92	1
01597	815 Bacteroidaceae	816 Bacteroides	817 Bacteroides fragilis	GH95	1
01597	815 Bacteroidaceae	816 Bacteroides	817 Bacteroides fragilis	GH97	1
01598	815 Bacteroidaceae	816 Bacteroides	817 Bacteroides fragilis [Bacteroides sp. UW/Bacteroides fragilis]	CBM32	1
01598	815 Bacteroidaceae	816 Bacteroides	817 Bacteroides fragilis [Bacteroides sp. UW/Bacteroides fragilis]	CBM51	0.5102040816326531
01598	815 Bacteroidaceae	816 Bacteroides	817 Bacteroides fragilis [Bacteroides sp. UW/Bacteroides fragilis]	GH109	1
01598	815 Bacteroidaceae	816 Bacteroides	817 Bacteroides fragilis [Bacteroides sp. UW/Bacteroides fragilis]	GH110	1
01598	815 Bacteroidaceae	816 Bacteroides	817 Bacteroides fragilis [Bacteroides sp. UW/Bacteroides fragilis]	GH112	0
01598	815 Bacteroidaceae	816 Bacteroides	817 Bacteroides fragilis [Bacteroides sp. UW/Bacteroides fragilis]	GH123	0.9795918367346939
01598	815 Bacteroidaceae	816 Bacteroides	817 Bacteroides fragilis [Bacteroides sp. UW/Bacteroides fragilis]	GH130	1
01598	815 Bacteroidaceae	816 Bacteroides	817 Bacteroides fragilis [Bacteroides sp. UW/Bacteroides fragilis]	GH136	0.02040816326530612
01598	815 Bacteroidaceae	816 Bacteroides	817 Bacteroides fragilis [Bacteroides sp. UW/Bacteroides fragilis]	GH16	1
01598	815 Bacteroidaceae	816 Bacteroides	817 Bacteroides fragilis [Bacteroides sp. UW/Bacteroides fragilis]	GH18	1
01598	815 Bacteroidaceae	816 Bacteroides	817 Bacteroides fragilis [Bacteroides sp. UW/Bacteroides fragilis]	GH2	1
01598	815 Bacteroidaceae	816 Bacteroides	817 Bacteroides fragilis [Bacteroides sp. UW/Bacteroides fragilis]	GH20	1
01598	815 Bacteroidaceae	816 Bacteroides	817 Bacteroides fragilis [Bacteroides sp. UW/Bacteroides fragilis]	GH27	0.9795918367346939
01598	815 Bacteroidaceae	816 Bacteroides	817 Bacteroides fragilis [Bacteroides sp. UW/Bacteroides fragilis]	GH29	1
01598	815 Bacteroidaceae	816 Bacteroides	817 Bacteroides fragilis [Bacteroides sp. UW/Bacteroides fragilis]	GH31	1
01598	815 Bacteroidaceae	816 Bacteroides	817 Bacteroides fragilis [Bacteroides sp. UW/Bacteroides fragilis]	GH33	1
01598	815 Bacteroidaceae	816 Bacteroides	817 Bacteroides fragilis [Bacteroides sp. UW/Bacteroides fragilis]	GH35	1
01598	815 Bacteroidaceae	816 Bacteroides	817 Bacteroides fragilis [Bacteroides sp. UW/Bacteroides fragilis]	GH36	0.9795918367346939
01598	815 Bacteroidaceae	816 Bacteroides	817 Bacteroides fragilis [Bacteroides sp. UW/Bacteroides fragilis]	GH42	0
01598	815 Bacteroidaceae	816 Bacteroides	817 Bacteroides fragilis [Bacteroides sp. UW/Bacteroides fragilis]	GH84	0.9795918367346939
01598	815 Bacteroidaceae	816 Bacteroides	817 Bacteroides fragilis [Bacteroides sp. UW/Bacteroides fragilis]	GH85	0
01598	815 Bacteroidaceae	816 Bacteroides	817 Bacteroides fragilis [Bacteroides sp. UW/Bacteroides fragilis]	GH89	1
01598	815 Bacteroidaceae	816 Bacteroides	817 Bacteroides fragilis [Bacteroides sp. UW/Bacteroides fragilis]	GH92	1
01598	815 Bacteroidaceae	816 Bacteroides	817 Bacteroides fragilis [Bacteroides sp. UW/Bacteroides fragilis]	GH95	1
01598	815 Bacteroidaceae	816 Bacteroides	817 Bacteroides fragilis [Bacteroides sp. UW/Bacteroides fragilis]	GH97	1
01657	815 Bacteroidaceae	816 Bacteroides	818 Bacteroides thetaiotaomicron	CBM32	1
01657	815 Bacteroidaceae	816 Bacteroides	818 Bacteroides thetaiotaomicron	CBM51	0.48
01657	815 Bacteroidaceae	816 Bacteroides	818 Bacteroides thetaiotaomicron	GH109	1
01657	815 Bacteroidaceae	816 Bacteroides	818 Bacteroides thetaiotaomicron	GH110	1
01657	815 Bacteroidaceae	816 Bacteroides	818 Bacteroides thetaiotaomicron	GH112	0
01657	815 Bacteroidaceae	816 Bacteroides	818 Bacteroides thetaiotaomicron	GH123	1
01657	815 Bacteroidaceae	816 Bacteroides	818 Bacteroides thetaiotaomicron	GH130	1
01657	815 Bacteroidaceae	816 Bacteroides	818 Bacteroides thetaiotaomicron	GH136	0.12
01657	815 Bacteroidaceae	816 Bacteroides	818 Bacteroides thetaiotaomicron	GH16	1
01657	815 Bacteroidaceae	816 Bacteroides	818 Bacteroides thetaiotaomicron	GH18	1
01657	815 Bacteroidaceae	816 Bacteroides	818 Bacteroides thetaiotaomicron	GH2	1
01657	815 Bacteroidaceae	816 Bacteroides	818 Bacteroides thetaiotaomicron	GH20	1
01657	815 Bacteroidaceae	816 Bacteroides	818 Bacteroides thetaiotaomicron	GH27	1
01657	815 Bacteroidaceae	816 Bacteroides	818 Bacteroides thetaiotaomicron	GH29	1
01657	815 Bacteroidaceae	816 Bacteroides	818 Bacteroides thetaiotaomicron	GH31	1
01657	815 Bacteroidaceae	816 Bacteroides	818 Bacteroides thetaiotaomicron	GH33	1
01657	815 Bacteroidaceae	816 Bacteroides	818 Bacteroides thetaiotaomicron	GH35	1
01657	815 Bacteroidaceae	816 Bacteroides	818 Bacteroides thetaiotaomicron	GH36	1
01657	815 Bacteroidaceae	816 Bacteroides	818 Bacteroides thetaiotaomicron	GH42	0.98
01657	815 Bacteroidaceae	816 Bacteroides	818 Bacteroides thetaiotaomicron	GH84	1
01657	815 Bacteroidaceae	816 Bacteroides	818 Bacteroides thetaiotaomicron	GH85	0
01657	815 Bacteroidaceae	816 Bacteroides	818 Bacteroides thetaiotaomicron	GH89	1
01657	815 Bacteroidaceae	816 Bacteroides	818 Bacteroides thetaiotaomicron	GH92	1
01657	815 Bacteroidaceae	816 Bacteroides	818 Bacteroides thetaiotaomicron	GH95	1
01657	815 Bacteroidaceae	816 Bacteroides	818 Bacteroides thetaiotaomicron	GH97	1
01679	2005525 Tannerellaceae	375288 Parabacteroides	328812 Parabacteroides goldsteinii [Parabacteroides sp. ASF519/Parabacteroides goldsteinii]	CBM32	1
01679	2005525 Tannerellaceae	375288 Parabacteroides	328812 Parabacteroides goldsteinii [Parabacteroides sp. ASF519/Parabacteroides goldsteinii]	CBM51	1
01679	2005525 Tannerellaceae	375288 Parabacteroides	328812 Parabacteroides goldsteinii [Parabacteroides sp. ASF519/Parabacteroides goldsteinii]	GH109	1
01679	2005525 Tannerellaceae	375288 Parabacteroides	328812 Parabacteroides goldsteinii [Parabacteroides sp. ASF519/Parabacteroides goldsteinii]	GH110	1
01679	2005525 Tannerellaceae	375288 Parabacteroides	328812 Parabacteroides goldsteinii [Parabacteroides sp. ASF519/Parabacteroides goldsteinii]	GH112	0
01679	2005525 Tannerellaceae	375288 Parabacteroides	328812 Parabacteroides goldsteinii [Parabacteroides sp. ASF519/Parabacteroides goldsteinii]	GH123	1
01679	2005525 Tannerellaceae	375288 Parabacteroides	328812 Parabacteroides goldsteinii [Parabacteroides sp. ASF519/Parabacteroides goldsteinii]	GH130	1
01679	2005525 Tannerellaceae	375288 Parabacteroides	328812 Parabacteroides goldsteinii [Parabacteroides sp. ASF519/Parabacteroides goldsteinii]	GH136	0.9583333333333334
01679	2005525 Tannerellaceae	375288 Parabacteroides	328812 Parabacteroides goldsteinii [Parabacteroides sp. ASF519/Parabacteroides goldsteinii]	GH16	1
01679	2005525 Tannerellaceae	375288 Parabacteroides	328812 Parabacteroides goldsteinii [Parabacteroides sp. ASF519/Parabacteroides goldsteinii]	GH18	0.125
01679	2005525 Tannerellaceae	375288 Parabacteroides	328812 Parabacteroides goldsteinii [Parabacteroides sp. ASF519/Parabacteroides goldsteinii]	GH2	1
01679	2005525 Tannerellaceae	375288 Parabacteroides	328812 Parabacteroides goldsteinii [Parabacteroides sp. ASF519/Parabacteroides goldsteinii]	GH20	1
01679	2005525 Tannerellaceae	375288 Parabacteroides	328812 Parabacteroides goldsteinii [Parabacteroides sp. ASF519/Parabacteroides goldsteinii]	GH27	0.041666666666666664
01679	2005525 Tannerellaceae	375288 Parabacteroides	328812 Parabacteroides goldsteinii [Parabacteroides sp. ASF519/Parabacteroides goldsteinii]	GH29	1
01679	2005525 Tannerellaceae	375288 Parabacteroides	328812 Parabacteroides goldsteinii [Parabacteroides sp. ASF519/Parabacteroides goldsteinii]	GH31	1
01679	2005525 Tannerellaceae	375288 Parabacteroides	328812 Parabacteroides goldsteinii [Parabacteroides sp. ASF519/Parabacteroides goldsteinii]	GH33	1
01679	2005525 Tannerellaceae	375288 Parabacteroides	328812 Parabacteroides goldsteinii [Parabacteroides sp. ASF519/Parabacteroides goldsteinii]	GH35	1
01679	2005525 Tannerellaceae	375288 Parabacteroides	328812 Parabacteroides goldsteinii [Parabacteroides sp. ASF519/Parabacteroides goldsteinii]	GH36	1
01679	2005525 Tannerellaceae	375288 Parabacteroides	328812 Parabacteroides goldsteinii [Parabacteroides sp. ASF519/Parabacteroides goldsteinii]	GH42	0.4166666666666667
01679	2005525 Tannerellaceae	375288 Parabacteroides	328812 Parabacteroides goldsteinii [Parabacteroides sp. ASF519/Parabacteroides goldsteinii]	GH84	0.9583333333333334
01679	2005525 Tannerellaceae	375288 Parabacteroides	328812 Parabacteroides goldsteinii [Parabacteroides sp. ASF519/Parabacteroides goldsteinii]	GH85	0
01679	2005525 Tannerellaceae	375288 Parabacteroides	328812 Parabacteroides goldsteinii [Parabacteroides sp. ASF519/Parabacteroides goldsteinii]	GH89	1
01679	2005525 Tannerellaceae	375288 Parabacteroides	328812 Parabacteroides goldsteinii [Parabacteroides sp. ASF519/Parabacteroides goldsteinii]	GH92	1
01679	2005525 Tannerellaceae	375288 Parabacteroides	328812 Parabacteroides goldsteinii [Parabacteroides sp. ASF519/Parabacteroides goldsteinii]	GH95	1
01679	2005525 Tannerellaceae	375288 Parabacteroides	328812 Parabacteroides goldsteinii [Parabacteroides sp. ASF519/Parabacteroides goldsteinii]	GH97	1
01680	2005525 Tannerellaceae	375288 Parabacteroides	574930 Parabacteroides gordonii [Parabacteroides sp. HGS0025/Parabacteroides gordonii]	CBM32	1
01680	2005525 Tannerellaceae	375288 Parabacteroides	574930 Parabacteroides gordonii [Parabacteroides sp. HGS0025/Parabacteroides gordonii]	CBM51	1
01680	2005525 Tannerellaceae	375288 Parabacteroides	574930 Parabacteroides gordonii [Parabacteroides sp. HGS0025/Parabacteroides gordonii]	GH109	1
01680	2005525 Tannerellaceae	375288 Parabacteroides	574930 Parabacteroides gordonii [Parabacteroides sp. HGS0025/Parabacteroides gordonii]	GH110	1
01680	2005525 Tannerellaceae	375288 Parabacteroides	574930 Parabacteroides gordonii [Parabacteroides sp. HGS0025/Parabacteroides gordonii]	GH112	0
01680	2005525 Tannerellaceae	375288 Parabacteroides	574930 Parabacteroides gordonii [Parabacteroides sp. HGS0025/Parabacteroides gordonii]	GH123	0.9090909090909091
01680	2005525 Tannerellaceae	375288 Parabacteroides	574930 Parabacteroides gordonii [Parabacteroides sp. HGS0025/Parabacteroides gordonii]	GH130	1
01680	2005525 Tannerellaceae	375288 Parabacteroides	574930 Parabacteroides gordonii [Parabacteroides sp. HGS0025/Parabacteroides gordonii]	GH136	1
01680	2005525 Tannerellaceae	375288 Parabacteroides	574930 Parabacteroides gordonii [Parabacteroides sp. HGS0025/Parabacteroides gordonii]	GH16	1
01680	2005525 Tannerellaceae	375288 Parabacteroides	574930 Parabacteroides gordonii [Parabacteroides sp. HGS0025/Parabacteroides gordonii]	GH18	0.09090909090909091
01680	2005525 Tannerellaceae	375288 Parabacteroides	574930 Parabacteroides gordonii [Parabacteroides sp. HGS0025/Parabacteroides gordonii]	GH2	1
01680	2005525 Tannerellaceae	375288 Parabacteroides	574930 Parabacteroides gordonii [Parabacteroides sp. HGS0025/Parabacteroides gordonii]	GH20	1
01680	2005525 Tannerellaceae	375288 Parabacteroides	574930 Parabacteroides gordonii [Parabacteroides sp. HGS0025/Parabacteroides gordonii]	GH27	1
01680	2005525 Tannerellaceae	375288 Parabacteroides	574930 Parabacteroides gordonii [Parabacteroides sp. HGS0025/Parabacteroides gordonii]	GH29	1
01680	2005525 Tannerellaceae	375288 Parabacteroides	574930 Parabacteroides gordonii [Parabacteroides sp. HGS0025/Parabacteroides gordonii]	GH31	1
01680	2005525 Tannerellaceae	375288 Parabacteroides	574930 Parabacteroides gordonii [Parabacteroides sp. HGS0025/Parabacteroides gordonii]	GH33	1
01680	2005525 Tannerellaceae	375288 Parabacteroides	574930 Parabacteroides gordonii [Parabacteroides sp. HGS0025/Parabacteroides gordonii]	GH35	1
01680	2005525 Tannerellaceae	375288 Parabacteroides	574930 Parabacteroides gordonii [Parabacteroides sp. HGS0025/Parabacteroides gordonii]	GH36	1
01680	2005525 Tannerellaceae	375288 Parabacteroides	574930 Parabacteroides gordonii [Parabacteroides sp. HGS0025/Parabacteroides gordonii]	GH42	0.45454545454545453
01680	2005525 Tannerellaceae	375288 Parabacteroides	574930 Parabacteroides gordonii [Parabacteroides sp. HGS0025/Parabacteroides gordonii]	GH84	1
01680	2005525 Tannerellaceae	375288 Parabacteroides	574930 Parabacteroides gordonii [Parabacteroides sp. HGS0025/Parabacteroides gordonii]	GH85	0
01680	2005525 Tannerellaceae	375288 Parabacteroides	574930 Parabacteroides gordonii [Parabacteroides sp. HGS0025/Parabacteroides gordonii]	GH89	1
01680	2005525 Tannerellaceae	375288 Parabacteroides	574930 Parabacteroides gordonii [Parabacteroides sp. HGS0025/Parabacteroides gordonii]	GH92	1
01680	2005525 Tannerellaceae	375288 Parabacteroides	574930 Parabacteroides gordonii [Parabacteroides sp. HGS0025/Parabacteroides gordonii]	GH95	1
01680	2005525 Tannerellaceae	375288 Parabacteroides	574930 Parabacteroides gordonii [Parabacteroides sp. HGS0025/Parabacteroides gordonii]	GH97	1
01682	815 Bacteroidaceae	816 Bacteroides	291645 Bacteroides nordii [Bacteroides sp. HPS0048/Bacteroides sp. 41_26/Bacteroides nordii]	CBM32	1
01682	815 Bacteroidaceae	816 Bacteroides	291645 Bacteroides nordii [Bacteroides sp. HPS0048/Bacteroides sp. 41_26/Bacteroides nordii]	CBM51	1
01682	815 Bacteroidaceae	816 Bacteroides	291645 Bacteroides nordii [Bacteroides sp. HPS0048/Bacteroides sp. 41_26/Bacteroides nordii]	GH109	1
01682	815 Bacteroidaceae	816 Bacteroides	291645 Bacteroides nordii [Bacteroides sp. HPS0048/Bacteroides sp. 41_26/Bacteroides nordii]	GH110	1
01682	815 Bacteroidaceae	816 Bacteroides	291645 Bacteroides nordii [Bacteroides sp. HPS0048/Bacteroides sp. 41_26/Bacteroides nordii]	GH112	0
01682	815 Bacteroidaceae	816 Bacteroides	291645 Bacteroides nordii [Bacteroides sp. HPS0048/Bacteroides sp. 41_26/Bacteroides nordii]	GH123	1
01682	815 Bacteroidaceae	816 Bacteroides	291645 Bacteroides nordii [Bacteroides sp. HPS0048/Bacteroides sp. 41_26/Bacteroides nordii]	GH130	1
01682	815 Bacteroidaceae	816 Bacteroides	291645 Bacteroides nordii [Bacteroides sp. HPS0048/Bacteroides sp. 41_26/Bacteroides nordii]	GH136	0
01682	815 Bacteroidaceae	816 Bacteroides	291645 Bacteroides nordii [Bacteroides sp. HPS0048/Bacteroides sp. 41_26/Bacteroides nordii]	GH16	1
01682	815 Bacteroidaceae	816 Bacteroides	291645 Bacteroides nordii [Bacteroides sp. HPS0048/Bacteroides sp. 41_26/Bacteroides nordii]	GH18	0.9285714285714286
01682	815 Bacteroidaceae	816 Bacteroides	291645 Bacteroides nordii [Bacteroides sp. HPS0048/Bacteroides sp. 41_26/Bacteroides nordii]	GH2	1
01682	815 Bacteroidaceae	816 Bacteroides	291645 Bacteroides nordii [Bacteroides sp. HPS0048/Bacteroides sp. 41_26/Bacteroides nordii]	GH20	1
01682	815 Bacteroidaceae	816 Bacteroides	291645 Bacteroides nordii [Bacteroides sp. HPS0048/Bacteroides sp. 41_26/Bacteroides nordii]	GH27	1
01682	815 Bacteroidaceae	816 Bacteroides	291645 Bacteroides nordii [Bacteroides sp. HPS0048/Bacteroides sp. 41_26/Bacteroides nordii]	GH29	1
01682	815 Bacteroidaceae	816 Bacteroides	291645 Bacteroides nordii [Bacteroides sp. HPS0048/Bacteroides sp. 41_26/Bacteroides nordii]	GH31	1
01682	815 Bacteroidaceae	816 Bacteroides	291645 Bacteroides nordii [Bacteroides sp. HPS0048/Bacteroides sp. 41_26/Bacteroides nordii]	GH33	1
01682	815 Bacteroidaceae	816 Bacteroides	291645 Bacteroides nordii [Bacteroides sp. HPS0048/Bacteroides sp. 41_26/Bacteroides nordii]	GH35	1
01682	815 Bacteroidaceae	816 Bacteroides	291645 Bacteroides nordii [Bacteroides sp. HPS0048/Bacteroides sp. 41_26/Bacteroides nordii]	GH36	1
01682	815 Bacteroidaceae	816 Bacteroides	291645 Bacteroides nordii [Bacteroides sp. HPS0048/Bacteroides sp. 41_26/Bacteroides nordii]	GH42	0
01682	815 Bacteroidaceae	816 Bacteroides	291645 Bacteroides nordii [Bacteroides sp. HPS0048/Bacteroides sp. 41_26/Bacteroides nordii]	GH84	1
01682	815 Bacteroidaceae	816 Bacteroides	291645 Bacteroides nordii [Bacteroides sp. HPS0048/Bacteroides sp. 41_26/Bacteroides nordii]	GH85	1
01682	815 Bacteroidaceae	816 Bacteroides	291645 Bacteroides nordii [Bacteroides sp. HPS0048/Bacteroides sp. 41_26/Bacteroides nordii]	GH89	1
01682	815 Bacteroidaceae	816 Bacteroides	291645 Bacteroides nordii [Bacteroides sp. HPS0048/Bacteroides sp. 41_26/Bacteroides nordii]	GH92	1
01682	815 Bacteroidaceae	816 Bacteroides	291645 Bacteroides nordii [Bacteroides sp. HPS0048/Bacteroides sp. 41_26/Bacteroides nordii]	GH95	1
01682	815 Bacteroidaceae	816 Bacteroides	291645 Bacteroides nordii [Bacteroides sp. HPS0048/Bacteroides sp. 41_26/Bacteroides nordii]	GH97	1
01953	171552 Prevotellaceae	838 Prevotella	28127 Prevotella buccalis	CBM32	0.6666666666666666
01953	171552 Prevotellaceae	838 Prevotella	28127 Prevotella buccalis	CBM51	0
01953	171552 Prevotellaceae	838 Prevotella	28127 Prevotella buccalis	GH109	0.9166666666666666
01953	171552 Prevotellaceae	838 Prevotella	28127 Prevotella buccalis	GH110	0
01953	171552 Prevotellaceae	838 Prevotella	28127 Prevotella buccalis	GH112	0
01953	171552 Prevotellaceae	838 Prevotella	28127 Prevotella buccalis	GH123	0
01953	171552 Prevotellaceae	838 Prevotella	28127 Prevotella buccalis	GH130	0.9166666666666666
01953	171552 Prevotellaceae	838 Prevotella	28127 Prevotella buccalis	GH136	0
01953	171552 Prevotellaceae	838 Prevotella	28127 Prevotella buccalis	GH16	0.5833333333333334
01953	171552 Prevotellaceae	838 Prevotella	28127 Prevotella buccalis	GH18	1
01953	171552 Prevotellaceae	838 Prevotella	28127 Prevotella buccalis	GH2	1
01953	171552 Prevotellaceae	838 Prevotella	28127 Prevotella buccalis	GH20	1
01953	171552 Prevotellaceae	838 Prevotella	28127 Prevotella buccalis	GH27	0.6666666666666666
01953	171552 Prevotellaceae	838 Prevotella	28127 Prevotella buccalis	GH29	1
01953	171552 Prevotellaceae	838 Prevotella	28127 Prevotella buccalis	GH31	0
01953	171552 Prevotellaceae	838 Prevotella	28127 Prevotella buccalis	GH33	1
01953	171552 Prevotellaceae	838 Prevotella	28127 Prevotella buccalis	GH35	0
01953	171552 Prevotellaceae	838 Prevotella	28127 Prevotella buccalis	GH36	0.16666666666666666
01953	171552 Prevotellaceae	838 Prevotella	28127 Prevotella buccalis	GH42	0
01953	171552 Prevotellaceae	838 Prevotella	28127 Prevotella buccalis	GH84	0.8333333333333334
01953	171552 Prevotellaceae	838 Prevotella	28127 Prevotella buccalis	GH85	0.8333333333333334
01953	171552 Prevotellaceae	838 Prevotella	28127 Prevotella buccalis	GH89	0.25
01953	171552 Prevotellaceae	838 Prevotella	28127 Prevotella buccalis	GH92	1
01953	171552 Prevotellaceae	838 Prevotella	28127 Prevotella buccalis	GH95	1
01953	171552 Prevotellaceae	838 Prevotella	28127 Prevotella buccalis	GH97	1
02133	815 Bacteroidaceae	816 Bacteroides	376804 Bacteroides barnesiae	CBM32	1
02133	815 Bacteroidaceae	816 Bacteroides	376804 Bacteroides barnesiae	CBM51	0.9090909090909091
02133	815 Bacteroidaceae	816 Bacteroides	376804 Bacteroides barnesiae	GH109	0.9090909090909091
02133	815 Bacteroidaceae	816 Bacteroides	376804 Bacteroides barnesiae	GH110	1
02133	815 Bacteroidaceae	816 Bacteroides	376804 Bacteroides barnesiae	GH112	0
02133	815 Bacteroidaceae	816 Bacteroides	376804 Bacteroides barnesiae	GH123	1
02133	815 Bacteroidaceae	816 Bacteroides	376804 Bacteroides barnesiae	GH130	1
02133	815 Bacteroidaceae	816 Bacteroides	376804 Bacteroides barnesiae	GH136	0
02133	815 Bacteroidaceae	816 Bacteroides	376804 Bacteroides barnesiae	GH16	1
02133	815 Bacteroidaceae	816 Bacteroides	376804 Bacteroides barnesiae	GH18	0.09090909090909091
02133	815 Bacteroidaceae	816 Bacteroides	376804 Bacteroides barnesiae	GH2	1
02133	815 Bacteroidaceae	816 Bacteroides	376804 Bacteroides barnesiae	GH20	1
02133	815 Bacteroidaceae	816 Bacteroides	376804 Bacteroides barnesiae	GH27	0
02133	815 Bacteroidaceae	816 Bacteroides	376804 Bacteroides barnesiae	GH29	1
02133	815 Bacteroidaceae	816 Bacteroides	376804 Bacteroides barnesiae	GH31	1
02133	815 Bacteroidaceae	816 Bacteroides	376804 Bacteroides barnesiae	GH33	1
02133	815 Bacteroidaceae	816 Bacteroides	376804 Bacteroides barnesiae	GH35	0.5454545454545454
02133	815 Bacteroidaceae	816 Bacteroides	376804 Bacteroides barnesiae	GH36	1
02133	815 Bacteroidaceae	816 Bacteroides	376804 Bacteroides barnesiae	GH42	0
02133	815 Bacteroidaceae	816 Bacteroides	376804 Bacteroides barnesiae	GH84	1
02133	815 Bacteroidaceae	816 Bacteroides	376804 Bacteroides barnesiae	GH85	0
02133	815 Bacteroidaceae	816 Bacteroides	376804 Bacteroides barnesiae	GH89	0.9090909090909091
02133	815 Bacteroidaceae	816 Bacteroides	376804 Bacteroides barnesiae	GH92	1
02133	815 Bacteroidaceae	816 Bacteroides	376804 Bacteroides barnesiae	GH95	1
02133	815 Bacteroidaceae	816 Bacteroides	376804 Bacteroides barnesiae	GH97	1
02135	815 Bacteroidaceae	816 Bacteroides	204516 Bacteroides massiliensis	CBM32	1
02135	815 Bacteroidaceae	816 Bacteroides	204516 Bacteroides massiliensis	CBM51	0.98
02135	815 Bacteroidaceae	816 Bacteroides	204516 Bacteroides massiliensis	GH109	0.98
02135	815 Bacteroidaceae	816 Bacteroides	204516 Bacteroides massiliensis	GH110	0.92
02135	815 Bacteroidaceae	816 Bacteroides	204516 Bacteroides massiliensis	GH112	0
02135	815 Bacteroidaceae	816 Bacteroides	204516 Bacteroides massiliensis	GH123	1
02135	815 Bacteroidaceae	816 Bacteroides	204516 Bacteroides massiliensis	GH130	1
02135	815 Bacteroidaceae	816 Bacteroides	204516 Bacteroides massiliensis	GH136	0.04
02135	815 Bacteroidaceae	816 Bacteroides	204516 Bacteroides massiliensis	GH16	0.98
02135	815 Bacteroidaceae	816 Bacteroides	204516 Bacteroides massiliensis	GH18	0.98
02135	815 Bacteroidaceae	816 Bacteroides	204516 Bacteroides massiliensis	GH2	1
02135	815 Bacteroidaceae	816 Bacteroides	204516 Bacteroides massiliensis	GH20	1
02135	815 Bacteroidaceae	816 Bacteroides	204516 Bacteroides massiliensis	GH27	1
02135	815 Bacteroidaceae	816 Bacteroides	204516 Bacteroides massiliensis	GH29	1
02135	815 Bacteroidaceae	816 Bacteroides	204516 Bacteroides massiliensis	GH31	1
02135	815 Bacteroidaceae	816 Bacteroides	204516 Bacteroides massiliensis	GH33	0.98
02135	815 Bacteroidaceae	816 Bacteroides	204516 Bacteroides massiliensis	GH35	1
02135	815 Bacteroidaceae	816 Bacteroides	204516 Bacteroides massiliensis	GH36	0.94
02135	815 Bacteroidaceae	816 Bacteroides	204516 Bacteroides massiliensis	GH42	0
02135	815 Bacteroidaceae	816 Bacteroides	204516 Bacteroides massiliensis	GH84	0.96
02135	815 Bacteroidaceae	816 Bacteroides	204516 Bacteroides massiliensis	GH85	0
02135	815 Bacteroidaceae	816 Bacteroides	204516 Bacteroides massiliensis	GH89	1
02135	815 Bacteroidaceae	816 Bacteroides	204516 Bacteroides massiliensis	GH92	1
02135	815 Bacteroidaceae	816 Bacteroides	204516 Bacteroides massiliensis	GH95	1
02135	815 Bacteroidaceae	816 Bacteroides	204516 Bacteroides massiliensis	GH97	1
02140	815 Bacteroidaceae	816 Bacteroides	291644 Bacteroides salyersiae	CBM32	1
02140	815 Bacteroidaceae	816 Bacteroides	291644 Bacteroides salyersiae	CBM51	0.9285714285714286
02140	815 Bacteroidaceae	816 Bacteroides	291644 Bacteroides salyersiae	GH109	1
02140	815 Bacteroidaceae	816 Bacteroides	291644 Bacteroides salyersiae	GH110	1
02140	815 Bacteroidaceae	816 Bacteroides	291644 Bacteroides salyersiae	GH112	0
02140	815 Bacteroidaceae	816 Bacteroides	291644 Bacteroides salyersiae	GH123	1
02140	815 Bacteroidaceae	816 Bacteroides	291644 Bacteroides salyersiae	GH130	1
02140	815 Bacteroidaceae	816 Bacteroides	291644 Bacteroides salyersiae	GH136	0
02140	815 Bacteroidaceae	816 Bacteroides	291644 Bacteroides salyersiae	GH16	0.7142857142857143
02140	815 Bacteroidaceae	816 Bacteroides	291644 Bacteroides salyersiae	GH18	1
02140	815 Bacteroidaceae	816 Bacteroides	291644 Bacteroides salyersiae	GH2	1
02140	815 Bacteroidaceae	816 Bacteroides	291644 Bacteroides salyersiae	GH20	1
02140	815 Bacteroidaceae	816 Bacteroides	291644 Bacteroides salyersiae	GH27	0.14285714285714285
02140	815 Bacteroidaceae	816 Bacteroides	291644 Bacteroides salyersiae	GH29	1
02140	815 Bacteroidaceae	816 Bacteroides	291644 Bacteroides salyersiae	GH31	1
02140	815 Bacteroidaceae	816 Bacteroides	291644 Bacteroides salyersiae	GH33	1
02140	815 Bacteroidaceae	816 Bacteroides	291644 Bacteroides salyersiae	GH35	1
02140	815 Bacteroidaceae	816 Bacteroides	291644 Bacteroides salyersiae	GH36	1
02140	815 Bacteroidaceae	816 Bacteroides	291644 Bacteroides salyersiae	GH42	0
02140	815 Bacteroidaceae	816 Bacteroides	291644 Bacteroides salyersiae	GH84	1
02140	815 Bacteroidaceae	816 Bacteroides	291644 Bacteroides salyersiae	GH85	1
02140	815 Bacteroidaceae	816 Bacteroides	291644 Bacteroides salyersiae	GH89	1
02140	815 Bacteroidaceae	816 Bacteroides	291644 Bacteroides salyersiae	GH92	1
02140	815 Bacteroidaceae	816 Bacteroides	291644 Bacteroides salyersiae	GH95	1
02140	815 Bacteroidaceae	816 Bacteroides	291644 Bacteroides salyersiae	GH97	1
02151	186803 Lachnospiraceae	572511 Blautia	33035 Blautia producta	CBM32	1
02151	186803 Lachnospiraceae	572511 Blautia	33035 Blautia producta	CBM51	0.1
02151	186803 Lachnospiraceae	572511 Blautia	33035 Blautia producta	GH109	0.9
02151	186803 Lachnospiraceae	572511 Blautia	33035 Blautia producta	GH110	0
02151	186803 Lachnospiraceae	572511 Blautia	33035 Blautia producta	GH112	1
02151	186803 Lachnospiraceae	572511 Blautia	33035 Blautia producta	GH123	1
02151	186803 Lachnospiraceae	572511 Blautia	33035 Blautia producta	GH130	0.4
02151	186803 Lachnospiraceae	572511 Blautia	33035 Blautia producta	GH136	1
02151	186803 Lachnospiraceae	572511 Blautia	33035 Blautia producta	GH16	1
02151	186803 Lachnospiraceae	572511 Blautia	33035 Blautia producta	GH18	1
02151	186803 Lachnospiraceae	572511 Blautia	33035 Blautia producta	GH2	1
02151	186803 Lachnospiraceae	572511 Blautia	33035 Blautia producta	GH20	0.9
02151	186803 Lachnospiraceae	572511 Blautia	33035 Blautia producta	GH27	1
02151	186803 Lachnospiraceae	572511 Blautia	33035 Blautia producta	GH29	1
02151	186803 Lachnospiraceae	572511 Blautia	33035 Blautia producta	GH31	1
02151	186803 Lachnospiraceae	572511 Blautia	33035 Blautia producta	GH33	0.5
02151	186803 Lachnospiraceae	572511 Blautia	33035 Blautia producta	GH35	1
02151	186803 Lachnospiraceae	572511 Blautia	33035 Blautia producta	GH36	1
02151	186803 Lachnospiraceae	572511 Blautia	33035 Blautia producta	GH42	1
02151	186803 Lachnospiraceae	572511 Blautia	33035 Blautia producta	GH84	0
02151	186803 Lachnospiraceae	572511 Blautia	33035 Blautia producta	GH85	0
02151	186803 Lachnospiraceae	572511 Blautia	33035 Blautia producta	GH89	0
02151	186803 Lachnospiraceae	572511 Blautia	33035 Blautia producta	GH92	0
02151	186803 Lachnospiraceae	572511 Blautia	33035 Blautia producta	GH95	0.3
02151	186803 Lachnospiraceae	572511 Blautia	33035 Blautia producta	GH97	0
02152	186803 Lachnospiraceae	572511 Blautia	33035 Blautia producta [Clostridia bacterium UC5.1-1D4/Blautia producta]	CBM32	0.95
02152	186803 Lachnospiraceae	572511 Blautia	33035 Blautia producta [Clostridia bacterium UC5.1-1D4/Blautia producta]	CBM51	0.4
02152	186803 Lachnospiraceae	572511 Blautia	33035 Blautia producta [Clostridia bacterium UC5.1-1D4/Blautia producta]	GH109	0.9
02152	186803 Lachnospiraceae	572511 Blautia	33035 Blautia producta [Clostridia bacterium UC5.1-1D4/Blautia producta]	GH110	0
02152	186803 Lachnospiraceae	572511 Blautia	33035 Blautia producta [Clostridia bacterium UC5.1-1D4/Blautia producta]	GH112	1
02152	186803 Lachnospiraceae	572511 Blautia	33035 Blautia producta [Clostridia bacterium UC5.1-1D4/Blautia producta]	GH123	0.95
02152	186803 Lachnospiraceae	572511 Blautia	33035 Blautia producta [Clostridia bacterium UC5.1-1D4/Blautia producta]	GH130	0.05
02152	186803 Lachnospiraceae	572511 Blautia	33035 Blautia producta [Clostridia bacterium UC5.1-1D4/Blautia producta]	GH136	0.95
02152	186803 Lachnospiraceae	572511 Blautia	33035 Blautia producta [Clostridia bacterium UC5.1-1D4/Blautia producta]	GH16	0.7
02152	186803 Lachnospiraceae	572511 Blautia	33035 Blautia producta [Clostridia bacterium UC5.1-1D4/Blautia producta]	GH18	1
02152	186803 Lachnospiraceae	572511 Blautia	33035 Blautia producta [Clostridia bacterium UC5.1-1D4/Blautia producta]	GH2	1
02152	186803 Lachnospiraceae	572511 Blautia	33035 Blautia producta [Clostridia bacterium UC5.1-1D4/Blautia producta]	GH20	0.95
02152	186803 Lachnospiraceae	572511 Blautia	33035 Blautia producta [Clostridia bacterium UC5.1-1D4/Blautia producta]	GH27	0.95
02152	186803 Lachnospiraceae	572511 Blautia	33035 Blautia producta [Clostridia bacterium UC5.1-1D4/Blautia producta]	GH29	1
02152	186803 Lachnospiraceae	572511 Blautia	33035 Blautia producta [Clostridia bacterium UC5.1-1D4/Blautia producta]	GH31	1
02152	186803 Lachnospiraceae	572511 Blautia	33035 Blautia producta [Clostridia bacterium UC5.1-1D4/Blautia producta]	GH33	0
02152	186803 Lachnospiraceae	572511 Blautia	33035 Blautia producta [Clostridia bacterium UC5.1-1D4/Blautia producta]	GH35	0.95
02152	186803 Lachnospiraceae	572511 Blautia	33035 Blautia producta [Clostridia bacterium UC5.1-1D4/Blautia producta]	GH36	1
02152	186803 Lachnospiraceae	572511 Blautia	33035 Blautia producta [Clostridia bacterium UC5.1-1D4/Blautia producta]	GH42	0.95
02152	186803 Lachnospiraceae	572511 Blautia	33035 Blautia producta [Clostridia bacterium UC5.1-1D4/Blautia producta]	GH84	0
02152	186803 Lachnospiraceae	572511 Blautia	33035 Blautia producta [Clostridia bacterium UC5.1-1D4/Blautia producta]	GH85	0
02152	186803 Lachnospiraceae	572511 Blautia	33035 Blautia producta [Clostridia bacterium UC5.1-1D4/Blautia producta]	GH89	0
02152	186803 Lachnospiraceae	572511 Blautia	33035 Blautia producta [Clostridia bacterium UC5.1-1D4/Blautia producta]	GH92	0
02152	186803 Lachnospiraceae	572511 Blautia	33035 Blautia producta [Clostridia bacterium UC5.1-1D4/Blautia producta]	GH95	0.1
02152	186803 Lachnospiraceae	572511 Blautia	33035 Blautia producta [Clostridia bacterium UC5.1-1D4/Blautia producta]	GH97	0
02154	186803 Lachnospiraceae	572511 Blautia	NA Blautia obeum/wexlerae [Ruminococcus sp. CAG:9/Blautia sp. Marseille-P2398/Ruminococcus sp. CAG:9-related_41_34/Blautia obeum/Blautia wexlerae/Ruminococcus sp. 5_1_39BFAA]	CBM32	0.2
02154	186803 Lachnospiraceae	572511 Blautia	NA Blautia obeum/wexlerae [Ruminococcus sp. CAG:9/Blautia sp. Marseille-P2398/Ruminococcus sp. CAG:9-related_41_34/Blautia obeum/Blautia wexlerae/Ruminococcus sp. 5_1_39BFAA]	CBM51	0.06
02154	186803 Lachnospiraceae	572511 Blautia	NA Blautia obeum/wexlerae [Ruminococcus sp. CAG:9/Blautia sp. Marseille-P2398/Ruminococcus sp. CAG:9-related_41_34/Blautia obeum/Blautia wexlerae/Ruminococcus sp. 5_1_39BFAA]	GH109	0.18
02154	186803 Lachnospiraceae	572511 Blautia	NA Blautia obeum/wexlerae [Ruminococcus sp. CAG:9/Blautia sp. Marseille-P2398/Ruminococcus sp. CAG:9-related_41_34/Blautia obeum/Blautia wexlerae/Ruminococcus sp. 5_1_39BFAA]	GH110	0.02
02154	186803 Lachnospiraceae	572511 Blautia	NA Blautia obeum/wexlerae [Ruminococcus sp. CAG:9/Blautia sp. Marseille-P2398/Ruminococcus sp. CAG:9-related_41_34/Blautia obeum/Blautia wexlerae/Ruminococcus sp. 5_1_39BFAA]	GH112	0.9
02154	186803 Lachnospiraceae	572511 Blautia	NA Blautia obeum/wexlerae [Ruminococcus sp. CAG:9/Blautia sp. Marseille-P2398/Ruminococcus sp. CAG:9-related_41_34/Blautia obeum/Blautia wexlerae/Ruminococcus sp. 5_1_39BFAA]	GH123	0
02154	186803 Lachnospiraceae	572511 Blautia	NA Blautia obeum/wexlerae [Ruminococcus sp. CAG:9/Blautia sp. Marseille-P2398/Ruminococcus sp. CAG:9-related_41_34/Blautia obeum/Blautia wexlerae/Ruminococcus sp. 5_1_39BFAA]	GH130	0.06
02154	186803 Lachnospiraceae	572511 Blautia	NA Blautia obeum/wexlerae [Ruminococcus sp. CAG:9/Blautia sp. Marseille-P2398/Ruminococcus sp. CAG:9-related_41_34/Blautia obeum/Blautia wexlerae/Ruminococcus sp. 5_1_39BFAA]	GH136	0.08
02154	186803 Lachnospiraceae	572511 Blautia	NA Blautia obeum/wexlerae [Ruminococcus sp. CAG:9/Blautia sp. Marseille-P2398/Ruminococcus sp. CAG:9-related_41_34/Blautia obeum/Blautia wexlerae/Ruminococcus sp. 5_1_39BFAA]	GH16	0.06
02154	186803 Lachnospiraceae	572511 Blautia	NA Blautia obeum/wexlerae [Ruminococcus sp. CAG:9/Blautia sp. Marseille-P2398/Ruminococcus sp. CAG:9-related_41_34/Blautia obeum/Blautia wexlerae/Ruminococcus sp. 5_1_39BFAA]	GH18	1
02154	186803 Lachnospiraceae	572511 Blautia	NA Blautia obeum/wexlerae [Ruminococcus sp. CAG:9/Blautia sp. Marseille-P2398/Ruminococcus sp. CAG:9-related_41_34/Blautia obeum/Blautia wexlerae/Ruminococcus sp. 5_1_39BFAA]	GH2	1
02154	186803 Lachnospiraceae	572511 Blautia	NA Blautia obeum/wexlerae [Ruminococcus sp. CAG:9/Blautia sp. Marseille-P2398/Ruminococcus sp. CAG:9-related_41_34/Blautia obeum/Blautia wexlerae/Ruminococcus sp. 5_1_39BFAA]	GH20	0.22
02154	186803 Lachnospiraceae	572511 Blautia	NA Blautia obeum/wexlerae [Ruminococcus sp. CAG:9/Blautia sp. Marseille-P2398/Ruminococcus sp. CAG:9-related_41_34/Blautia obeum/Blautia wexlerae/Ruminococcus sp. 5_1_39BFAA]	GH27	0.14
02154	186803 Lachnospiraceae	572511 Blautia	NA Blautia obeum/wexlerae [Ruminococcus sp. CAG:9/Blautia sp. Marseille-P2398/Ruminococcus sp. CAG:9-related_41_34/Blautia obeum/Blautia wexlerae/Ruminococcus sp. 5_1_39BFAA]	GH29	0.94
02154	186803 Lachnospiraceae	572511 Blautia	NA Blautia obeum/wexlerae [Ruminococcus sp. CAG:9/Blautia sp. Marseille-P2398/Ruminococcus sp. CAG:9-related_41_34/Blautia obeum/Blautia wexlerae/Ruminococcus sp. 5_1_39BFAA]	GH31	1
02154	186803 Lachnospiraceae	572511 Blautia	NA Blautia obeum/wexlerae [Ruminococcus sp. CAG:9/Blautia sp. Marseille-P2398/Ruminococcus sp. CAG:9-related_41_34/Blautia obeum/Blautia wexlerae/Ruminococcus sp. 5_1_39BFAA]	GH33	0
02154	186803 Lachnospiraceae	572511 Blautia	NA Blautia obeum/wexlerae [Ruminococcus sp. CAG:9/Blautia sp. Marseille-P2398/Ruminococcus sp. CAG:9-related_41_34/Blautia obeum/Blautia wexlerae/Ruminococcus sp. 5_1_39BFAA]	GH35	0
02154	186803 Lachnospiraceae	572511 Blautia	NA Blautia obeum/wexlerae [Ruminococcus sp. CAG:9/Blautia sp. Marseille-P2398/Ruminococcus sp. CAG:9-related_41_34/Blautia obeum/Blautia wexlerae/Ruminococcus sp. 5_1_39BFAA]	GH36	0.96
02154	186803 Lachnospiraceae	572511 Blautia	NA Blautia obeum/wexlerae [Ruminococcus sp. CAG:9/Blautia sp. Marseille-P2398/Ruminococcus sp. CAG:9-related_41_34/Blautia obeum/Blautia wexlerae/Ruminococcus sp. 5_1_39BFAA]	GH42	0.96
02154	186803 Lachnospiraceae	572511 Blautia	NA Blautia obeum/wexlerae [Ruminococcus sp. CAG:9/Blautia sp. Marseille-P2398/Ruminococcus sp. CAG:9-related_41_34/Blautia obeum/Blautia wexlerae/Ruminococcus sp. 5_1_39BFAA]	GH84	0
02154	186803 Lachnospiraceae	572511 Blautia	NA Blautia obeum/wexlerae [Ruminococcus sp. CAG:9/Blautia sp. Marseille-P2398/Ruminococcus sp. CAG:9-related_41_34/Blautia obeum/Blautia wexlerae/Ruminococcus sp. 5_1_39BFAA]	GH85	0.18
02154	186803 Lachnospiraceae	572511 Blautia	NA Blautia obeum/wexlerae [Ruminococcus sp. CAG:9/Blautia sp. Marseille-P2398/Ruminococcus sp. CAG:9-related_41_34/Blautia obeum/Blautia wexlerae/Ruminococcus sp. 5_1_39BFAA]	GH89	0
02154	186803 Lachnospiraceae	572511 Blautia	NA Blautia obeum/wexlerae [Ruminococcus sp. CAG:9/Blautia sp. Marseille-P2398/Ruminococcus sp. CAG:9-related_41_34/Blautia obeum/Blautia wexlerae/Ruminococcus sp. 5_1_39BFAA]	GH92	0
02154	186803 Lachnospiraceae	572511 Blautia	NA Blautia obeum/wexlerae [Ruminococcus sp. CAG:9/Blautia sp. Marseille-P2398/Ruminococcus sp. CAG:9-related_41_34/Blautia obeum/Blautia wexlerae/Ruminococcus sp. 5_1_39BFAA]	GH95	0.66
02154	186803 Lachnospiraceae	572511 Blautia	NA Blautia obeum/wexlerae [Ruminococcus sp. CAG:9/Blautia sp. Marseille-P2398/Ruminococcus sp. CAG:9-related_41_34/Blautia obeum/Blautia wexlerae/Ruminococcus sp. 5_1_39BFAA]	GH97	0.02
02367	815 Bacteroidaceae	816 Bacteroides	NA Bacteroides dorei/vulgatus [Bacteroidia bacterium UC5.1-2G11/Candidatus Gastranaerophilales bacterium HUM_8/Bacteroides dorei/Bacteroides sp. 3_1_33FAA/Bacteroides sp. 4_3_47FAA/Bacteroides sp. 9_1_42FAA/Bacteroides sp. 3_1_40A/Bacteroides vulgatus]	CBM32	1
02367	815 Bacteroidaceae	816 Bacteroides	NA Bacteroides dorei/vulgatus [Bacteroidia bacterium UC5.1-2G11/Candidatus Gastranaerophilales bacterium HUM_8/Bacteroides dorei/Bacteroides sp. 3_1_33FAA/Bacteroides sp. 4_3_47FAA/Bacteroides sp. 9_1_42FAA/Bacteroides sp. 3_1_40A/Bacteroides vulgatus]	CBM51	0
02367	815 Bacteroidaceae	816 Bacteroides	NA Bacteroides dorei/vulgatus [Bacteroidia bacterium UC5.1-2G11/Candidatus Gastranaerophilales bacterium HUM_8/Bacteroides dorei/Bacteroides sp. 3_1_33FAA/Bacteroides sp. 4_3_47FAA/Bacteroides sp. 9_1_42FAA/Bacteroides sp. 3_1_40A/Bacteroides vulgatus]	GH109	1
02367	815 Bacteroidaceae	816 Bacteroides	NA Bacteroides dorei/vulgatus [Bacteroidia bacterium UC5.1-2G11/Candidatus Gastranaerophilales bacterium HUM_8/Bacteroides dorei/Bacteroides sp. 3_1_33FAA/Bacteroides sp. 4_3_47FAA/Bacteroides sp. 9_1_42FAA/Bacteroides sp. 3_1_40A/Bacteroides vulgatus]	GH110	0.96
02367	815 Bacteroidaceae	816 Bacteroides	NA Bacteroides dorei/vulgatus [Bacteroidia bacterium UC5.1-2G11/Candidatus Gastranaerophilales bacterium HUM_8/Bacteroides dorei/Bacteroides sp. 3_1_33FAA/Bacteroides sp. 4_3_47FAA/Bacteroides sp. 9_1_42FAA/Bacteroides sp. 3_1_40A/Bacteroides vulgatus]	GH112	0
02367	815 Bacteroidaceae	816 Bacteroides	NA Bacteroides dorei/vulgatus [Bacteroidia bacterium UC5.1-2G11/Candidatus Gastranaerophilales bacterium HUM_8/Bacteroides dorei/Bacteroides sp. 3_1_33FAA/Bacteroides sp. 4_3_47FAA/Bacteroides sp. 9_1_42FAA/Bacteroides sp. 3_1_40A/Bacteroides vulgatus]	GH123	1
02367	815 Bacteroidaceae	816 Bacteroides	NA Bacteroides dorei/vulgatus [Bacteroidia bacterium UC5.1-2G11/Candidatus Gastranaerophilales bacterium HUM_8/Bacteroides dorei/Bacteroides sp. 3_1_33FAA/Bacteroides sp. 4_3_47FAA/Bacteroides sp. 9_1_42FAA/Bacteroides sp. 3_1_40A/Bacteroides vulgatus]	GH130	0.96
02367	815 Bacteroidaceae	816 Bacteroides	NA Bacteroides dorei/vulgatus [Bacteroidia bacterium UC5.1-2G11/Candidatus Gastranaerophilales bacterium HUM_8/Bacteroides dorei/Bacteroides sp. 3_1_33FAA/Bacteroides sp. 4_3_47FAA/Bacteroides sp. 9_1_42FAA/Bacteroides sp. 3_1_40A/Bacteroides vulgatus]	GH136	0.86
02367	815 Bacteroidaceae	816 Bacteroides	NA Bacteroides dorei/vulgatus [Bacteroidia bacterium UC5.1-2G11/Candidatus Gastranaerophilales bacterium HUM_8/Bacteroides dorei/Bacteroides sp. 3_1_33FAA/Bacteroides sp. 4_3_47FAA/Bacteroides sp. 9_1_42FAA/Bacteroides sp. 3_1_40A/Bacteroides vulgatus]	GH16	0.94
02367	815 Bacteroidaceae	816 Bacteroides	NA Bacteroides dorei/vulgatus [Bacteroidia bacterium UC5.1-2G11/Candidatus Gastranaerophilales bacterium HUM_8/Bacteroides dorei/Bacteroides sp. 3_1_33FAA/Bacteroides sp. 4_3_47FAA/Bacteroides sp. 9_1_42FAA/Bacteroides sp. 3_1_40A/Bacteroides vulgatus]	GH18	1
02367	815 Bacteroidaceae	816 Bacteroides	NA Bacteroides dorei/vulgatus [Bacteroidia bacterium UC5.1-2G11/Candidatus Gastranaerophilales bacterium HUM_8/Bacteroides dorei/Bacteroides sp. 3_1_33FAA/Bacteroides sp. 4_3_47FAA/Bacteroides sp. 9_1_42FAA/Bacteroides sp. 3_1_40A/Bacteroides vulgatus]	GH2	1
02367	815 Bacteroidaceae	816 Bacteroides	NA Bacteroides dorei/vulgatus [Bacteroidia bacterium UC5.1-2G11/Candidatus Gastranaerophilales bacterium HUM_8/Bacteroides dorei/Bacteroides sp. 3_1_33FAA/Bacteroides sp. 4_3_47FAA/Bacteroides sp. 9_1_42FAA/Bacteroides sp. 3_1_40A/Bacteroides vulgatus]	GH20	1
02367	815 Bacteroidaceae	816 Bacteroides	NA Bacteroides dorei/vulgatus [Bacteroidia bacterium UC5.1-2G11/Candidatus Gastranaerophilales bacterium HUM_8/Bacteroides dorei/Bacteroides sp. 3_1_33FAA/Bacteroides sp. 4_3_47FAA/Bacteroides sp. 9_1_42FAA/Bacteroides sp. 3_1_40A/Bacteroides vulgatus]	GH27	1
02367	815 Bacteroidaceae	816 Bacteroides	NA Bacteroides dorei/vulgatus [Bacteroidia bacterium UC5.1-2G11/Candidatus Gastranaerophilales bacterium HUM_8/Bacteroides dorei/Bacteroides sp. 3_1_33FAA/Bacteroides sp. 4_3_47FAA/Bacteroides sp. 9_1_42FAA/Bacteroides sp. 3_1_40A/Bacteroides vulgatus]	GH29	1
02367	815 Bacteroidaceae	816 Bacteroides	NA Bacteroides dorei/vulgatus [Bacteroidia bacterium UC5.1-2G11/Candidatus Gastranaerophilales bacterium HUM_8/Bacteroides dorei/Bacteroides sp. 3_1_33FAA/Bacteroides sp. 4_3_47FAA/Bacteroides sp. 9_1_42FAA/Bacteroides sp. 3_1_40A/Bacteroides vulgatus]	GH31	1
02367	815 Bacteroidaceae	816 Bacteroides	NA Bacteroides dorei/vulgatus [Bacteroidia bacterium UC5.1-2G11/Candidatus Gastranaerophilales bacterium HUM_8/Bacteroides dorei/Bacteroides sp. 3_1_33FAA/Bacteroides sp. 4_3_47FAA/Bacteroides sp. 9_1_42FAA/Bacteroides sp. 3_1_40A/Bacteroides vulgatus]	GH33	1
02367	815 Bacteroidaceae	816 Bacteroides	NA Bacteroides dorei/vulgatus [Bacteroidia bacterium UC5.1-2G11/Candidatus Gastranaerophilales bacterium HUM_8/Bacteroides dorei/Bacteroides sp. 3_1_33FAA/Bacteroides sp. 4_3_47FAA/Bacteroides sp. 9_1_42FAA/Bacteroides sp. 3_1_40A/Bacteroides vulgatus]	GH35	0.92
02367	815 Bacteroidaceae	816 Bacteroides	NA Bacteroides dorei/vulgatus [Bacteroidia bacterium UC5.1-2G11/Candidatus Gastranaerophilales bacterium HUM_8/Bacteroides dorei/Bacteroides sp. 3_1_33FAA/Bacteroides sp. 4_3_47FAA/Bacteroides sp. 9_1_42FAA/Bacteroides sp. 3_1_40A/Bacteroides vulgatus]	GH36	0.9
02367	815 Bacteroidaceae	816 Bacteroides	NA Bacteroides dorei/vulgatus [Bacteroidia bacterium UC5.1-2G11/Candidatus Gastranaerophilales bacterium HUM_8/Bacteroides dorei/Bacteroides sp. 3_1_33FAA/Bacteroides sp. 4_3_47FAA/Bacteroides sp. 9_1_42FAA/Bacteroides sp. 3_1_40A/Bacteroides vulgatus]	GH42	0.96
02367	815 Bacteroidaceae	816 Bacteroides	NA Bacteroides dorei/vulgatus [Bacteroidia bacterium UC5.1-2G11/Candidatus Gastranaerophilales bacterium HUM_8/Bacteroides dorei/Bacteroides sp. 3_1_33FAA/Bacteroides sp. 4_3_47FAA/Bacteroides sp. 9_1_42FAA/Bacteroides sp. 3_1_40A/Bacteroides vulgatus]	GH84	1
02367	815 Bacteroidaceae	816 Bacteroides	NA Bacteroides dorei/vulgatus [Bacteroidia bacterium UC5.1-2G11/Candidatus Gastranaerophilales bacterium HUM_8/Bacteroides dorei/Bacteroides sp. 3_1_33FAA/Bacteroides sp. 4_3_47FAA/Bacteroides sp. 9_1_42FAA/Bacteroides sp. 3_1_40A/Bacteroides vulgatus]	GH85	0
02367	815 Bacteroidaceae	816 Bacteroides	NA Bacteroides dorei/vulgatus [Bacteroidia bacterium UC5.1-2G11/Candidatus Gastranaerophilales bacterium HUM_8/Bacteroides dorei/Bacteroides sp. 3_1_33FAA/Bacteroides sp. 4_3_47FAA/Bacteroides sp. 9_1_42FAA/Bacteroides sp. 3_1_40A/Bacteroides vulgatus]	GH89	1
02367	815 Bacteroidaceae	816 Bacteroides	NA Bacteroides dorei/vulgatus [Bacteroidia bacterium UC5.1-2G11/Candidatus Gastranaerophilales bacterium HUM_8/Bacteroides dorei/Bacteroides sp. 3_1_33FAA/Bacteroides sp. 4_3_47FAA/Bacteroides sp. 9_1_42FAA/Bacteroides sp. 3_1_40A/Bacteroides vulgatus]	GH92	1
02367	815 Bacteroidaceae	816 Bacteroides	NA Bacteroides dorei/vulgatus [Bacteroidia bacterium UC5.1-2G11/Candidatus Gastranaerophilales bacterium HUM_8/Bacteroides dorei/Bacteroides sp. 3_1_33FAA/Bacteroides sp. 4_3_47FAA/Bacteroides sp. 9_1_42FAA/Bacteroides sp. 3_1_40A/Bacteroides vulgatus]	GH95	1
02367	815 Bacteroidaceae	816 Bacteroides	NA Bacteroides dorei/vulgatus [Bacteroidia bacterium UC5.1-2G11/Candidatus Gastranaerophilales bacterium HUM_8/Bacteroides dorei/Bacteroides sp. 3_1_33FAA/Bacteroides sp. 4_3_47FAA/Bacteroides sp. 9_1_42FAA/Bacteroides sp. 3_1_40A/Bacteroides vulgatus]	GH97	1
02392	171552 Prevotellaceae	838 Prevotella	28131 Prevotella intermedia	CBM32	0
02392	171552 Prevotellaceae	838 Prevotella	28131 Prevotella intermedia	CBM51	0
02392	171552 Prevotellaceae	838 Prevotella	28131 Prevotella intermedia	GH109	0
02392	171552 Prevotellaceae	838 Prevotella	28131 Prevotella intermedia	GH110	0
02392	171552 Prevotellaceae	838 Prevotella	28131 Prevotella intermedia	GH112	0
02392	171552 Prevotellaceae	838 Prevotella	28131 Prevotella intermedia	GH123	0
02392	171552 Prevotellaceae	838 Prevotella	28131 Prevotella intermedia	GH130	0
02392	171552 Prevotellaceae	838 Prevotella	28131 Prevotella intermedia	GH136	0
02392	171552 Prevotellaceae	838 Prevotella	28131 Prevotella intermedia	GH16	0
02392	171552 Prevotellaceae	838 Prevotella	28131 Prevotella intermedia	GH18	0
02392	171552 Prevotellaceae	838 Prevotella	28131 Prevotella intermedia	GH2	0
02392	171552 Prevotellaceae	838 Prevotella	28131 Prevotella intermedia	GH20	0
02392	171552 Prevotellaceae	838 Prevotella	28131 Prevotella intermedia	GH27	0
02392	171552 Prevotellaceae	838 Prevotella	28131 Prevotella intermedia	GH29	1
02392	171552 Prevotellaceae	838 Prevotella	28131 Prevotella intermedia	GH31	0
02392	171552 Prevotellaceae	838 Prevotella	28131 Prevotella intermedia	GH33	0
02392	171552 Prevotellaceae	838 Prevotella	28131 Prevotella intermedia	GH35	0
02392	171552 Prevotellaceae	838 Prevotella	28131 Prevotella intermedia	GH36	0
02392	171552 Prevotellaceae	838 Prevotella	28131 Prevotella intermedia	GH42	0
02392	171552 Prevotellaceae	838 Prevotella	28131 Prevotella intermedia	GH84	0
02392	171552 Prevotellaceae	838 Prevotella	28131 Prevotella intermedia	GH85	0
02392	171552 Prevotellaceae	838 Prevotella	28131 Prevotella intermedia	GH89	0
02392	171552 Prevotellaceae	838 Prevotella	28131 Prevotella intermedia	GH92	0
02392	171552 Prevotellaceae	838 Prevotella	28131 Prevotella intermedia	GH95	0
02392	171552 Prevotellaceae	838 Prevotella	28131 Prevotella intermedia	GH97	1
02401	171552 Prevotellaceae	838 Prevotella	386414 Prevotella timonensis	CBM32	1
02401	171552 Prevotellaceae	838 Prevotella	386414 Prevotella timonensis	CBM51	0
02401	171552 Prevotellaceae	838 Prevotella	386414 Prevotella timonensis	GH109	1
02401	171552 Prevotellaceae	838 Prevotella	386414 Prevotella timonensis	GH110	0
02401	171552 Prevotellaceae	838 Prevotella	386414 Prevotella timonensis	GH112	0
02401	171552 Prevotellaceae	838 Prevotella	386414 Prevotella timonensis	GH123	0
02401	171552 Prevotellaceae	838 Prevotella	386414 Prevotella timonensis	GH130	0.9
02401	171552 Prevotellaceae	838 Prevotella	386414 Prevotella timonensis	GH136	0
02401	171552 Prevotellaceae	838 Prevotella	386414 Prevotella timonensis	GH16	1
02401	171552 Prevotellaceae	838 Prevotella	386414 Prevotella timonensis	GH18	1
02401	171552 Prevotellaceae	838 Prevotella	386414 Prevotella timonensis	GH2	1
02401	171552 Prevotellaceae	838 Prevotella	386414 Prevotella timonensis	GH20	1
02401	171552 Prevotellaceae	838 Prevotella	386414 Prevotella timonensis	GH27	0.8
02401	171552 Prevotellaceae	838 Prevotella	386414 Prevotella timonensis	GH29	0.9
02401	171552 Prevotellaceae	838 Prevotella	386414 Prevotella timonensis	GH31	0.9
02401	171552 Prevotellaceae	838 Prevotella	386414 Prevotella timonensis	GH33	0.9
02401	171552 Prevotellaceae	838 Prevotella	386414 Prevotella timonensis	GH35	0
02401	171552 Prevotellaceae	838 Prevotella	386414 Prevotella timonensis	GH36	0
02401	171552 Prevotellaceae	838 Prevotella	386414 Prevotella timonensis	GH42	0
02401	171552 Prevotellaceae	838 Prevotella	386414 Prevotella timonensis	GH84	0.6
02401	171552 Prevotellaceae	838 Prevotella	386414 Prevotella timonensis	GH85	1
02401	171552 Prevotellaceae	838 Prevotella	386414 Prevotella timonensis	GH89	0.2
02401	171552 Prevotellaceae	838 Prevotella	386414 Prevotella timonensis	GH92	1
02401	171552 Prevotellaceae	838 Prevotella	386414 Prevotella timonensis	GH95	1
02401	171552 Prevotellaceae	838 Prevotella	386414 Prevotella timonensis	GH97	0.9
02555	1647988 Akkermansiaceae	239934 Akkermansia	NA Akkermansia sp. [Akkermansia sp. KLE1605/Akkermansia sp. KLE1797/Akkermansia sp. KLE1798]	CBM32	1
02555	1647988 Akkermansiaceae	239934 Akkermansia	NA Akkermansia sp. [Akkermansia sp. KLE1605/Akkermansia sp. KLE1797/Akkermansia sp. KLE1798]	CBM51	1
02555	1647988 Akkermansiaceae	239934 Akkermansia	NA Akkermansia sp. [Akkermansia sp. KLE1605/Akkermansia sp. KLE1797/Akkermansia sp. KLE1798]	GH109	1
02555	1647988 Akkermansiaceae	239934 Akkermansia	NA Akkermansia sp. [Akkermansia sp. KLE1605/Akkermansia sp. KLE1797/Akkermansia sp. KLE1798]	GH110	1
02555	1647988 Akkermansiaceae	239934 Akkermansia	NA Akkermansia sp. [Akkermansia sp. KLE1605/Akkermansia sp. KLE1797/Akkermansia sp. KLE1798]	GH112	0
02555	1647988 Akkermansiaceae	239934 Akkermansia	NA Akkermansia sp. [Akkermansia sp. KLE1605/Akkermansia sp. KLE1797/Akkermansia sp. KLE1798]	GH123	0.98
02555	1647988 Akkermansiaceae	239934 Akkermansia	NA Akkermansia sp. [Akkermansia sp. KLE1605/Akkermansia sp. KLE1797/Akkermansia sp. KLE1798]	GH130	0
02555	1647988 Akkermansiaceae	239934 Akkermansia	NA Akkermansia sp. [Akkermansia sp. KLE1605/Akkermansia sp. KLE1797/Akkermansia sp. KLE1798]	GH136	0
02555	1647988 Akkermansiaceae	239934 Akkermansia	NA Akkermansia sp. [Akkermansia sp. KLE1605/Akkermansia sp. KLE1797/Akkermansia sp. KLE1798]	GH16	1
02555	1647988 Akkermansiaceae	239934 Akkermansia	NA Akkermansia sp. [Akkermansia sp. KLE1605/Akkermansia sp. KLE1797/Akkermansia sp. KLE1798]	GH18	1
02555	1647988 Akkermansiaceae	239934 Akkermansia	NA Akkermansia sp. [Akkermansia sp. KLE1605/Akkermansia sp. KLE1797/Akkermansia sp. KLE1798]	GH2	1
02555	1647988 Akkermansiaceae	239934 Akkermansia	NA Akkermansia sp. [Akkermansia sp. KLE1605/Akkermansia sp. KLE1797/Akkermansia sp. KLE1798]	GH20	1
02555	1647988 Akkermansiaceae	239934 Akkermansia	NA Akkermansia sp. [Akkermansia sp. KLE1605/Akkermansia sp. KLE1797/Akkermansia sp. KLE1798]	GH27	1
02555	1647988 Akkermansiaceae	239934 Akkermansia	NA Akkermansia sp. [Akkermansia sp. KLE1605/Akkermansia sp. KLE1797/Akkermansia sp. KLE1798]	GH29	1
02555	1647988 Akkermansiaceae	239934 Akkermansia	NA Akkermansia sp. [Akkermansia sp. KLE1605/Akkermansia sp. KLE1797/Akkermansia sp. KLE1798]	GH31	1
02555	1647988 Akkermansiaceae	239934 Akkermansia	NA Akkermansia sp. [Akkermansia sp. KLE1605/Akkermansia sp. KLE1797/Akkermansia sp. KLE1798]	GH33	1
02555	1647988 Akkermansiaceae	239934 Akkermansia	NA Akkermansia sp. [Akkermansia sp. KLE1605/Akkermansia sp. KLE1797/Akkermansia sp. KLE1798]	GH35	0.96
02555	1647988 Akkermansiaceae	239934 Akkermansia	NA Akkermansia sp. [Akkermansia sp. KLE1605/Akkermansia sp. KLE1797/Akkermansia sp. KLE1798]	GH36	0.96
02555	1647988 Akkermansiaceae	239934 Akkermansia	NA Akkermansia sp. [Akkermansia sp. KLE1605/Akkermansia sp. KLE1797/Akkermansia sp. KLE1798]	GH42	0
02555	1647988 Akkermansiaceae	239934 Akkermansia	NA Akkermansia sp. [Akkermansia sp. KLE1605/Akkermansia sp. KLE1797/Akkermansia sp. KLE1798]	GH84	0.92
02555	1647988 Akkermansiaceae	239934 Akkermansia	NA Akkermansia sp. [Akkermansia sp. KLE1605/Akkermansia sp. KLE1797/Akkermansia sp. KLE1798]	GH85	0
02555	1647988 Akkermansiaceae	239934 Akkermansia	NA Akkermansia sp. [Akkermansia sp. KLE1605/Akkermansia sp. KLE1797/Akkermansia sp. KLE1798]	GH89	1
02555	1647988 Akkermansiaceae	239934 Akkermansia	NA Akkermansia sp. [Akkermansia sp. KLE1605/Akkermansia sp. KLE1797/Akkermansia sp. KLE1798]	GH92	0
02555	1647988 Akkermansiaceae	239934 Akkermansia	NA Akkermansia sp. [Akkermansia sp. KLE1605/Akkermansia sp. KLE1797/Akkermansia sp. KLE1798]	GH95	1
02555	1647988 Akkermansiaceae	239934 Akkermansia	NA Akkermansia sp. [Akkermansia sp. KLE1605/Akkermansia sp. KLE1797/Akkermansia sp. KLE1798]	GH97	0
02680	186803 Lachnospiraceae	1407607 Fusicatenibacter	1150298 Fusicatenibacter saccharivorans [Fusicatenibacter saccharivorans/Blautia sp. CAG:37/Blautia sp. CAG:37_48_57]	CBM32	0.8
02680	186803 Lachnospiraceae	1407607 Fusicatenibacter	1150298 Fusicatenibacter saccharivorans [Fusicatenibacter saccharivorans/Blautia sp. CAG:37/Blautia sp. CAG:37_48_57]	CBM51	0.6
02680	186803 Lachnospiraceae	1407607 Fusicatenibacter	1150298 Fusicatenibacter saccharivorans [Fusicatenibacter saccharivorans/Blautia sp. CAG:37/Blautia sp. CAG:37_48_57]	GH109	0
02680	186803 Lachnospiraceae	1407607 Fusicatenibacter	1150298 Fusicatenibacter saccharivorans [Fusicatenibacter saccharivorans/Blautia sp. CAG:37/Blautia sp. CAG:37_48_57]	GH110	0
02680	186803 Lachnospiraceae	1407607 Fusicatenibacter	1150298 Fusicatenibacter saccharivorans [Fusicatenibacter saccharivorans/Blautia sp. CAG:37/Blautia sp. CAG:37_48_57]	GH112	0
02680	186803 Lachnospiraceae	1407607 Fusicatenibacter	1150298 Fusicatenibacter saccharivorans [Fusicatenibacter saccharivorans/Blautia sp. CAG:37/Blautia sp. CAG:37_48_57]	GH123	0
02680	186803 Lachnospiraceae	1407607 Fusicatenibacter	1150298 Fusicatenibacter saccharivorans [Fusicatenibacter saccharivorans/Blautia sp. CAG:37/Blautia sp. CAG:37_48_57]	GH130	1
02680	186803 Lachnospiraceae	1407607 Fusicatenibacter	1150298 Fusicatenibacter saccharivorans [Fusicatenibacter saccharivorans/Blautia sp. CAG:37/Blautia sp. CAG:37_48_57]	GH136	0
02680	186803 Lachnospiraceae	1407607 Fusicatenibacter	1150298 Fusicatenibacter saccharivorans [Fusicatenibacter saccharivorans/Blautia sp. CAG:37/Blautia sp. CAG:37_48_57]	GH16	0
02680	186803 Lachnospiraceae	1407607 Fusicatenibacter	1150298 Fusicatenibacter saccharivorans [Fusicatenibacter saccharivorans/Blautia sp. CAG:37/Blautia sp. CAG:37_48_57]	GH18	1
02680	186803 Lachnospiraceae	1407607 Fusicatenibacter	1150298 Fusicatenibacter saccharivorans [Fusicatenibacter saccharivorans/Blautia sp. CAG:37/Blautia sp. CAG:37_48_57]	GH2	1
02680	186803 Lachnospiraceae	1407607 Fusicatenibacter	1150298 Fusicatenibacter saccharivorans [Fusicatenibacter saccharivorans/Blautia sp. CAG:37/Blautia sp. CAG:37_48_57]	GH20	1
02680	186803 Lachnospiraceae	1407607 Fusicatenibacter	1150298 Fusicatenibacter saccharivorans [Fusicatenibacter saccharivorans/Blautia sp. CAG:37/Blautia sp. CAG:37_48_57]	GH27	1
02680	186803 Lachnospiraceae	1407607 Fusicatenibacter	1150298 Fusicatenibacter saccharivorans [Fusicatenibacter saccharivorans/Blautia sp. CAG:37/Blautia sp. CAG:37_48_57]	GH29	1
02680	186803 Lachnospiraceae	1407607 Fusicatenibacter	1150298 Fusicatenibacter saccharivorans [Fusicatenibacter saccharivorans/Blautia sp. CAG:37/Blautia sp. CAG:37_48_57]	GH31	1
02680	186803 Lachnospiraceae	1407607 Fusicatenibacter	1150298 Fusicatenibacter saccharivorans [Fusicatenibacter saccharivorans/Blautia sp. CAG:37/Blautia sp. CAG:37_48_57]	GH33	0
02680	186803 Lachnospiraceae	1407607 Fusicatenibacter	1150298 Fusicatenibacter saccharivorans [Fusicatenibacter saccharivorans/Blautia sp. CAG:37/Blautia sp. CAG:37_48_57]	GH35	1
02680	186803 Lachnospiraceae	1407607 Fusicatenibacter	1150298 Fusicatenibacter saccharivorans [Fusicatenibacter saccharivorans/Blautia sp. CAG:37/Blautia sp. CAG:37_48_57]	GH36	1
02680	186803 Lachnospiraceae	1407607 Fusicatenibacter	1150298 Fusicatenibacter saccharivorans [Fusicatenibacter saccharivorans/Blautia sp. CAG:37/Blautia sp. CAG:37_48_57]	GH42	1
02680	186803 Lachnospiraceae	1407607 Fusicatenibacter	1150298 Fusicatenibacter saccharivorans [Fusicatenibacter saccharivorans/Blautia sp. CAG:37/Blautia sp. CAG:37_48_57]	GH84	0
02680	186803 Lachnospiraceae	1407607 Fusicatenibacter	1150298 Fusicatenibacter saccharivorans [Fusicatenibacter saccharivorans/Blautia sp. CAG:37/Blautia sp. CAG:37_48_57]	GH85	0
02680	186803 Lachnospiraceae	1407607 Fusicatenibacter	1150298 Fusicatenibacter saccharivorans [Fusicatenibacter saccharivorans/Blautia sp. CAG:37/Blautia sp. CAG:37_48_57]	GH89	0
02680	186803 Lachnospiraceae	1407607 Fusicatenibacter	1150298 Fusicatenibacter saccharivorans [Fusicatenibacter saccharivorans/Blautia sp. CAG:37/Blautia sp. CAG:37_48_57]	GH92	0
02680	186803 Lachnospiraceae	1407607 Fusicatenibacter	1150298 Fusicatenibacter saccharivorans [Fusicatenibacter saccharivorans/Blautia sp. CAG:37/Blautia sp. CAG:37_48_57]	GH95	0
02680	186803 Lachnospiraceae	1407607 Fusicatenibacter	1150298 Fusicatenibacter saccharivorans [Fusicatenibacter saccharivorans/Blautia sp. CAG:37/Blautia sp. CAG:37_48_57]	GH97	0
02809	815 Bacteroidaceae	816 Bacteroides	329854 Bacteroides intestinalis [Bacteroides sp. Phil13/Bacteroides intestinalis]	CBM32	1
02809	815 Bacteroidaceae	816 Bacteroides	329854 Bacteroides intestinalis [Bacteroides sp. Phil13/Bacteroides intestinalis]	CBM51	1
02809	815 Bacteroidaceae	816 Bacteroides	329854 Bacteroides intestinalis [Bacteroides sp. Phil13/Bacteroides intestinalis]	GH109	1
02809	815 Bacteroidaceae	816 Bacteroides	329854 Bacteroides intestinalis [Bacteroides sp. Phil13/Bacteroides intestinalis]	GH110	0.1
02809	815 Bacteroidaceae	816 Bacteroides	329854 Bacteroides intestinalis [Bacteroides sp. Phil13/Bacteroides intestinalis]	GH112	0
02809	815 Bacteroidaceae	816 Bacteroides	329854 Bacteroides intestinalis [Bacteroides sp. Phil13/Bacteroides intestinalis]	GH123	0.94
02809	815 Bacteroidaceae	816 Bacteroides	329854 Bacteroides intestinalis [Bacteroides sp. Phil13/Bacteroides intestinalis]	GH130	1
02809	815 Bacteroidaceae	816 Bacteroides	329854 Bacteroides intestinalis [Bacteroides sp. Phil13/Bacteroides intestinalis]	GH136	0.16
02809	815 Bacteroidaceae	816 Bacteroides	329854 Bacteroides intestinalis [Bacteroides sp. Phil13/Bacteroides intestinalis]	GH16	1
02809	815 Bacteroidaceae	816 Bacteroides	329854 Bacteroides intestinalis [Bacteroides sp. Phil13/Bacteroides intestinalis]	GH18	1
02809	815 Bacteroidaceae	816 Bacteroides	329854 Bacteroides intestinalis [Bacteroides sp. Phil13/Bacteroides intestinalis]	GH2	1
02809	815 Bacteroidaceae	816 Bacteroides	329854 Bacteroides intestinalis [Bacteroides sp. Phil13/Bacteroides intestinalis]	GH20	1
02809	815 Bacteroidaceae	816 Bacteroides	329854 Bacteroides intestinalis [Bacteroides sp. Phil13/Bacteroides intestinalis]	GH27	0.98
02809	815 Bacteroidaceae	816 Bacteroides	329854 Bacteroides intestinalis [Bacteroides sp. Phil13/Bacteroides intestinalis]	GH29	1
02809	815 Bacteroidaceae	816 Bacteroides	329854 Bacteroides intestinalis [Bacteroides sp. Phil13/Bacteroides intestinalis]	GH31	1
02809	815 Bacteroidaceae	816 Bacteroides	329854 Bacteroides intestinalis [Bacteroides sp. Phil13/Bacteroides intestinalis]	GH33	1
02809	815 Bacteroidaceae	816 Bacteroides	329854 Bacteroides intestinalis [Bacteroides sp. Phil13/Bacteroides intestinalis]	GH35	0.98
02809	815 Bacteroidaceae	816 Bacteroides	329854 Bacteroides intestinalis [Bacteroides sp. Phil13/Bacteroides intestinalis]	GH36	1
02809	815 Bacteroidaceae	816 Bacteroides	329854 Bacteroides intestinalis [Bacteroides sp. Phil13/Bacteroides intestinalis]	GH42	0.98
02809	815 Bacteroidaceae	816 Bacteroides	329854 Bacteroides intestinalis [Bacteroides sp. Phil13/Bacteroides intestinalis]	GH84	0.02
02809	815 Bacteroidaceae	816 Bacteroides	329854 Bacteroides intestinalis [Bacteroides sp. Phil13/Bacteroides intestinalis]	GH85	0
02809	815 Bacteroidaceae	816 Bacteroides	329854 Bacteroides intestinalis [Bacteroides sp. Phil13/Bacteroides intestinalis]	GH89	0.98
02809	815 Bacteroidaceae	816 Bacteroides	329854 Bacteroides intestinalis [Bacteroides sp. Phil13/Bacteroides intestinalis]	GH92	1
02809	815 Bacteroidaceae	816 Bacteroides	329854 Bacteroides intestinalis [Bacteroides sp. Phil13/Bacteroides intestinalis]	GH95	1
02809	815 Bacteroidaceae	816 Bacteroides	329854 Bacteroides intestinalis [Bacteroides sp. Phil13/Bacteroides intestinalis]	GH97	1
02810	815 Bacteroidaceae	816 Bacteroides	NA Bacteroides sp. [Bacteroides sp. 14(A)/Bacteroides timonensis/uncultured Bacteroides sp./Bacteroides cellulosilyticus/Bacteroides intestinalis]	CBM32	1
02810	815 Bacteroidaceae	816 Bacteroides	NA Bacteroides sp. [Bacteroides sp. 14(A)/Bacteroides timonensis/uncultured Bacteroides sp./Bacteroides cellulosilyticus/Bacteroides intestinalis]	CBM51	1
02810	815 Bacteroidaceae	816 Bacteroides	NA Bacteroides sp. [Bacteroides sp. 14(A)/Bacteroides timonensis/uncultured Bacteroides sp./Bacteroides cellulosilyticus/Bacteroides intestinalis]	GH109	1
02810	815 Bacteroidaceae	816 Bacteroides	NA Bacteroides sp. [Bacteroides sp. 14(A)/Bacteroides timonensis/uncultured Bacteroides sp./Bacteroides cellulosilyticus/Bacteroides intestinalis]	GH110	0.32
02810	815 Bacteroidaceae	816 Bacteroides	NA Bacteroides sp. [Bacteroides sp. 14(A)/Bacteroides timonensis/uncultured Bacteroides sp./Bacteroides cellulosilyticus/Bacteroides intestinalis]	GH112	0
02810	815 Bacteroidaceae	816 Bacteroides	NA Bacteroides sp. [Bacteroides sp. 14(A)/Bacteroides timonensis/uncultured Bacteroides sp./Bacteroides cellulosilyticus/Bacteroides intestinalis]	GH123	0.08
02810	815 Bacteroidaceae	816 Bacteroides	NA Bacteroides sp. [Bacteroides sp. 14(A)/Bacteroides timonensis/uncultured Bacteroides sp./Bacteroides cellulosilyticus/Bacteroides intestinalis]	GH130	1
02810	815 Bacteroidaceae	816 Bacteroides	NA Bacteroides sp. [Bacteroides sp. 14(A)/Bacteroides timonensis/uncultured Bacteroides sp./Bacteroides cellulosilyticus/Bacteroides intestinalis]	GH136	0.9
02810	815 Bacteroidaceae	816 Bacteroides	NA Bacteroides sp. [Bacteroides sp. 14(A)/Bacteroides timonensis/uncultured Bacteroides sp./Bacteroides cellulosilyticus/Bacteroides intestinalis]	GH16	1
02810	815 Bacteroidaceae	816 Bacteroides	NA Bacteroides sp. [Bacteroides sp. 14(A)/Bacteroides timonensis/uncultured Bacteroides sp./Bacteroides cellulosilyticus/Bacteroides intestinalis]	GH18	1
02810	815 Bacteroidaceae	816 Bacteroides	NA Bacteroides sp. [Bacteroides sp. 14(A)/Bacteroides timonensis/uncultured Bacteroides sp./Bacteroides cellulosilyticus/Bacteroides intestinalis]	GH2	1
02810	815 Bacteroidaceae	816 Bacteroides	NA Bacteroides sp. [Bacteroides sp. 14(A)/Bacteroides timonensis/uncultured Bacteroides sp./Bacteroides cellulosilyticus/Bacteroides intestinalis]	GH20	1
02810	815 Bacteroidaceae	816 Bacteroides	NA Bacteroides sp. [Bacteroides sp. 14(A)/Bacteroides timonensis/uncultured Bacteroides sp./Bacteroides cellulosilyticus/Bacteroides intestinalis]	GH27	1
02810	815 Bacteroidaceae	816 Bacteroides	NA Bacteroides sp. [Bacteroides sp. 14(A)/Bacteroides timonensis/uncultured Bacteroides sp./Bacteroides cellulosilyticus/Bacteroides intestinalis]	GH29	1
02810	815 Bacteroidaceae	816 Bacteroides	NA Bacteroides sp. [Bacteroides sp. 14(A)/Bacteroides timonensis/uncultured Bacteroides sp./Bacteroides cellulosilyticus/Bacteroides intestinalis]	GH31	1
02810	815 Bacteroidaceae	816 Bacteroides	NA Bacteroides sp. [Bacteroides sp. 14(A)/Bacteroides timonensis/uncultured Bacteroides sp./Bacteroides cellulosilyticus/Bacteroides intestinalis]	GH33	1
02810	815 Bacteroidaceae	816 Bacteroides	NA Bacteroides sp. [Bacteroides sp. 14(A)/Bacteroides timonensis/uncultured Bacteroides sp./Bacteroides cellulosilyticus/Bacteroides intestinalis]	GH35	1
02810	815 Bacteroidaceae	816 Bacteroides	NA Bacteroides sp. [Bacteroides sp. 14(A)/Bacteroides timonensis/uncultured Bacteroides sp./Bacteroides cellulosilyticus/Bacteroides intestinalis]	GH36	1
02810	815 Bacteroidaceae	816 Bacteroides	NA Bacteroides sp. [Bacteroides sp. 14(A)/Bacteroides timonensis/uncultured Bacteroides sp./Bacteroides cellulosilyticus/Bacteroides intestinalis]	GH42	1
02810	815 Bacteroidaceae	816 Bacteroides	NA Bacteroides sp. [Bacteroides sp. 14(A)/Bacteroides timonensis/uncultured Bacteroides sp./Bacteroides cellulosilyticus/Bacteroides intestinalis]	GH84	0
02810	815 Bacteroidaceae	816 Bacteroides	NA Bacteroides sp. [Bacteroides sp. 14(A)/Bacteroides timonensis/uncultured Bacteroides sp./Bacteroides cellulosilyticus/Bacteroides intestinalis]	GH85	0
02810	815 Bacteroidaceae	816 Bacteroides	NA Bacteroides sp. [Bacteroides sp. 14(A)/Bacteroides timonensis/uncultured Bacteroides sp./Bacteroides cellulosilyticus/Bacteroides intestinalis]	GH89	1
02810	815 Bacteroidaceae	816 Bacteroides	NA Bacteroides sp. [Bacteroides sp. 14(A)/Bacteroides timonensis/uncultured Bacteroides sp./Bacteroides cellulosilyticus/Bacteroides intestinalis]	GH92	1
02810	815 Bacteroidaceae	816 Bacteroides	NA Bacteroides sp. [Bacteroides sp. 14(A)/Bacteroides timonensis/uncultured Bacteroides sp./Bacteroides cellulosilyticus/Bacteroides intestinalis]	GH95	1
02810	815 Bacteroidaceae	816 Bacteroides	NA Bacteroides sp. [Bacteroides sp. 14(A)/Bacteroides timonensis/uncultured Bacteroides sp./Bacteroides cellulosilyticus/Bacteroides intestinalis]	GH97	1
03069	171550 Rikenellaceae	239759 Alistipes	NA Alistipes finegoldii/onderdonkii [Alistipes sp. CAG:29/Alistipes sp. AL-1/Alistipes finegoldii/Alistipes onderdonkii]	CBM32	0.92
03069	171550 Rikenellaceae	239759 Alistipes	NA Alistipes finegoldii/onderdonkii [Alistipes sp. CAG:29/Alistipes sp. AL-1/Alistipes finegoldii/Alistipes onderdonkii]	CBM51	0.98
03069	171550 Rikenellaceae	239759 Alistipes	NA Alistipes finegoldii/onderdonkii [Alistipes sp. CAG:29/Alistipes sp. AL-1/Alistipes finegoldii/Alistipes onderdonkii]	GH109	1
03069	171550 Rikenellaceae	239759 Alistipes	NA Alistipes finegoldii/onderdonkii [Alistipes sp. CAG:29/Alistipes sp. AL-1/Alistipes finegoldii/Alistipes onderdonkii]	GH110	0.98
03069	171550 Rikenellaceae	239759 Alistipes	NA Alistipes finegoldii/onderdonkii [Alistipes sp. CAG:29/Alistipes sp. AL-1/Alistipes finegoldii/Alistipes onderdonkii]	GH112	0
03069	171550 Rikenellaceae	239759 Alistipes	NA Alistipes finegoldii/onderdonkii [Alistipes sp. CAG:29/Alistipes sp. AL-1/Alistipes finegoldii/Alistipes onderdonkii]	GH123	0
03069	171550 Rikenellaceae	239759 Alistipes	NA Alistipes finegoldii/onderdonkii [Alistipes sp. CAG:29/Alistipes sp. AL-1/Alistipes finegoldii/Alistipes onderdonkii]	GH130	1
03069	171550 Rikenellaceae	239759 Alistipes	NA Alistipes finegoldii/onderdonkii [Alistipes sp. CAG:29/Alistipes sp. AL-1/Alistipes finegoldii/Alistipes onderdonkii]	GH136	0
03069	171550 Rikenellaceae	239759 Alistipes	NA Alistipes finegoldii/onderdonkii [Alistipes sp. CAG:29/Alistipes sp. AL-1/Alistipes finegoldii/Alistipes onderdonkii]	GH16	0
03069	171550 Rikenellaceae	239759 Alistipes	NA Alistipes finegoldii/onderdonkii [Alistipes sp. CAG:29/Alistipes sp. AL-1/Alistipes finegoldii/Alistipes onderdonkii]	GH18	1
03069	171550 Rikenellaceae	239759 Alistipes	NA Alistipes finegoldii/onderdonkii [Alistipes sp. CAG:29/Alistipes sp. AL-1/Alistipes finegoldii/Alistipes onderdonkii]	GH2	1
03069	171550 Rikenellaceae	239759 Alistipes	NA Alistipes finegoldii/onderdonkii [Alistipes sp. CAG:29/Alistipes sp. AL-1/Alistipes finegoldii/Alistipes onderdonkii]	GH20	1
03069	171550 Rikenellaceae	239759 Alistipes	NA Alistipes finegoldii/onderdonkii [Alistipes sp. CAG:29/Alistipes sp. AL-1/Alistipes finegoldii/Alistipes onderdonkii]	GH27	1
03069	171550 Rikenellaceae	239759 Alistipes	NA Alistipes finegoldii/onderdonkii [Alistipes sp. CAG:29/Alistipes sp. AL-1/Alistipes finegoldii/Alistipes onderdonkii]	GH29	0.74
03069	171550 Rikenellaceae	239759 Alistipes	NA Alistipes finegoldii/onderdonkii [Alistipes sp. CAG:29/Alistipes sp. AL-1/Alistipes finegoldii/Alistipes onderdonkii]	GH31	0.96
03069	171550 Rikenellaceae	239759 Alistipes	NA Alistipes finegoldii/onderdonkii [Alistipes sp. CAG:29/Alistipes sp. AL-1/Alistipes finegoldii/Alistipes onderdonkii]	GH33	0.1
03069	171550 Rikenellaceae	239759 Alistipes	NA Alistipes finegoldii/onderdonkii [Alistipes sp. CAG:29/Alistipes sp. AL-1/Alistipes finegoldii/Alistipes onderdonkii]	GH35	0
03069	171550 Rikenellaceae	239759 Alistipes	NA Alistipes finegoldii/onderdonkii [Alistipes sp. CAG:29/Alistipes sp. AL-1/Alistipes finegoldii/Alistipes onderdonkii]	GH36	0.96
03069	171550 Rikenellaceae	239759 Alistipes	NA Alistipes finegoldii/onderdonkii [Alistipes sp. CAG:29/Alistipes sp. AL-1/Alistipes finegoldii/Alistipes onderdonkii]	GH42	0
03069	171550 Rikenellaceae	239759 Alistipes	NA Alistipes finegoldii/onderdonkii [Alistipes sp. CAG:29/Alistipes sp. AL-1/Alistipes finegoldii/Alistipes onderdonkii]	GH84	0
03069	171550 Rikenellaceae	239759 Alistipes	NA Alistipes finegoldii/onderdonkii [Alistipes sp. CAG:29/Alistipes sp. AL-1/Alistipes finegoldii/Alistipes onderdonkii]	GH85	0
03069	171550 Rikenellaceae	239759 Alistipes	NA Alistipes finegoldii/onderdonkii [Alistipes sp. CAG:29/Alistipes sp. AL-1/Alistipes finegoldii/Alistipes onderdonkii]	GH89	0.22
03069	171550 Rikenellaceae	239759 Alistipes	NA Alistipes finegoldii/onderdonkii [Alistipes sp. CAG:29/Alistipes sp. AL-1/Alistipes finegoldii/Alistipes onderdonkii]	GH92	1
03069	171550 Rikenellaceae	239759 Alistipes	NA Alistipes finegoldii/onderdonkii [Alistipes sp. CAG:29/Alistipes sp. AL-1/Alistipes finegoldii/Alistipes onderdonkii]	GH95	0
03069	171550 Rikenellaceae	239759 Alistipes	NA Alistipes finegoldii/onderdonkii [Alistipes sp. CAG:29/Alistipes sp. AL-1/Alistipes finegoldii/Alistipes onderdonkii]	GH97	1
03342	186803 Lachnospiraceae	572511 Blautia	1737424 Blautia massiliensis [Blautia sp. KLE 1732/Blautia sp. SF-50/Blautia massiliensis/Ruminococcus sp. SR1/5/uncultured Blautia sp.]	CBM32	0.02
03342	186803 Lachnospiraceae	572511 Blautia	1737424 Blautia massiliensis [Blautia sp. KLE 1732/Blautia sp. SF-50/Blautia massiliensis/Ruminococcus sp. SR1/5/uncultured Blautia sp.]	CBM51	0.02
03342	186803 Lachnospiraceae	572511 Blautia	1737424 Blautia massiliensis [Blautia sp. KLE 1732/Blautia sp. SF-50/Blautia massiliensis/Ruminococcus sp. SR1/5/uncultured Blautia sp.]	GH109	0.02
03342	186803 Lachnospiraceae	572511 Blautia	1737424 Blautia massiliensis [Blautia sp. KLE 1732/Blautia sp. SF-50/Blautia massiliensis/Ruminococcus sp. SR1/5/uncultured Blautia sp.]	GH110	0
03342	186803 Lachnospiraceae	572511 Blautia	1737424 Blautia massiliensis [Blautia sp. KLE 1732/Blautia sp. SF-50/Blautia massiliensis/Ruminococcus sp. SR1/5/uncultured Blautia sp.]	GH112	0.96
03342	186803 Lachnospiraceae	572511 Blautia	1737424 Blautia massiliensis [Blautia sp. KLE 1732/Blautia sp. SF-50/Blautia massiliensis/Ruminococcus sp. SR1/5/uncultured Blautia sp.]	GH123	0.02
03342	186803 Lachnospiraceae	572511 Blautia	1737424 Blautia massiliensis [Blautia sp. KLE 1732/Blautia sp. SF-50/Blautia massiliensis/Ruminococcus sp. SR1/5/uncultured Blautia sp.]	GH130	0.18
03342	186803 Lachnospiraceae	572511 Blautia	1737424 Blautia massiliensis [Blautia sp. KLE 1732/Blautia sp. SF-50/Blautia massiliensis/Ruminococcus sp. SR1/5/uncultured Blautia sp.]	GH136	0.1
03342	186803 Lachnospiraceae	572511 Blautia	1737424 Blautia massiliensis [Blautia sp. KLE 1732/Blautia sp. SF-50/Blautia massiliensis/Ruminococcus sp. SR1/5/uncultured Blautia sp.]	GH16	0.02
03342	186803 Lachnospiraceae	572511 Blautia	1737424 Blautia massiliensis [Blautia sp. KLE 1732/Blautia sp. SF-50/Blautia massiliensis/Ruminococcus sp. SR1/5/uncultured Blautia sp.]	GH18	0.96
03342	186803 Lachnospiraceae	572511 Blautia	1737424 Blautia massiliensis [Blautia sp. KLE 1732/Blautia sp. SF-50/Blautia massiliensis/Ruminococcus sp. SR1/5/uncultured Blautia sp.]	GH2	1
03342	186803 Lachnospiraceae	572511 Blautia	1737424 Blautia massiliensis [Blautia sp. KLE 1732/Blautia sp. SF-50/Blautia massiliensis/Ruminococcus sp. SR1/5/uncultured Blautia sp.]	GH20	0.26
03342	186803 Lachnospiraceae	572511 Blautia	1737424 Blautia massiliensis [Blautia sp. KLE 1732/Blautia sp. SF-50/Blautia massiliensis/Ruminococcus sp. SR1/5/uncultured Blautia sp.]	GH27	0.1
03342	186803 Lachnospiraceae	572511 Blautia	1737424 Blautia massiliensis [Blautia sp. KLE 1732/Blautia sp. SF-50/Blautia massiliensis/Ruminococcus sp. SR1/5/uncultured Blautia sp.]	GH29	0.96
03342	186803 Lachnospiraceae	572511 Blautia	1737424 Blautia massiliensis [Blautia sp. KLE 1732/Blautia sp. SF-50/Blautia massiliensis/Ruminococcus sp. SR1/5/uncultured Blautia sp.]	GH31	0.96
03342	186803 Lachnospiraceae	572511 Blautia	1737424 Blautia massiliensis [Blautia sp. KLE 1732/Blautia sp. SF-50/Blautia massiliensis/Ruminococcus sp. SR1/5/uncultured Blautia sp.]	GH33	0.02
03342	186803 Lachnospiraceae	572511 Blautia	1737424 Blautia massiliensis [Blautia sp. KLE 1732/Blautia sp. SF-50/Blautia massiliensis/Ruminococcus sp. SR1/5/uncultured Blautia sp.]	GH35	0.02
03342	186803 Lachnospiraceae	572511 Blautia	1737424 Blautia massiliensis [Blautia sp. KLE 1732/Blautia sp. SF-50/Blautia massiliensis/Ruminococcus sp. SR1/5/uncultured Blautia sp.]	GH36	1
03342	186803 Lachnospiraceae	572511 Blautia	1737424 Blautia massiliensis [Blautia sp. KLE 1732/Blautia sp. SF-50/Blautia massiliensis/Ruminococcus sp. SR1/5/uncultured Blautia sp.]	GH42	0.94
03342	186803 Lachnospiraceae	572511 Blautia	1737424 Blautia massiliensis [Blautia sp. KLE 1732/Blautia sp. SF-50/Blautia massiliensis/Ruminococcus sp. SR1/5/uncultured Blautia sp.]	GH84	0
03342	186803 Lachnospiraceae	572511 Blautia	1737424 Blautia massiliensis [Blautia sp. KLE 1732/Blautia sp. SF-50/Blautia massiliensis/Ruminococcus sp. SR1/5/uncultured Blautia sp.]	GH85	0
03342	186803 Lachnospiraceae	572511 Blautia	1737424 Blautia massiliensis [Blautia sp. KLE 1732/Blautia sp. SF-50/Blautia massiliensis/Ruminococcus sp. SR1/5/uncultured Blautia sp.]	GH89	0
03342	186803 Lachnospiraceae	572511 Blautia	1737424 Blautia massiliensis [Blautia sp. KLE 1732/Blautia sp. SF-50/Blautia massiliensis/Ruminococcus sp. SR1/5/uncultured Blautia sp.]	GH92	0
03342	186803 Lachnospiraceae	572511 Blautia	1737424 Blautia massiliensis [Blautia sp. KLE 1732/Blautia sp. SF-50/Blautia massiliensis/Ruminococcus sp. SR1/5/uncultured Blautia sp.]	GH95	0.24
03342	186803 Lachnospiraceae	572511 Blautia	1737424 Blautia massiliensis [Blautia sp. KLE 1732/Blautia sp. SF-50/Blautia massiliensis/Ruminococcus sp. SR1/5/uncultured Blautia sp.]	GH97	0
03435	31979 Clostridiaceae	1649459 Hungatella	154046 Hungatella hathewayi [Clostridium hathewayi CAG:224/Hungatella hathewayi]	CBM32	0
03435	31979 Clostridiaceae	1649459 Hungatella	154046 Hungatella hathewayi [Clostridium hathewayi CAG:224/Hungatella hathewayi]	CBM51	0
03435	31979 Clostridiaceae	1649459 Hungatella	154046 Hungatella hathewayi [Clostridium hathewayi CAG:224/Hungatella hathewayi]	GH109	0
03435	31979 Clostridiaceae	1649459 Hungatella	154046 Hungatella hathewayi [Clostridium hathewayi CAG:224/Hungatella hathewayi]	GH110	0
03435	31979 Clostridiaceae	1649459 Hungatella	154046 Hungatella hathewayi [Clostridium hathewayi CAG:224/Hungatella hathewayi]	GH112	1
03435	31979 Clostridiaceae	1649459 Hungatella	154046 Hungatella hathewayi [Clostridium hathewayi CAG:224/Hungatella hathewayi]	GH123	1
03435	31979 Clostridiaceae	1649459 Hungatella	154046 Hungatella hathewayi [Clostridium hathewayi CAG:224/Hungatella hathewayi]	GH130	0.5
03435	31979 Clostridiaceae	1649459 Hungatella	154046 Hungatella hathewayi [Clostridium hathewayi CAG:224/Hungatella hathewayi]	GH136	1
03435	31979 Clostridiaceae	1649459 Hungatella	154046 Hungatella hathewayi [Clostridium hathewayi CAG:224/Hungatella hathewayi]	GH16	0
03435	31979 Clostridiaceae	1649459 Hungatella	154046 Hungatella hathewayi [Clostridium hathewayi CAG:224/Hungatella hathewayi]	GH18	1
03435	31979 Clostridiaceae	1649459 Hungatella	154046 Hungatella hathewayi [Clostridium hathewayi CAG:224/Hungatella hathewayi]	GH2	1
03435	31979 Clostridiaceae	1649459 Hungatella	154046 Hungatella hathewayi [Clostridium hathewayi CAG:224/Hungatella hathewayi]	GH20	1
03435	31979 Clostridiaceae	1649459 Hungatella	154046 Hungatella hathewayi [Clostridium hathewayi CAG:224/Hungatella hathewayi]	GH27	0
03435	31979 Clostridiaceae	1649459 Hungatella	154046 Hungatella hathewayi [Clostridium hathewayi CAG:224/Hungatella hathewayi]	GH29	1
03435	31979 Clostridiaceae	1649459 Hungatella	154046 Hungatella hathewayi [Clostridium hathewayi CAG:224/Hungatella hathewayi]	GH31	1
03435	31979 Clostridiaceae	1649459 Hungatella	154046 Hungatella hathewayi [Clostridium hathewayi CAG:224/Hungatella hathewayi]	GH33	1
03435	31979 Clostridiaceae	1649459 Hungatella	154046 Hungatella hathewayi [Clostridium hathewayi CAG:224/Hungatella hathewayi]	GH35	1
03435	31979 Clostridiaceae	1649459 Hungatella	154046 Hungatella hathewayi [Clostridium hathewayi CAG:224/Hungatella hathewayi]	GH36	1
03435	31979 Clostridiaceae	1649459 Hungatella	154046 Hungatella hathewayi [Clostridium hathewayi CAG:224/Hungatella hathewayi]	GH42	1
03435	31979 Clostridiaceae	1649459 Hungatella	154046 Hungatella hathewayi [Clostridium hathewayi CAG:224/Hungatella hathewayi]	GH84	0
03435	31979 Clostridiaceae	1649459 Hungatella	154046 Hungatella hathewayi [Clostridium hathewayi CAG:224/Hungatella hathewayi]	GH85	0
03435	31979 Clostridiaceae	1649459 Hungatella	154046 Hungatella hathewayi [Clostridium hathewayi CAG:224/Hungatella hathewayi]	GH89	0
03435	31979 Clostridiaceae	1649459 Hungatella	154046 Hungatella hathewayi [Clostridium hathewayi CAG:224/Hungatella hathewayi]	GH92	0
03435	31979 Clostridiaceae	1649459 Hungatella	154046 Hungatella hathewayi [Clostridium hathewayi CAG:224/Hungatella hathewayi]	GH95	0
03435	31979 Clostridiaceae	1649459 Hungatella	154046 Hungatella hathewayi [Clostridium hathewayi CAG:224/Hungatella hathewayi]	GH97	0
03436	31979 Clostridiaceae	1649459 Hungatella	154046 Hungatella hathewayi [Hungatella hathewayi/Clostridia bacterium UC5.1-1F8]	CBM32	0.02
03436	31979 Clostridiaceae	1649459 Hungatella	154046 Hungatella hathewayi [Hungatella hathewayi/Clostridia bacterium UC5.1-1F8]	CBM51	0.2
03436	31979 Clostridiaceae	1649459 Hungatella	154046 Hungatella hathewayi [Hungatella hathewayi/Clostridia bacterium UC5.1-1F8]	GH109	0
03436	31979 Clostridiaceae	1649459 Hungatella	154046 Hungatella hathewayi [Hungatella hathewayi/Clostridia bacterium UC5.1-1F8]	GH110	0.84
03436	31979 Clostridiaceae	1649459 Hungatella	154046 Hungatella hathewayi [Hungatella hathewayi/Clostridia bacterium UC5.1-1F8]	GH112	1
03436	31979 Clostridiaceae	1649459 Hungatella	154046 Hungatella hathewayi [Hungatella hathewayi/Clostridia bacterium UC5.1-1F8]	GH123	0.96
03436	31979 Clostridiaceae	1649459 Hungatella	154046 Hungatella hathewayi [Hungatella hathewayi/Clostridia bacterium UC5.1-1F8]	GH130	0.9
03436	31979 Clostridiaceae	1649459 Hungatella	154046 Hungatella hathewayi [Hungatella hathewayi/Clostridia bacterium UC5.1-1F8]	GH136	0.98
03436	31979 Clostridiaceae	1649459 Hungatella	154046 Hungatella hathewayi [Hungatella hathewayi/Clostridia bacterium UC5.1-1F8]	GH16	0.66
03436	31979 Clostridiaceae	1649459 Hungatella	154046 Hungatella hathewayi [Hungatella hathewayi/Clostridia bacterium UC5.1-1F8]	GH18	1
03436	31979 Clostridiaceae	1649459 Hungatella	154046 Hungatella hathewayi [Hungatella hathewayi/Clostridia bacterium UC5.1-1F8]	GH2	1
03436	31979 Clostridiaceae	1649459 Hungatella	154046 Hungatella hathewayi [Hungatella hathewayi/Clostridia bacterium UC5.1-1F8]	GH20	0.98
03436	31979 Clostridiaceae	1649459 Hungatella	154046 Hungatella hathewayi [Hungatella hathewayi/Clostridia bacterium UC5.1-1F8]	GH27	0.02
03436	31979 Clostridiaceae	1649459 Hungatella	154046 Hungatella hathewayi [Hungatella hathewayi/Clostridia bacterium UC5.1-1F8]	GH29	0.98
03436	31979 Clostridiaceae	1649459 Hungatella	154046 Hungatella hathewayi [Hungatella hathewayi/Clostridia bacterium UC5.1-1F8]	GH31	1
03436	31979 Clostridiaceae	1649459 Hungatella	154046 Hungatella hathewayi [Hungatella hathewayi/Clostridia bacterium UC5.1-1F8]	GH33	0.94
03436	31979 Clostridiaceae	1649459 Hungatella	154046 Hungatella hathewayi [Hungatella hathewayi/Clostridia bacterium UC5.1-1F8]	GH35	0.66
03436	31979 Clostridiaceae	1649459 Hungatella	154046 Hungatella hathewayi [Hungatella hathewayi/Clostridia bacterium UC5.1-1F8]	GH36	0.98
03436	31979 Clostridiaceae	1649459 Hungatella	154046 Hungatella hathewayi [Hungatella hathewayi/Clostridia bacterium UC5.1-1F8]	GH42	0.98
03436	31979 Clostridiaceae	1649459 Hungatella	154046 Hungatella hathewayi [Hungatella hathewayi/Clostridia bacterium UC5.1-1F8]	GH84	0
03436	31979 Clostridiaceae	1649459 Hungatella	154046 Hungatella hathewayi [Hungatella hathewayi/Clostridia bacterium UC5.1-1F8]	GH85	0
03436	31979 Clostridiaceae	1649459 Hungatella	154046 Hungatella hathewayi [Hungatella hathewayi/Clostridia bacterium UC5.1-1F8]	GH89	0
03436	31979 Clostridiaceae	1649459 Hungatella	154046 Hungatella hathewayi [Hungatella hathewayi/Clostridia bacterium UC5.1-1F8]	GH92	0
03436	31979 Clostridiaceae	1649459 Hungatella	154046 Hungatella hathewayi [Hungatella hathewayi/Clostridia bacterium UC5.1-1F8]	GH95	0.28
03436	31979 Clostridiaceae	1649459 Hungatella	154046 Hungatella hathewayi [Hungatella hathewayi/Clostridia bacterium UC5.1-1F8]	GH97	0.12
03439	128827 Erysipelotrichaceae	1505663 Erysipelatoclostridium	1547 Erysipelatoclostridium ramosum [Clostridiales bacterium VE202-18/Coprobacillus sp. CAG:183/Erysipelatoclostridium ramosum/Clostridia bacterium UC5.1-2H6/Coprobacillus sp. 8_2_54BFAA/Coprobacillus sp. D7/Coprobacillus sp. 3_3_56FAA]	CBM32	0.98
03439	128827 Erysipelotrichaceae	1505663 Erysipelatoclostridium	1547 Erysipelatoclostridium ramosum [Clostridiales bacterium VE202-18/Coprobacillus sp. CAG:183/Erysipelatoclostridium ramosum/Clostridia bacterium UC5.1-2H6/Coprobacillus sp. 8_2_54BFAA/Coprobacillus sp. D7/Coprobacillus sp. 3_3_56FAA]	CBM51	0.06
03439	128827 Erysipelotrichaceae	1505663 Erysipelatoclostridium	1547 Erysipelatoclostridium ramosum [Clostridiales bacterium VE202-18/Coprobacillus sp. CAG:183/Erysipelatoclostridium ramosum/Clostridia bacterium UC5.1-2H6/Coprobacillus sp. 8_2_54BFAA/Coprobacillus sp. D7/Coprobacillus sp. 3_3_56FAA]	GH109	0
03439	128827 Erysipelotrichaceae	1505663 Erysipelatoclostridium	1547 Erysipelatoclostridium ramosum [Clostridiales bacterium VE202-18/Coprobacillus sp. CAG:183/Erysipelatoclostridium ramosum/Clostridia bacterium UC5.1-2H6/Coprobacillus sp. 8_2_54BFAA/Coprobacillus sp. D7/Coprobacillus sp. 3_3_56FAA]	GH110	0
03439	128827 Erysipelotrichaceae	1505663 Erysipelatoclostridium	1547 Erysipelatoclostridium ramosum [Clostridiales bacterium VE202-18/Coprobacillus sp. CAG:183/Erysipelatoclostridium ramosum/Clostridia bacterium UC5.1-2H6/Coprobacillus sp. 8_2_54BFAA/Coprobacillus sp. D7/Coprobacillus sp. 3_3_56FAA]	GH112	0.98
03439	128827 Erysipelotrichaceae	1505663 Erysipelatoclostridium	1547 Erysipelatoclostridium ramosum [Clostridiales bacterium VE202-18/Coprobacillus sp. CAG:183/Erysipelatoclostridium ramosum/Clostridia bacterium UC5.1-2H6/Coprobacillus sp. 8_2_54BFAA/Coprobacillus sp. D7/Coprobacillus sp. 3_3_56FAA]	GH123	0
03439	128827 Erysipelotrichaceae	1505663 Erysipelatoclostridium	1547 Erysipelatoclostridium ramosum [Clostridiales bacterium VE202-18/Coprobacillus sp. CAG:183/Erysipelatoclostridium ramosum/Clostridia bacterium UC5.1-2H6/Coprobacillus sp. 8_2_54BFAA/Coprobacillus sp. D7/Coprobacillus sp. 3_3_56FAA]	GH130	0
03439	128827 Erysipelotrichaceae	1505663 Erysipelatoclostridium	1547 Erysipelatoclostridium ramosum [Clostridiales bacterium VE202-18/Coprobacillus sp. CAG:183/Erysipelatoclostridium ramosum/Clostridia bacterium UC5.1-2H6/Coprobacillus sp. 8_2_54BFAA/Coprobacillus sp. D7/Coprobacillus sp. 3_3_56FAA]	GH136	0.02
03439	128827 Erysipelotrichaceae	1505663 Erysipelatoclostridium	1547 Erysipelatoclostridium ramosum [Clostridiales bacterium VE202-18/Coprobacillus sp. CAG:183/Erysipelatoclostridium ramosum/Clostridia bacterium UC5.1-2H6/Coprobacillus sp. 8_2_54BFAA/Coprobacillus sp. D7/Coprobacillus sp. 3_3_56FAA]	GH16	0.96
03439	128827 Erysipelotrichaceae	1505663 Erysipelatoclostridium	1547 Erysipelatoclostridium ramosum [Clostridiales bacterium VE202-18/Coprobacillus sp. CAG:183/Erysipelatoclostridium ramosum/Clostridia bacterium UC5.1-2H6/Coprobacillus sp. 8_2_54BFAA/Coprobacillus sp. D7/Coprobacillus sp. 3_3_56FAA]	GH18	0
03439	128827 Erysipelotrichaceae	1505663 Erysipelatoclostridium	1547 Erysipelatoclostridium ramosum [Clostridiales bacterium VE202-18/Coprobacillus sp. CAG:183/Erysipelatoclostridium ramosum/Clostridia bacterium UC5.1-2H6/Coprobacillus sp. 8_2_54BFAA/Coprobacillus sp. D7/Coprobacillus sp. 3_3_56FAA]	GH2	1
03439	128827 Erysipelotrichaceae	1505663 Erysipelatoclostridium	1547 Erysipelatoclostridium ramosum [Clostridiales bacterium VE202-18/Coprobacillus sp. CAG:183/Erysipelatoclostridium ramosum/Clostridia bacterium UC5.1-2H6/Coprobacillus sp. 8_2_54BFAA/Coprobacillus sp. D7/Coprobacillus sp. 3_3_56FAA]	GH20	0.98
03439	128827 Erysipelotrichaceae	1505663 Erysipelatoclostridium	1547 Erysipelatoclostridium ramosum [Clostridiales bacterium VE202-18/Coprobacillus sp. CAG:183/Erysipelatoclostridium ramosum/Clostridia bacterium UC5.1-2H6/Coprobacillus sp. 8_2_54BFAA/Coprobacillus sp. D7/Coprobacillus sp. 3_3_56FAA]	GH27	0
03439	128827 Erysipelotrichaceae	1505663 Erysipelatoclostridium	1547 Erysipelatoclostridium ramosum [Clostridiales bacterium VE202-18/Coprobacillus sp. CAG:183/Erysipelatoclostridium ramosum/Clostridia bacterium UC5.1-2H6/Coprobacillus sp. 8_2_54BFAA/Coprobacillus sp. D7/Coprobacillus sp. 3_3_56FAA]	GH29	0
03439	128827 Erysipelotrichaceae	1505663 Erysipelatoclostridium	1547 Erysipelatoclostridium ramosum [Clostridiales bacterium VE202-18/Coprobacillus sp. CAG:183/Erysipelatoclostridium ramosum/Clostridia bacterium UC5.1-2H6/Coprobacillus sp. 8_2_54BFAA/Coprobacillus sp. D7/Coprobacillus sp. 3_3_56FAA]	GH31	0
03439	128827 Erysipelotrichaceae	1505663 Erysipelatoclostridium	1547 Erysipelatoclostridium ramosum [Clostridiales bacterium VE202-18/Coprobacillus sp. CAG:183/Erysipelatoclostridium ramosum/Clostridia bacterium UC5.1-2H6/Coprobacillus sp. 8_2_54BFAA/Coprobacillus sp. D7/Coprobacillus sp. 3_3_56FAA]	GH33	0.08
03439	128827 Erysipelotrichaceae	1505663 Erysipelatoclostridium	1547 Erysipelatoclostridium ramosum [Clostridiales bacterium VE202-18/Coprobacillus sp. CAG:183/Erysipelatoclostridium ramosum/Clostridia bacterium UC5.1-2H6/Coprobacillus sp. 8_2_54BFAA/Coprobacillus sp. D7/Coprobacillus sp. 3_3_56FAA]	GH35	0.98
03439	128827 Erysipelotrichaceae	1505663 Erysipelatoclostridium	1547 Erysipelatoclostridium ramosum [Clostridiales bacterium VE202-18/Coprobacillus sp. CAG:183/Erysipelatoclostridium ramosum/Clostridia bacterium UC5.1-2H6/Coprobacillus sp. 8_2_54BFAA/Coprobacillus sp. D7/Coprobacillus sp. 3_3_56FAA]	GH36	0.96
03439	128827 Erysipelotrichaceae	1505663 Erysipelatoclostridium	1547 Erysipelatoclostridium ramosum [Clostridiales bacterium VE202-18/Coprobacillus sp. CAG:183/Erysipelatoclostridium ramosum/Clostridia bacterium UC5.1-2H6/Coprobacillus sp. 8_2_54BFAA/Coprobacillus sp. D7/Coprobacillus sp. 3_3_56FAA]	GH42	0
03439	128827 Erysipelotrichaceae	1505663 Erysipelatoclostridium	1547 Erysipelatoclostridium ramosum [Clostridiales bacterium VE202-18/Coprobacillus sp. CAG:183/Erysipelatoclostridium ramosum/Clostridia bacterium UC5.1-2H6/Coprobacillus sp. 8_2_54BFAA/Coprobacillus sp. D7/Coprobacillus sp. 3_3_56FAA]	GH84	0.96
03439	128827 Erysipelotrichaceae	1505663 Erysipelatoclostridium	1547 Erysipelatoclostridium ramosum [Clostridiales bacterium VE202-18/Coprobacillus sp. CAG:183/Erysipelatoclostridium ramosum/Clostridia bacterium UC5.1-2H6/Coprobacillus sp. 8_2_54BFAA/Coprobacillus sp. D7/Coprobacillus sp. 3_3_56FAA]	GH85	0
03439	128827 Erysipelotrichaceae	1505663 Erysipelatoclostridium	1547 Erysipelatoclostridium ramosum [Clostridiales bacterium VE202-18/Coprobacillus sp. CAG:183/Erysipelatoclostridium ramosum/Clostridia bacterium UC5.1-2H6/Coprobacillus sp. 8_2_54BFAA/Coprobacillus sp. D7/Coprobacillus sp. 3_3_56FAA]	GH89	0
03439	128827 Erysipelotrichaceae	1505663 Erysipelatoclostridium	1547 Erysipelatoclostridium ramosum [Clostridiales bacterium VE202-18/Coprobacillus sp. CAG:183/Erysipelatoclostridium ramosum/Clostridia bacterium UC5.1-2H6/Coprobacillus sp. 8_2_54BFAA/Coprobacillus sp. D7/Coprobacillus sp. 3_3_56FAA]	GH92	0
03439	128827 Erysipelotrichaceae	1505663 Erysipelatoclostridium	1547 Erysipelatoclostridium ramosum [Clostridiales bacterium VE202-18/Coprobacillus sp. CAG:183/Erysipelatoclostridium ramosum/Clostridia bacterium UC5.1-2H6/Coprobacillus sp. 8_2_54BFAA/Coprobacillus sp. D7/Coprobacillus sp. 3_3_56FAA]	GH95	0
03439	128827 Erysipelotrichaceae	1505663 Erysipelatoclostridium	1547 Erysipelatoclostridium ramosum [Clostridiales bacterium VE202-18/Coprobacillus sp. CAG:183/Erysipelatoclostridium ramosum/Clostridia bacterium UC5.1-2H6/Coprobacillus sp. 8_2_54BFAA/Coprobacillus sp. D7/Coprobacillus sp. 3_3_56FAA]	GH97	0
03445	186803 Lachnospiraceae	2005359 Faecalicatena	39482 Faecalicatena contorta [Clostridiales bacterium VE202-21/Eubacterium sp. SB2/Faecalicatena contorta]	CBM32	0.14285714285714285
03445	186803 Lachnospiraceae	2005359 Faecalicatena	39482 Faecalicatena contorta [Clostridiales bacterium VE202-21/Eubacterium sp. SB2/Faecalicatena contorta]	CBM51	0
03445	186803 Lachnospiraceae	2005359 Faecalicatena	39482 Faecalicatena contorta [Clostridiales bacterium VE202-21/Eubacterium sp. SB2/Faecalicatena contorta]	GH109	0
03445	186803 Lachnospiraceae	2005359 Faecalicatena	39482 Faecalicatena contorta [Clostridiales bacterium VE202-21/Eubacterium sp. SB2/Faecalicatena contorta]	GH110	0
03445	186803 Lachnospiraceae	2005359 Faecalicatena	39482 Faecalicatena contorta [Clostridiales bacterium VE202-21/Eubacterium sp. SB2/Faecalicatena contorta]	GH112	0.8571428571428571
03445	186803 Lachnospiraceae	2005359 Faecalicatena	39482 Faecalicatena contorta [Clostridiales bacterium VE202-21/Eubacterium sp. SB2/Faecalicatena contorta]	GH123	0
03445	186803 Lachnospiraceae	2005359 Faecalicatena	39482 Faecalicatena contorta [Clostridiales bacterium VE202-21/Eubacterium sp. SB2/Faecalicatena contorta]	GH130	0
03445	186803 Lachnospiraceae	2005359 Faecalicatena	39482 Faecalicatena contorta [Clostridiales bacterium VE202-21/Eubacterium sp. SB2/Faecalicatena contorta]	GH136	0
03445	186803 Lachnospiraceae	2005359 Faecalicatena	39482 Faecalicatena contorta [Clostridiales bacterium VE202-21/Eubacterium sp. SB2/Faecalicatena contorta]	GH16	0
03445	186803 Lachnospiraceae	2005359 Faecalicatena	39482 Faecalicatena contorta [Clostridiales bacterium VE202-21/Eubacterium sp. SB2/Faecalicatena contorta]	GH18	1
03445	186803 Lachnospiraceae	2005359 Faecalicatena	39482 Faecalicatena contorta [Clostridiales bacterium VE202-21/Eubacterium sp. SB2/Faecalicatena contorta]	GH2	1
03445	186803 Lachnospiraceae	2005359 Faecalicatena	39482 Faecalicatena contorta [Clostridiales bacterium VE202-21/Eubacterium sp. SB2/Faecalicatena contorta]	GH20	0
03445	186803 Lachnospiraceae	2005359 Faecalicatena	39482 Faecalicatena contorta [Clostridiales bacterium VE202-21/Eubacterium sp. SB2/Faecalicatena contorta]	GH27	0
03445	186803 Lachnospiraceae	2005359 Faecalicatena	39482 Faecalicatena contorta [Clostridiales bacterium VE202-21/Eubacterium sp. SB2/Faecalicatena contorta]	GH29	1
03445	186803 Lachnospiraceae	2005359 Faecalicatena	39482 Faecalicatena contorta [Clostridiales bacterium VE202-21/Eubacterium sp. SB2/Faecalicatena contorta]	GH31	1
03445	186803 Lachnospiraceae	2005359 Faecalicatena	39482 Faecalicatena contorta [Clostridiales bacterium VE202-21/Eubacterium sp. SB2/Faecalicatena contorta]	GH33	0.2857142857142857
03445	186803 Lachnospiraceae	2005359 Faecalicatena	39482 Faecalicatena contorta [Clostridiales bacterium VE202-21/Eubacterium sp. SB2/Faecalicatena contorta]	GH35	1
03445	186803 Lachnospiraceae	2005359 Faecalicatena	39482 Faecalicatena contorta [Clostridiales bacterium VE202-21/Eubacterium sp. SB2/Faecalicatena contorta]	GH36	1
03445	186803 Lachnospiraceae	2005359 Faecalicatena	39482 Faecalicatena contorta [Clostridiales bacterium VE202-21/Eubacterium sp. SB2/Faecalicatena contorta]	GH42	1
03445	186803 Lachnospiraceae	2005359 Faecalicatena	39482 Faecalicatena contorta [Clostridiales bacterium VE202-21/Eubacterium sp. SB2/Faecalicatena contorta]	GH84	0
03445	186803 Lachnospiraceae	2005359 Faecalicatena	39482 Faecalicatena contorta [Clostridiales bacterium VE202-21/Eubacterium sp. SB2/Faecalicatena contorta]	GH85	0
03445	186803 Lachnospiraceae	2005359 Faecalicatena	39482 Faecalicatena contorta [Clostridiales bacterium VE202-21/Eubacterium sp. SB2/Faecalicatena contorta]	GH89	0
03445	186803 Lachnospiraceae	2005359 Faecalicatena	39482 Faecalicatena contorta [Clostridiales bacterium VE202-21/Eubacterium sp. SB2/Faecalicatena contorta]	GH92	0
03445	186803 Lachnospiraceae	2005359 Faecalicatena	39482 Faecalicatena contorta [Clostridiales bacterium VE202-21/Eubacterium sp. SB2/Faecalicatena contorta]	GH95	1
03445	186803 Lachnospiraceae	2005359 Faecalicatena	39482 Faecalicatena contorta [Clostridiales bacterium VE202-21/Eubacterium sp. SB2/Faecalicatena contorta]	GH97	0
03446	186803 Lachnospiraceae	1432051 Eisenbergiella	1432052 Eisenbergiella tayi [Clostridiales bacterium VE202-29/Eisenbergiella tayi/Lachnospiraceae bacterium NLAE-zl-G231/Lachnospiraceae bacterium 3_1_57FAA_CT1]	CBM32	0.96
03446	186803 Lachnospiraceae	1432051 Eisenbergiella	1432052 Eisenbergiella tayi [Clostridiales bacterium VE202-29/Eisenbergiella tayi/Lachnospiraceae bacterium NLAE-zl-G231/Lachnospiraceae bacterium 3_1_57FAA_CT1]	CBM51	0.96
03446	186803 Lachnospiraceae	1432051 Eisenbergiella	1432052 Eisenbergiella tayi [Clostridiales bacterium VE202-29/Eisenbergiella tayi/Lachnospiraceae bacterium NLAE-zl-G231/Lachnospiraceae bacterium 3_1_57FAA_CT1]	GH109	0.96
03446	186803 Lachnospiraceae	1432051 Eisenbergiella	1432052 Eisenbergiella tayi [Clostridiales bacterium VE202-29/Eisenbergiella tayi/Lachnospiraceae bacterium NLAE-zl-G231/Lachnospiraceae bacterium 3_1_57FAA_CT1]	GH110	0.22
03446	186803 Lachnospiraceae	1432051 Eisenbergiella	1432052 Eisenbergiella tayi [Clostridiales bacterium VE202-29/Eisenbergiella tayi/Lachnospiraceae bacterium NLAE-zl-G231/Lachnospiraceae bacterium 3_1_57FAA_CT1]	GH112	0.96
03446	186803 Lachnospiraceae	1432051 Eisenbergiella	1432052 Eisenbergiella tayi [Clostridiales bacterium VE202-29/Eisenbergiella tayi/Lachnospiraceae bacterium NLAE-zl-G231/Lachnospiraceae bacterium 3_1_57FAA_CT1]	GH123	0.88
03446	186803 Lachnospiraceae	1432051 Eisenbergiella	1432052 Eisenbergiella tayi [Clostridiales bacterium VE202-29/Eisenbergiella tayi/Lachnospiraceae bacterium NLAE-zl-G231/Lachnospiraceae bacterium 3_1_57FAA_CT1]	GH130	0.02
03446	186803 Lachnospiraceae	1432051 Eisenbergiella	1432052 Eisenbergiella tayi [Clostridiales bacterium VE202-29/Eisenbergiella tayi/Lachnospiraceae bacterium NLAE-zl-G231/Lachnospiraceae bacterium 3_1_57FAA_CT1]	GH136	0.9
03446	186803 Lachnospiraceae	1432051 Eisenbergiella	1432052 Eisenbergiella tayi [Clostridiales bacterium VE202-29/Eisenbergiella tayi/Lachnospiraceae bacterium NLAE-zl-G231/Lachnospiraceae bacterium 3_1_57FAA_CT1]	GH16	0.04
03446	186803 Lachnospiraceae	1432051 Eisenbergiella	1432052 Eisenbergiella tayi [Clostridiales bacterium VE202-29/Eisenbergiella tayi/Lachnospiraceae bacterium NLAE-zl-G231/Lachnospiraceae bacterium 3_1_57FAA_CT1]	GH18	0.98
03446	186803 Lachnospiraceae	1432051 Eisenbergiella	1432052 Eisenbergiella tayi [Clostridiales bacterium VE202-29/Eisenbergiella tayi/Lachnospiraceae bacterium NLAE-zl-G231/Lachnospiraceae bacterium 3_1_57FAA_CT1]	GH2	1
03446	186803 Lachnospiraceae	1432051 Eisenbergiella	1432052 Eisenbergiella tayi [Clostridiales bacterium VE202-29/Eisenbergiella tayi/Lachnospiraceae bacterium NLAE-zl-G231/Lachnospiraceae bacterium 3_1_57FAA_CT1]	GH20	0.98
03446	186803 Lachnospiraceae	1432051 Eisenbergiella	1432052 Eisenbergiella tayi [Clostridiales bacterium VE202-29/Eisenbergiella tayi/Lachnospiraceae bacterium NLAE-zl-G231/Lachnospiraceae bacterium 3_1_57FAA_CT1]	GH27	0.98
03446	186803 Lachnospiraceae	1432051 Eisenbergiella	1432052 Eisenbergiella tayi [Clostridiales bacterium VE202-29/Eisenbergiella tayi/Lachnospiraceae bacterium NLAE-zl-G231/Lachnospiraceae bacterium 3_1_57FAA_CT1]	GH29	0.98
03446	186803 Lachnospiraceae	1432051 Eisenbergiella	1432052 Eisenbergiella tayi [Clostridiales bacterium VE202-29/Eisenbergiella tayi/Lachnospiraceae bacterium NLAE-zl-G231/Lachnospiraceae bacterium 3_1_57FAA_CT1]	GH31	0.98
03446	186803 Lachnospiraceae	1432051 Eisenbergiella	1432052 Eisenbergiella tayi [Clostridiales bacterium VE202-29/Eisenbergiella tayi/Lachnospiraceae bacterium NLAE-zl-G231/Lachnospiraceae bacterium 3_1_57FAA_CT1]	GH33	0.98
03446	186803 Lachnospiraceae	1432051 Eisenbergiella	1432052 Eisenbergiella tayi [Clostridiales bacterium VE202-29/Eisenbergiella tayi/Lachnospiraceae bacterium NLAE-zl-G231/Lachnospiraceae bacterium 3_1_57FAA_CT1]	GH35	0.98
03446	186803 Lachnospiraceae	1432051 Eisenbergiella	1432052 Eisenbergiella tayi [Clostridiales bacterium VE202-29/Eisenbergiella tayi/Lachnospiraceae bacterium NLAE-zl-G231/Lachnospiraceae bacterium 3_1_57FAA_CT1]	GH36	0.98
03446	186803 Lachnospiraceae	1432051 Eisenbergiella	1432052 Eisenbergiella tayi [Clostridiales bacterium VE202-29/Eisenbergiella tayi/Lachnospiraceae bacterium NLAE-zl-G231/Lachnospiraceae bacterium 3_1_57FAA_CT1]	GH42	0.98
03446	186803 Lachnospiraceae	1432051 Eisenbergiella	1432052 Eisenbergiella tayi [Clostridiales bacterium VE202-29/Eisenbergiella tayi/Lachnospiraceae bacterium NLAE-zl-G231/Lachnospiraceae bacterium 3_1_57FAA_CT1]	GH84	0.02
03446	186803 Lachnospiraceae	1432051 Eisenbergiella	1432052 Eisenbergiella tayi [Clostridiales bacterium VE202-29/Eisenbergiella tayi/Lachnospiraceae bacterium NLAE-zl-G231/Lachnospiraceae bacterium 3_1_57FAA_CT1]	GH85	0
03446	186803 Lachnospiraceae	1432051 Eisenbergiella	1432052 Eisenbergiella tayi [Clostridiales bacterium VE202-29/Eisenbergiella tayi/Lachnospiraceae bacterium NLAE-zl-G231/Lachnospiraceae bacterium 3_1_57FAA_CT1]	GH89	0.02
03446	186803 Lachnospiraceae	1432051 Eisenbergiella	1432052 Eisenbergiella tayi [Clostridiales bacterium VE202-29/Eisenbergiella tayi/Lachnospiraceae bacterium NLAE-zl-G231/Lachnospiraceae bacterium 3_1_57FAA_CT1]	GH92	0.04
03446	186803 Lachnospiraceae	1432051 Eisenbergiella	1432052 Eisenbergiella tayi [Clostridiales bacterium VE202-29/Eisenbergiella tayi/Lachnospiraceae bacterium NLAE-zl-G231/Lachnospiraceae bacterium 3_1_57FAA_CT1]	GH95	0.98
03446	186803 Lachnospiraceae	1432051 Eisenbergiella	1432052 Eisenbergiella tayi [Clostridiales bacterium VE202-29/Eisenbergiella tayi/Lachnospiraceae bacterium NLAE-zl-G231/Lachnospiraceae bacterium 3_1_57FAA_CT1]	GH97	0.98
03472	171552 Prevotellaceae	838 Prevotella	28130 Prevotella disiens	CBM32	0
03472	171552 Prevotellaceae	838 Prevotella	28130 Prevotella disiens	CBM51	0
03472	171552 Prevotellaceae	838 Prevotella	28130 Prevotella disiens	GH109	0
03472	171552 Prevotellaceae	838 Prevotella	28130 Prevotella disiens	GH110	0
03472	171552 Prevotellaceae	838 Prevotella	28130 Prevotella disiens	GH112	0
03472	171552 Prevotellaceae	838 Prevotella	28130 Prevotella disiens	GH123	0
03472	171552 Prevotellaceae	838 Prevotella	28130 Prevotella disiens	GH130	0
03472	171552 Prevotellaceae	838 Prevotella	28130 Prevotella disiens	GH136	0
03472	171552 Prevotellaceae	838 Prevotella	28130 Prevotella disiens	GH16	0
03472	171552 Prevotellaceae	838 Prevotella	28130 Prevotella disiens	GH18	0
03472	171552 Prevotellaceae	838 Prevotella	28130 Prevotella disiens	GH2	0
03472	171552 Prevotellaceae	838 Prevotella	28130 Prevotella disiens	GH20	0
03472	171552 Prevotellaceae	838 Prevotella	28130 Prevotella disiens	GH27	0
03472	171552 Prevotellaceae	838 Prevotella	28130 Prevotella disiens	GH29	0
03472	171552 Prevotellaceae	838 Prevotella	28130 Prevotella disiens	GH31	0
03472	171552 Prevotellaceae	838 Prevotella	28130 Prevotella disiens	GH33	0
03472	171552 Prevotellaceae	838 Prevotella	28130 Prevotella disiens	GH35	0
03472	171552 Prevotellaceae	838 Prevotella	28130 Prevotella disiens	GH36	0
03472	171552 Prevotellaceae	838 Prevotella	28130 Prevotella disiens	GH42	0
03472	171552 Prevotellaceae	838 Prevotella	28130 Prevotella disiens	GH84	0
03472	171552 Prevotellaceae	838 Prevotella	28130 Prevotella disiens	GH85	0
03472	171552 Prevotellaceae	838 Prevotella	28130 Prevotella disiens	GH89	0
03472	171552 Prevotellaceae	838 Prevotella	28130 Prevotella disiens	GH92	0.058823529411764705
03472	171552 Prevotellaceae	838 Prevotella	28130 Prevotella disiens	GH95	0
03472	171552 Prevotellaceae	838 Prevotella	28130 Prevotella disiens	GH97	0.9411764705882353
03473	815 Bacteroidaceae	816 Bacteroides	47678 Bacteroides caccae	CBM32	0.98
03473	815 Bacteroidaceae	816 Bacteroides	47678 Bacteroides caccae	CBM51	0.08
03473	815 Bacteroidaceae	816 Bacteroides	47678 Bacteroides caccae	GH109	0.98
03473	815 Bacteroidaceae	816 Bacteroides	47678 Bacteroides caccae	GH110	0.98
03473	815 Bacteroidaceae	816 Bacteroides	47678 Bacteroides caccae	GH112	0
03473	815 Bacteroidaceae	816 Bacteroides	47678 Bacteroides caccae	GH123	0.96
03473	815 Bacteroidaceae	816 Bacteroides	47678 Bacteroides caccae	GH130	0.98
03473	815 Bacteroidaceae	816 Bacteroides	47678 Bacteroides caccae	GH136	0.2
03473	815 Bacteroidaceae	816 Bacteroides	47678 Bacteroides caccae	GH16	1
03473	815 Bacteroidaceae	816 Bacteroides	47678 Bacteroides caccae	GH18	0.82
03473	815 Bacteroidaceae	816 Bacteroides	47678 Bacteroides caccae	GH2	1
03473	815 Bacteroidaceae	816 Bacteroides	47678 Bacteroides caccae	GH20	0.98
03473	815 Bacteroidaceae	816 Bacteroides	47678 Bacteroides caccae	GH27	0.92
03473	815 Bacteroidaceae	816 Bacteroides	47678 Bacteroides caccae	GH29	0.98
03473	815 Bacteroidaceae	816 Bacteroides	47678 Bacteroides caccae	GH31	1
03473	815 Bacteroidaceae	816 Bacteroides	47678 Bacteroides caccae	GH33	0.98
03473	815 Bacteroidaceae	816 Bacteroides	47678 Bacteroides caccae	GH35	0.98
03473	815 Bacteroidaceae	816 Bacteroides	47678 Bacteroides caccae	GH36	0.98
03473	815 Bacteroidaceae	816 Bacteroides	47678 Bacteroides caccae	GH42	0
03473	815 Bacteroidaceae	816 Bacteroides	47678 Bacteroides caccae	GH84	0.98
03473	815 Bacteroidaceae	816 Bacteroides	47678 Bacteroides caccae	GH85	0
03473	815 Bacteroidaceae	816 Bacteroides	47678 Bacteroides caccae	GH89	0.98
03473	815 Bacteroidaceae	816 Bacteroides	47678 Bacteroides caccae	GH92	0.98
03473	815 Bacteroidaceae	816 Bacteroides	47678 Bacteroides caccae	GH95	0.98
03473	815 Bacteroidaceae	816 Bacteroides	47678 Bacteroides caccae	GH97	0.98
03474	815 Bacteroidaceae	816 Bacteroides	338188 Bacteroides finegoldii [uncultured Bacteroides sp./Bacteroides finegoldii]	CBM32	0.8461538461538461
03474	815 Bacteroidaceae	816 Bacteroides	338188 Bacteroides finegoldii [uncultured Bacteroides sp./Bacteroides finegoldii]	CBM51	0
03474	815 Bacteroidaceae	816 Bacteroides	338188 Bacteroides finegoldii [uncultured Bacteroides sp./Bacteroides finegoldii]	GH109	1
03474	815 Bacteroidaceae	816 Bacteroides	338188 Bacteroides finegoldii [uncultured Bacteroides sp./Bacteroides finegoldii]	GH110	0.3076923076923077
03474	815 Bacteroidaceae	816 Bacteroides	338188 Bacteroides finegoldii [uncultured Bacteroides sp./Bacteroides finegoldii]	GH112	0
03474	815 Bacteroidaceae	816 Bacteroides	338188 Bacteroides finegoldii [uncultured Bacteroides sp./Bacteroides finegoldii]	GH123	0.8461538461538461
03474	815 Bacteroidaceae	816 Bacteroides	338188 Bacteroides finegoldii [uncultured Bacteroides sp./Bacteroides finegoldii]	GH130	1
03474	815 Bacteroidaceae	816 Bacteroides	338188 Bacteroides finegoldii [uncultured Bacteroides sp./Bacteroides finegoldii]	GH136	0.07692307692307693
03474	815 Bacteroidaceae	816 Bacteroides	338188 Bacteroides finegoldii [uncultured Bacteroides sp./Bacteroides finegoldii]	GH16	1
03474	815 Bacteroidaceae	816 Bacteroides	338188 Bacteroides finegoldii [uncultured Bacteroides sp./Bacteroides finegoldii]	GH18	1
03474	815 Bacteroidaceae	816 Bacteroides	338188 Bacteroides finegoldii [uncultured Bacteroides sp./Bacteroides finegoldii]	GH2	1
03474	815 Bacteroidaceae	816 Bacteroides	338188 Bacteroides finegoldii [uncultured Bacteroides sp./Bacteroides finegoldii]	GH20	1
03474	815 Bacteroidaceae	816 Bacteroides	338188 Bacteroides finegoldii [uncultured Bacteroides sp./Bacteroides finegoldii]	GH27	0.9230769230769231
03474	815 Bacteroidaceae	816 Bacteroides	338188 Bacteroides finegoldii [uncultured Bacteroides sp./Bacteroides finegoldii]	GH29	1
03474	815 Bacteroidaceae	816 Bacteroides	338188 Bacteroides finegoldii [uncultured Bacteroides sp./Bacteroides finegoldii]	GH31	1
03474	815 Bacteroidaceae	816 Bacteroides	338188 Bacteroides finegoldii [uncultured Bacteroides sp./Bacteroides finegoldii]	GH33	1
03474	815 Bacteroidaceae	816 Bacteroides	338188 Bacteroides finegoldii [uncultured Bacteroides sp./Bacteroides finegoldii]	GH35	1
03474	815 Bacteroidaceae	816 Bacteroides	338188 Bacteroides finegoldii [uncultured Bacteroides sp./Bacteroides finegoldii]	GH36	1
03474	815 Bacteroidaceae	816 Bacteroides	338188 Bacteroides finegoldii [uncultured Bacteroides sp./Bacteroides finegoldii]	GH42	0
03474	815 Bacteroidaceae	816 Bacteroides	338188 Bacteroides finegoldii [uncultured Bacteroides sp./Bacteroides finegoldii]	GH84	0
03474	815 Bacteroidaceae	816 Bacteroides	338188 Bacteroides finegoldii [uncultured Bacteroides sp./Bacteroides finegoldii]	GH85	0
03474	815 Bacteroidaceae	816 Bacteroides	338188 Bacteroides finegoldii [uncultured Bacteroides sp./Bacteroides finegoldii]	GH89	1
03474	815 Bacteroidaceae	816 Bacteroides	338188 Bacteroides finegoldii [uncultured Bacteroides sp./Bacteroides finegoldii]	GH92	1
03474	815 Bacteroidaceae	816 Bacteroides	338188 Bacteroides finegoldii [uncultured Bacteroides sp./Bacteroides finegoldii]	GH95	1
03474	815 Bacteroidaceae	816 Bacteroides	338188 Bacteroides finegoldii [uncultured Bacteroides sp./Bacteroides finegoldii]	GH97	1
03475	815 Bacteroidaceae	816 Bacteroides	NA Bacteroides sp. [Bacteroides sp. HMSC073E02/Bacteroides ovatus/Bacteroides xylanisolvens/Bacteroides sp. 1_1_30/Bacteroides sp. 3_1_13/Bacteroides sp. 3_1_23/Bacteroides sp. 2_1_22/Bacteroides sp. 2_2_4/Bacteroides sp. D1/Bacteroides sp. D2/Bacteroides sp. D22/Bacteroides fragilis]	CBM32	0.88
03475	815 Bacteroidaceae	816 Bacteroides	NA Bacteroides sp. [Bacteroides sp. HMSC073E02/Bacteroides ovatus/Bacteroides xylanisolvens/Bacteroides sp. 1_1_30/Bacteroides sp. 3_1_13/Bacteroides sp. 3_1_23/Bacteroides sp. 2_1_22/Bacteroides sp. 2_2_4/Bacteroides sp. D1/Bacteroides sp. D2/Bacteroides sp. D22/Bacteroides fragilis]	CBM51	0.3
03475	815 Bacteroidaceae	816 Bacteroides	NA Bacteroides sp. [Bacteroides sp. HMSC073E02/Bacteroides ovatus/Bacteroides xylanisolvens/Bacteroides sp. 1_1_30/Bacteroides sp. 3_1_13/Bacteroides sp. 3_1_23/Bacteroides sp. 2_1_22/Bacteroides sp. 2_2_4/Bacteroides sp. D1/Bacteroides sp. D2/Bacteroides sp. D22/Bacteroides fragilis]	GH109	1
03475	815 Bacteroidaceae	816 Bacteroides	NA Bacteroides sp. [Bacteroides sp. HMSC073E02/Bacteroides ovatus/Bacteroides xylanisolvens/Bacteroides sp. 1_1_30/Bacteroides sp. 3_1_13/Bacteroides sp. 3_1_23/Bacteroides sp. 2_1_22/Bacteroides sp. 2_2_4/Bacteroides sp. D1/Bacteroides sp. D2/Bacteroides sp. D22/Bacteroides fragilis]	GH110	0.24
03475	815 Bacteroidaceae	816 Bacteroides	NA Bacteroides sp. [Bacteroides sp. HMSC073E02/Bacteroides ovatus/Bacteroides xylanisolvens/Bacteroides sp. 1_1_30/Bacteroides sp. 3_1_13/Bacteroides sp. 3_1_23/Bacteroides sp. 2_1_22/Bacteroides sp. 2_2_4/Bacteroides sp. D1/Bacteroides sp. D2/Bacteroides sp. D22/Bacteroides fragilis]	GH112	0
03475	815 Bacteroidaceae	816 Bacteroides	NA Bacteroides sp. [Bacteroides sp. HMSC073E02/Bacteroides ovatus/Bacteroides xylanisolvens/Bacteroides sp. 1_1_30/Bacteroides sp. 3_1_13/Bacteroides sp. 3_1_23/Bacteroides sp. 2_1_22/Bacteroides sp. 2_2_4/Bacteroides sp. D1/Bacteroides sp. D2/Bacteroides sp. D22/Bacteroides fragilis]	GH123	1
03475	815 Bacteroidaceae	816 Bacteroides	NA Bacteroides sp. [Bacteroides sp. HMSC073E02/Bacteroides ovatus/Bacteroides xylanisolvens/Bacteroides sp. 1_1_30/Bacteroides sp. 3_1_13/Bacteroides sp. 3_1_23/Bacteroides sp. 2_1_22/Bacteroides sp. 2_2_4/Bacteroides sp. D1/Bacteroides sp. D2/Bacteroides sp. D22/Bacteroides fragilis]	GH130	1
03475	815 Bacteroidaceae	816 Bacteroides	NA Bacteroides sp. [Bacteroides sp. HMSC073E02/Bacteroides ovatus/Bacteroides xylanisolvens/Bacteroides sp. 1_1_30/Bacteroides sp. 3_1_13/Bacteroides sp. 3_1_23/Bacteroides sp. 2_1_22/Bacteroides sp. 2_2_4/Bacteroides sp. D1/Bacteroides sp. D2/Bacteroides sp. D22/Bacteroides fragilis]	GH136	0
03475	815 Bacteroidaceae	816 Bacteroides	NA Bacteroides sp. [Bacteroides sp. HMSC073E02/Bacteroides ovatus/Bacteroides xylanisolvens/Bacteroides sp. 1_1_30/Bacteroides sp. 3_1_13/Bacteroides sp. 3_1_23/Bacteroides sp. 2_1_22/Bacteroides sp. 2_2_4/Bacteroides sp. D1/Bacteroides sp. D2/Bacteroides sp. D22/Bacteroides fragilis]	GH16	1
03475	815 Bacteroidaceae	816 Bacteroides	NA Bacteroides sp. [Bacteroides sp. HMSC073E02/Bacteroides ovatus/Bacteroides xylanisolvens/Bacteroides sp. 1_1_30/Bacteroides sp. 3_1_13/Bacteroides sp. 3_1_23/Bacteroides sp. 2_1_22/Bacteroides sp. 2_2_4/Bacteroides sp. D1/Bacteroides sp. D2/Bacteroides sp. D22/Bacteroides fragilis]	GH18	1
03475	815 Bacteroidaceae	816 Bacteroides	NA Bacteroides sp. [Bacteroides sp. HMSC073E02/Bacteroides ovatus/Bacteroides xylanisolvens/Bacteroides sp. 1_1_30/Bacteroides sp. 3_1_13/Bacteroides sp. 3_1_23/Bacteroides sp. 2_1_22/Bacteroides sp. 2_2_4/Bacteroides sp. D1/Bacteroides sp. D2/Bacteroides sp. D22/Bacteroides fragilis]	GH2	1
03475	815 Bacteroidaceae	816 Bacteroides	NA Bacteroides sp. [Bacteroides sp. HMSC073E02/Bacteroides ovatus/Bacteroides xylanisolvens/Bacteroides sp. 1_1_30/Bacteroides sp. 3_1_13/Bacteroides sp. 3_1_23/Bacteroides sp. 2_1_22/Bacteroides sp. 2_2_4/Bacteroides sp. D1/Bacteroides sp. D2/Bacteroides sp. D22/Bacteroides fragilis]	GH20	1
03475	815 Bacteroidaceae	816 Bacteroides	NA Bacteroides sp. [Bacteroides sp. HMSC073E02/Bacteroides ovatus/Bacteroides xylanisolvens/Bacteroides sp. 1_1_30/Bacteroides sp. 3_1_13/Bacteroides sp. 3_1_23/Bacteroides sp. 2_1_22/Bacteroides sp. 2_2_4/Bacteroides sp. D1/Bacteroides sp. D2/Bacteroides sp. D22/Bacteroides fragilis]	GH27	0.96
03475	815 Bacteroidaceae	816 Bacteroides	NA Bacteroides sp. [Bacteroides sp. HMSC073E02/Bacteroides ovatus/Bacteroides xylanisolvens/Bacteroides sp. 1_1_30/Bacteroides sp. 3_1_13/Bacteroides sp. 3_1_23/Bacteroides sp. 2_1_22/Bacteroides sp. 2_2_4/Bacteroides sp. D1/Bacteroides sp. D2/Bacteroides sp. D22/Bacteroides fragilis]	GH29	1
03475	815 Bacteroidaceae	816 Bacteroides	NA Bacteroides sp. [Bacteroides sp. HMSC073E02/Bacteroides ovatus/Bacteroides xylanisolvens/Bacteroides sp. 1_1_30/Bacteroides sp. 3_1_13/Bacteroides sp. 3_1_23/Bacteroides sp. 2_1_22/Bacteroides sp. 2_2_4/Bacteroides sp. D1/Bacteroides sp. D2/Bacteroides sp. D22/Bacteroides fragilis]	GH31	1
03475	815 Bacteroidaceae	816 Bacteroides	NA Bacteroides sp. [Bacteroides sp. HMSC073E02/Bacteroides ovatus/Bacteroides xylanisolvens/Bacteroides sp. 1_1_30/Bacteroides sp. 3_1_13/Bacteroides sp. 3_1_23/Bacteroides sp. 2_1_22/Bacteroides sp. 2_2_4/Bacteroides sp. D1/Bacteroides sp. D2/Bacteroides sp. D22/Bacteroides fragilis]	GH33	1
03475	815 Bacteroidaceae	816 Bacteroides	NA Bacteroides sp. [Bacteroides sp. HMSC073E02/Bacteroides ovatus/Bacteroides xylanisolvens/Bacteroides sp. 1_1_30/Bacteroides sp. 3_1_13/Bacteroides sp. 3_1_23/Bacteroides sp. 2_1_22/Bacteroides sp. 2_2_4/Bacteroides sp. D1/Bacteroides sp. D2/Bacteroides sp. D22/Bacteroides fragilis]	GH35	1
03475	815 Bacteroidaceae	816 Bacteroides	NA Bacteroides sp. [Bacteroides sp. HMSC073E02/Bacteroides ovatus/Bacteroides xylanisolvens/Bacteroides sp. 1_1_30/Bacteroides sp. 3_1_13/Bacteroides sp. 3_1_23/Bacteroides sp. 2_1_22/Bacteroides sp. 2_2_4/Bacteroides sp. D1/Bacteroides sp. D2/Bacteroides sp. D22/Bacteroides fragilis]	GH36	1
03475	815 Bacteroidaceae	816 Bacteroides	NA Bacteroides sp. [Bacteroides sp. HMSC073E02/Bacteroides ovatus/Bacteroides xylanisolvens/Bacteroides sp. 1_1_30/Bacteroides sp. 3_1_13/Bacteroides sp. 3_1_23/Bacteroides sp. 2_1_22/Bacteroides sp. 2_2_4/Bacteroides sp. D1/Bacteroides sp. D2/Bacteroides sp. D22/Bacteroides fragilis]	GH42	1
03475	815 Bacteroidaceae	816 Bacteroides	NA Bacteroides sp. [Bacteroides sp. HMSC073E02/Bacteroides ovatus/Bacteroides xylanisolvens/Bacteroides sp. 1_1_30/Bacteroides sp. 3_1_13/Bacteroides sp. 3_1_23/Bacteroides sp. 2_1_22/Bacteroides sp. 2_2_4/Bacteroides sp. D1/Bacteroides sp. D2/Bacteroides sp. D22/Bacteroides fragilis]	GH84	0
03475	815 Bacteroidaceae	816 Bacteroides	NA Bacteroides sp. [Bacteroides sp. HMSC073E02/Bacteroides ovatus/Bacteroides xylanisolvens/Bacteroides sp. 1_1_30/Bacteroides sp. 3_1_13/Bacteroides sp. 3_1_23/Bacteroides sp. 2_1_22/Bacteroides sp. 2_2_4/Bacteroides sp. D1/Bacteroides sp. D2/Bacteroides sp. D22/Bacteroides fragilis]	GH85	0
03475	815 Bacteroidaceae	816 Bacteroides	NA Bacteroides sp. [Bacteroides sp. HMSC073E02/Bacteroides ovatus/Bacteroides xylanisolvens/Bacteroides sp. 1_1_30/Bacteroides sp. 3_1_13/Bacteroides sp. 3_1_23/Bacteroides sp. 2_1_22/Bacteroides sp. 2_2_4/Bacteroides sp. D1/Bacteroides sp. D2/Bacteroides sp. D22/Bacteroides fragilis]	GH89	0.98
03475	815 Bacteroidaceae	816 Bacteroides	NA Bacteroides sp. [Bacteroides sp. HMSC073E02/Bacteroides ovatus/Bacteroides xylanisolvens/Bacteroides sp. 1_1_30/Bacteroides sp. 3_1_13/Bacteroides sp. 3_1_23/Bacteroides sp. 2_1_22/Bacteroides sp. 2_2_4/Bacteroides sp. D1/Bacteroides sp. D2/Bacteroides sp. D22/Bacteroides fragilis]	GH92	1
03475	815 Bacteroidaceae	816 Bacteroides	NA Bacteroides sp. [Bacteroides sp. HMSC073E02/Bacteroides ovatus/Bacteroides xylanisolvens/Bacteroides sp. 1_1_30/Bacteroides sp. 3_1_13/Bacteroides sp. 3_1_23/Bacteroides sp. 2_1_22/Bacteroides sp. 2_2_4/Bacteroides sp. D1/Bacteroides sp. D2/Bacteroides sp. D22/Bacteroides fragilis]	GH95	1
03475	815 Bacteroidaceae	816 Bacteroides	NA Bacteroides sp. [Bacteroides sp. HMSC073E02/Bacteroides ovatus/Bacteroides xylanisolvens/Bacteroides sp. 1_1_30/Bacteroides sp. 3_1_13/Bacteroides sp. 3_1_23/Bacteroides sp. 2_1_22/Bacteroides sp. 2_2_4/Bacteroides sp. D1/Bacteroides sp. D2/Bacteroides sp. D22/Bacteroides fragilis]	GH97	1
03591	1647988 Akkermansiaceae	239934 Akkermansia	239935 Akkermansia muciniphila [Akkermansia muciniphila CAG:154/Akkermansia sp. UNK.MGS-1/Akkermansia sp. 54_46/Akkermansia sp. Phil8/Akkermansia muciniphila]	CBM32	1
03591	1647988 Akkermansiaceae	239934 Akkermansia	239935 Akkermansia muciniphila [Akkermansia muciniphila CAG:154/Akkermansia sp. UNK.MGS-1/Akkermansia sp. 54_46/Akkermansia sp. Phil8/Akkermansia muciniphila]	CBM51	1
03591	1647988 Akkermansiaceae	239934 Akkermansia	239935 Akkermansia muciniphila [Akkermansia muciniphila CAG:154/Akkermansia sp. UNK.MGS-1/Akkermansia sp. 54_46/Akkermansia sp. Phil8/Akkermansia muciniphila]	GH109	1
03591	1647988 Akkermansiaceae	239934 Akkermansia	239935 Akkermansia muciniphila [Akkermansia muciniphila CAG:154/Akkermansia sp. UNK.MGS-1/Akkermansia sp. 54_46/Akkermansia sp. Phil8/Akkermansia muciniphila]	GH110	1
03591	1647988 Akkermansiaceae	239934 Akkermansia	239935 Akkermansia muciniphila [Akkermansia muciniphila CAG:154/Akkermansia sp. UNK.MGS-1/Akkermansia sp. 54_46/Akkermansia sp. Phil8/Akkermansia muciniphila]	GH112	0
03591	1647988 Akkermansiaceae	239934 Akkermansia	239935 Akkermansia muciniphila [Akkermansia muciniphila CAG:154/Akkermansia sp. UNK.MGS-1/Akkermansia sp. 54_46/Akkermansia sp. Phil8/Akkermansia muciniphila]	GH123	0.96
03591	1647988 Akkermansiaceae	239934 Akkermansia	239935 Akkermansia muciniphila [Akkermansia muciniphila CAG:154/Akkermansia sp. UNK.MGS-1/Akkermansia sp. 54_46/Akkermansia sp. Phil8/Akkermansia muciniphila]	GH130	0
03591	1647988 Akkermansiaceae	239934 Akkermansia	239935 Akkermansia muciniphila [Akkermansia muciniphila CAG:154/Akkermansia sp. UNK.MGS-1/Akkermansia sp. 54_46/Akkermansia sp. Phil8/Akkermansia muciniphila]	GH136	0
03591	1647988 Akkermansiaceae	239934 Akkermansia	239935 Akkermansia muciniphila [Akkermansia muciniphila CAG:154/Akkermansia sp. UNK.MGS-1/Akkermansia sp. 54_46/Akkermansia sp. Phil8/Akkermansia muciniphila]	GH16	1
03591	1647988 Akkermansiaceae	239934 Akkermansia	239935 Akkermansia muciniphila [Akkermansia muciniphila CAG:154/Akkermansia sp. UNK.MGS-1/Akkermansia sp. 54_46/Akkermansia sp. Phil8/Akkermansia muciniphila]	GH18	0.66
03591	1647988 Akkermansiaceae	239934 Akkermansia	239935 Akkermansia muciniphila [Akkermansia muciniphila CAG:154/Akkermansia sp. UNK.MGS-1/Akkermansia sp. 54_46/Akkermansia sp. Phil8/Akkermansia muciniphila]	GH2	1
03591	1647988 Akkermansiaceae	239934 Akkermansia	239935 Akkermansia muciniphila [Akkermansia muciniphila CAG:154/Akkermansia sp. UNK.MGS-1/Akkermansia sp. 54_46/Akkermansia sp. Phil8/Akkermansia muciniphila]	GH20	1
03591	1647988 Akkermansiaceae	239934 Akkermansia	239935 Akkermansia muciniphila [Akkermansia muciniphila CAG:154/Akkermansia sp. UNK.MGS-1/Akkermansia sp. 54_46/Akkermansia sp. Phil8/Akkermansia muciniphila]	GH27	0.96
03591	1647988 Akkermansiaceae	239934 Akkermansia	239935 Akkermansia muciniphila [Akkermansia muciniphila CAG:154/Akkermansia sp. UNK.MGS-1/Akkermansia sp. 54_46/Akkermansia sp. Phil8/Akkermansia muciniphila]	GH29	1
03591	1647988 Akkermansiaceae	239934 Akkermansia	239935 Akkermansia muciniphila [Akkermansia muciniphila CAG:154/Akkermansia sp. UNK.MGS-1/Akkermansia sp. 54_46/Akkermansia sp. Phil8/Akkermansia muciniphila]	GH31	1
03591	1647988 Akkermansiaceae	239934 Akkermansia	239935 Akkermansia muciniphila [Akkermansia muciniphila CAG:154/Akkermansia sp. UNK.MGS-1/Akkermansia sp. 54_46/Akkermansia sp. Phil8/Akkermansia muciniphila]	GH33	1
03591	1647988 Akkermansiaceae	239934 Akkermansia	239935 Akkermansia muciniphila [Akkermansia muciniphila CAG:154/Akkermansia sp. UNK.MGS-1/Akkermansia sp. 54_46/Akkermansia sp. Phil8/Akkermansia muciniphila]	GH35	1
03591	1647988 Akkermansiaceae	239934 Akkermansia	239935 Akkermansia muciniphila [Akkermansia muciniphila CAG:154/Akkermansia sp. UNK.MGS-1/Akkermansia sp. 54_46/Akkermansia sp. Phil8/Akkermansia muciniphila]	GH36	0.96
03591	1647988 Akkermansiaceae	239934 Akkermansia	239935 Akkermansia muciniphila [Akkermansia muciniphila CAG:154/Akkermansia sp. UNK.MGS-1/Akkermansia sp. 54_46/Akkermansia sp. Phil8/Akkermansia muciniphila]	GH42	0
03591	1647988 Akkermansiaceae	239934 Akkermansia	239935 Akkermansia muciniphila [Akkermansia muciniphila CAG:154/Akkermansia sp. UNK.MGS-1/Akkermansia sp. 54_46/Akkermansia sp. Phil8/Akkermansia muciniphila]	GH84	0.98
03591	1647988 Akkermansiaceae	239934 Akkermansia	239935 Akkermansia muciniphila [Akkermansia muciniphila CAG:154/Akkermansia sp. UNK.MGS-1/Akkermansia sp. 54_46/Akkermansia sp. Phil8/Akkermansia muciniphila]	GH85	0
03591	1647988 Akkermansiaceae	239934 Akkermansia	239935 Akkermansia muciniphila [Akkermansia muciniphila CAG:154/Akkermansia sp. UNK.MGS-1/Akkermansia sp. 54_46/Akkermansia sp. Phil8/Akkermansia muciniphila]	GH89	0.98
03591	1647988 Akkermansiaceae	239934 Akkermansia	239935 Akkermansia muciniphila [Akkermansia muciniphila CAG:154/Akkermansia sp. UNK.MGS-1/Akkermansia sp. 54_46/Akkermansia sp. Phil8/Akkermansia muciniphila]	GH92	0
03591	1647988 Akkermansiaceae	239934 Akkermansia	239935 Akkermansia muciniphila [Akkermansia muciniphila CAG:154/Akkermansia sp. UNK.MGS-1/Akkermansia sp. 54_46/Akkermansia sp. Phil8/Akkermansia muciniphila]	GH95	1
03591	1647988 Akkermansiaceae	239934 Akkermansia	239935 Akkermansia muciniphila [Akkermansia muciniphila CAG:154/Akkermansia sp. UNK.MGS-1/Akkermansia sp. 54_46/Akkermansia sp. Phil8/Akkermansia muciniphila]	GH97	0.96
03595	2005519 Barnesiellaceae	397864 Barnesiella	487174 Barnesiella intestinihominis [Bacteroides sp. CAG:20/Bacteroides sp. N54.MGS-20/Barnesiella intestinihominis]	CBM32	0.98
03595	2005519 Barnesiellaceae	397864 Barnesiella	487174 Barnesiella intestinihominis [Bacteroides sp. CAG:20/Bacteroides sp. N54.MGS-20/Barnesiella intestinihominis]	CBM51	0
03595	2005519 Barnesiellaceae	397864 Barnesiella	487174 Barnesiella intestinihominis [Bacteroides sp. CAG:20/Bacteroides sp. N54.MGS-20/Barnesiella intestinihominis]	GH109	1
03595	2005519 Barnesiellaceae	397864 Barnesiella	487174 Barnesiella intestinihominis [Bacteroides sp. CAG:20/Bacteroides sp. N54.MGS-20/Barnesiella intestinihominis]	GH110	1
03595	2005519 Barnesiellaceae	397864 Barnesiella	487174 Barnesiella intestinihominis [Bacteroides sp. CAG:20/Bacteroides sp. N54.MGS-20/Barnesiella intestinihominis]	GH112	0
03595	2005519 Barnesiellaceae	397864 Barnesiella	487174 Barnesiella intestinihominis [Bacteroides sp. CAG:20/Bacteroides sp. N54.MGS-20/Barnesiella intestinihominis]	GH123	0.94
03595	2005519 Barnesiellaceae	397864 Barnesiella	487174 Barnesiella intestinihominis [Bacteroides sp. CAG:20/Bacteroides sp. N54.MGS-20/Barnesiella intestinihominis]	GH130	1
03595	2005519 Barnesiellaceae	397864 Barnesiella	487174 Barnesiella intestinihominis [Bacteroides sp. CAG:20/Bacteroides sp. N54.MGS-20/Barnesiella intestinihominis]	GH136	0
03595	2005519 Barnesiellaceae	397864 Barnesiella	487174 Barnesiella intestinihominis [Bacteroides sp. CAG:20/Bacteroides sp. N54.MGS-20/Barnesiella intestinihominis]	GH16	1
03595	2005519 Barnesiellaceae	397864 Barnesiella	487174 Barnesiella intestinihominis [Bacteroides sp. CAG:20/Bacteroides sp. N54.MGS-20/Barnesiella intestinihominis]	GH18	0.96
03595	2005519 Barnesiellaceae	397864 Barnesiella	487174 Barnesiella intestinihominis [Bacteroides sp. CAG:20/Bacteroides sp. N54.MGS-20/Barnesiella intestinihominis]	GH2	1
03595	2005519 Barnesiellaceae	397864 Barnesiella	487174 Barnesiella intestinihominis [Bacteroides sp. CAG:20/Bacteroides sp. N54.MGS-20/Barnesiella intestinihominis]	GH20	1
03595	2005519 Barnesiellaceae	397864 Barnesiella	487174 Barnesiella intestinihominis [Bacteroides sp. CAG:20/Bacteroides sp. N54.MGS-20/Barnesiella intestinihominis]	GH27	0.96
03595	2005519 Barnesiellaceae	397864 Barnesiella	487174 Barnesiella intestinihominis [Bacteroides sp. CAG:20/Bacteroides sp. N54.MGS-20/Barnesiella intestinihominis]	GH29	1
03595	2005519 Barnesiellaceae	397864 Barnesiella	487174 Barnesiella intestinihominis [Bacteroides sp. CAG:20/Bacteroides sp. N54.MGS-20/Barnesiella intestinihominis]	GH31	1
03595	2005519 Barnesiellaceae	397864 Barnesiella	487174 Barnesiella intestinihominis [Bacteroides sp. CAG:20/Bacteroides sp. N54.MGS-20/Barnesiella intestinihominis]	GH33	1
03595	2005519 Barnesiellaceae	397864 Barnesiella	487174 Barnesiella intestinihominis [Bacteroides sp. CAG:20/Bacteroides sp. N54.MGS-20/Barnesiella intestinihominis]	GH35	0
03595	2005519 Barnesiellaceae	397864 Barnesiella	487174 Barnesiella intestinihominis [Bacteroides sp. CAG:20/Bacteroides sp. N54.MGS-20/Barnesiella intestinihominis]	GH36	1
03595	2005519 Barnesiellaceae	397864 Barnesiella	487174 Barnesiella intestinihominis [Bacteroides sp. CAG:20/Bacteroides sp. N54.MGS-20/Barnesiella intestinihominis]	GH42	0
03595	2005519 Barnesiellaceae	397864 Barnesiella	487174 Barnesiella intestinihominis [Bacteroides sp. CAG:20/Bacteroides sp. N54.MGS-20/Barnesiella intestinihominis]	GH84	1
03595	2005519 Barnesiellaceae	397864 Barnesiella	487174 Barnesiella intestinihominis [Bacteroides sp. CAG:20/Bacteroides sp. N54.MGS-20/Barnesiella intestinihominis]	GH85	0.98
03595	2005519 Barnesiellaceae	397864 Barnesiella	487174 Barnesiella intestinihominis [Bacteroides sp. CAG:20/Bacteroides sp. N54.MGS-20/Barnesiella intestinihominis]	GH89	1
03595	2005519 Barnesiellaceae	397864 Barnesiella	487174 Barnesiella intestinihominis [Bacteroides sp. CAG:20/Bacteroides sp. N54.MGS-20/Barnesiella intestinihominis]	GH92	1
03595	2005519 Barnesiellaceae	397864 Barnesiella	487174 Barnesiella intestinihominis [Bacteroides sp. CAG:20/Bacteroides sp. N54.MGS-20/Barnesiella intestinihominis]	GH95	0.94
03595	2005519 Barnesiellaceae	397864 Barnesiella	487174 Barnesiella intestinihominis [Bacteroides sp. CAG:20/Bacteroides sp. N54.MGS-20/Barnesiella intestinihominis]	GH97	1
03596	815 Bacteroidaceae	816 Bacteroides	1903262 Bacteroides ndongoniae [Bacteroides sp. CAG:633/Bacteroides ndongoniae]	CBM32	1
03596	815 Bacteroidaceae	816 Bacteroides	1903262 Bacteroides ndongoniae [Bacteroides sp. CAG:633/Bacteroides ndongoniae]	CBM51	1
03596	815 Bacteroidaceae	816 Bacteroides	1903262 Bacteroides ndongoniae [Bacteroides sp. CAG:633/Bacteroides ndongoniae]	GH109	1
03596	815 Bacteroidaceae	816 Bacteroides	1903262 Bacteroides ndongoniae [Bacteroides sp. CAG:633/Bacteroides ndongoniae]	GH110	0
03596	815 Bacteroidaceae	816 Bacteroides	1903262 Bacteroides ndongoniae [Bacteroides sp. CAG:633/Bacteroides ndongoniae]	GH112	0
03596	815 Bacteroidaceae	816 Bacteroides	1903262 Bacteroides ndongoniae [Bacteroides sp. CAG:633/Bacteroides ndongoniae]	GH123	0.75
03596	815 Bacteroidaceae	816 Bacteroides	1903262 Bacteroides ndongoniae [Bacteroides sp. CAG:633/Bacteroides ndongoniae]	GH130	0
03596	815 Bacteroidaceae	816 Bacteroides	1903262 Bacteroides ndongoniae [Bacteroides sp. CAG:633/Bacteroides ndongoniae]	GH136	1
03596	815 Bacteroidaceae	816 Bacteroides	1903262 Bacteroides ndongoniae [Bacteroides sp. CAG:633/Bacteroides ndongoniae]	GH16	1
03596	815 Bacteroidaceae	816 Bacteroides	1903262 Bacteroides ndongoniae [Bacteroides sp. CAG:633/Bacteroides ndongoniae]	GH18	0.5
03596	815 Bacteroidaceae	816 Bacteroides	1903262 Bacteroides ndongoniae [Bacteroides sp. CAG:633/Bacteroides ndongoniae]	GH2	1
03596	815 Bacteroidaceae	816 Bacteroides	1903262 Bacteroides ndongoniae [Bacteroides sp. CAG:633/Bacteroides ndongoniae]	GH20	1
03596	815 Bacteroidaceae	816 Bacteroides	1903262 Bacteroides ndongoniae [Bacteroides sp. CAG:633/Bacteroides ndongoniae]	GH27	1
03596	815 Bacteroidaceae	816 Bacteroides	1903262 Bacteroides ndongoniae [Bacteroides sp. CAG:633/Bacteroides ndongoniae]	GH29	1
03596	815 Bacteroidaceae	816 Bacteroides	1903262 Bacteroides ndongoniae [Bacteroides sp. CAG:633/Bacteroides ndongoniae]	GH31	1
03596	815 Bacteroidaceae	816 Bacteroides	1903262 Bacteroides ndongoniae [Bacteroides sp. CAG:633/Bacteroides ndongoniae]	GH33	1
03596	815 Bacteroidaceae	816 Bacteroides	1903262 Bacteroides ndongoniae [Bacteroides sp. CAG:633/Bacteroides ndongoniae]	GH35	1
03596	815 Bacteroidaceae	816 Bacteroides	1903262 Bacteroides ndongoniae [Bacteroides sp. CAG:633/Bacteroides ndongoniae]	GH36	1
03596	815 Bacteroidaceae	816 Bacteroides	1903262 Bacteroides ndongoniae [Bacteroides sp. CAG:633/Bacteroides ndongoniae]	GH42	0
03596	815 Bacteroidaceae	816 Bacteroides	1903262 Bacteroides ndongoniae [Bacteroides sp. CAG:633/Bacteroides ndongoniae]	GH84	1
03596	815 Bacteroidaceae	816 Bacteroides	1903262 Bacteroides ndongoniae [Bacteroides sp. CAG:633/Bacteroides ndongoniae]	GH85	0
03596	815 Bacteroidaceae	816 Bacteroides	1903262 Bacteroides ndongoniae [Bacteroides sp. CAG:633/Bacteroides ndongoniae]	GH89	1
03596	815 Bacteroidaceae	816 Bacteroides	1903262 Bacteroides ndongoniae [Bacteroides sp. CAG:633/Bacteroides ndongoniae]	GH92	1
03596	815 Bacteroidaceae	816 Bacteroides	1903262 Bacteroides ndongoniae [Bacteroides sp. CAG:633/Bacteroides ndongoniae]	GH95	1
03596	815 Bacteroidaceae	816 Bacteroides	1903262 Bacteroides ndongoniae [Bacteroides sp. CAG:633/Bacteroides ndongoniae]	GH97	1
03597	186803 Lachnospiraceae	572511 Blautia	NA Blautia sp. [Blautia sp. CAG:52/uncultured Blautia sp.]	CBM32	0
03597	186803 Lachnospiraceae	572511 Blautia	NA Blautia sp. [Blautia sp. CAG:52/uncultured Blautia sp.]	CBM51	0
03597	186803 Lachnospiraceae	572511 Blautia	NA Blautia sp. [Blautia sp. CAG:52/uncultured Blautia sp.]	GH109	1
03597	186803 Lachnospiraceae	572511 Blautia	NA Blautia sp. [Blautia sp. CAG:52/uncultured Blautia sp.]	GH110	0
03597	186803 Lachnospiraceae	572511 Blautia	NA Blautia sp. [Blautia sp. CAG:52/uncultured Blautia sp.]	GH112	1
03597	186803 Lachnospiraceae	572511 Blautia	NA Blautia sp. [Blautia sp. CAG:52/uncultured Blautia sp.]	GH123	1
03597	186803 Lachnospiraceae	572511 Blautia	NA Blautia sp. [Blautia sp. CAG:52/uncultured Blautia sp.]	GH130	0.25
03597	186803 Lachnospiraceae	572511 Blautia	NA Blautia sp. [Blautia sp. CAG:52/uncultured Blautia sp.]	GH136	1
03597	186803 Lachnospiraceae	572511 Blautia	NA Blautia sp. [Blautia sp. CAG:52/uncultured Blautia sp.]	GH16	0
03597	186803 Lachnospiraceae	572511 Blautia	NA Blautia sp. [Blautia sp. CAG:52/uncultured Blautia sp.]	GH18	1
03597	186803 Lachnospiraceae	572511 Blautia	NA Blautia sp. [Blautia sp. CAG:52/uncultured Blautia sp.]	GH2	1
03597	186803 Lachnospiraceae	572511 Blautia	NA Blautia sp. [Blautia sp. CAG:52/uncultured Blautia sp.]	GH20	1
03597	186803 Lachnospiraceae	572511 Blautia	NA Blautia sp. [Blautia sp. CAG:52/uncultured Blautia sp.]	GH27	1
03597	186803 Lachnospiraceae	572511 Blautia	NA Blautia sp. [Blautia sp. CAG:52/uncultured Blautia sp.]	GH29	1
03597	186803 Lachnospiraceae	572511 Blautia	NA Blautia sp. [Blautia sp. CAG:52/uncultured Blautia sp.]	GH31	1
03597	186803 Lachnospiraceae	572511 Blautia	NA Blautia sp. [Blautia sp. CAG:52/uncultured Blautia sp.]	GH33	0
03597	186803 Lachnospiraceae	572511 Blautia	NA Blautia sp. [Blautia sp. CAG:52/uncultured Blautia sp.]	GH35	0.25
03597	186803 Lachnospiraceae	572511 Blautia	NA Blautia sp. [Blautia sp. CAG:52/uncultured Blautia sp.]	GH36	1
03597	186803 Lachnospiraceae	572511 Blautia	NA Blautia sp. [Blautia sp. CAG:52/uncultured Blautia sp.]	GH42	1
03597	186803 Lachnospiraceae	572511 Blautia	NA Blautia sp. [Blautia sp. CAG:52/uncultured Blautia sp.]	GH84	0
03597	186803 Lachnospiraceae	572511 Blautia	NA Blautia sp. [Blautia sp. CAG:52/uncultured Blautia sp.]	GH85	0
03597	186803 Lachnospiraceae	572511 Blautia	NA Blautia sp. [Blautia sp. CAG:52/uncultured Blautia sp.]	GH89	0
03597	186803 Lachnospiraceae	572511 Blautia	NA Blautia sp. [Blautia sp. CAG:52/uncultured Blautia sp.]	GH92	0
03597	186803 Lachnospiraceae	572511 Blautia	NA Blautia sp. [Blautia sp. CAG:52/uncultured Blautia sp.]	GH95	1
03597	186803 Lachnospiraceae	572511 Blautia	NA Blautia sp. [Blautia sp. CAG:52/uncultured Blautia sp.]	GH97	0
03637	1853231 Odoribacteraceae	1926651 Culturomica	1841857 Culturomica massiliensis [Odoribacter sp. CAG:788/Culturomica massiliensis]	CBM32	1
03637	1853231 Odoribacteraceae	1926651 Culturomica	1841857 Culturomica massiliensis [Odoribacter sp. CAG:788/Culturomica massiliensis]	CBM51	0
03637	1853231 Odoribacteraceae	1926651 Culturomica	1841857 Culturomica massiliensis [Odoribacter sp. CAG:788/Culturomica massiliensis]	GH109	1
03637	1853231 Odoribacteraceae	1926651 Culturomica	1841857 Culturomica massiliensis [Odoribacter sp. CAG:788/Culturomica massiliensis]	GH110	0.9565217391304348
03637	1853231 Odoribacteraceae	1926651 Culturomica	1841857 Culturomica massiliensis [Odoribacter sp. CAG:788/Culturomica massiliensis]	GH112	0
03637	1853231 Odoribacteraceae	1926651 Culturomica	1841857 Culturomica massiliensis [Odoribacter sp. CAG:788/Culturomica massiliensis]	GH123	1
03637	1853231 Odoribacteraceae	1926651 Culturomica	1841857 Culturomica massiliensis [Odoribacter sp. CAG:788/Culturomica massiliensis]	GH130	0.9565217391304348
03637	1853231 Odoribacteraceae	1926651 Culturomica	1841857 Culturomica massiliensis [Odoribacter sp. CAG:788/Culturomica massiliensis]	GH136	0
03637	1853231 Odoribacteraceae	1926651 Culturomica	1841857 Culturomica massiliensis [Odoribacter sp. CAG:788/Culturomica massiliensis]	GH16	1
03637	1853231 Odoribacteraceae	1926651 Culturomica	1841857 Culturomica massiliensis [Odoribacter sp. CAG:788/Culturomica massiliensis]	GH18	0
03637	1853231 Odoribacteraceae	1926651 Culturomica	1841857 Culturomica massiliensis [Odoribacter sp. CAG:788/Culturomica massiliensis]	GH2	1
03637	1853231 Odoribacteraceae	1926651 Culturomica	1841857 Culturomica massiliensis [Odoribacter sp. CAG:788/Culturomica massiliensis]	GH20	1
03637	1853231 Odoribacteraceae	1926651 Culturomica	1841857 Culturomica massiliensis [Odoribacter sp. CAG:788/Culturomica massiliensis]	GH27	0
03637	1853231 Odoribacteraceae	1926651 Culturomica	1841857 Culturomica massiliensis [Odoribacter sp. CAG:788/Culturomica massiliensis]	GH29	1
03637	1853231 Odoribacteraceae	1926651 Culturomica	1841857 Culturomica massiliensis [Odoribacter sp. CAG:788/Culturomica massiliensis]	GH31	1
03637	1853231 Odoribacteraceae	1926651 Culturomica	1841857 Culturomica massiliensis [Odoribacter sp. CAG:788/Culturomica massiliensis]	GH33	0.9565217391304348
03637	1853231 Odoribacteraceae	1926651 Culturomica	1841857 Culturomica massiliensis [Odoribacter sp. CAG:788/Culturomica massiliensis]	GH35	0
03637	1853231 Odoribacteraceae	1926651 Culturomica	1841857 Culturomica massiliensis [Odoribacter sp. CAG:788/Culturomica massiliensis]	GH36	0.9130434782608695
03637	1853231 Odoribacteraceae	1926651 Culturomica	1841857 Culturomica massiliensis [Odoribacter sp. CAG:788/Culturomica massiliensis]	GH42	0
03637	1853231 Odoribacteraceae	1926651 Culturomica	1841857 Culturomica massiliensis [Odoribacter sp. CAG:788/Culturomica massiliensis]	GH84	1
03637	1853231 Odoribacteraceae	1926651 Culturomica	1841857 Culturomica massiliensis [Odoribacter sp. CAG:788/Culturomica massiliensis]	GH85	0
03637	1853231 Odoribacteraceae	1926651 Culturomica	1841857 Culturomica massiliensis [Odoribacter sp. CAG:788/Culturomica massiliensis]	GH89	0.9130434782608695
03637	1853231 Odoribacteraceae	1926651 Culturomica	1841857 Culturomica massiliensis [Odoribacter sp. CAG:788/Culturomica massiliensis]	GH92	1
03637	1853231 Odoribacteraceae	1926651 Culturomica	1841857 Culturomica massiliensis [Odoribacter sp. CAG:788/Culturomica massiliensis]	GH95	0.9130434782608695
03637	1853231 Odoribacteraceae	1926651 Culturomica	1841857 Culturomica massiliensis [Odoribacter sp. CAG:788/Culturomica massiliensis]	GH97	1
03640	2005525 Tannerellaceae	375288 Parabacteroides	823 Parabacteroides distasonis [Parabacteroides sp. CAG:2/Bacteroidales bacterium 43_36/Parabacteroides sp. 2_1_7/Bacteroides sp. 2_1_33B/Parabacteroides sp. 20_3/Bacteroides sp. 3_1_19/Parabacteroides sp. D13/Parabacteroides sp. D25/Parabacteroides sp. D26/Porphyromonas sp. 31_2/Parabacteroides distasonis]	CBM32	0.96
03640	2005525 Tannerellaceae	375288 Parabacteroides	823 Parabacteroides distasonis [Parabacteroides sp. CAG:2/Bacteroidales bacterium 43_36/Parabacteroides sp. 2_1_7/Bacteroides sp. 2_1_33B/Parabacteroides sp. 20_3/Bacteroides sp. 3_1_19/Parabacteroides sp. D13/Parabacteroides sp. D25/Parabacteroides sp. D26/Porphyromonas sp. 31_2/Parabacteroides distasonis]	CBM51	0.96
03640	2005525 Tannerellaceae	375288 Parabacteroides	823 Parabacteroides distasonis [Parabacteroides sp. CAG:2/Bacteroidales bacterium 43_36/Parabacteroides sp. 2_1_7/Bacteroides sp. 2_1_33B/Parabacteroides sp. 20_3/Bacteroides sp. 3_1_19/Parabacteroides sp. D13/Parabacteroides sp. D25/Parabacteroides sp. D26/Porphyromonas sp. 31_2/Parabacteroides distasonis]	GH109	0.98
03640	2005525 Tannerellaceae	375288 Parabacteroides	823 Parabacteroides distasonis [Parabacteroides sp. CAG:2/Bacteroidales bacterium 43_36/Parabacteroides sp. 2_1_7/Bacteroides sp. 2_1_33B/Parabacteroides sp. 20_3/Bacteroides sp. 3_1_19/Parabacteroides sp. D13/Parabacteroides sp. D25/Parabacteroides sp. D26/Porphyromonas sp. 31_2/Parabacteroides distasonis]	GH110	0.94
03640	2005525 Tannerellaceae	375288 Parabacteroides	823 Parabacteroides distasonis [Parabacteroides sp. CAG:2/Bacteroidales bacterium 43_36/Parabacteroides sp. 2_1_7/Bacteroides sp. 2_1_33B/Parabacteroides sp. 20_3/Bacteroides sp. 3_1_19/Parabacteroides sp. D13/Parabacteroides sp. D25/Parabacteroides sp. D26/Porphyromonas sp. 31_2/Parabacteroides distasonis]	GH112	0
03640	2005525 Tannerellaceae	375288 Parabacteroides	823 Parabacteroides distasonis [Parabacteroides sp. CAG:2/Bacteroidales bacterium 43_36/Parabacteroides sp. 2_1_7/Bacteroides sp. 2_1_33B/Parabacteroides sp. 20_3/Bacteroides sp. 3_1_19/Parabacteroides sp. D13/Parabacteroides sp. D25/Parabacteroides sp. D26/Porphyromonas sp. 31_2/Parabacteroides distasonis]	GH123	0.98
03640	2005525 Tannerellaceae	375288 Parabacteroides	823 Parabacteroides distasonis [Parabacteroides sp. CAG:2/Bacteroidales bacterium 43_36/Parabacteroides sp. 2_1_7/Bacteroides sp. 2_1_33B/Parabacteroides sp. 20_3/Bacteroides sp. 3_1_19/Parabacteroides sp. D13/Parabacteroides sp. D25/Parabacteroides sp. D26/Porphyromonas sp. 31_2/Parabacteroides distasonis]	GH130	1
03640	2005525 Tannerellaceae	375288 Parabacteroides	823 Parabacteroides distasonis [Parabacteroides sp. CAG:2/Bacteroidales bacterium 43_36/Parabacteroides sp. 2_1_7/Bacteroides sp. 2_1_33B/Parabacteroides sp. 20_3/Bacteroides sp. 3_1_19/Parabacteroides sp. D13/Parabacteroides sp. D25/Parabacteroides sp. D26/Porphyromonas sp. 31_2/Parabacteroides distasonis]	GH136	0
03640	2005525 Tannerellaceae	375288 Parabacteroides	823 Parabacteroides distasonis [Parabacteroides sp. CAG:2/Bacteroidales bacterium 43_36/Parabacteroides sp. 2_1_7/Bacteroides sp. 2_1_33B/Parabacteroides sp. 20_3/Bacteroides sp. 3_1_19/Parabacteroides sp. D13/Parabacteroides sp. D25/Parabacteroides sp. D26/Porphyromonas sp. 31_2/Parabacteroides distasonis]	GH16	0.9
03640	2005525 Tannerellaceae	375288 Parabacteroides	823 Parabacteroides distasonis [Parabacteroides sp. CAG:2/Bacteroidales bacterium 43_36/Parabacteroides sp. 2_1_7/Bacteroides sp. 2_1_33B/Parabacteroides sp. 20_3/Bacteroides sp. 3_1_19/Parabacteroides sp. D13/Parabacteroides sp. D25/Parabacteroides sp. D26/Porphyromonas sp. 31_2/Parabacteroides distasonis]	GH18	0.02
03640	2005525 Tannerellaceae	375288 Parabacteroides	823 Parabacteroides distasonis [Parabacteroides sp. CAG:2/Bacteroidales bacterium 43_36/Parabacteroides sp. 2_1_7/Bacteroides sp. 2_1_33B/Parabacteroides sp. 20_3/Bacteroides sp. 3_1_19/Parabacteroides sp. D13/Parabacteroides sp. D25/Parabacteroides sp. D26/Porphyromonas sp. 31_2/Parabacteroides distasonis]	GH2	1
03640	2005525 Tannerellaceae	375288 Parabacteroides	823 Parabacteroides distasonis [Parabacteroides sp. CAG:2/Bacteroidales bacterium 43_36/Parabacteroides sp. 2_1_7/Bacteroides sp. 2_1_33B/Parabacteroides sp. 20_3/Bacteroides sp. 3_1_19/Parabacteroides sp. D13/Parabacteroides sp. D25/Parabacteroides sp. D26/Porphyromonas sp. 31_2/Parabacteroides distasonis]	GH20	1
03640	2005525 Tannerellaceae	375288 Parabacteroides	823 Parabacteroides distasonis [Parabacteroides sp. CAG:2/Bacteroidales bacterium 43_36/Parabacteroides sp. 2_1_7/Bacteroides sp. 2_1_33B/Parabacteroides sp. 20_3/Bacteroides sp. 3_1_19/Parabacteroides sp. D13/Parabacteroides sp. D25/Parabacteroides sp. D26/Porphyromonas sp. 31_2/Parabacteroides distasonis]	GH27	0.68
03640	2005525 Tannerellaceae	375288 Parabacteroides	823 Parabacteroides distasonis [Parabacteroides sp. CAG:2/Bacteroidales bacterium 43_36/Parabacteroides sp. 2_1_7/Bacteroides sp. 2_1_33B/Parabacteroides sp. 20_3/Bacteroides sp. 3_1_19/Parabacteroides sp. D13/Parabacteroides sp. D25/Parabacteroides sp. D26/Porphyromonas sp. 31_2/Parabacteroides distasonis]	GH29	0.9
03640	2005525 Tannerellaceae	375288 Parabacteroides	823 Parabacteroides distasonis [Parabacteroides sp. CAG:2/Bacteroidales bacterium 43_36/Parabacteroides sp. 2_1_7/Bacteroides sp. 2_1_33B/Parabacteroides sp. 20_3/Bacteroides sp. 3_1_19/Parabacteroides sp. D13/Parabacteroides sp. D25/Parabacteroides sp. D26/Porphyromonas sp. 31_2/Parabacteroides distasonis]	GH31	1
03640	2005525 Tannerellaceae	375288 Parabacteroides	823 Parabacteroides distasonis [Parabacteroides sp. CAG:2/Bacteroidales bacterium 43_36/Parabacteroides sp. 2_1_7/Bacteroides sp. 2_1_33B/Parabacteroides sp. 20_3/Bacteroides sp. 3_1_19/Parabacteroides sp. D13/Parabacteroides sp. D25/Parabacteroides sp. D26/Porphyromonas sp. 31_2/Parabacteroides distasonis]	GH33	0.94
03640	2005525 Tannerellaceae	375288 Parabacteroides	823 Parabacteroides distasonis [Parabacteroides sp. CAG:2/Bacteroidales bacterium 43_36/Parabacteroides sp. 2_1_7/Bacteroides sp. 2_1_33B/Parabacteroides sp. 20_3/Bacteroides sp. 3_1_19/Parabacteroides sp. D13/Parabacteroides sp. D25/Parabacteroides sp. D26/Porphyromonas sp. 31_2/Parabacteroides distasonis]	GH35	0.92
03640	2005525 Tannerellaceae	375288 Parabacteroides	823 Parabacteroides distasonis [Parabacteroides sp. CAG:2/Bacteroidales bacterium 43_36/Parabacteroides sp. 2_1_7/Bacteroides sp. 2_1_33B/Parabacteroides sp. 20_3/Bacteroides sp. 3_1_19/Parabacteroides sp. D13/Parabacteroides sp. D25/Parabacteroides sp. D26/Porphyromonas sp. 31_2/Parabacteroides distasonis]	GH36	1
03640	2005525 Tannerellaceae	375288 Parabacteroides	823 Parabacteroides distasonis [Parabacteroides sp. CAG:2/Bacteroidales bacterium 43_36/Parabacteroides sp. 2_1_7/Bacteroides sp. 2_1_33B/Parabacteroides sp. 20_3/Bacteroides sp. 3_1_19/Parabacteroides sp. D13/Parabacteroides sp. D25/Parabacteroides sp. D26/Porphyromonas sp. 31_2/Parabacteroides distasonis]	GH42	0
03640	2005525 Tannerellaceae	375288 Parabacteroides	823 Parabacteroides distasonis [Parabacteroides sp. CAG:2/Bacteroidales bacterium 43_36/Parabacteroides sp. 2_1_7/Bacteroides sp. 2_1_33B/Parabacteroides sp. 20_3/Bacteroides sp. 3_1_19/Parabacteroides sp. D13/Parabacteroides sp. D25/Parabacteroides sp. D26/Porphyromonas sp. 31_2/Parabacteroides distasonis]	GH84	0.92
03640	2005525 Tannerellaceae	375288 Parabacteroides	823 Parabacteroides distasonis [Parabacteroides sp. CAG:2/Bacteroidales bacterium 43_36/Parabacteroides sp. 2_1_7/Bacteroides sp. 2_1_33B/Parabacteroides sp. 20_3/Bacteroides sp. 3_1_19/Parabacteroides sp. D13/Parabacteroides sp. D25/Parabacteroides sp. D26/Porphyromonas sp. 31_2/Parabacteroides distasonis]	GH85	0
03640	2005525 Tannerellaceae	375288 Parabacteroides	823 Parabacteroides distasonis [Parabacteroides sp. CAG:2/Bacteroidales bacterium 43_36/Parabacteroides sp. 2_1_7/Bacteroides sp. 2_1_33B/Parabacteroides sp. 20_3/Bacteroides sp. 3_1_19/Parabacteroides sp. D13/Parabacteroides sp. D25/Parabacteroides sp. D26/Porphyromonas sp. 31_2/Parabacteroides distasonis]	GH89	0.02
03640	2005525 Tannerellaceae	375288 Parabacteroides	823 Parabacteroides distasonis [Parabacteroides sp. CAG:2/Bacteroidales bacterium 43_36/Parabacteroides sp. 2_1_7/Bacteroides sp. 2_1_33B/Parabacteroides sp. 20_3/Bacteroides sp. 3_1_19/Parabacteroides sp. D13/Parabacteroides sp. D25/Parabacteroides sp. D26/Porphyromonas sp. 31_2/Parabacteroides distasonis]	GH92	1
03640	2005525 Tannerellaceae	375288 Parabacteroides	823 Parabacteroides distasonis [Parabacteroides sp. CAG:2/Bacteroidales bacterium 43_36/Parabacteroides sp. 2_1_7/Bacteroides sp. 2_1_33B/Parabacteroides sp. 20_3/Bacteroides sp. 3_1_19/Parabacteroides sp. D13/Parabacteroides sp. D25/Parabacteroides sp. D26/Porphyromonas sp. 31_2/Parabacteroides distasonis]	GH95	0.92
03640	2005525 Tannerellaceae	375288 Parabacteroides	823 Parabacteroides distasonis [Parabacteroides sp. CAG:2/Bacteroidales bacterium 43_36/Parabacteroides sp. 2_1_7/Bacteroides sp. 2_1_33B/Parabacteroides sp. 20_3/Bacteroides sp. 3_1_19/Parabacteroides sp. D13/Parabacteroides sp. D25/Parabacteroides sp. D26/Porphyromonas sp. 31_2/Parabacteroides distasonis]	GH97	1
03645	171552 Prevotellaceae	838 Prevotella	1776379 Prevotella lascolaii [Prevotella sp. CAG:487/Prevotella lascolaii/Prevotella sp. AG:487_50_53]	CBM32	1
03645	171552 Prevotellaceae	838 Prevotella	1776379 Prevotella lascolaii [Prevotella sp. CAG:487/Prevotella lascolaii/Prevotella sp. AG:487_50_53]	CBM51	0
03645	171552 Prevotellaceae	838 Prevotella	1776379 Prevotella lascolaii [Prevotella sp. CAG:487/Prevotella lascolaii/Prevotella sp. AG:487_50_53]	GH109	1
03645	171552 Prevotellaceae	838 Prevotella	1776379 Prevotella lascolaii [Prevotella sp. CAG:487/Prevotella lascolaii/Prevotella sp. AG:487_50_53]	GH110	1
03645	171552 Prevotellaceae	838 Prevotella	1776379 Prevotella lascolaii [Prevotella sp. CAG:487/Prevotella lascolaii/Prevotella sp. AG:487_50_53]	GH112	0
03645	171552 Prevotellaceae	838 Prevotella	1776379 Prevotella lascolaii [Prevotella sp. CAG:487/Prevotella lascolaii/Prevotella sp. AG:487_50_53]	GH123	1
03645	171552 Prevotellaceae	838 Prevotella	1776379 Prevotella lascolaii [Prevotella sp. CAG:487/Prevotella lascolaii/Prevotella sp. AG:487_50_53]	GH130	1
03645	171552 Prevotellaceae	838 Prevotella	1776379 Prevotella lascolaii [Prevotella sp. CAG:487/Prevotella lascolaii/Prevotella sp. AG:487_50_53]	GH136	0
03645	171552 Prevotellaceae	838 Prevotella	1776379 Prevotella lascolaii [Prevotella sp. CAG:487/Prevotella lascolaii/Prevotella sp. AG:487_50_53]	GH16	1
03645	171552 Prevotellaceae	838 Prevotella	1776379 Prevotella lascolaii [Prevotella sp. CAG:487/Prevotella lascolaii/Prevotella sp. AG:487_50_53]	GH18	0
03645	171552 Prevotellaceae	838 Prevotella	1776379 Prevotella lascolaii [Prevotella sp. CAG:487/Prevotella lascolaii/Prevotella sp. AG:487_50_53]	GH2	1
03645	171552 Prevotellaceae	838 Prevotella	1776379 Prevotella lascolaii [Prevotella sp. CAG:487/Prevotella lascolaii/Prevotella sp. AG:487_50_53]	GH20	1
03645	171552 Prevotellaceae	838 Prevotella	1776379 Prevotella lascolaii [Prevotella sp. CAG:487/Prevotella lascolaii/Prevotella sp. AG:487_50_53]	GH27	1
03645	171552 Prevotellaceae	838 Prevotella	1776379 Prevotella lascolaii [Prevotella sp. CAG:487/Prevotella lascolaii/Prevotella sp. AG:487_50_53]	GH29	1
03645	171552 Prevotellaceae	838 Prevotella	1776379 Prevotella lascolaii [Prevotella sp. CAG:487/Prevotella lascolaii/Prevotella sp. AG:487_50_53]	GH31	1
03645	171552 Prevotellaceae	838 Prevotella	1776379 Prevotella lascolaii [Prevotella sp. CAG:487/Prevotella lascolaii/Prevotella sp. AG:487_50_53]	GH33	0
03645	171552 Prevotellaceae	838 Prevotella	1776379 Prevotella lascolaii [Prevotella sp. CAG:487/Prevotella lascolaii/Prevotella sp. AG:487_50_53]	GH35	0.5
03645	171552 Prevotellaceae	838 Prevotella	1776379 Prevotella lascolaii [Prevotella sp. CAG:487/Prevotella lascolaii/Prevotella sp. AG:487_50_53]	GH36	0.5
03645	171552 Prevotellaceae	838 Prevotella	1776379 Prevotella lascolaii [Prevotella sp. CAG:487/Prevotella lascolaii/Prevotella sp. AG:487_50_53]	GH42	0
03645	171552 Prevotellaceae	838 Prevotella	1776379 Prevotella lascolaii [Prevotella sp. CAG:487/Prevotella lascolaii/Prevotella sp. AG:487_50_53]	GH84	0
03645	171552 Prevotellaceae	838 Prevotella	1776379 Prevotella lascolaii [Prevotella sp. CAG:487/Prevotella lascolaii/Prevotella sp. AG:487_50_53]	GH85	0.75
03645	171552 Prevotellaceae	838 Prevotella	1776379 Prevotella lascolaii [Prevotella sp. CAG:487/Prevotella lascolaii/Prevotella sp. AG:487_50_53]	GH89	0
03645	171552 Prevotellaceae	838 Prevotella	1776379 Prevotella lascolaii [Prevotella sp. CAG:487/Prevotella lascolaii/Prevotella sp. AG:487_50_53]	GH92	1
03645	171552 Prevotellaceae	838 Prevotella	1776379 Prevotella lascolaii [Prevotella sp. CAG:487/Prevotella lascolaii/Prevotella sp. AG:487_50_53]	GH95	0.75
03645	171552 Prevotellaceae	838 Prevotella	1776379 Prevotella lascolaii [Prevotella sp. CAG:487/Prevotella lascolaii/Prevotella sp. AG:487_50_53]	GH97	1
03646	171552 Prevotellaceae	1926672 Prevotellamassilia	1852370 Prevotellamassilia timonensis [Prevotella sp. CAG:5226/Prevotellamassilia timonensis]	CBM32	1
03646	171552 Prevotellaceae	1926672 Prevotellamassilia	1852370 Prevotellamassilia timonensis [Prevotella sp. CAG:5226/Prevotellamassilia timonensis]	CBM51	0
03646	171552 Prevotellaceae	1926672 Prevotellamassilia	1852370 Prevotellamassilia timonensis [Prevotella sp. CAG:5226/Prevotellamassilia timonensis]	GH109	1
03646	171552 Prevotellaceae	1926672 Prevotellamassilia	1852370 Prevotellamassilia timonensis [Prevotella sp. CAG:5226/Prevotellamassilia timonensis]	GH110	0
03646	171552 Prevotellaceae	1926672 Prevotellamassilia	1852370 Prevotellamassilia timonensis [Prevotella sp. CAG:5226/Prevotellamassilia timonensis]	GH112	0
03646	171552 Prevotellaceae	1926672 Prevotellamassilia	1852370 Prevotellamassilia timonensis [Prevotella sp. CAG:5226/Prevotellamassilia timonensis]	GH123	1
03646	171552 Prevotellaceae	1926672 Prevotellamassilia	1852370 Prevotellamassilia timonensis [Prevotella sp. CAG:5226/Prevotellamassilia timonensis]	GH130	0.12195121951219512
03646	171552 Prevotellaceae	1926672 Prevotellamassilia	1852370 Prevotellamassilia timonensis [Prevotella sp. CAG:5226/Prevotellamassilia timonensis]	GH136	0
03646	171552 Prevotellaceae	1926672 Prevotellamassilia	1852370 Prevotellamassilia timonensis [Prevotella sp. CAG:5226/Prevotellamassilia timonensis]	GH16	1
03646	171552 Prevotellaceae	1926672 Prevotellamassilia	1852370 Prevotellamassilia timonensis [Prevotella sp. CAG:5226/Prevotellamassilia timonensis]	GH18	0
03646	171552 Prevotellaceae	1926672 Prevotellamassilia	1852370 Prevotellamassilia timonensis [Prevotella sp. CAG:5226/Prevotellamassilia timonensis]	GH2	1
03646	171552 Prevotellaceae	1926672 Prevotellamassilia	1852370 Prevotellamassilia timonensis [Prevotella sp. CAG:5226/Prevotellamassilia timonensis]	GH20	1
03646	171552 Prevotellaceae	1926672 Prevotellamassilia	1852370 Prevotellamassilia timonensis [Prevotella sp. CAG:5226/Prevotellamassilia timonensis]	GH27	1
03646	171552 Prevotellaceae	1926672 Prevotellamassilia	1852370 Prevotellamassilia timonensis [Prevotella sp. CAG:5226/Prevotellamassilia timonensis]	GH29	1
03646	171552 Prevotellaceae	1926672 Prevotellamassilia	1852370 Prevotellamassilia timonensis [Prevotella sp. CAG:5226/Prevotellamassilia timonensis]	GH31	0.975609756097561
03646	171552 Prevotellaceae	1926672 Prevotellamassilia	1852370 Prevotellamassilia timonensis [Prevotella sp. CAG:5226/Prevotellamassilia timonensis]	GH33	1
03646	171552 Prevotellaceae	1926672 Prevotellamassilia	1852370 Prevotellamassilia timonensis [Prevotella sp. CAG:5226/Prevotellamassilia timonensis]	GH35	1
03646	171552 Prevotellaceae	1926672 Prevotellamassilia	1852370 Prevotellamassilia timonensis [Prevotella sp. CAG:5226/Prevotellamassilia timonensis]	GH36	1
03646	171552 Prevotellaceae	1926672 Prevotellamassilia	1852370 Prevotellamassilia timonensis [Prevotella sp. CAG:5226/Prevotellamassilia timonensis]	GH42	0
03646	171552 Prevotellaceae	1926672 Prevotellamassilia	1852370 Prevotellamassilia timonensis [Prevotella sp. CAG:5226/Prevotellamassilia timonensis]	GH84	1
03646	171552 Prevotellaceae	1926672 Prevotellamassilia	1852370 Prevotellamassilia timonensis [Prevotella sp. CAG:5226/Prevotellamassilia timonensis]	GH85	0
03646	171552 Prevotellaceae	1926672 Prevotellamassilia	1852370 Prevotellamassilia timonensis [Prevotella sp. CAG:5226/Prevotellamassilia timonensis]	GH89	0.926829268292683
03646	171552 Prevotellaceae	1926672 Prevotellamassilia	1852370 Prevotellamassilia timonensis [Prevotella sp. CAG:5226/Prevotellamassilia timonensis]	GH92	1
03646	171552 Prevotellaceae	1926672 Prevotellamassilia	1852370 Prevotellamassilia timonensis [Prevotella sp. CAG:5226/Prevotellamassilia timonensis]	GH95	1
03646	171552 Prevotellaceae	1926672 Prevotellamassilia	1852370 Prevotellamassilia timonensis [Prevotella sp. CAG:5226/Prevotellamassilia timonensis]	GH97	0.9512195121951219
03647	171552 Prevotellaceae	838 Prevotella	NA Prevotella sp. [Prevotella sp. CAG:592/Prevotella sp. P4-65/Prevotella sp. P4-76/Prevotella sp. P5-60/Prevotella sp. P5-119/Prevotella sp. P5-125]	CBM32	0.07894736842105263
03647	171552 Prevotellaceae	838 Prevotella	NA Prevotella sp. [Prevotella sp. CAG:592/Prevotella sp. P4-65/Prevotella sp. P4-76/Prevotella sp. P5-60/Prevotella sp. P5-119/Prevotella sp. P5-125]	CBM51	0.02631578947368421
03647	171552 Prevotellaceae	838 Prevotella	NA Prevotella sp. [Prevotella sp. CAG:592/Prevotella sp. P4-65/Prevotella sp. P4-76/Prevotella sp. P5-60/Prevotella sp. P5-119/Prevotella sp. P5-125]	GH109	0.02631578947368421
03647	171552 Prevotellaceae	838 Prevotella	NA Prevotella sp. [Prevotella sp. CAG:592/Prevotella sp. P4-65/Prevotella sp. P4-76/Prevotella sp. P5-60/Prevotella sp. P5-119/Prevotella sp. P5-125]	GH110	0
03647	171552 Prevotellaceae	838 Prevotella	NA Prevotella sp. [Prevotella sp. CAG:592/Prevotella sp. P4-65/Prevotella sp. P4-76/Prevotella sp. P5-60/Prevotella sp. P5-119/Prevotella sp. P5-125]	GH112	0
03647	171552 Prevotellaceae	838 Prevotella	NA Prevotella sp. [Prevotella sp. CAG:592/Prevotella sp. P4-65/Prevotella sp. P4-76/Prevotella sp. P5-60/Prevotella sp. P5-119/Prevotella sp. P5-125]	GH123	0.02631578947368421
03647	171552 Prevotellaceae	838 Prevotella	NA Prevotella sp. [Prevotella sp. CAG:592/Prevotella sp. P4-65/Prevotella sp. P4-76/Prevotella sp. P5-60/Prevotella sp. P5-119/Prevotella sp. P5-125]	GH130	0.02631578947368421
03647	171552 Prevotellaceae	838 Prevotella	NA Prevotella sp. [Prevotella sp. CAG:592/Prevotella sp. P4-65/Prevotella sp. P4-76/Prevotella sp. P5-60/Prevotella sp. P5-119/Prevotella sp. P5-125]	GH136	0
03647	171552 Prevotellaceae	838 Prevotella	NA Prevotella sp. [Prevotella sp. CAG:592/Prevotella sp. P4-65/Prevotella sp. P4-76/Prevotella sp. P5-60/Prevotella sp. P5-119/Prevotella sp. P5-125]	GH16	0
03647	171552 Prevotellaceae	838 Prevotella	NA Prevotella sp. [Prevotella sp. CAG:592/Prevotella sp. P4-65/Prevotella sp. P4-76/Prevotella sp. P5-60/Prevotella sp. P5-119/Prevotella sp. P5-125]	GH18	0.02631578947368421
03647	171552 Prevotellaceae	838 Prevotella	NA Prevotella sp. [Prevotella sp. CAG:592/Prevotella sp. P4-65/Prevotella sp. P4-76/Prevotella sp. P5-60/Prevotella sp. P5-119/Prevotella sp. P5-125]	GH2	1
03647	171552 Prevotellaceae	838 Prevotella	NA Prevotella sp. [Prevotella sp. CAG:592/Prevotella sp. P4-65/Prevotella sp. P4-76/Prevotella sp. P5-60/Prevotella sp. P5-119/Prevotella sp. P5-125]	GH20	0.9473684210526315
03647	171552 Prevotellaceae	838 Prevotella	NA Prevotella sp. [Prevotella sp. CAG:592/Prevotella sp. P4-65/Prevotella sp. P4-76/Prevotella sp. P5-60/Prevotella sp. P5-119/Prevotella sp. P5-125]	GH27	0.05263157894736842
03647	171552 Prevotellaceae	838 Prevotella	NA Prevotella sp. [Prevotella sp. CAG:592/Prevotella sp. P4-65/Prevotella sp. P4-76/Prevotella sp. P5-60/Prevotella sp. P5-119/Prevotella sp. P5-125]	GH29	1
03647	171552 Prevotellaceae	838 Prevotella	NA Prevotella sp. [Prevotella sp. CAG:592/Prevotella sp. P4-65/Prevotella sp. P4-76/Prevotella sp. P5-60/Prevotella sp. P5-119/Prevotella sp. P5-125]	GH31	0.9473684210526315
03647	171552 Prevotellaceae	838 Prevotella	NA Prevotella sp. [Prevotella sp. CAG:592/Prevotella sp. P4-65/Prevotella sp. P4-76/Prevotella sp. P5-60/Prevotella sp. P5-119/Prevotella sp. P5-125]	GH33	1
03647	171552 Prevotellaceae	838 Prevotella	NA Prevotella sp. [Prevotella sp. CAG:592/Prevotella sp. P4-65/Prevotella sp. P4-76/Prevotella sp. P5-60/Prevotella sp. P5-119/Prevotella sp. P5-125]	GH35	0
03647	171552 Prevotellaceae	838 Prevotella	NA Prevotella sp. [Prevotella sp. CAG:592/Prevotella sp. P4-65/Prevotella sp. P4-76/Prevotella sp. P5-60/Prevotella sp. P5-119/Prevotella sp. P5-125]	GH36	0.02631578947368421
03647	171552 Prevotellaceae	838 Prevotella	NA Prevotella sp. [Prevotella sp. CAG:592/Prevotella sp. P4-65/Prevotella sp. P4-76/Prevotella sp. P5-60/Prevotella sp. P5-119/Prevotella sp. P5-125]	GH42	0
03647	171552 Prevotellaceae	838 Prevotella	NA Prevotella sp. [Prevotella sp. CAG:592/Prevotella sp. P4-65/Prevotella sp. P4-76/Prevotella sp. P5-60/Prevotella sp. P5-119/Prevotella sp. P5-125]	GH84	0.02631578947368421
03647	171552 Prevotellaceae	838 Prevotella	NA Prevotella sp. [Prevotella sp. CAG:592/Prevotella sp. P4-65/Prevotella sp. P4-76/Prevotella sp. P5-60/Prevotella sp. P5-119/Prevotella sp. P5-125]	GH85	1
03647	171552 Prevotellaceae	838 Prevotella	NA Prevotella sp. [Prevotella sp. CAG:592/Prevotella sp. P4-65/Prevotella sp. P4-76/Prevotella sp. P5-60/Prevotella sp. P5-119/Prevotella sp. P5-125]	GH89	0
03647	171552 Prevotellaceae	838 Prevotella	NA Prevotella sp. [Prevotella sp. CAG:592/Prevotella sp. P4-65/Prevotella sp. P4-76/Prevotella sp. P5-60/Prevotella sp. P5-119/Prevotella sp. P5-125]	GH92	0.9210526315789473
03647	171552 Prevotellaceae	838 Prevotella	NA Prevotella sp. [Prevotella sp. CAG:592/Prevotella sp. P4-65/Prevotella sp. P4-76/Prevotella sp. P5-60/Prevotella sp. P5-119/Prevotella sp. P5-125]	GH95	0.9736842105263158
03647	171552 Prevotellaceae	838 Prevotella	NA Prevotella sp. [Prevotella sp. CAG:592/Prevotella sp. P4-65/Prevotella sp. P4-76/Prevotella sp. P5-60/Prevotella sp. P5-119/Prevotella sp. P5-125]	GH97	1
03648	NA Bacteroidales fam. [Prevotellaceae/Muribaculaceae]	838 Prevotella	NA Prevotella sp. [Prevotella sp. CAG:873/Bacteroidales bacterium H4]	CBM32	0
03648	NA Bacteroidales fam. [Prevotellaceae/Muribaculaceae]	838 Prevotella	NA Prevotella sp. [Prevotella sp. CAG:873/Bacteroidales bacterium H4]	CBM51	0
03648	NA Bacteroidales fam. [Prevotellaceae/Muribaculaceae]	838 Prevotella	NA Prevotella sp. [Prevotella sp. CAG:873/Bacteroidales bacterium H4]	GH109	0
03648	NA Bacteroidales fam. [Prevotellaceae/Muribaculaceae]	838 Prevotella	NA Prevotella sp. [Prevotella sp. CAG:873/Bacteroidales bacterium H4]	GH110	0
03648	NA Bacteroidales fam. [Prevotellaceae/Muribaculaceae]	838 Prevotella	NA Prevotella sp. [Prevotella sp. CAG:873/Bacteroidales bacterium H4]	GH112	0
03648	NA Bacteroidales fam. [Prevotellaceae/Muribaculaceae]	838 Prevotella	NA Prevotella sp. [Prevotella sp. CAG:873/Bacteroidales bacterium H4]	GH123	0
03648	NA Bacteroidales fam. [Prevotellaceae/Muribaculaceae]	838 Prevotella	NA Prevotella sp. [Prevotella sp. CAG:873/Bacteroidales bacterium H4]	GH130	0
03648	NA Bacteroidales fam. [Prevotellaceae/Muribaculaceae]	838 Prevotella	NA Prevotella sp. [Prevotella sp. CAG:873/Bacteroidales bacterium H4]	GH136	0
03648	NA Bacteroidales fam. [Prevotellaceae/Muribaculaceae]	838 Prevotella	NA Prevotella sp. [Prevotella sp. CAG:873/Bacteroidales bacterium H4]	GH16	0
03648	NA Bacteroidales fam. [Prevotellaceae/Muribaculaceae]	838 Prevotella	NA Prevotella sp. [Prevotella sp. CAG:873/Bacteroidales bacterium H4]	GH18	0
03648	NA Bacteroidales fam. [Prevotellaceae/Muribaculaceae]	838 Prevotella	NA Prevotella sp. [Prevotella sp. CAG:873/Bacteroidales bacterium H4]	GH2	0
03648	NA Bacteroidales fam. [Prevotellaceae/Muribaculaceae]	838 Prevotella	NA Prevotella sp. [Prevotella sp. CAG:873/Bacteroidales bacterium H4]	GH20	1
03648	NA Bacteroidales fam. [Prevotellaceae/Muribaculaceae]	838 Prevotella	NA Prevotella sp. [Prevotella sp. CAG:873/Bacteroidales bacterium H4]	GH27	0
03648	NA Bacteroidales fam. [Prevotellaceae/Muribaculaceae]	838 Prevotella	NA Prevotella sp. [Prevotella sp. CAG:873/Bacteroidales bacterium H4]	GH29	0
03648	NA Bacteroidales fam. [Prevotellaceae/Muribaculaceae]	838 Prevotella	NA Prevotella sp. [Prevotella sp. CAG:873/Bacteroidales bacterium H4]	GH31	0.98
03648	NA Bacteroidales fam. [Prevotellaceae/Muribaculaceae]	838 Prevotella	NA Prevotella sp. [Prevotella sp. CAG:873/Bacteroidales bacterium H4]	GH33	0
03648	NA Bacteroidales fam. [Prevotellaceae/Muribaculaceae]	838 Prevotella	NA Prevotella sp. [Prevotella sp. CAG:873/Bacteroidales bacterium H4]	GH35	0
03648	NA Bacteroidales fam. [Prevotellaceae/Muribaculaceae]	838 Prevotella	NA Prevotella sp. [Prevotella sp. CAG:873/Bacteroidales bacterium H4]	GH36	0
03648	NA Bacteroidales fam. [Prevotellaceae/Muribaculaceae]	838 Prevotella	NA Prevotella sp. [Prevotella sp. CAG:873/Bacteroidales bacterium H4]	GH42	0
03648	NA Bacteroidales fam. [Prevotellaceae/Muribaculaceae]	838 Prevotella	NA Prevotella sp. [Prevotella sp. CAG:873/Bacteroidales bacterium H4]	GH84	0
03648	NA Bacteroidales fam. [Prevotellaceae/Muribaculaceae]	838 Prevotella	NA Prevotella sp. [Prevotella sp. CAG:873/Bacteroidales bacterium H4]	GH85	0
03648	NA Bacteroidales fam. [Prevotellaceae/Muribaculaceae]	838 Prevotella	NA Prevotella sp. [Prevotella sp. CAG:873/Bacteroidales bacterium H4]	GH89	0
03648	NA Bacteroidales fam. [Prevotellaceae/Muribaculaceae]	838 Prevotella	NA Prevotella sp. [Prevotella sp. CAG:873/Bacteroidales bacterium H4]	GH92	0
03648	NA Bacteroidales fam. [Prevotellaceae/Muribaculaceae]	838 Prevotella	NA Prevotella sp. [Prevotella sp. CAG:873/Bacteroidales bacterium H4]	GH95	0
03648	NA Bacteroidales fam. [Prevotellaceae/Muribaculaceae]	838 Prevotella	NA Prevotella sp. [Prevotella sp. CAG:873/Bacteroidales bacterium H4]	GH97	0
03659	186803 Lachnospiraceae	572511 Blautia	33039 [Ruminococcus] torques	CBM32	0.48
03659	186803 Lachnospiraceae	572511 Blautia	33039 [Ruminococcus] torques	CBM51	0.46
03659	186803 Lachnospiraceae	572511 Blautia	33039 [Ruminococcus] torques	GH109	0.02
03659	186803 Lachnospiraceae	572511 Blautia	33039 [Ruminococcus] torques	GH110	0.32
03659	186803 Lachnospiraceae	572511 Blautia	33039 [Ruminococcus] torques	GH112	0.92
03659	186803 Lachnospiraceae	572511 Blautia	33039 [Ruminococcus] torques	GH123	0
03659	186803 Lachnospiraceae	572511 Blautia	33039 [Ruminococcus] torques	GH130	0.04
03659	186803 Lachnospiraceae	572511 Blautia	33039 [Ruminococcus] torques	GH136	0.56
03659	186803 Lachnospiraceae	572511 Blautia	33039 [Ruminococcus] torques	GH16	0
03659	186803 Lachnospiraceae	572511 Blautia	33039 [Ruminococcus] torques	GH18	0.94
03659	186803 Lachnospiraceae	572511 Blautia	33039 [Ruminococcus] torques	GH2	0.92
03659	186803 Lachnospiraceae	572511 Blautia	33039 [Ruminococcus] torques	GH20	0.1
03659	186803 Lachnospiraceae	572511 Blautia	33039 [Ruminococcus] torques	GH27	0.36
03659	186803 Lachnospiraceae	572511 Blautia	33039 [Ruminococcus] torques	GH29	0.84
03659	186803 Lachnospiraceae	572511 Blautia	33039 [Ruminococcus] torques	GH31	0.84
03659	186803 Lachnospiraceae	572511 Blautia	33039 [Ruminococcus] torques	GH33	0.08
03659	186803 Lachnospiraceae	572511 Blautia	33039 [Ruminococcus] torques	GH35	0.04
03659	186803 Lachnospiraceae	572511 Blautia	33039 [Ruminococcus] torques	GH36	0.98
03659	186803 Lachnospiraceae	572511 Blautia	33039 [Ruminococcus] torques	GH42	0.82
03659	186803 Lachnospiraceae	572511 Blautia	33039 [Ruminococcus] torques	GH84	0.46
03659	186803 Lachnospiraceae	572511 Blautia	33039 [Ruminococcus] torques	GH85	0.02
03659	186803 Lachnospiraceae	572511 Blautia	33039 [Ruminococcus] torques	GH89	0
03659	186803 Lachnospiraceae	572511 Blautia	33039 [Ruminococcus] torques	GH92	0
03659	186803 Lachnospiraceae	572511 Blautia	33039 [Ruminococcus] torques	GH95	0.94
03659	186803 Lachnospiraceae	572511 Blautia	33039 [Ruminococcus] torques	GH97	0
03660	186803 Lachnospiraceae	572511 Blautia	33039 [Ruminococcus] torques	CBM32	0.02
03660	186803 Lachnospiraceae	572511 Blautia	33039 [Ruminococcus] torques	CBM51	0.04
03660	186803 Lachnospiraceae	572511 Blautia	33039 [Ruminococcus] torques	GH109	0
03660	186803 Lachnospiraceae	572511 Blautia	33039 [Ruminococcus] torques	GH110	0
03660	186803 Lachnospiraceae	572511 Blautia	33039 [Ruminococcus] torques	GH112	0.18
03660	186803 Lachnospiraceae	572511 Blautia	33039 [Ruminococcus] torques	GH123	0
03660	186803 Lachnospiraceae	572511 Blautia	33039 [Ruminococcus] torques	GH130	0.02
03660	186803 Lachnospiraceae	572511 Blautia	33039 [Ruminococcus] torques	GH136	0.08
03660	186803 Lachnospiraceae	572511 Blautia	33039 [Ruminococcus] torques	GH16	0.62
03660	186803 Lachnospiraceae	572511 Blautia	33039 [Ruminococcus] torques	GH18	0.86
03660	186803 Lachnospiraceae	572511 Blautia	33039 [Ruminococcus] torques	GH2	0.98
03660	186803 Lachnospiraceae	572511 Blautia	33039 [Ruminococcus] torques	GH20	0
03660	186803 Lachnospiraceae	572511 Blautia	33039 [Ruminococcus] torques	GH27	0.02
03660	186803 Lachnospiraceae	572511 Blautia	33039 [Ruminococcus] torques	GH29	0.04
03660	186803 Lachnospiraceae	572511 Blautia	33039 [Ruminococcus] torques	GH31	1
03660	186803 Lachnospiraceae	572511 Blautia	33039 [Ruminococcus] torques	GH33	0
03660	186803 Lachnospiraceae	572511 Blautia	33039 [Ruminococcus] torques	GH35	0
03660	186803 Lachnospiraceae	572511 Blautia	33039 [Ruminococcus] torques	GH36	0.98
03660	186803 Lachnospiraceae	572511 Blautia	33039 [Ruminococcus] torques	GH42	0.9
03660	186803 Lachnospiraceae	572511 Blautia	33039 [Ruminococcus] torques	GH84	0.02
03660	186803 Lachnospiraceae	572511 Blautia	33039 [Ruminococcus] torques	GH85	0
03660	186803 Lachnospiraceae	572511 Blautia	33039 [Ruminococcus] torques	GH89	0
03660	186803 Lachnospiraceae	572511 Blautia	33039 [Ruminococcus] torques	GH92	0
03660	186803 Lachnospiraceae	572511 Blautia	33039 [Ruminococcus] torques	GH95	0.04
03660	186803 Lachnospiraceae	572511 Blautia	33039 [Ruminococcus] torques	GH97	0
03667	2005519 Barnesiellaceae	1348911 Coprobacter	1099853 Coprobacter fastidiosus [Coprobacter fastidiosus/Tannerella sp. CAG:51/Tannerella sp. 6_1_58FAA_CT1]	CBM32	1
03667	2005519 Barnesiellaceae	1348911 Coprobacter	1099853 Coprobacter fastidiosus [Coprobacter fastidiosus/Tannerella sp. CAG:51/Tannerella sp. 6_1_58FAA_CT1]	CBM51	0
03667	2005519 Barnesiellaceae	1348911 Coprobacter	1099853 Coprobacter fastidiosus [Coprobacter fastidiosus/Tannerella sp. CAG:51/Tannerella sp. 6_1_58FAA_CT1]	GH109	0.66
03667	2005519 Barnesiellaceae	1348911 Coprobacter	1099853 Coprobacter fastidiosus [Coprobacter fastidiosus/Tannerella sp. CAG:51/Tannerella sp. 6_1_58FAA_CT1]	GH110	0.64
03667	2005519 Barnesiellaceae	1348911 Coprobacter	1099853 Coprobacter fastidiosus [Coprobacter fastidiosus/Tannerella sp. CAG:51/Tannerella sp. 6_1_58FAA_CT1]	GH112	0
03667	2005519 Barnesiellaceae	1348911 Coprobacter	1099853 Coprobacter fastidiosus [Coprobacter fastidiosus/Tannerella sp. CAG:51/Tannerella sp. 6_1_58FAA_CT1]	GH123	0
03667	2005519 Barnesiellaceae	1348911 Coprobacter	1099853 Coprobacter fastidiosus [Coprobacter fastidiosus/Tannerella sp. CAG:51/Tannerella sp. 6_1_58FAA_CT1]	GH130	1
03667	2005519 Barnesiellaceae	1348911 Coprobacter	1099853 Coprobacter fastidiosus [Coprobacter fastidiosus/Tannerella sp. CAG:51/Tannerella sp. 6_1_58FAA_CT1]	GH136	0
03667	2005519 Barnesiellaceae	1348911 Coprobacter	1099853 Coprobacter fastidiosus [Coprobacter fastidiosus/Tannerella sp. CAG:51/Tannerella sp. 6_1_58FAA_CT1]	GH16	0
03667	2005519 Barnesiellaceae	1348911 Coprobacter	1099853 Coprobacter fastidiosus [Coprobacter fastidiosus/Tannerella sp. CAG:51/Tannerella sp. 6_1_58FAA_CT1]	GH18	0.04
03667	2005519 Barnesiellaceae	1348911 Coprobacter	1099853 Coprobacter fastidiosus [Coprobacter fastidiosus/Tannerella sp. CAG:51/Tannerella sp. 6_1_58FAA_CT1]	GH2	1
03667	2005519 Barnesiellaceae	1348911 Coprobacter	1099853 Coprobacter fastidiosus [Coprobacter fastidiosus/Tannerella sp. CAG:51/Tannerella sp. 6_1_58FAA_CT1]	GH20	1
03667	2005519 Barnesiellaceae	1348911 Coprobacter	1099853 Coprobacter fastidiosus [Coprobacter fastidiosus/Tannerella sp. CAG:51/Tannerella sp. 6_1_58FAA_CT1]	GH27	0.88
03667	2005519 Barnesiellaceae	1348911 Coprobacter	1099853 Coprobacter fastidiosus [Coprobacter fastidiosus/Tannerella sp. CAG:51/Tannerella sp. 6_1_58FAA_CT1]	GH29	0.98
03667	2005519 Barnesiellaceae	1348911 Coprobacter	1099853 Coprobacter fastidiosus [Coprobacter fastidiosus/Tannerella sp. CAG:51/Tannerella sp. 6_1_58FAA_CT1]	GH31	1
03667	2005519 Barnesiellaceae	1348911 Coprobacter	1099853 Coprobacter fastidiosus [Coprobacter fastidiosus/Tannerella sp. CAG:51/Tannerella sp. 6_1_58FAA_CT1]	GH33	0.98
03667	2005519 Barnesiellaceae	1348911 Coprobacter	1099853 Coprobacter fastidiosus [Coprobacter fastidiosus/Tannerella sp. CAG:51/Tannerella sp. 6_1_58FAA_CT1]	GH35	0.98
03667	2005519 Barnesiellaceae	1348911 Coprobacter	1099853 Coprobacter fastidiosus [Coprobacter fastidiosus/Tannerella sp. CAG:51/Tannerella sp. 6_1_58FAA_CT1]	GH36	1
03667	2005519 Barnesiellaceae	1348911 Coprobacter	1099853 Coprobacter fastidiosus [Coprobacter fastidiosus/Tannerella sp. CAG:51/Tannerella sp. 6_1_58FAA_CT1]	GH42	0.02
03667	2005519 Barnesiellaceae	1348911 Coprobacter	1099853 Coprobacter fastidiosus [Coprobacter fastidiosus/Tannerella sp. CAG:51/Tannerella sp. 6_1_58FAA_CT1]	GH84	1
03667	2005519 Barnesiellaceae	1348911 Coprobacter	1099853 Coprobacter fastidiosus [Coprobacter fastidiosus/Tannerella sp. CAG:51/Tannerella sp. 6_1_58FAA_CT1]	GH85	1
03667	2005519 Barnesiellaceae	1348911 Coprobacter	1099853 Coprobacter fastidiosus [Coprobacter fastidiosus/Tannerella sp. CAG:51/Tannerella sp. 6_1_58FAA_CT1]	GH89	0.16
03667	2005519 Barnesiellaceae	1348911 Coprobacter	1099853 Coprobacter fastidiosus [Coprobacter fastidiosus/Tannerella sp. CAG:51/Tannerella sp. 6_1_58FAA_CT1]	GH92	1
03667	2005519 Barnesiellaceae	1348911 Coprobacter	1099853 Coprobacter fastidiosus [Coprobacter fastidiosus/Tannerella sp. CAG:51/Tannerella sp. 6_1_58FAA_CT1]	GH95	1
03667	2005519 Barnesiellaceae	1348911 Coprobacter	1099853 Coprobacter fastidiosus [Coprobacter fastidiosus/Tannerella sp. CAG:51/Tannerella sp. 6_1_58FAA_CT1]	GH97	1
03670	186803 Lachnospiraceae	572511 Blautia	1322 Blautia hansenii [Lachnospiraceae bacterium CAG:364/Blautia hansenii/Lachnospiraceae bacterium 6_1_63FAA]	CBM32	0.8333333333333334
03670	186803 Lachnospiraceae	572511 Blautia	1322 Blautia hansenii [Lachnospiraceae bacterium CAG:364/Blautia hansenii/Lachnospiraceae bacterium 6_1_63FAA]	CBM51	0.1111111111111111
03670	186803 Lachnospiraceae	572511 Blautia	1322 Blautia hansenii [Lachnospiraceae bacterium CAG:364/Blautia hansenii/Lachnospiraceae bacterium 6_1_63FAA]	GH109	0
03670	186803 Lachnospiraceae	572511 Blautia	1322 Blautia hansenii [Lachnospiraceae bacterium CAG:364/Blautia hansenii/Lachnospiraceae bacterium 6_1_63FAA]	GH110	0
03670	186803 Lachnospiraceae	572511 Blautia	1322 Blautia hansenii [Lachnospiraceae bacterium CAG:364/Blautia hansenii/Lachnospiraceae bacterium 6_1_63FAA]	GH112	1
03670	186803 Lachnospiraceae	572511 Blautia	1322 Blautia hansenii [Lachnospiraceae bacterium CAG:364/Blautia hansenii/Lachnospiraceae bacterium 6_1_63FAA]	GH123	0
03670	186803 Lachnospiraceae	572511 Blautia	1322 Blautia hansenii [Lachnospiraceae bacterium CAG:364/Blautia hansenii/Lachnospiraceae bacterium 6_1_63FAA]	GH130	0.8611111111111112
03670	186803 Lachnospiraceae	572511 Blautia	1322 Blautia hansenii [Lachnospiraceae bacterium CAG:364/Blautia hansenii/Lachnospiraceae bacterium 6_1_63FAA]	GH136	0.25
03670	186803 Lachnospiraceae	572511 Blautia	1322 Blautia hansenii [Lachnospiraceae bacterium CAG:364/Blautia hansenii/Lachnospiraceae bacterium 6_1_63FAA]	GH16	0
03670	186803 Lachnospiraceae	572511 Blautia	1322 Blautia hansenii [Lachnospiraceae bacterium CAG:364/Blautia hansenii/Lachnospiraceae bacterium 6_1_63FAA]	GH18	0.9444444444444444
03670	186803 Lachnospiraceae	572511 Blautia	1322 Blautia hansenii [Lachnospiraceae bacterium CAG:364/Blautia hansenii/Lachnospiraceae bacterium 6_1_63FAA]	GH2	1
03670	186803 Lachnospiraceae	572511 Blautia	1322 Blautia hansenii [Lachnospiraceae bacterium CAG:364/Blautia hansenii/Lachnospiraceae bacterium 6_1_63FAA]	GH20	0.8611111111111112
03670	186803 Lachnospiraceae	572511 Blautia	1322 Blautia hansenii [Lachnospiraceae bacterium CAG:364/Blautia hansenii/Lachnospiraceae bacterium 6_1_63FAA]	GH27	0
03670	186803 Lachnospiraceae	572511 Blautia	1322 Blautia hansenii [Lachnospiraceae bacterium CAG:364/Blautia hansenii/Lachnospiraceae bacterium 6_1_63FAA]	GH29	0.9444444444444444
03670	186803 Lachnospiraceae	572511 Blautia	1322 Blautia hansenii [Lachnospiraceae bacterium CAG:364/Blautia hansenii/Lachnospiraceae bacterium 6_1_63FAA]	GH31	0.4722222222222222
03670	186803 Lachnospiraceae	572511 Blautia	1322 Blautia hansenii [Lachnospiraceae bacterium CAG:364/Blautia hansenii/Lachnospiraceae bacterium 6_1_63FAA]	GH33	0.16666666666666666
03670	186803 Lachnospiraceae	572511 Blautia	1322 Blautia hansenii [Lachnospiraceae bacterium CAG:364/Blautia hansenii/Lachnospiraceae bacterium 6_1_63FAA]	GH35	0.027777777777777776
03670	186803 Lachnospiraceae	572511 Blautia	1322 Blautia hansenii [Lachnospiraceae bacterium CAG:364/Blautia hansenii/Lachnospiraceae bacterium 6_1_63FAA]	GH36	0.9722222222222222
03670	186803 Lachnospiraceae	572511 Blautia	1322 Blautia hansenii [Lachnospiraceae bacterium CAG:364/Blautia hansenii/Lachnospiraceae bacterium 6_1_63FAA]	GH42	0.08333333333333333
03670	186803 Lachnospiraceae	572511 Blautia	1322 Blautia hansenii [Lachnospiraceae bacterium CAG:364/Blautia hansenii/Lachnospiraceae bacterium 6_1_63FAA]	GH84	0.6111111111111112
03670	186803 Lachnospiraceae	572511 Blautia	1322 Blautia hansenii [Lachnospiraceae bacterium CAG:364/Blautia hansenii/Lachnospiraceae bacterium 6_1_63FAA]	GH85	0.8333333333333334
03670	186803 Lachnospiraceae	572511 Blautia	1322 Blautia hansenii [Lachnospiraceae bacterium CAG:364/Blautia hansenii/Lachnospiraceae bacterium 6_1_63FAA]	GH89	0
03670	186803 Lachnospiraceae	572511 Blautia	1322 Blautia hansenii [Lachnospiraceae bacterium CAG:364/Blautia hansenii/Lachnospiraceae bacterium 6_1_63FAA]	GH92	0
03670	186803 Lachnospiraceae	572511 Blautia	1322 Blautia hansenii [Lachnospiraceae bacterium CAG:364/Blautia hansenii/Lachnospiraceae bacterium 6_1_63FAA]	GH95	0.9444444444444444
03670	186803 Lachnospiraceae	572511 Blautia	1322 Blautia hansenii [Lachnospiraceae bacterium CAG:364/Blautia hansenii/Lachnospiraceae bacterium 6_1_63FAA]	GH97	0
03682	171550 Rikenellaceae	239759 Alistipes	214856 Alistipes finegoldii [Alistipes finegoldii CAG:68/Alistipes finegoldii/Alistipes sp. HGB5]	CBM32	0.2
03682	171550 Rikenellaceae	239759 Alistipes	214856 Alistipes finegoldii [Alistipes finegoldii CAG:68/Alistipes finegoldii/Alistipes sp. HGB5]	CBM51	0
03682	171550 Rikenellaceae	239759 Alistipes	214856 Alistipes finegoldii [Alistipes finegoldii CAG:68/Alistipes finegoldii/Alistipes sp. HGB5]	GH109	0.92
03682	171550 Rikenellaceae	239759 Alistipes	214856 Alistipes finegoldii [Alistipes finegoldii CAG:68/Alistipes finegoldii/Alistipes sp. HGB5]	GH110	0.98
03682	171550 Rikenellaceae	239759 Alistipes	214856 Alistipes finegoldii [Alistipes finegoldii CAG:68/Alistipes finegoldii/Alistipes sp. HGB5]	GH112	0
03682	171550 Rikenellaceae	239759 Alistipes	214856 Alistipes finegoldii [Alistipes finegoldii CAG:68/Alistipes finegoldii/Alistipes sp. HGB5]	GH123	0.88
03682	171550 Rikenellaceae	239759 Alistipes	214856 Alistipes finegoldii [Alistipes finegoldii CAG:68/Alistipes finegoldii/Alistipes sp. HGB5]	GH130	0.96
03682	171550 Rikenellaceae	239759 Alistipes	214856 Alistipes finegoldii [Alistipes finegoldii CAG:68/Alistipes finegoldii/Alistipes sp. HGB5]	GH136	0
03682	171550 Rikenellaceae	239759 Alistipes	214856 Alistipes finegoldii [Alistipes finegoldii CAG:68/Alistipes finegoldii/Alistipes sp. HGB5]	GH16	0
03682	171550 Rikenellaceae	239759 Alistipes	214856 Alistipes finegoldii [Alistipes finegoldii CAG:68/Alistipes finegoldii/Alistipes sp. HGB5]	GH18	1
03682	171550 Rikenellaceae	239759 Alistipes	214856 Alistipes finegoldii [Alistipes finegoldii CAG:68/Alistipes finegoldii/Alistipes sp. HGB5]	GH2	1
03682	171550 Rikenellaceae	239759 Alistipes	214856 Alistipes finegoldii [Alistipes finegoldii CAG:68/Alistipes finegoldii/Alistipes sp. HGB5]	GH20	1
03682	171550 Rikenellaceae	239759 Alistipes	214856 Alistipes finegoldii [Alistipes finegoldii CAG:68/Alistipes finegoldii/Alistipes sp. HGB5]	GH27	0.12
03682	171550 Rikenellaceae	239759 Alistipes	214856 Alistipes finegoldii [Alistipes finegoldii CAG:68/Alistipes finegoldii/Alistipes sp. HGB5]	GH29	1
03682	171550 Rikenellaceae	239759 Alistipes	214856 Alistipes finegoldii [Alistipes finegoldii CAG:68/Alistipes finegoldii/Alistipes sp. HGB5]	GH31	1
03682	171550 Rikenellaceae	239759 Alistipes	214856 Alistipes finegoldii [Alistipes finegoldii CAG:68/Alistipes finegoldii/Alistipes sp. HGB5]	GH33	0.76
03682	171550 Rikenellaceae	239759 Alistipes	214856 Alistipes finegoldii [Alistipes finegoldii CAG:68/Alistipes finegoldii/Alistipes sp. HGB5]	GH35	0
03682	171550 Rikenellaceae	239759 Alistipes	214856 Alistipes finegoldii [Alistipes finegoldii CAG:68/Alistipes finegoldii/Alistipes sp. HGB5]	GH36	0.98
03682	171550 Rikenellaceae	239759 Alistipes	214856 Alistipes finegoldii [Alistipes finegoldii CAG:68/Alistipes finegoldii/Alistipes sp. HGB5]	GH42	0
03682	171550 Rikenellaceae	239759 Alistipes	214856 Alistipes finegoldii [Alistipes finegoldii CAG:68/Alistipes finegoldii/Alistipes sp. HGB5]	GH84	0.04
03682	171550 Rikenellaceae	239759 Alistipes	214856 Alistipes finegoldii [Alistipes finegoldii CAG:68/Alistipes finegoldii/Alistipes sp. HGB5]	GH85	0
03682	171550 Rikenellaceae	239759 Alistipes	214856 Alistipes finegoldii [Alistipes finegoldii CAG:68/Alistipes finegoldii/Alistipes sp. HGB5]	GH89	0.12
03682	171550 Rikenellaceae	239759 Alistipes	214856 Alistipes finegoldii [Alistipes finegoldii CAG:68/Alistipes finegoldii/Alistipes sp. HGB5]	GH92	1
03682	171550 Rikenellaceae	239759 Alistipes	214856 Alistipes finegoldii [Alistipes finegoldii CAG:68/Alistipes finegoldii/Alistipes sp. HGB5]	GH95	0
03682	171550 Rikenellaceae	239759 Alistipes	214856 Alistipes finegoldii [Alistipes finegoldii CAG:68/Alistipes finegoldii/Alistipes sp. HGB5]	GH97	1
03683	171550 Rikenellaceae	239759 Alistipes	28117 Alistipes putredinis [Alistipes putredinis CAG:67/Alistipes putredinis]	CBM32	0
03683	171550 Rikenellaceae	239759 Alistipes	28117 Alistipes putredinis [Alistipes putredinis CAG:67/Alistipes putredinis]	CBM51	0
03683	171550 Rikenellaceae	239759 Alistipes	28117 Alistipes putredinis [Alistipes putredinis CAG:67/Alistipes putredinis]	GH109	0
03683	171550 Rikenellaceae	239759 Alistipes	28117 Alistipes putredinis [Alistipes putredinis CAG:67/Alistipes putredinis]	GH110	0.02
03683	171550 Rikenellaceae	239759 Alistipes	28117 Alistipes putredinis [Alistipes putredinis CAG:67/Alistipes putredinis]	GH112	0
03683	171550 Rikenellaceae	239759 Alistipes	28117 Alistipes putredinis [Alistipes putredinis CAG:67/Alistipes putredinis]	GH123	0.02
03683	171550 Rikenellaceae	239759 Alistipes	28117 Alistipes putredinis [Alistipes putredinis CAG:67/Alistipes putredinis]	GH130	0.04
03683	171550 Rikenellaceae	239759 Alistipes	28117 Alistipes putredinis [Alistipes putredinis CAG:67/Alistipes putredinis]	GH136	0
03683	171550 Rikenellaceae	239759 Alistipes	28117 Alistipes putredinis [Alistipes putredinis CAG:67/Alistipes putredinis]	GH16	0.02
03683	171550 Rikenellaceae	239759 Alistipes	28117 Alistipes putredinis [Alistipes putredinis CAG:67/Alistipes putredinis]	GH18	0.04
03683	171550 Rikenellaceae	239759 Alistipes	28117 Alistipes putredinis [Alistipes putredinis CAG:67/Alistipes putredinis]	GH2	1
03683	171550 Rikenellaceae	239759 Alistipes	28117 Alistipes putredinis [Alistipes putredinis CAG:67/Alistipes putredinis]	GH20	0.02
03683	171550 Rikenellaceae	239759 Alistipes	28117 Alistipes putredinis [Alistipes putredinis CAG:67/Alistipes putredinis]	GH27	0.02
03683	171550 Rikenellaceae	239759 Alistipes	28117 Alistipes putredinis [Alistipes putredinis CAG:67/Alistipes putredinis]	GH29	0.02
03683	171550 Rikenellaceae	239759 Alistipes	28117 Alistipes putredinis [Alistipes putredinis CAG:67/Alistipes putredinis]	GH31	0
03683	171550 Rikenellaceae	239759 Alistipes	28117 Alistipes putredinis [Alistipes putredinis CAG:67/Alistipes putredinis]	GH33	0
03683	171550 Rikenellaceae	239759 Alistipes	28117 Alistipes putredinis [Alistipes putredinis CAG:67/Alistipes putredinis]	GH35	0
03683	171550 Rikenellaceae	239759 Alistipes	28117 Alistipes putredinis [Alistipes putredinis CAG:67/Alistipes putredinis]	GH36	0.02
03683	171550 Rikenellaceae	239759 Alistipes	28117 Alistipes putredinis [Alistipes putredinis CAG:67/Alistipes putredinis]	GH42	0
03683	171550 Rikenellaceae	239759 Alistipes	28117 Alistipes putredinis [Alistipes putredinis CAG:67/Alistipes putredinis]	GH84	0
03683	171550 Rikenellaceae	239759 Alistipes	28117 Alistipes putredinis [Alistipes putredinis CAG:67/Alistipes putredinis]	GH85	0
03683	171550 Rikenellaceae	239759 Alistipes	28117 Alistipes putredinis [Alistipes putredinis CAG:67/Alistipes putredinis]	GH89	0
03683	171550 Rikenellaceae	239759 Alistipes	28117 Alistipes putredinis [Alistipes putredinis CAG:67/Alistipes putredinis]	GH92	0.04
03683	171550 Rikenellaceae	239759 Alistipes	28117 Alistipes putredinis [Alistipes putredinis CAG:67/Alistipes putredinis]	GH95	0
03683	171550 Rikenellaceae	239759 Alistipes	28117 Alistipes putredinis [Alistipes putredinis CAG:67/Alistipes putredinis]	GH97	0.02
03685	186803 Lachnospiraceae	572511 Blautia	53443 Blautia hydrogenotrophica [Blautia hydrogenotrophica CAG:147/Blautia hydrogenotrophica]	CBM32	0
03685	186803 Lachnospiraceae	572511 Blautia	53443 Blautia hydrogenotrophica [Blautia hydrogenotrophica CAG:147/Blautia hydrogenotrophica]	CBM51	0
03685	186803 Lachnospiraceae	572511 Blautia	53443 Blautia hydrogenotrophica [Blautia hydrogenotrophica CAG:147/Blautia hydrogenotrophica]	GH109	0
03685	186803 Lachnospiraceae	572511 Blautia	53443 Blautia hydrogenotrophica [Blautia hydrogenotrophica CAG:147/Blautia hydrogenotrophica]	GH110	0
03685	186803 Lachnospiraceae	572511 Blautia	53443 Blautia hydrogenotrophica [Blautia hydrogenotrophica CAG:147/Blautia hydrogenotrophica]	GH112	1
03685	186803 Lachnospiraceae	572511 Blautia	53443 Blautia hydrogenotrophica [Blautia hydrogenotrophica CAG:147/Blautia hydrogenotrophica]	GH123	0
03685	186803 Lachnospiraceae	572511 Blautia	53443 Blautia hydrogenotrophica [Blautia hydrogenotrophica CAG:147/Blautia hydrogenotrophica]	GH130	0
03685	186803 Lachnospiraceae	572511 Blautia	53443 Blautia hydrogenotrophica [Blautia hydrogenotrophica CAG:147/Blautia hydrogenotrophica]	GH136	0
03685	186803 Lachnospiraceae	572511 Blautia	53443 Blautia hydrogenotrophica [Blautia hydrogenotrophica CAG:147/Blautia hydrogenotrophica]	GH16	0
03685	186803 Lachnospiraceae	572511 Blautia	53443 Blautia hydrogenotrophica [Blautia hydrogenotrophica CAG:147/Blautia hydrogenotrophica]	GH18	0.8888888888888888
03685	186803 Lachnospiraceae	572511 Blautia	53443 Blautia hydrogenotrophica [Blautia hydrogenotrophica CAG:147/Blautia hydrogenotrophica]	GH2	1
03685	186803 Lachnospiraceae	572511 Blautia	53443 Blautia hydrogenotrophica [Blautia hydrogenotrophica CAG:147/Blautia hydrogenotrophica]	GH20	0
03685	186803 Lachnospiraceae	572511 Blautia	53443 Blautia hydrogenotrophica [Blautia hydrogenotrophica CAG:147/Blautia hydrogenotrophica]	GH27	0
03685	186803 Lachnospiraceae	572511 Blautia	53443 Blautia hydrogenotrophica [Blautia hydrogenotrophica CAG:147/Blautia hydrogenotrophica]	GH29	0
03685	186803 Lachnospiraceae	572511 Blautia	53443 Blautia hydrogenotrophica [Blautia hydrogenotrophica CAG:147/Blautia hydrogenotrophica]	GH31	0
03685	186803 Lachnospiraceae	572511 Blautia	53443 Blautia hydrogenotrophica [Blautia hydrogenotrophica CAG:147/Blautia hydrogenotrophica]	GH33	0
03685	186803 Lachnospiraceae	572511 Blautia	53443 Blautia hydrogenotrophica [Blautia hydrogenotrophica CAG:147/Blautia hydrogenotrophica]	GH35	0
03685	186803 Lachnospiraceae	572511 Blautia	53443 Blautia hydrogenotrophica [Blautia hydrogenotrophica CAG:147/Blautia hydrogenotrophica]	GH36	0
03685	186803 Lachnospiraceae	572511 Blautia	53443 Blautia hydrogenotrophica [Blautia hydrogenotrophica CAG:147/Blautia hydrogenotrophica]	GH42	0
03685	186803 Lachnospiraceae	572511 Blautia	53443 Blautia hydrogenotrophica [Blautia hydrogenotrophica CAG:147/Blautia hydrogenotrophica]	GH84	0
03685	186803 Lachnospiraceae	572511 Blautia	53443 Blautia hydrogenotrophica [Blautia hydrogenotrophica CAG:147/Blautia hydrogenotrophica]	GH85	0
03685	186803 Lachnospiraceae	572511 Blautia	53443 Blautia hydrogenotrophica [Blautia hydrogenotrophica CAG:147/Blautia hydrogenotrophica]	GH89	0
03685	186803 Lachnospiraceae	572511 Blautia	53443 Blautia hydrogenotrophica [Blautia hydrogenotrophica CAG:147/Blautia hydrogenotrophica]	GH92	0
03685	186803 Lachnospiraceae	572511 Blautia	53443 Blautia hydrogenotrophica [Blautia hydrogenotrophica CAG:147/Blautia hydrogenotrophica]	GH95	0
03685	186803 Lachnospiraceae	572511 Blautia	53443 Blautia hydrogenotrophica [Blautia hydrogenotrophica CAG:147/Blautia hydrogenotrophica]	GH97	0
03689	186803 Lachnospiraceae	1506577 Tyzzerella	29361 Tyzzerella nexilis [Clostridium nexile CAG:348/Tyzzerella sp. Marseille-P3062/Tyzzerella nexilis]	CBM32	0.98
03689	186803 Lachnospiraceae	1506577 Tyzzerella	29361 Tyzzerella nexilis [Clostridium nexile CAG:348/Tyzzerella sp. Marseille-P3062/Tyzzerella nexilis]	CBM51	0.7
03689	186803 Lachnospiraceae	1506577 Tyzzerella	29361 Tyzzerella nexilis [Clostridium nexile CAG:348/Tyzzerella sp. Marseille-P3062/Tyzzerella nexilis]	GH109	0.02
03689	186803 Lachnospiraceae	1506577 Tyzzerella	29361 Tyzzerella nexilis [Clostridium nexile CAG:348/Tyzzerella sp. Marseille-P3062/Tyzzerella nexilis]	GH110	0.48
03689	186803 Lachnospiraceae	1506577 Tyzzerella	29361 Tyzzerella nexilis [Clostridium nexile CAG:348/Tyzzerella sp. Marseille-P3062/Tyzzerella nexilis]	GH112	0.96
03689	186803 Lachnospiraceae	1506577 Tyzzerella	29361 Tyzzerella nexilis [Clostridium nexile CAG:348/Tyzzerella sp. Marseille-P3062/Tyzzerella nexilis]	GH123	0.18
03689	186803 Lachnospiraceae	1506577 Tyzzerella	29361 Tyzzerella nexilis [Clostridium nexile CAG:348/Tyzzerella sp. Marseille-P3062/Tyzzerella nexilis]	GH130	0.02
03689	186803 Lachnospiraceae	1506577 Tyzzerella	29361 Tyzzerella nexilis [Clostridium nexile CAG:348/Tyzzerella sp. Marseille-P3062/Tyzzerella nexilis]	GH136	0.96
03689	186803 Lachnospiraceae	1506577 Tyzzerella	29361 Tyzzerella nexilis [Clostridium nexile CAG:348/Tyzzerella sp. Marseille-P3062/Tyzzerella nexilis]	GH16	0.04
03689	186803 Lachnospiraceae	1506577 Tyzzerella	29361 Tyzzerella nexilis [Clostridium nexile CAG:348/Tyzzerella sp. Marseille-P3062/Tyzzerella nexilis]	GH18	1
03689	186803 Lachnospiraceae	1506577 Tyzzerella	29361 Tyzzerella nexilis [Clostridium nexile CAG:348/Tyzzerella sp. Marseille-P3062/Tyzzerella nexilis]	GH2	1
03689	186803 Lachnospiraceae	1506577 Tyzzerella	29361 Tyzzerella nexilis [Clostridium nexile CAG:348/Tyzzerella sp. Marseille-P3062/Tyzzerella nexilis]	GH20	0.98
03689	186803 Lachnospiraceae	1506577 Tyzzerella	29361 Tyzzerella nexilis [Clostridium nexile CAG:348/Tyzzerella sp. Marseille-P3062/Tyzzerella nexilis]	GH27	0.02
03689	186803 Lachnospiraceae	1506577 Tyzzerella	29361 Tyzzerella nexilis [Clostridium nexile CAG:348/Tyzzerella sp. Marseille-P3062/Tyzzerella nexilis]	GH29	0.96
03689	186803 Lachnospiraceae	1506577 Tyzzerella	29361 Tyzzerella nexilis [Clostridium nexile CAG:348/Tyzzerella sp. Marseille-P3062/Tyzzerella nexilis]	GH31	0.18
03689	186803 Lachnospiraceae	1506577 Tyzzerella	29361 Tyzzerella nexilis [Clostridium nexile CAG:348/Tyzzerella sp. Marseille-P3062/Tyzzerella nexilis]	GH33	0.96
03689	186803 Lachnospiraceae	1506577 Tyzzerella	29361 Tyzzerella nexilis [Clostridium nexile CAG:348/Tyzzerella sp. Marseille-P3062/Tyzzerella nexilis]	GH35	0
03689	186803 Lachnospiraceae	1506577 Tyzzerella	29361 Tyzzerella nexilis [Clostridium nexile CAG:348/Tyzzerella sp. Marseille-P3062/Tyzzerella nexilis]	GH36	0.78
03689	186803 Lachnospiraceae	1506577 Tyzzerella	29361 Tyzzerella nexilis [Clostridium nexile CAG:348/Tyzzerella sp. Marseille-P3062/Tyzzerella nexilis]	GH42	0.34
03689	186803 Lachnospiraceae	1506577 Tyzzerella	29361 Tyzzerella nexilis [Clostridium nexile CAG:348/Tyzzerella sp. Marseille-P3062/Tyzzerella nexilis]	GH84	0.98
03689	186803 Lachnospiraceae	1506577 Tyzzerella	29361 Tyzzerella nexilis [Clostridium nexile CAG:348/Tyzzerella sp. Marseille-P3062/Tyzzerella nexilis]	GH85	0
03689	186803 Lachnospiraceae	1506577 Tyzzerella	29361 Tyzzerella nexilis [Clostridium nexile CAG:348/Tyzzerella sp. Marseille-P3062/Tyzzerella nexilis]	GH89	0.76
03689	186803 Lachnospiraceae	1506577 Tyzzerella	29361 Tyzzerella nexilis [Clostridium nexile CAG:348/Tyzzerella sp. Marseille-P3062/Tyzzerella nexilis]	GH92	0
03689	186803 Lachnospiraceae	1506577 Tyzzerella	29361 Tyzzerella nexilis [Clostridium nexile CAG:348/Tyzzerella sp. Marseille-P3062/Tyzzerella nexilis]	GH95	0.98
03689	186803 Lachnospiraceae	1506577 Tyzzerella	29361 Tyzzerella nexilis [Clostridium nexile CAG:348/Tyzzerella sp. Marseille-P3062/Tyzzerella nexilis]	GH97	0.02
03696	1853231 Odoribacteraceae	283168 Odoribacter	626933 Odoribacter laneus [Odoribacter laneus CAG:561/Odoribacter laneus]	CBM32	0
03696	1853231 Odoribacteraceae	283168 Odoribacter	626933 Odoribacter laneus [Odoribacter laneus CAG:561/Odoribacter laneus]	CBM51	0
03696	1853231 Odoribacteraceae	283168 Odoribacter	626933 Odoribacter laneus [Odoribacter laneus CAG:561/Odoribacter laneus]	GH109	0.9473684210526315
03696	1853231 Odoribacteraceae	283168 Odoribacter	626933 Odoribacter laneus [Odoribacter laneus CAG:561/Odoribacter laneus]	GH110	0.9210526315789473
03696	1853231 Odoribacteraceae	283168 Odoribacter	626933 Odoribacter laneus [Odoribacter laneus CAG:561/Odoribacter laneus]	GH112	0
03696	1853231 Odoribacteraceae	283168 Odoribacter	626933 Odoribacter laneus [Odoribacter laneus CAG:561/Odoribacter laneus]	GH123	1
03696	1853231 Odoribacteraceae	283168 Odoribacter	626933 Odoribacter laneus [Odoribacter laneus CAG:561/Odoribacter laneus]	GH130	0
03696	1853231 Odoribacteraceae	283168 Odoribacter	626933 Odoribacter laneus [Odoribacter laneus CAG:561/Odoribacter laneus]	GH136	0
03696	1853231 Odoribacteraceae	283168 Odoribacter	626933 Odoribacter laneus [Odoribacter laneus CAG:561/Odoribacter laneus]	GH16	1
03696	1853231 Odoribacteraceae	283168 Odoribacter	626933 Odoribacter laneus [Odoribacter laneus CAG:561/Odoribacter laneus]	GH18	0
03696	1853231 Odoribacteraceae	283168 Odoribacter	626933 Odoribacter laneus [Odoribacter laneus CAG:561/Odoribacter laneus]	GH2	1
03696	1853231 Odoribacteraceae	283168 Odoribacter	626933 Odoribacter laneus [Odoribacter laneus CAG:561/Odoribacter laneus]	GH20	1
03696	1853231 Odoribacteraceae	283168 Odoribacter	626933 Odoribacter laneus [Odoribacter laneus CAG:561/Odoribacter laneus]	GH27	0.9736842105263158
03696	1853231 Odoribacteraceae	283168 Odoribacter	626933 Odoribacter laneus [Odoribacter laneus CAG:561/Odoribacter laneus]	GH29	1
03696	1853231 Odoribacteraceae	283168 Odoribacter	626933 Odoribacter laneus [Odoribacter laneus CAG:561/Odoribacter laneus]	GH31	1
03696	1853231 Odoribacteraceae	283168 Odoribacter	626933 Odoribacter laneus [Odoribacter laneus CAG:561/Odoribacter laneus]	GH33	0.8947368421052632
03696	1853231 Odoribacteraceae	283168 Odoribacter	626933 Odoribacter laneus [Odoribacter laneus CAG:561/Odoribacter laneus]	GH35	0
03696	1853231 Odoribacteraceae	283168 Odoribacter	626933 Odoribacter laneus [Odoribacter laneus CAG:561/Odoribacter laneus]	GH36	1
03696	1853231 Odoribacteraceae	283168 Odoribacter	626933 Odoribacter laneus [Odoribacter laneus CAG:561/Odoribacter laneus]	GH42	0
03696	1853231 Odoribacteraceae	283168 Odoribacter	626933 Odoribacter laneus [Odoribacter laneus CAG:561/Odoribacter laneus]	GH84	1
03696	1853231 Odoribacteraceae	283168 Odoribacter	626933 Odoribacter laneus [Odoribacter laneus CAG:561/Odoribacter laneus]	GH85	0
03696	1853231 Odoribacteraceae	283168 Odoribacter	626933 Odoribacter laneus [Odoribacter laneus CAG:561/Odoribacter laneus]	GH89	1
03696	1853231 Odoribacteraceae	283168 Odoribacter	626933 Odoribacter laneus [Odoribacter laneus CAG:561/Odoribacter laneus]	GH92	1
03696	1853231 Odoribacteraceae	283168 Odoribacter	626933 Odoribacter laneus [Odoribacter laneus CAG:561/Odoribacter laneus]	GH95	0.9473684210526315
03696	1853231 Odoribacteraceae	283168 Odoribacter	626933 Odoribacter laneus [Odoribacter laneus CAG:561/Odoribacter laneus]	GH97	1
03697	1853231 Odoribacteraceae	283168 Odoribacter	28118 Odoribacter splanchnicus [Odoribacter splanchnicus CAG:14/Odoribacter sp. N15.MGS-14/Odoribacter sp. N54.MGS-14/Odoribacter sp. UNK.MGS-12/Odoribacter sp. 43_10/Odoribacter splanchnicus]	CBM32	0.96
03697	1853231 Odoribacteraceae	283168 Odoribacter	28118 Odoribacter splanchnicus [Odoribacter splanchnicus CAG:14/Odoribacter sp. N15.MGS-14/Odoribacter sp. N54.MGS-14/Odoribacter sp. UNK.MGS-12/Odoribacter sp. 43_10/Odoribacter splanchnicus]	CBM51	0.24
03697	1853231 Odoribacteraceae	283168 Odoribacter	28118 Odoribacter splanchnicus [Odoribacter splanchnicus CAG:14/Odoribacter sp. N15.MGS-14/Odoribacter sp. N54.MGS-14/Odoribacter sp. UNK.MGS-12/Odoribacter sp. 43_10/Odoribacter splanchnicus]	GH109	0.84
03697	1853231 Odoribacteraceae	283168 Odoribacter	28118 Odoribacter splanchnicus [Odoribacter splanchnicus CAG:14/Odoribacter sp. N15.MGS-14/Odoribacter sp. N54.MGS-14/Odoribacter sp. UNK.MGS-12/Odoribacter sp. 43_10/Odoribacter splanchnicus]	GH110	0.24
03697	1853231 Odoribacteraceae	283168 Odoribacter	28118 Odoribacter splanchnicus [Odoribacter splanchnicus CAG:14/Odoribacter sp. N15.MGS-14/Odoribacter sp. N54.MGS-14/Odoribacter sp. UNK.MGS-12/Odoribacter sp. 43_10/Odoribacter splanchnicus]	GH112	0
03697	1853231 Odoribacteraceae	283168 Odoribacter	28118 Odoribacter splanchnicus [Odoribacter splanchnicus CAG:14/Odoribacter sp. N15.MGS-14/Odoribacter sp. N54.MGS-14/Odoribacter sp. UNK.MGS-12/Odoribacter sp. 43_10/Odoribacter splanchnicus]	GH123	0
03697	1853231 Odoribacteraceae	283168 Odoribacter	28118 Odoribacter splanchnicus [Odoribacter splanchnicus CAG:14/Odoribacter sp. N15.MGS-14/Odoribacter sp. N54.MGS-14/Odoribacter sp. UNK.MGS-12/Odoribacter sp. 43_10/Odoribacter splanchnicus]	GH130	0.02
03697	1853231 Odoribacteraceae	283168 Odoribacter	28118 Odoribacter splanchnicus [Odoribacter splanchnicus CAG:14/Odoribacter sp. N15.MGS-14/Odoribacter sp. N54.MGS-14/Odoribacter sp. UNK.MGS-12/Odoribacter sp. 43_10/Odoribacter splanchnicus]	GH136	0
03697	1853231 Odoribacteraceae	283168 Odoribacter	28118 Odoribacter splanchnicus [Odoribacter splanchnicus CAG:14/Odoribacter sp. N15.MGS-14/Odoribacter sp. N54.MGS-14/Odoribacter sp. UNK.MGS-12/Odoribacter sp. 43_10/Odoribacter splanchnicus]	GH16	0.98
03697	1853231 Odoribacteraceae	283168 Odoribacter	28118 Odoribacter splanchnicus [Odoribacter splanchnicus CAG:14/Odoribacter sp. N15.MGS-14/Odoribacter sp. N54.MGS-14/Odoribacter sp. UNK.MGS-12/Odoribacter sp. 43_10/Odoribacter splanchnicus]	GH18	0
03697	1853231 Odoribacteraceae	283168 Odoribacter	28118 Odoribacter splanchnicus [Odoribacter splanchnicus CAG:14/Odoribacter sp. N15.MGS-14/Odoribacter sp. N54.MGS-14/Odoribacter sp. UNK.MGS-12/Odoribacter sp. 43_10/Odoribacter splanchnicus]	GH2	1
03697	1853231 Odoribacteraceae	283168 Odoribacter	28118 Odoribacter splanchnicus [Odoribacter splanchnicus CAG:14/Odoribacter sp. N15.MGS-14/Odoribacter sp. N54.MGS-14/Odoribacter sp. UNK.MGS-12/Odoribacter sp. 43_10/Odoribacter splanchnicus]	GH20	0.96
03697	1853231 Odoribacteraceae	283168 Odoribacter	28118 Odoribacter splanchnicus [Odoribacter splanchnicus CAG:14/Odoribacter sp. N15.MGS-14/Odoribacter sp. N54.MGS-14/Odoribacter sp. UNK.MGS-12/Odoribacter sp. 43_10/Odoribacter splanchnicus]	GH27	0.88
03697	1853231 Odoribacteraceae	283168 Odoribacter	28118 Odoribacter splanchnicus [Odoribacter splanchnicus CAG:14/Odoribacter sp. N15.MGS-14/Odoribacter sp. N54.MGS-14/Odoribacter sp. UNK.MGS-12/Odoribacter sp. 43_10/Odoribacter splanchnicus]	GH29	1
03697	1853231 Odoribacteraceae	283168 Odoribacter	28118 Odoribacter splanchnicus [Odoribacter splanchnicus CAG:14/Odoribacter sp. N15.MGS-14/Odoribacter sp. N54.MGS-14/Odoribacter sp. UNK.MGS-12/Odoribacter sp. 43_10/Odoribacter splanchnicus]	GH31	0
03697	1853231 Odoribacteraceae	283168 Odoribacter	28118 Odoribacter splanchnicus [Odoribacter splanchnicus CAG:14/Odoribacter sp. N15.MGS-14/Odoribacter sp. N54.MGS-14/Odoribacter sp. UNK.MGS-12/Odoribacter sp. 43_10/Odoribacter splanchnicus]	GH33	0
03697	1853231 Odoribacteraceae	283168 Odoribacter	28118 Odoribacter splanchnicus [Odoribacter splanchnicus CAG:14/Odoribacter sp. N15.MGS-14/Odoribacter sp. N54.MGS-14/Odoribacter sp. UNK.MGS-12/Odoribacter sp. 43_10/Odoribacter splanchnicus]	GH35	0.12
03697	1853231 Odoribacteraceae	283168 Odoribacter	28118 Odoribacter splanchnicus [Odoribacter splanchnicus CAG:14/Odoribacter sp. N15.MGS-14/Odoribacter sp. N54.MGS-14/Odoribacter sp. UNK.MGS-12/Odoribacter sp. 43_10/Odoribacter splanchnicus]	GH36	0.28
03697	1853231 Odoribacteraceae	283168 Odoribacter	28118 Odoribacter splanchnicus [Odoribacter splanchnicus CAG:14/Odoribacter sp. N15.MGS-14/Odoribacter sp. N54.MGS-14/Odoribacter sp. UNK.MGS-12/Odoribacter sp. 43_10/Odoribacter splanchnicus]	GH42	0
03697	1853231 Odoribacteraceae	283168 Odoribacter	28118 Odoribacter splanchnicus [Odoribacter splanchnicus CAG:14/Odoribacter sp. N15.MGS-14/Odoribacter sp. N54.MGS-14/Odoribacter sp. UNK.MGS-12/Odoribacter sp. 43_10/Odoribacter splanchnicus]	GH84	0.02
03697	1853231 Odoribacteraceae	283168 Odoribacter	28118 Odoribacter splanchnicus [Odoribacter splanchnicus CAG:14/Odoribacter sp. N15.MGS-14/Odoribacter sp. N54.MGS-14/Odoribacter sp. UNK.MGS-12/Odoribacter sp. 43_10/Odoribacter splanchnicus]	GH85	0
03697	1853231 Odoribacteraceae	283168 Odoribacter	28118 Odoribacter splanchnicus [Odoribacter splanchnicus CAG:14/Odoribacter sp. N15.MGS-14/Odoribacter sp. N54.MGS-14/Odoribacter sp. UNK.MGS-12/Odoribacter sp. 43_10/Odoribacter splanchnicus]	GH89	0.02
03697	1853231 Odoribacteraceae	283168 Odoribacter	28118 Odoribacter splanchnicus [Odoribacter splanchnicus CAG:14/Odoribacter sp. N15.MGS-14/Odoribacter sp. N54.MGS-14/Odoribacter sp. UNK.MGS-12/Odoribacter sp. 43_10/Odoribacter splanchnicus]	GH92	1
03697	1853231 Odoribacteraceae	283168 Odoribacter	28118 Odoribacter splanchnicus [Odoribacter splanchnicus CAG:14/Odoribacter sp. N15.MGS-14/Odoribacter sp. N54.MGS-14/Odoribacter sp. UNK.MGS-12/Odoribacter sp. 43_10/Odoribacter splanchnicus]	GH95	0.92
03697	1853231 Odoribacteraceae	283168 Odoribacter	28118 Odoribacter splanchnicus [Odoribacter splanchnicus CAG:14/Odoribacter sp. N15.MGS-14/Odoribacter sp. N54.MGS-14/Odoribacter sp. UNK.MGS-12/Odoribacter sp. 43_10/Odoribacter splanchnicus]	GH97	1
03698	171552 Prevotellaceae	577309 Paraprevotella	454154 Paraprevotella clara [Paraprevotella clara CAG:116/Paraprevotella clara]	CBM32	1
03698	171552 Prevotellaceae	577309 Paraprevotella	454154 Paraprevotella clara [Paraprevotella clara CAG:116/Paraprevotella clara]	CBM51	0.94
03698	171552 Prevotellaceae	577309 Paraprevotella	454154 Paraprevotella clara [Paraprevotella clara CAG:116/Paraprevotella clara]	GH109	0.02
03698	171552 Prevotellaceae	577309 Paraprevotella	454154 Paraprevotella clara [Paraprevotella clara CAG:116/Paraprevotella clara]	GH110	1
03698	171552 Prevotellaceae	577309 Paraprevotella	454154 Paraprevotella clara [Paraprevotella clara CAG:116/Paraprevotella clara]	GH112	0
03698	171552 Prevotellaceae	577309 Paraprevotella	454154 Paraprevotella clara [Paraprevotella clara CAG:116/Paraprevotella clara]	GH123	0
03698	171552 Prevotellaceae	577309 Paraprevotella	454154 Paraprevotella clara [Paraprevotella clara CAG:116/Paraprevotella clara]	GH130	0
03698	171552 Prevotellaceae	577309 Paraprevotella	454154 Paraprevotella clara [Paraprevotella clara CAG:116/Paraprevotella clara]	GH136	0.94
03698	171552 Prevotellaceae	577309 Paraprevotella	454154 Paraprevotella clara [Paraprevotella clara CAG:116/Paraprevotella clara]	GH16	0
03698	171552 Prevotellaceae	577309 Paraprevotella	454154 Paraprevotella clara [Paraprevotella clara CAG:116/Paraprevotella clara]	GH18	0.02
03698	171552 Prevotellaceae	577309 Paraprevotella	454154 Paraprevotella clara [Paraprevotella clara CAG:116/Paraprevotella clara]	GH2	1
03698	171552 Prevotellaceae	577309 Paraprevotella	454154 Paraprevotella clara [Paraprevotella clara CAG:116/Paraprevotella clara]	GH20	0.32
03698	171552 Prevotellaceae	577309 Paraprevotella	454154 Paraprevotella clara [Paraprevotella clara CAG:116/Paraprevotella clara]	GH27	0.52
03698	171552 Prevotellaceae	577309 Paraprevotella	454154 Paraprevotella clara [Paraprevotella clara CAG:116/Paraprevotella clara]	GH29	1
03698	171552 Prevotellaceae	577309 Paraprevotella	454154 Paraprevotella clara [Paraprevotella clara CAG:116/Paraprevotella clara]	GH31	1
03698	171552 Prevotellaceae	577309 Paraprevotella	454154 Paraprevotella clara [Paraprevotella clara CAG:116/Paraprevotella clara]	GH33	0
03698	171552 Prevotellaceae	577309 Paraprevotella	454154 Paraprevotella clara [Paraprevotella clara CAG:116/Paraprevotella clara]	GH35	0.96
03698	171552 Prevotellaceae	577309 Paraprevotella	454154 Paraprevotella clara [Paraprevotella clara CAG:116/Paraprevotella clara]	GH36	1
03698	171552 Prevotellaceae	577309 Paraprevotella	454154 Paraprevotella clara [Paraprevotella clara CAG:116/Paraprevotella clara]	GH42	0.16
03698	171552 Prevotellaceae	577309 Paraprevotella	454154 Paraprevotella clara [Paraprevotella clara CAG:116/Paraprevotella clara]	GH84	0
03698	171552 Prevotellaceae	577309 Paraprevotella	454154 Paraprevotella clara [Paraprevotella clara CAG:116/Paraprevotella clara]	GH85	0
03698	171552 Prevotellaceae	577309 Paraprevotella	454154 Paraprevotella clara [Paraprevotella clara CAG:116/Paraprevotella clara]	GH89	0
03698	171552 Prevotellaceae	577309 Paraprevotella	454154 Paraprevotella clara [Paraprevotella clara CAG:116/Paraprevotella clara]	GH92	1
03698	171552 Prevotellaceae	577309 Paraprevotella	454154 Paraprevotella clara [Paraprevotella clara CAG:116/Paraprevotella clara]	GH95	1
03698	171552 Prevotellaceae	577309 Paraprevotella	454154 Paraprevotella clara [Paraprevotella clara CAG:116/Paraprevotella clara]	GH97	1
03699	171552 Prevotellaceae	577309 Paraprevotella	454155 Paraprevotella xylaniphila	CBM32	1
03699	171552 Prevotellaceae	577309 Paraprevotella	454155 Paraprevotella xylaniphila	CBM51	0.96
03699	171552 Prevotellaceae	577309 Paraprevotella	454155 Paraprevotella xylaniphila	GH109	0
03699	171552 Prevotellaceae	577309 Paraprevotella	454155 Paraprevotella xylaniphila	GH110	0.96
03699	171552 Prevotellaceae	577309 Paraprevotella	454155 Paraprevotella xylaniphila	GH112	0
03699	171552 Prevotellaceae	577309 Paraprevotella	454155 Paraprevotella xylaniphila	GH123	0
03699	171552 Prevotellaceae	577309 Paraprevotella	454155 Paraprevotella xylaniphila	GH130	0.02
03699	171552 Prevotellaceae	577309 Paraprevotella	454155 Paraprevotella xylaniphila	GH136	0.96
03699	171552 Prevotellaceae	577309 Paraprevotella	454155 Paraprevotella xylaniphila	GH16	0.04
03699	171552 Prevotellaceae	577309 Paraprevotella	454155 Paraprevotella xylaniphila	GH18	0.02
03699	171552 Prevotellaceae	577309 Paraprevotella	454155 Paraprevotella xylaniphila	GH2	1
03699	171552 Prevotellaceae	577309 Paraprevotella	454155 Paraprevotella xylaniphila	GH20	0.02
03699	171552 Prevotellaceae	577309 Paraprevotella	454155 Paraprevotella xylaniphila	GH27	0.04
03699	171552 Prevotellaceae	577309 Paraprevotella	454155 Paraprevotella xylaniphila	GH29	1
03699	171552 Prevotellaceae	577309 Paraprevotella	454155 Paraprevotella xylaniphila	GH31	1
03699	171552 Prevotellaceae	577309 Paraprevotella	454155 Paraprevotella xylaniphila	GH33	0.02
03699	171552 Prevotellaceae	577309 Paraprevotella	454155 Paraprevotella xylaniphila	GH35	0.98
03699	171552 Prevotellaceae	577309 Paraprevotella	454155 Paraprevotella xylaniphila	GH36	1
03699	171552 Prevotellaceae	577309 Paraprevotella	454155 Paraprevotella xylaniphila	GH42	0.02
03699	171552 Prevotellaceae	577309 Paraprevotella	454155 Paraprevotella xylaniphila	GH84	0
03699	171552 Prevotellaceae	577309 Paraprevotella	454155 Paraprevotella xylaniphila	GH85	0
03699	171552 Prevotellaceae	577309 Paraprevotella	454155 Paraprevotella xylaniphila	GH89	0
03699	171552 Prevotellaceae	577309 Paraprevotella	454155 Paraprevotella xylaniphila	GH92	1
03699	171552 Prevotellaceae	577309 Paraprevotella	454155 Paraprevotella xylaniphila	GH95	1
03699	171552 Prevotellaceae	577309 Paraprevotella	454155 Paraprevotella xylaniphila	GH97	1
03701	171552 Prevotellaceae	838 Prevotella	165179 Prevotella copri [Prevotella copri CAG:164/Prevotella copri]	CBM32	0.86
03701	171552 Prevotellaceae	838 Prevotella	165179 Prevotella copri [Prevotella copri CAG:164/Prevotella copri]	CBM51	0
03701	171552 Prevotellaceae	838 Prevotella	165179 Prevotella copri [Prevotella copri CAG:164/Prevotella copri]	GH109	0
03701	171552 Prevotellaceae	838 Prevotella	165179 Prevotella copri [Prevotella copri CAG:164/Prevotella copri]	GH110	0
03701	171552 Prevotellaceae	838 Prevotella	165179 Prevotella copri [Prevotella copri CAG:164/Prevotella copri]	GH112	0
03701	171552 Prevotellaceae	838 Prevotella	165179 Prevotella copri [Prevotella copri CAG:164/Prevotella copri]	GH123	0
03701	171552 Prevotellaceae	838 Prevotella	165179 Prevotella copri [Prevotella copri CAG:164/Prevotella copri]	GH130	0.96
03701	171552 Prevotellaceae	838 Prevotella	165179 Prevotella copri [Prevotella copri CAG:164/Prevotella copri]	GH136	0
03701	171552 Prevotellaceae	838 Prevotella	165179 Prevotella copri [Prevotella copri CAG:164/Prevotella copri]	GH16	0.8
03701	171552 Prevotellaceae	838 Prevotella	165179 Prevotella copri [Prevotella copri CAG:164/Prevotella copri]	GH18	0
03701	171552 Prevotellaceae	838 Prevotella	165179 Prevotella copri [Prevotella copri CAG:164/Prevotella copri]	GH2	1
03701	171552 Prevotellaceae	838 Prevotella	165179 Prevotella copri [Prevotella copri CAG:164/Prevotella copri]	GH20	0.78
03701	171552 Prevotellaceae	838 Prevotella	165179 Prevotella copri [Prevotella copri CAG:164/Prevotella copri]	GH27	0.06
03701	171552 Prevotellaceae	838 Prevotella	165179 Prevotella copri [Prevotella copri CAG:164/Prevotella copri]	GH29	0.66
03701	171552 Prevotellaceae	838 Prevotella	165179 Prevotella copri [Prevotella copri CAG:164/Prevotella copri]	GH31	0.98
03701	171552 Prevotellaceae	838 Prevotella	165179 Prevotella copri [Prevotella copri CAG:164/Prevotella copri]	GH33	0.68
03701	171552 Prevotellaceae	838 Prevotella	165179 Prevotella copri [Prevotella copri CAG:164/Prevotella copri]	GH35	0.6
03701	171552 Prevotellaceae	838 Prevotella	165179 Prevotella copri [Prevotella copri CAG:164/Prevotella copri]	GH36	1
03701	171552 Prevotellaceae	838 Prevotella	165179 Prevotella copri [Prevotella copri CAG:164/Prevotella copri]	GH42	0
03701	171552 Prevotellaceae	838 Prevotella	165179 Prevotella copri [Prevotella copri CAG:164/Prevotella copri]	GH84	0.38
03701	171552 Prevotellaceae	838 Prevotella	165179 Prevotella copri [Prevotella copri CAG:164/Prevotella copri]	GH85	0.06
03701	171552 Prevotellaceae	838 Prevotella	165179 Prevotella copri [Prevotella copri CAG:164/Prevotella copri]	GH89	0
03701	171552 Prevotellaceae	838 Prevotella	165179 Prevotella copri [Prevotella copri CAG:164/Prevotella copri]	GH92	0.54
03701	171552 Prevotellaceae	838 Prevotella	165179 Prevotella copri [Prevotella copri CAG:164/Prevotella copri]	GH95	1
03701	171552 Prevotellaceae	838 Prevotella	165179 Prevotella copri [Prevotella copri CAG:164/Prevotella copri]	GH97	1
03703	186803 Lachnospiraceae	572511 Blautia	33039 [Ruminococcus] torques [[Ruminococcus] torques CAG:61/Roseburia sp. UNK.MGS-15/uncultured Ruminococcus sp./[Ruminococcus] torques/Lachnospiraceae bacterium 1_1_57FAA/Lachnospiraceae bacterium 3_1_46FAA/Lachnospiraceae bacterium 8_1_57FAA]	CBM32	1
03703	186803 Lachnospiraceae	572511 Blautia	33039 [Ruminococcus] torques [[Ruminococcus] torques CAG:61/Roseburia sp. UNK.MGS-15/uncultured Ruminococcus sp./[Ruminococcus] torques/Lachnospiraceae bacterium 1_1_57FAA/Lachnospiraceae bacterium 3_1_46FAA/Lachnospiraceae bacterium 8_1_57FAA]	CBM51	0.94
03703	186803 Lachnospiraceae	572511 Blautia	33039 [Ruminococcus] torques [[Ruminococcus] torques CAG:61/Roseburia sp. UNK.MGS-15/uncultured Ruminococcus sp./[Ruminococcus] torques/Lachnospiraceae bacterium 1_1_57FAA/Lachnospiraceae bacterium 3_1_46FAA/Lachnospiraceae bacterium 8_1_57FAA]	GH109	0
03703	186803 Lachnospiraceae	572511 Blautia	33039 [Ruminococcus] torques [[Ruminococcus] torques CAG:61/Roseburia sp. UNK.MGS-15/uncultured Ruminococcus sp./[Ruminococcus] torques/Lachnospiraceae bacterium 1_1_57FAA/Lachnospiraceae bacterium 3_1_46FAA/Lachnospiraceae bacterium 8_1_57FAA]	GH110	0
03703	186803 Lachnospiraceae	572511 Blautia	33039 [Ruminococcus] torques [[Ruminococcus] torques CAG:61/Roseburia sp. UNK.MGS-15/uncultured Ruminococcus sp./[Ruminococcus] torques/Lachnospiraceae bacterium 1_1_57FAA/Lachnospiraceae bacterium 3_1_46FAA/Lachnospiraceae bacterium 8_1_57FAA]	GH112	0.94
03703	186803 Lachnospiraceae	572511 Blautia	33039 [Ruminococcus] torques [[Ruminococcus] torques CAG:61/Roseburia sp. UNK.MGS-15/uncultured Ruminococcus sp./[Ruminococcus] torques/Lachnospiraceae bacterium 1_1_57FAA/Lachnospiraceae bacterium 3_1_46FAA/Lachnospiraceae bacterium 8_1_57FAA]	GH123	0.98
03703	186803 Lachnospiraceae	572511 Blautia	33039 [Ruminococcus] torques [[Ruminococcus] torques CAG:61/Roseburia sp. UNK.MGS-15/uncultured Ruminococcus sp./[Ruminococcus] torques/Lachnospiraceae bacterium 1_1_57FAA/Lachnospiraceae bacterium 3_1_46FAA/Lachnospiraceae bacterium 8_1_57FAA]	GH130	0
03703	186803 Lachnospiraceae	572511 Blautia	33039 [Ruminococcus] torques [[Ruminococcus] torques CAG:61/Roseburia sp. UNK.MGS-15/uncultured Ruminococcus sp./[Ruminococcus] torques/Lachnospiraceae bacterium 1_1_57FAA/Lachnospiraceae bacterium 3_1_46FAA/Lachnospiraceae bacterium 8_1_57FAA]	GH136	0.9
03703	186803 Lachnospiraceae	572511 Blautia	33039 [Ruminococcus] torques [[Ruminococcus] torques CAG:61/Roseburia sp. UNK.MGS-15/uncultured Ruminococcus sp./[Ruminococcus] torques/Lachnospiraceae bacterium 1_1_57FAA/Lachnospiraceae bacterium 3_1_46FAA/Lachnospiraceae bacterium 8_1_57FAA]	GH16	0
03703	186803 Lachnospiraceae	572511 Blautia	33039 [Ruminococcus] torques [[Ruminococcus] torques CAG:61/Roseburia sp. UNK.MGS-15/uncultured Ruminococcus sp./[Ruminococcus] torques/Lachnospiraceae bacterium 1_1_57FAA/Lachnospiraceae bacterium 3_1_46FAA/Lachnospiraceae bacterium 8_1_57FAA]	GH18	1
03703	186803 Lachnospiraceae	572511 Blautia	33039 [Ruminococcus] torques [[Ruminococcus] torques CAG:61/Roseburia sp. UNK.MGS-15/uncultured Ruminococcus sp./[Ruminococcus] torques/Lachnospiraceae bacterium 1_1_57FAA/Lachnospiraceae bacterium 3_1_46FAA/Lachnospiraceae bacterium 8_1_57FAA]	GH2	0.94
03703	186803 Lachnospiraceae	572511 Blautia	33039 [Ruminococcus] torques [[Ruminococcus] torques CAG:61/Roseburia sp. UNK.MGS-15/uncultured Ruminococcus sp./[Ruminococcus] torques/Lachnospiraceae bacterium 1_1_57FAA/Lachnospiraceae bacterium 3_1_46FAA/Lachnospiraceae bacterium 8_1_57FAA]	GH20	1
03703	186803 Lachnospiraceae	572511 Blautia	33039 [Ruminococcus] torques [[Ruminococcus] torques CAG:61/Roseburia sp. UNK.MGS-15/uncultured Ruminococcus sp./[Ruminococcus] torques/Lachnospiraceae bacterium 1_1_57FAA/Lachnospiraceae bacterium 3_1_46FAA/Lachnospiraceae bacterium 8_1_57FAA]	GH27	0.02
03703	186803 Lachnospiraceae	572511 Blautia	33039 [Ruminococcus] torques [[Ruminococcus] torques CAG:61/Roseburia sp. UNK.MGS-15/uncultured Ruminococcus sp./[Ruminococcus] torques/Lachnospiraceae bacterium 1_1_57FAA/Lachnospiraceae bacterium 3_1_46FAA/Lachnospiraceae bacterium 8_1_57FAA]	GH29	0.28
03703	186803 Lachnospiraceae	572511 Blautia	33039 [Ruminococcus] torques [[Ruminococcus] torques CAG:61/Roseburia sp. UNK.MGS-15/uncultured Ruminococcus sp./[Ruminococcus] torques/Lachnospiraceae bacterium 1_1_57FAA/Lachnospiraceae bacterium 3_1_46FAA/Lachnospiraceae bacterium 8_1_57FAA]	GH31	0.88
03703	186803 Lachnospiraceae	572511 Blautia	33039 [Ruminococcus] torques [[Ruminococcus] torques CAG:61/Roseburia sp. UNK.MGS-15/uncultured Ruminococcus sp./[Ruminococcus] torques/Lachnospiraceae bacterium 1_1_57FAA/Lachnospiraceae bacterium 3_1_46FAA/Lachnospiraceae bacterium 8_1_57FAA]	GH33	1
03703	186803 Lachnospiraceae	572511 Blautia	33039 [Ruminococcus] torques [[Ruminococcus] torques CAG:61/Roseburia sp. UNK.MGS-15/uncultured Ruminococcus sp./[Ruminococcus] torques/Lachnospiraceae bacterium 1_1_57FAA/Lachnospiraceae bacterium 3_1_46FAA/Lachnospiraceae bacterium 8_1_57FAA]	GH35	0
03703	186803 Lachnospiraceae	572511 Blautia	33039 [Ruminococcus] torques [[Ruminococcus] torques CAG:61/Roseburia sp. UNK.MGS-15/uncultured Ruminococcus sp./[Ruminococcus] torques/Lachnospiraceae bacterium 1_1_57FAA/Lachnospiraceae bacterium 3_1_46FAA/Lachnospiraceae bacterium 8_1_57FAA]	GH36	0
03703	186803 Lachnospiraceae	572511 Blautia	33039 [Ruminococcus] torques [[Ruminococcus] torques CAG:61/Roseburia sp. UNK.MGS-15/uncultured Ruminococcus sp./[Ruminococcus] torques/Lachnospiraceae bacterium 1_1_57FAA/Lachnospiraceae bacterium 3_1_46FAA/Lachnospiraceae bacterium 8_1_57FAA]	GH42	0.94
03703	186803 Lachnospiraceae	572511 Blautia	33039 [Ruminococcus] torques [[Ruminococcus] torques CAG:61/Roseburia sp. UNK.MGS-15/uncultured Ruminococcus sp./[Ruminococcus] torques/Lachnospiraceae bacterium 1_1_57FAA/Lachnospiraceae bacterium 3_1_46FAA/Lachnospiraceae bacterium 8_1_57FAA]	GH84	1
03703	186803 Lachnospiraceae	572511 Blautia	33039 [Ruminococcus] torques [[Ruminococcus] torques CAG:61/Roseburia sp. UNK.MGS-15/uncultured Ruminococcus sp./[Ruminococcus] torques/Lachnospiraceae bacterium 1_1_57FAA/Lachnospiraceae bacterium 3_1_46FAA/Lachnospiraceae bacterium 8_1_57FAA]	GH85	0
03703	186803 Lachnospiraceae	572511 Blautia	33039 [Ruminococcus] torques [[Ruminococcus] torques CAG:61/Roseburia sp. UNK.MGS-15/uncultured Ruminococcus sp./[Ruminococcus] torques/Lachnospiraceae bacterium 1_1_57FAA/Lachnospiraceae bacterium 3_1_46FAA/Lachnospiraceae bacterium 8_1_57FAA]	GH89	0.92
03703	186803 Lachnospiraceae	572511 Blautia	33039 [Ruminococcus] torques [[Ruminococcus] torques CAG:61/Roseburia sp. UNK.MGS-15/uncultured Ruminococcus sp./[Ruminococcus] torques/Lachnospiraceae bacterium 1_1_57FAA/Lachnospiraceae bacterium 3_1_46FAA/Lachnospiraceae bacterium 8_1_57FAA]	GH92	0
03703	186803 Lachnospiraceae	572511 Blautia	33039 [Ruminococcus] torques [[Ruminococcus] torques CAG:61/Roseburia sp. UNK.MGS-15/uncultured Ruminococcus sp./[Ruminococcus] torques/Lachnospiraceae bacterium 1_1_57FAA/Lachnospiraceae bacterium 3_1_46FAA/Lachnospiraceae bacterium 8_1_57FAA]	GH95	1
03703	186803 Lachnospiraceae	572511 Blautia	33039 [Ruminococcus] torques [[Ruminococcus] torques CAG:61/Roseburia sp. UNK.MGS-15/uncultured Ruminococcus sp./[Ruminococcus] torques/Lachnospiraceae bacterium 1_1_57FAA/Lachnospiraceae bacterium 3_1_46FAA/Lachnospiraceae bacterium 8_1_57FAA]	GH97	0
03862	171552 Prevotellaceae	838 Prevotella	28125 Prevotella bivia	CBM32	0
03862	171552 Prevotellaceae	838 Prevotella	28125 Prevotella bivia	CBM51	0
03862	171552 Prevotellaceae	838 Prevotella	28125 Prevotella bivia	GH109	0.9523809523809523
03862	171552 Prevotellaceae	838 Prevotella	28125 Prevotella bivia	GH110	0
03862	171552 Prevotellaceae	838 Prevotella	28125 Prevotella bivia	GH112	0
03862	171552 Prevotellaceae	838 Prevotella	28125 Prevotella bivia	GH123	0
03862	171552 Prevotellaceae	838 Prevotella	28125 Prevotella bivia	GH130	1
03862	171552 Prevotellaceae	838 Prevotella	28125 Prevotella bivia	GH136	0
03862	171552 Prevotellaceae	838 Prevotella	28125 Prevotella bivia	GH16	0
03862	171552 Prevotellaceae	838 Prevotella	28125 Prevotella bivia	GH18	1
03862	171552 Prevotellaceae	838 Prevotella	28125 Prevotella bivia	GH2	0.9761904761904762
03862	171552 Prevotellaceae	838 Prevotella	28125 Prevotella bivia	GH20	1
03862	171552 Prevotellaceae	838 Prevotella	28125 Prevotella bivia	GH27	0
03862	171552 Prevotellaceae	838 Prevotella	28125 Prevotella bivia	GH29	0.9761904761904762
03862	171552 Prevotellaceae	838 Prevotella	28125 Prevotella bivia	GH31	0
03862	171552 Prevotellaceae	838 Prevotella	28125 Prevotella bivia	GH33	0.9761904761904762
03862	171552 Prevotellaceae	838 Prevotella	28125 Prevotella bivia	GH35	1
03862	171552 Prevotellaceae	838 Prevotella	28125 Prevotella bivia	GH36	0
03862	171552 Prevotellaceae	838 Prevotella	28125 Prevotella bivia	GH42	0
03862	171552 Prevotellaceae	838 Prevotella	28125 Prevotella bivia	GH84	0.9523809523809523
03862	171552 Prevotellaceae	838 Prevotella	28125 Prevotella bivia	GH85	0
03862	171552 Prevotellaceae	838 Prevotella	28125 Prevotella bivia	GH89	0
03862	171552 Prevotellaceae	838 Prevotella	28125 Prevotella bivia	GH92	1
03862	171552 Prevotellaceae	838 Prevotella	28125 Prevotella bivia	GH95	0
03862	171552 Prevotellaceae	838 Prevotella	28125 Prevotella bivia	GH97	1
04094	815 Bacteroidaceae	816 Bacteroides	387090 Bacteroides coprophilus	CBM32	1
04094	815 Bacteroidaceae	816 Bacteroides	387090 Bacteroides coprophilus	CBM51	0.46
04094	815 Bacteroidaceae	816 Bacteroides	387090 Bacteroides coprophilus	GH109	1
04094	815 Bacteroidaceae	816 Bacteroides	387090 Bacteroides coprophilus	GH110	0.98
04094	815 Bacteroidaceae	816 Bacteroides	387090 Bacteroides coprophilus	GH112	0
04094	815 Bacteroidaceae	816 Bacteroides	387090 Bacteroides coprophilus	GH123	0
04094	815 Bacteroidaceae	816 Bacteroides	387090 Bacteroides coprophilus	GH130	0.88
04094	815 Bacteroidaceae	816 Bacteroides	387090 Bacteroides coprophilus	GH136	0
04094	815 Bacteroidaceae	816 Bacteroides	387090 Bacteroides coprophilus	GH16	1
04094	815 Bacteroidaceae	816 Bacteroides	387090 Bacteroides coprophilus	GH18	0.96
04094	815 Bacteroidaceae	816 Bacteroides	387090 Bacteroides coprophilus	GH2	1
04094	815 Bacteroidaceae	816 Bacteroides	387090 Bacteroides coprophilus	GH20	1
04094	815 Bacteroidaceae	816 Bacteroides	387090 Bacteroides coprophilus	GH27	0.94
04094	815 Bacteroidaceae	816 Bacteroides	387090 Bacteroides coprophilus	GH29	1
04094	815 Bacteroidaceae	816 Bacteroides	387090 Bacteroides coprophilus	GH31	1
04094	815 Bacteroidaceae	816 Bacteroides	387090 Bacteroides coprophilus	GH33	1
04094	815 Bacteroidaceae	816 Bacteroides	387090 Bacteroides coprophilus	GH35	0.96
04094	815 Bacteroidaceae	816 Bacteroides	387090 Bacteroides coprophilus	GH36	1
04094	815 Bacteroidaceae	816 Bacteroides	387090 Bacteroides coprophilus	GH42	0
04094	815 Bacteroidaceae	816 Bacteroides	387090 Bacteroides coprophilus	GH84	0.98
04094	815 Bacteroidaceae	816 Bacteroides	387090 Bacteroides coprophilus	GH85	0
04094	815 Bacteroidaceae	816 Bacteroides	387090 Bacteroides coprophilus	GH89	1
04094	815 Bacteroidaceae	816 Bacteroides	387090 Bacteroides coprophilus	GH92	1
04094	815 Bacteroidaceae	816 Bacteroides	387090 Bacteroides coprophilus	GH95	1
04094	815 Bacteroidaceae	816 Bacteroides	387090 Bacteroides coprophilus	GH97	1
04716	541000 Ruminococcaceae	1905344 Ruthenibacterium	1550024 Ruthenibacterium lactatiformans [Ruthenibacterium lactatiformans/Ruminococcaceae bacterium cv2/Subdoligranulum sp. 4_3_54A2FAA]	CBM32	0
04716	541000 Ruminococcaceae	1905344 Ruthenibacterium	1550024 Ruthenibacterium lactatiformans [Ruthenibacterium lactatiformans/Ruminococcaceae bacterium cv2/Subdoligranulum sp. 4_3_54A2FAA]	CBM51	0
04716	541000 Ruminococcaceae	1905344 Ruthenibacterium	1550024 Ruthenibacterium lactatiformans [Ruthenibacterium lactatiformans/Ruminococcaceae bacterium cv2/Subdoligranulum sp. 4_3_54A2FAA]	GH109	0.48
04716	541000 Ruminococcaceae	1905344 Ruthenibacterium	1550024 Ruthenibacterium lactatiformans [Ruthenibacterium lactatiformans/Ruminococcaceae bacterium cv2/Subdoligranulum sp. 4_3_54A2FAA]	GH110	0.28
04716	541000 Ruminococcaceae	1905344 Ruthenibacterium	1550024 Ruthenibacterium lactatiformans [Ruthenibacterium lactatiformans/Ruminococcaceae bacterium cv2/Subdoligranulum sp. 4_3_54A2FAA]	GH112	0.9
04716	541000 Ruminococcaceae	1905344 Ruthenibacterium	1550024 Ruthenibacterium lactatiformans [Ruthenibacterium lactatiformans/Ruminococcaceae bacterium cv2/Subdoligranulum sp. 4_3_54A2FAA]	GH123	0.8
04716	541000 Ruminococcaceae	1905344 Ruthenibacterium	1550024 Ruthenibacterium lactatiformans [Ruthenibacterium lactatiformans/Ruminococcaceae bacterium cv2/Subdoligranulum sp. 4_3_54A2FAA]	GH130	0.06
04716	541000 Ruminococcaceae	1905344 Ruthenibacterium	1550024 Ruthenibacterium lactatiformans [Ruthenibacterium lactatiformans/Ruminococcaceae bacterium cv2/Subdoligranulum sp. 4_3_54A2FAA]	GH136	0.02
04716	541000 Ruminococcaceae	1905344 Ruthenibacterium	1550024 Ruthenibacterium lactatiformans [Ruthenibacterium lactatiformans/Ruminococcaceae bacterium cv2/Subdoligranulum sp. 4_3_54A2FAA]	GH16	0.1
04716	541000 Ruminococcaceae	1905344 Ruthenibacterium	1550024 Ruthenibacterium lactatiformans [Ruthenibacterium lactatiformans/Ruminococcaceae bacterium cv2/Subdoligranulum sp. 4_3_54A2FAA]	GH18	0
04716	541000 Ruminococcaceae	1905344 Ruthenibacterium	1550024 Ruthenibacterium lactatiformans [Ruthenibacterium lactatiformans/Ruminococcaceae bacterium cv2/Subdoligranulum sp. 4_3_54A2FAA]	GH2	1
04716	541000 Ruminococcaceae	1905344 Ruthenibacterium	1550024 Ruthenibacterium lactatiformans [Ruthenibacterium lactatiformans/Ruminococcaceae bacterium cv2/Subdoligranulum sp. 4_3_54A2FAA]	GH20	1
04716	541000 Ruminococcaceae	1905344 Ruthenibacterium	1550024 Ruthenibacterium lactatiformans [Ruthenibacterium lactatiformans/Ruminococcaceae bacterium cv2/Subdoligranulum sp. 4_3_54A2FAA]	GH27	0.04
04716	541000 Ruminococcaceae	1905344 Ruthenibacterium	1550024 Ruthenibacterium lactatiformans [Ruthenibacterium lactatiformans/Ruminococcaceae bacterium cv2/Subdoligranulum sp. 4_3_54A2FAA]	GH29	0.26
04716	541000 Ruminococcaceae	1905344 Ruthenibacterium	1550024 Ruthenibacterium lactatiformans [Ruthenibacterium lactatiformans/Ruminococcaceae bacterium cv2/Subdoligranulum sp. 4_3_54A2FAA]	GH31	0.24
04716	541000 Ruminococcaceae	1905344 Ruthenibacterium	1550024 Ruthenibacterium lactatiformans [Ruthenibacterium lactatiformans/Ruminococcaceae bacterium cv2/Subdoligranulum sp. 4_3_54A2FAA]	GH33	1
04716	541000 Ruminococcaceae	1905344 Ruthenibacterium	1550024 Ruthenibacterium lactatiformans [Ruthenibacterium lactatiformans/Ruminococcaceae bacterium cv2/Subdoligranulum sp. 4_3_54A2FAA]	GH35	0.02
04716	541000 Ruminococcaceae	1905344 Ruthenibacterium	1550024 Ruthenibacterium lactatiformans [Ruthenibacterium lactatiformans/Ruminococcaceae bacterium cv2/Subdoligranulum sp. 4_3_54A2FAA]	GH36	0.98
04716	541000 Ruminococcaceae	1905344 Ruthenibacterium	1550024 Ruthenibacterium lactatiformans [Ruthenibacterium lactatiformans/Ruminococcaceae bacterium cv2/Subdoligranulum sp. 4_3_54A2FAA]	GH42	0.02
04716	541000 Ruminococcaceae	1905344 Ruthenibacterium	1550024 Ruthenibacterium lactatiformans [Ruthenibacterium lactatiformans/Ruminococcaceae bacterium cv2/Subdoligranulum sp. 4_3_54A2FAA]	GH84	0
04716	541000 Ruminococcaceae	1905344 Ruthenibacterium	1550024 Ruthenibacterium lactatiformans [Ruthenibacterium lactatiformans/Ruminococcaceae bacterium cv2/Subdoligranulum sp. 4_3_54A2FAA]	GH85	0
04716	541000 Ruminococcaceae	1905344 Ruthenibacterium	1550024 Ruthenibacterium lactatiformans [Ruthenibacterium lactatiformans/Ruminococcaceae bacterium cv2/Subdoligranulum sp. 4_3_54A2FAA]	GH89	0.3
04716	541000 Ruminococcaceae	1905344 Ruthenibacterium	1550024 Ruthenibacterium lactatiformans [Ruthenibacterium lactatiformans/Ruminococcaceae bacterium cv2/Subdoligranulum sp. 4_3_54A2FAA]	GH92	0
04716	541000 Ruminococcaceae	1905344 Ruthenibacterium	1550024 Ruthenibacterium lactatiformans [Ruthenibacterium lactatiformans/Ruminococcaceae bacterium cv2/Subdoligranulum sp. 4_3_54A2FAA]	GH95	0.06
04716	541000 Ruminococcaceae	1905344 Ruthenibacterium	1550024 Ruthenibacterium lactatiformans [Ruthenibacterium lactatiformans/Ruminococcaceae bacterium cv2/Subdoligranulum sp. 4_3_54A2FAA]	GH97	0.02
05069	815 Bacteroidaceae	816 Bacteroides	310297 Bacteroides plebeius	CBM32	0.86
05069	815 Bacteroidaceae	816 Bacteroides	310297 Bacteroides plebeius	CBM51	0.02
05069	815 Bacteroidaceae	816 Bacteroides	310297 Bacteroides plebeius	GH109	0.96
05069	815 Bacteroidaceae	816 Bacteroides	310297 Bacteroides plebeius	GH110	0.96
05069	815 Bacteroidaceae	816 Bacteroides	310297 Bacteroides plebeius	GH112	0
05069	815 Bacteroidaceae	816 Bacteroides	310297 Bacteroides plebeius	GH123	0.94
05069	815 Bacteroidaceae	816 Bacteroides	310297 Bacteroides plebeius	GH130	0.98
05069	815 Bacteroidaceae	816 Bacteroides	310297 Bacteroides plebeius	GH136	0.8
05069	815 Bacteroidaceae	816 Bacteroides	310297 Bacteroides plebeius	GH16	0.54
05069	815 Bacteroidaceae	816 Bacteroides	310297 Bacteroides plebeius	GH18	0.64
05069	815 Bacteroidaceae	816 Bacteroides	310297 Bacteroides plebeius	GH2	1
05069	815 Bacteroidaceae	816 Bacteroides	310297 Bacteroides plebeius	GH20	1
05069	815 Bacteroidaceae	816 Bacteroides	310297 Bacteroides plebeius	GH27	0.22
05069	815 Bacteroidaceae	816 Bacteroides	310297 Bacteroides plebeius	GH29	1
05069	815 Bacteroidaceae	816 Bacteroides	310297 Bacteroides plebeius	GH31	1
05069	815 Bacteroidaceae	816 Bacteroides	310297 Bacteroides plebeius	GH33	0.84
05069	815 Bacteroidaceae	816 Bacteroides	310297 Bacteroides plebeius	GH35	1
05069	815 Bacteroidaceae	816 Bacteroides	310297 Bacteroides plebeius	GH36	1
05069	815 Bacteroidaceae	816 Bacteroides	310297 Bacteroides plebeius	GH42	0.88
05069	815 Bacteroidaceae	816 Bacteroides	310297 Bacteroides plebeius	GH84	0.9
05069	815 Bacteroidaceae	816 Bacteroides	310297 Bacteroides plebeius	GH85	0
05069	815 Bacteroidaceae	816 Bacteroides	310297 Bacteroides plebeius	GH89	0.96
05069	815 Bacteroidaceae	816 Bacteroides	310297 Bacteroides plebeius	GH92	1
05069	815 Bacteroidaceae	816 Bacteroides	310297 Bacteroides plebeius	GH95	0.98
05069	815 Bacteroidaceae	816 Bacteroides	310297 Bacteroides plebeius	GH97	1
05071	815 Bacteroidaceae	816 Bacteroides	1841856 Bacteroides mediterraneensis	CBM32	1
05071	815 Bacteroidaceae	816 Bacteroides	1841856 Bacteroides mediterraneensis	CBM51	0
05071	815 Bacteroidaceae	816 Bacteroides	1841856 Bacteroides mediterraneensis	GH109	1
05071	815 Bacteroidaceae	816 Bacteroides	1841856 Bacteroides mediterraneensis	GH110	1
05071	815 Bacteroidaceae	816 Bacteroides	1841856 Bacteroides mediterraneensis	GH112	0
05071	815 Bacteroidaceae	816 Bacteroides	1841856 Bacteroides mediterraneensis	GH123	1
05071	815 Bacteroidaceae	816 Bacteroides	1841856 Bacteroides mediterraneensis	GH130	1
05071	815 Bacteroidaceae	816 Bacteroides	1841856 Bacteroides mediterraneensis	GH136	0.75
05071	815 Bacteroidaceae	816 Bacteroides	1841856 Bacteroides mediterraneensis	GH16	0.25
05071	815 Bacteroidaceae	816 Bacteroides	1841856 Bacteroides mediterraneensis	GH18	0.5
05071	815 Bacteroidaceae	816 Bacteroides	1841856 Bacteroides mediterraneensis	GH2	1
05071	815 Bacteroidaceae	816 Bacteroides	1841856 Bacteroides mediterraneensis	GH20	1
05071	815 Bacteroidaceae	816 Bacteroides	1841856 Bacteroides mediterraneensis	GH27	0.25
05071	815 Bacteroidaceae	816 Bacteroides	1841856 Bacteroides mediterraneensis	GH29	1
05071	815 Bacteroidaceae	816 Bacteroides	1841856 Bacteroides mediterraneensis	GH31	1
05071	815 Bacteroidaceae	816 Bacteroides	1841856 Bacteroides mediterraneensis	GH33	1
05071	815 Bacteroidaceae	816 Bacteroides	1841856 Bacteroides mediterraneensis	GH35	1
05071	815 Bacteroidaceae	816 Bacteroides	1841856 Bacteroides mediterraneensis	GH36	1
05071	815 Bacteroidaceae	816 Bacteroides	1841856 Bacteroides mediterraneensis	GH42	0.5
05071	815 Bacteroidaceae	816 Bacteroides	1841856 Bacteroides mediterraneensis	GH84	1
05071	815 Bacteroidaceae	816 Bacteroides	1841856 Bacteroides mediterraneensis	GH85	0
05071	815 Bacteroidaceae	816 Bacteroides	1841856 Bacteroides mediterraneensis	GH89	1
05071	815 Bacteroidaceae	816 Bacteroides	1841856 Bacteroides mediterraneensis	GH92	1
05071	815 Bacteroidaceae	816 Bacteroides	1841856 Bacteroides mediterraneensis	GH95	1
05071	815 Bacteroidaceae	816 Bacteroides	1841856 Bacteroides mediterraneensis	GH97	1
05139	186803 Lachnospiraceae	572511 Blautia	40520 Blautia obeum [uncultured Ruminococcus sp./Blautia obeum]	CBM32	0.02
05139	186803 Lachnospiraceae	572511 Blautia	40520 Blautia obeum [uncultured Ruminococcus sp./Blautia obeum]	CBM51	0
05139	186803 Lachnospiraceae	572511 Blautia	40520 Blautia obeum [uncultured Ruminococcus sp./Blautia obeum]	GH109	0
05139	186803 Lachnospiraceae	572511 Blautia	40520 Blautia obeum [uncultured Ruminococcus sp./Blautia obeum]	GH110	0
05139	186803 Lachnospiraceae	572511 Blautia	40520 Blautia obeum [uncultured Ruminococcus sp./Blautia obeum]	GH112	0.92
05139	186803 Lachnospiraceae	572511 Blautia	40520 Blautia obeum [uncultured Ruminococcus sp./Blautia obeum]	GH123	0
05139	186803 Lachnospiraceae	572511 Blautia	40520 Blautia obeum [uncultured Ruminococcus sp./Blautia obeum]	GH130	0
05139	186803 Lachnospiraceae	572511 Blautia	40520 Blautia obeum [uncultured Ruminococcus sp./Blautia obeum]	GH136	0
05139	186803 Lachnospiraceae	572511 Blautia	40520 Blautia obeum [uncultured Ruminococcus sp./Blautia obeum]	GH16	0.02
05139	186803 Lachnospiraceae	572511 Blautia	40520 Blautia obeum [uncultured Ruminococcus sp./Blautia obeum]	GH18	0.98
05139	186803 Lachnospiraceae	572511 Blautia	40520 Blautia obeum [uncultured Ruminococcus sp./Blautia obeum]	GH2	1
05139	186803 Lachnospiraceae	572511 Blautia	40520 Blautia obeum [uncultured Ruminococcus sp./Blautia obeum]	GH20	0.32
05139	186803 Lachnospiraceae	572511 Blautia	40520 Blautia obeum [uncultured Ruminococcus sp./Blautia obeum]	GH27	0.02
05139	186803 Lachnospiraceae	572511 Blautia	40520 Blautia obeum [uncultured Ruminococcus sp./Blautia obeum]	GH29	0.9
05139	186803 Lachnospiraceae	572511 Blautia	40520 Blautia obeum [uncultured Ruminococcus sp./Blautia obeum]	GH31	0.98
05139	186803 Lachnospiraceae	572511 Blautia	40520 Blautia obeum [uncultured Ruminococcus sp./Blautia obeum]	GH33	0
05139	186803 Lachnospiraceae	572511 Blautia	40520 Blautia obeum [uncultured Ruminococcus sp./Blautia obeum]	GH35	0
05139	186803 Lachnospiraceae	572511 Blautia	40520 Blautia obeum [uncultured Ruminococcus sp./Blautia obeum]	GH36	1
05139	186803 Lachnospiraceae	572511 Blautia	40520 Blautia obeum [uncultured Ruminococcus sp./Blautia obeum]	GH42	1
05139	186803 Lachnospiraceae	572511 Blautia	40520 Blautia obeum [uncultured Ruminococcus sp./Blautia obeum]	GH84	0
05139	186803 Lachnospiraceae	572511 Blautia	40520 Blautia obeum [uncultured Ruminococcus sp./Blautia obeum]	GH85	0
05139	186803 Lachnospiraceae	572511 Blautia	40520 Blautia obeum [uncultured Ruminococcus sp./Blautia obeum]	GH89	0
05139	186803 Lachnospiraceae	572511 Blautia	40520 Blautia obeum [uncultured Ruminococcus sp./Blautia obeum]	GH92	0.02
05139	186803 Lachnospiraceae	572511 Blautia	40520 Blautia obeum [uncultured Ruminococcus sp./Blautia obeum]	GH95	0.94
05139	186803 Lachnospiraceae	572511 Blautia	40520 Blautia obeum [uncultured Ruminococcus sp./Blautia obeum]	GH97	0
05140	186803 Lachnospiraceae	572511 Blautia	40520 Blautia obeum [uncultured Ruminococcus sp./Blautia sp. Marseille-P3087/Blautia obeum]	CBM32	0
05140	186803 Lachnospiraceae	572511 Blautia	40520 Blautia obeum [uncultured Ruminococcus sp./Blautia sp. Marseille-P3087/Blautia obeum]	CBM51	0
05140	186803 Lachnospiraceae	572511 Blautia	40520 Blautia obeum [uncultured Ruminococcus sp./Blautia sp. Marseille-P3087/Blautia obeum]	GH109	0
05140	186803 Lachnospiraceae	572511 Blautia	40520 Blautia obeum [uncultured Ruminococcus sp./Blautia sp. Marseille-P3087/Blautia obeum]	GH110	0
05140	186803 Lachnospiraceae	572511 Blautia	40520 Blautia obeum [uncultured Ruminococcus sp./Blautia sp. Marseille-P3087/Blautia obeum]	GH112	0.9444444444444444
05140	186803 Lachnospiraceae	572511 Blautia	40520 Blautia obeum [uncultured Ruminococcus sp./Blautia sp. Marseille-P3087/Blautia obeum]	GH123	0
05140	186803 Lachnospiraceae	572511 Blautia	40520 Blautia obeum [uncultured Ruminococcus sp./Blautia sp. Marseille-P3087/Blautia obeum]	GH130	0
05140	186803 Lachnospiraceae	572511 Blautia	40520 Blautia obeum [uncultured Ruminococcus sp./Blautia sp. Marseille-P3087/Blautia obeum]	GH136	0.05555555555555555
05140	186803 Lachnospiraceae	572511 Blautia	40520 Blautia obeum [uncultured Ruminococcus sp./Blautia sp. Marseille-P3087/Blautia obeum]	GH16	0
05140	186803 Lachnospiraceae	572511 Blautia	40520 Blautia obeum [uncultured Ruminococcus sp./Blautia sp. Marseille-P3087/Blautia obeum]	GH18	1
05140	186803 Lachnospiraceae	572511 Blautia	40520 Blautia obeum [uncultured Ruminococcus sp./Blautia sp. Marseille-P3087/Blautia obeum]	GH2	1
05140	186803 Lachnospiraceae	572511 Blautia	40520 Blautia obeum [uncultured Ruminococcus sp./Blautia sp. Marseille-P3087/Blautia obeum]	GH20	0.3888888888888889
05140	186803 Lachnospiraceae	572511 Blautia	40520 Blautia obeum [uncultured Ruminococcus sp./Blautia sp. Marseille-P3087/Blautia obeum]	GH27	0
05140	186803 Lachnospiraceae	572511 Blautia	40520 Blautia obeum [uncultured Ruminococcus sp./Blautia sp. Marseille-P3087/Blautia obeum]	GH29	0
05140	186803 Lachnospiraceae	572511 Blautia	40520 Blautia obeum [uncultured Ruminococcus sp./Blautia sp. Marseille-P3087/Blautia obeum]	GH31	0.7777777777777778
05140	186803 Lachnospiraceae	572511 Blautia	40520 Blautia obeum [uncultured Ruminococcus sp./Blautia sp. Marseille-P3087/Blautia obeum]	GH33	0.6111111111111112
05140	186803 Lachnospiraceae	572511 Blautia	40520 Blautia obeum [uncultured Ruminococcus sp./Blautia sp. Marseille-P3087/Blautia obeum]	GH35	0
05140	186803 Lachnospiraceae	572511 Blautia	40520 Blautia obeum [uncultured Ruminococcus sp./Blautia sp. Marseille-P3087/Blautia obeum]	GH36	0.9444444444444444
05140	186803 Lachnospiraceae	572511 Blautia	40520 Blautia obeum [uncultured Ruminococcus sp./Blautia sp. Marseille-P3087/Blautia obeum]	GH42	1
05140	186803 Lachnospiraceae	572511 Blautia	40520 Blautia obeum [uncultured Ruminococcus sp./Blautia sp. Marseille-P3087/Blautia obeum]	GH84	0
05140	186803 Lachnospiraceae	572511 Blautia	40520 Blautia obeum [uncultured Ruminococcus sp./Blautia sp. Marseille-P3087/Blautia obeum]	GH85	0
05140	186803 Lachnospiraceae	572511 Blautia	40520 Blautia obeum [uncultured Ruminococcus sp./Blautia sp. Marseille-P3087/Blautia obeum]	GH89	0
05140	186803 Lachnospiraceae	572511 Blautia	40520 Blautia obeum [uncultured Ruminococcus sp./Blautia sp. Marseille-P3087/Blautia obeum]	GH92	0
05140	186803 Lachnospiraceae	572511 Blautia	40520 Blautia obeum [uncultured Ruminococcus sp./Blautia sp. Marseille-P3087/Blautia obeum]	GH95	0.2777777777777778
05140	186803 Lachnospiraceae	572511 Blautia	40520 Blautia obeum [uncultured Ruminococcus sp./Blautia sp. Marseille-P3087/Blautia obeum]	GH97	0
05237	541000 Ruminococcaceae	1924093 Anaeromassilibacillus	NA Anaeromassilibacillus sp. [Clostridia bacterium UC5.1-1E11/Anaeromassilibacillus sp. Marseille-P3371]	CBM32	1
05237	541000 Ruminococcaceae	1924093 Anaeromassilibacillus	NA Anaeromassilibacillus sp. [Clostridia bacterium UC5.1-1E11/Anaeromassilibacillus sp. Marseille-P3371]	CBM51	1
05237	541000 Ruminococcaceae	1924093 Anaeromassilibacillus	NA Anaeromassilibacillus sp. [Clostridia bacterium UC5.1-1E11/Anaeromassilibacillus sp. Marseille-P3371]	GH109	0
05237	541000 Ruminococcaceae	1924093 Anaeromassilibacillus	NA Anaeromassilibacillus sp. [Clostridia bacterium UC5.1-1E11/Anaeromassilibacillus sp. Marseille-P3371]	GH110	0
05237	541000 Ruminococcaceae	1924093 Anaeromassilibacillus	NA Anaeromassilibacillus sp. [Clostridia bacterium UC5.1-1E11/Anaeromassilibacillus sp. Marseille-P3371]	GH112	0
05237	541000 Ruminococcaceae	1924093 Anaeromassilibacillus	NA Anaeromassilibacillus sp. [Clostridia bacterium UC5.1-1E11/Anaeromassilibacillus sp. Marseille-P3371]	GH123	0
05237	541000 Ruminococcaceae	1924093 Anaeromassilibacillus	NA Anaeromassilibacillus sp. [Clostridia bacterium UC5.1-1E11/Anaeromassilibacillus sp. Marseille-P3371]	GH130	0
05237	541000 Ruminococcaceae	1924093 Anaeromassilibacillus	NA Anaeromassilibacillus sp. [Clostridia bacterium UC5.1-1E11/Anaeromassilibacillus sp. Marseille-P3371]	GH136	0.5
05237	541000 Ruminococcaceae	1924093 Anaeromassilibacillus	NA Anaeromassilibacillus sp. [Clostridia bacterium UC5.1-1E11/Anaeromassilibacillus sp. Marseille-P3371]	GH16	0.08333333333333333
05237	541000 Ruminococcaceae	1924093 Anaeromassilibacillus	NA Anaeromassilibacillus sp. [Clostridia bacterium UC5.1-1E11/Anaeromassilibacillus sp. Marseille-P3371]	GH18	1
05237	541000 Ruminococcaceae	1924093 Anaeromassilibacillus	NA Anaeromassilibacillus sp. [Clostridia bacterium UC5.1-1E11/Anaeromassilibacillus sp. Marseille-P3371]	GH2	1
05237	541000 Ruminococcaceae	1924093 Anaeromassilibacillus	NA Anaeromassilibacillus sp. [Clostridia bacterium UC5.1-1E11/Anaeromassilibacillus sp. Marseille-P3371]	GH20	0.08333333333333333
05237	541000 Ruminococcaceae	1924093 Anaeromassilibacillus	NA Anaeromassilibacillus sp. [Clostridia bacterium UC5.1-1E11/Anaeromassilibacillus sp. Marseille-P3371]	GH27	0.75
05237	541000 Ruminococcaceae	1924093 Anaeromassilibacillus	NA Anaeromassilibacillus sp. [Clostridia bacterium UC5.1-1E11/Anaeromassilibacillus sp. Marseille-P3371]	GH29	0.75
05237	541000 Ruminococcaceae	1924093 Anaeromassilibacillus	NA Anaeromassilibacillus sp. [Clostridia bacterium UC5.1-1E11/Anaeromassilibacillus sp. Marseille-P3371]	GH31	0.16666666666666666
05237	541000 Ruminococcaceae	1924093 Anaeromassilibacillus	NA Anaeromassilibacillus sp. [Clostridia bacterium UC5.1-1E11/Anaeromassilibacillus sp. Marseille-P3371]	GH33	0
05237	541000 Ruminococcaceae	1924093 Anaeromassilibacillus	NA Anaeromassilibacillus sp. [Clostridia bacterium UC5.1-1E11/Anaeromassilibacillus sp. Marseille-P3371]	GH35	0
05237	541000 Ruminococcaceae	1924093 Anaeromassilibacillus	NA Anaeromassilibacillus sp. [Clostridia bacterium UC5.1-1E11/Anaeromassilibacillus sp. Marseille-P3371]	GH36	0
05237	541000 Ruminococcaceae	1924093 Anaeromassilibacillus	NA Anaeromassilibacillus sp. [Clostridia bacterium UC5.1-1E11/Anaeromassilibacillus sp. Marseille-P3371]	GH42	0
05237	541000 Ruminococcaceae	1924093 Anaeromassilibacillus	NA Anaeromassilibacillus sp. [Clostridia bacterium UC5.1-1E11/Anaeromassilibacillus sp. Marseille-P3371]	GH84	1
05237	541000 Ruminococcaceae	1924093 Anaeromassilibacillus	NA Anaeromassilibacillus sp. [Clostridia bacterium UC5.1-1E11/Anaeromassilibacillus sp. Marseille-P3371]	GH85	0
05237	541000 Ruminococcaceae	1924093 Anaeromassilibacillus	NA Anaeromassilibacillus sp. [Clostridia bacterium UC5.1-1E11/Anaeromassilibacillus sp. Marseille-P3371]	GH89	0.08333333333333333
05237	541000 Ruminococcaceae	1924093 Anaeromassilibacillus	NA Anaeromassilibacillus sp. [Clostridia bacterium UC5.1-1E11/Anaeromassilibacillus sp. Marseille-P3371]	GH92	0.9166666666666666
05237	541000 Ruminococcaceae	1924093 Anaeromassilibacillus	NA Anaeromassilibacillus sp. [Clostridia bacterium UC5.1-1E11/Anaeromassilibacillus sp. Marseille-P3371]	GH95	0.08333333333333333
05237	541000 Ruminococcaceae	1924093 Anaeromassilibacillus	NA Anaeromassilibacillus sp. [Clostridia bacterium UC5.1-1E11/Anaeromassilibacillus sp. Marseille-P3371]	GH97	1
05400	2005525 Tannerellaceae	375288 Parabacteroides	387661 Parabacteroides johnsonii	CBM32	0.96
05400	2005525 Tannerellaceae	375288 Parabacteroides	387661 Parabacteroides johnsonii	CBM51	0.88
05400	2005525 Tannerellaceae	375288 Parabacteroides	387661 Parabacteroides johnsonii	GH109	1
05400	2005525 Tannerellaceae	375288 Parabacteroides	387661 Parabacteroides johnsonii	GH110	1
05400	2005525 Tannerellaceae	375288 Parabacteroides	387661 Parabacteroides johnsonii	GH112	0
05400	2005525 Tannerellaceae	375288 Parabacteroides	387661 Parabacteroides johnsonii	GH123	0.96
05400	2005525 Tannerellaceae	375288 Parabacteroides	387661 Parabacteroides johnsonii	GH130	0.98
05400	2005525 Tannerellaceae	375288 Parabacteroides	387661 Parabacteroides johnsonii	GH136	0.02
05400	2005525 Tannerellaceae	375288 Parabacteroides	387661 Parabacteroides johnsonii	GH16	1
05400	2005525 Tannerellaceae	375288 Parabacteroides	387661 Parabacteroides johnsonii	GH18	0.06
05400	2005525 Tannerellaceae	375288 Parabacteroides	387661 Parabacteroides johnsonii	GH2	1
05400	2005525 Tannerellaceae	375288 Parabacteroides	387661 Parabacteroides johnsonii	GH20	1
05400	2005525 Tannerellaceae	375288 Parabacteroides	387661 Parabacteroides johnsonii	GH27	0.1
05400	2005525 Tannerellaceae	375288 Parabacteroides	387661 Parabacteroides johnsonii	GH29	1
05400	2005525 Tannerellaceae	375288 Parabacteroides	387661 Parabacteroides johnsonii	GH31	1
05400	2005525 Tannerellaceae	375288 Parabacteroides	387661 Parabacteroides johnsonii	GH33	1
05400	2005525 Tannerellaceae	375288 Parabacteroides	387661 Parabacteroides johnsonii	GH35	0.88
05400	2005525 Tannerellaceae	375288 Parabacteroides	387661 Parabacteroides johnsonii	GH36	1
05400	2005525 Tannerellaceae	375288 Parabacteroides	387661 Parabacteroides johnsonii	GH42	0
05400	2005525 Tannerellaceae	375288 Parabacteroides	387661 Parabacteroides johnsonii	GH84	0.92
05400	2005525 Tannerellaceae	375288 Parabacteroides	387661 Parabacteroides johnsonii	GH85	0
05400	2005525 Tannerellaceae	375288 Parabacteroides	387661 Parabacteroides johnsonii	GH89	1
05400	2005525 Tannerellaceae	375288 Parabacteroides	387661 Parabacteroides johnsonii	GH92	1
05400	2005525 Tannerellaceae	375288 Parabacteroides	387661 Parabacteroides johnsonii	GH95	1
05400	2005525 Tannerellaceae	375288 Parabacteroides	387661 Parabacteroides johnsonii	GH97	1
05401	2005525 Tannerellaceae	375288 Parabacteroides	46503 Parabacteroides merdae [Parabacteroides sp. merdae-related_45_40/Parabacteroides merdae]	CBM32	1
05401	2005525 Tannerellaceae	375288 Parabacteroides	46503 Parabacteroides merdae [Parabacteroides sp. merdae-related_45_40/Parabacteroides merdae]	CBM51	0.96
05401	2005525 Tannerellaceae	375288 Parabacteroides	46503 Parabacteroides merdae [Parabacteroides sp. merdae-related_45_40/Parabacteroides merdae]	GH109	1
05401	2005525 Tannerellaceae	375288 Parabacteroides	46503 Parabacteroides merdae [Parabacteroides sp. merdae-related_45_40/Parabacteroides merdae]	GH110	1
05401	2005525 Tannerellaceae	375288 Parabacteroides	46503 Parabacteroides merdae [Parabacteroides sp. merdae-related_45_40/Parabacteroides merdae]	GH112	0
05401	2005525 Tannerellaceae	375288 Parabacteroides	46503 Parabacteroides merdae [Parabacteroides sp. merdae-related_45_40/Parabacteroides merdae]	GH123	0.96
05401	2005525 Tannerellaceae	375288 Parabacteroides	46503 Parabacteroides merdae [Parabacteroides sp. merdae-related_45_40/Parabacteroides merdae]	GH130	0.94
05401	2005525 Tannerellaceae	375288 Parabacteroides	46503 Parabacteroides merdae [Parabacteroides sp. merdae-related_45_40/Parabacteroides merdae]	GH136	0.58
05401	2005525 Tannerellaceae	375288 Parabacteroides	46503 Parabacteroides merdae [Parabacteroides sp. merdae-related_45_40/Parabacteroides merdae]	GH16	1
05401	2005525 Tannerellaceae	375288 Parabacteroides	46503 Parabacteroides merdae [Parabacteroides sp. merdae-related_45_40/Parabacteroides merdae]	GH18	0.08
05401	2005525 Tannerellaceae	375288 Parabacteroides	46503 Parabacteroides merdae [Parabacteroides sp. merdae-related_45_40/Parabacteroides merdae]	GH2	1
05401	2005525 Tannerellaceae	375288 Parabacteroides	46503 Parabacteroides merdae [Parabacteroides sp. merdae-related_45_40/Parabacteroides merdae]	GH20	1
05401	2005525 Tannerellaceae	375288 Parabacteroides	46503 Parabacteroides merdae [Parabacteroides sp. merdae-related_45_40/Parabacteroides merdae]	GH27	0.02
05401	2005525 Tannerellaceae	375288 Parabacteroides	46503 Parabacteroides merdae [Parabacteroides sp. merdae-related_45_40/Parabacteroides merdae]	GH29	1
05401	2005525 Tannerellaceae	375288 Parabacteroides	46503 Parabacteroides merdae [Parabacteroides sp. merdae-related_45_40/Parabacteroides merdae]	GH31	1
05401	2005525 Tannerellaceae	375288 Parabacteroides	46503 Parabacteroides merdae [Parabacteroides sp. merdae-related_45_40/Parabacteroides merdae]	GH33	1
05401	2005525 Tannerellaceae	375288 Parabacteroides	46503 Parabacteroides merdae [Parabacteroides sp. merdae-related_45_40/Parabacteroides merdae]	GH35	0.88
05401	2005525 Tannerellaceae	375288 Parabacteroides	46503 Parabacteroides merdae [Parabacteroides sp. merdae-related_45_40/Parabacteroides merdae]	GH36	0.96
05401	2005525 Tannerellaceae	375288 Parabacteroides	46503 Parabacteroides merdae [Parabacteroides sp. merdae-related_45_40/Parabacteroides merdae]	GH42	0.02
05401	2005525 Tannerellaceae	375288 Parabacteroides	46503 Parabacteroides merdae [Parabacteroides sp. merdae-related_45_40/Parabacteroides merdae]	GH84	1
05401	2005525 Tannerellaceae	375288 Parabacteroides	46503 Parabacteroides merdae [Parabacteroides sp. merdae-related_45_40/Parabacteroides merdae]	GH85	0.02
05401	2005525 Tannerellaceae	375288 Parabacteroides	46503 Parabacteroides merdae [Parabacteroides sp. merdae-related_45_40/Parabacteroides merdae]	GH89	0.98
05401	2005525 Tannerellaceae	375288 Parabacteroides	46503 Parabacteroides merdae [Parabacteroides sp. merdae-related_45_40/Parabacteroides merdae]	GH92	1
05401	2005525 Tannerellaceae	375288 Parabacteroides	46503 Parabacteroides merdae [Parabacteroides sp. merdae-related_45_40/Parabacteroides merdae]	GH95	1
05401	2005525 Tannerellaceae	375288 Parabacteroides	46503 Parabacteroides merdae [Parabacteroides sp. merdae-related_45_40/Parabacteroides merdae]	GH97	1
06695	171550 Rikenellaceae	239759 Alistipes	1118061 Alistipes obesi	CBM32	0.54
06695	171550 Rikenellaceae	239759 Alistipes	1118061 Alistipes obesi	CBM51	0.02
06695	171550 Rikenellaceae	239759 Alistipes	1118061 Alistipes obesi	GH109	0.96
06695	171550 Rikenellaceae	239759 Alistipes	1118061 Alistipes obesi	GH110	0.02
06695	171550 Rikenellaceae	239759 Alistipes	1118061 Alistipes obesi	GH112	0
06695	171550 Rikenellaceae	239759 Alistipes	1118061 Alistipes obesi	GH123	0.96
06695	171550 Rikenellaceae	239759 Alistipes	1118061 Alistipes obesi	GH130	0.82
06695	171550 Rikenellaceae	239759 Alistipes	1118061 Alistipes obesi	GH136	0
06695	171550 Rikenellaceae	239759 Alistipes	1118061 Alistipes obesi	GH16	0.18
06695	171550 Rikenellaceae	239759 Alistipes	1118061 Alistipes obesi	GH18	0.44
06695	171550 Rikenellaceae	239759 Alistipes	1118061 Alistipes obesi	GH2	0.98
06695	171550 Rikenellaceae	239759 Alistipes	1118061 Alistipes obesi	GH20	0.98
06695	171550 Rikenellaceae	239759 Alistipes	1118061 Alistipes obesi	GH27	0.96
06695	171550 Rikenellaceae	239759 Alistipes	1118061 Alistipes obesi	GH29	0.02
06695	171550 Rikenellaceae	239759 Alistipes	1118061 Alistipes obesi	GH31	0.04
06695	171550 Rikenellaceae	239759 Alistipes	1118061 Alistipes obesi	GH33	0
06695	171550 Rikenellaceae	239759 Alistipes	1118061 Alistipes obesi	GH35	0
06695	171550 Rikenellaceae	239759 Alistipes	1118061 Alistipes obesi	GH36	0.96
06695	171550 Rikenellaceae	239759 Alistipes	1118061 Alistipes obesi	GH42	0
06695	171550 Rikenellaceae	239759 Alistipes	1118061 Alistipes obesi	GH84	0
06695	171550 Rikenellaceae	239759 Alistipes	1118061 Alistipes obesi	GH85	0
06695	171550 Rikenellaceae	239759 Alistipes	1118061 Alistipes obesi	GH89	0.02
06695	171550 Rikenellaceae	239759 Alistipes	1118061 Alistipes obesi	GH92	0.68
06695	171550 Rikenellaceae	239759 Alistipes	1118061 Alistipes obesi	GH95	0
06695	171550 Rikenellaceae	239759 Alistipes	1118061 Alistipes obesi	GH97	0.98
06867	2005520 Dysgonamonadaceae	156973 Dysgonomonas	45254 Dysgonomonas capnocytophagoides	CBM32	1
06867	2005520 Dysgonamonadaceae	156973 Dysgonomonas	45254 Dysgonomonas capnocytophagoides	CBM51	0
06867	2005520 Dysgonamonadaceae	156973 Dysgonomonas	45254 Dysgonomonas capnocytophagoides	GH109	0
06867	2005520 Dysgonamonadaceae	156973 Dysgonomonas	45254 Dysgonomonas capnocytophagoides	GH110	0
06867	2005520 Dysgonamonadaceae	156973 Dysgonomonas	45254 Dysgonomonas capnocytophagoides	GH112	0
06867	2005520 Dysgonamonadaceae	156973 Dysgonomonas	45254 Dysgonomonas capnocytophagoides	GH123	0
06867	2005520 Dysgonamonadaceae	156973 Dysgonomonas	45254 Dysgonomonas capnocytophagoides	GH130	1
06867	2005520 Dysgonamonadaceae	156973 Dysgonomonas	45254 Dysgonomonas capnocytophagoides	GH136	0
06867	2005520 Dysgonamonadaceae	156973 Dysgonomonas	45254 Dysgonomonas capnocytophagoides	GH16	1
06867	2005520 Dysgonamonadaceae	156973 Dysgonomonas	45254 Dysgonomonas capnocytophagoides	GH18	1
06867	2005520 Dysgonamonadaceae	156973 Dysgonomonas	45254 Dysgonomonas capnocytophagoides	GH2	1
06867	2005520 Dysgonamonadaceae	156973 Dysgonomonas	45254 Dysgonomonas capnocytophagoides	GH20	0
06867	2005520 Dysgonamonadaceae	156973 Dysgonomonas	45254 Dysgonomonas capnocytophagoides	GH27	1
06867	2005520 Dysgonamonadaceae	156973 Dysgonomonas	45254 Dysgonomonas capnocytophagoides	GH29	1
06867	2005520 Dysgonamonadaceae	156973 Dysgonomonas	45254 Dysgonomonas capnocytophagoides	GH31	1
06867	2005520 Dysgonamonadaceae	156973 Dysgonomonas	45254 Dysgonomonas capnocytophagoides	GH33	0.75
06867	2005520 Dysgonamonadaceae	156973 Dysgonomonas	45254 Dysgonomonas capnocytophagoides	GH35	1
06867	2005520 Dysgonamonadaceae	156973 Dysgonomonas	45254 Dysgonomonas capnocytophagoides	GH36	1
06867	2005520 Dysgonamonadaceae	156973 Dysgonomonas	45254 Dysgonomonas capnocytophagoides	GH42	1
06867	2005520 Dysgonamonadaceae	156973 Dysgonomonas	45254 Dysgonomonas capnocytophagoides	GH84	0
06867	2005520 Dysgonamonadaceae	156973 Dysgonomonas	45254 Dysgonomonas capnocytophagoides	GH85	0
06867	2005520 Dysgonamonadaceae	156973 Dysgonomonas	45254 Dysgonomonas capnocytophagoides	GH89	0
06867	2005520 Dysgonamonadaceae	156973 Dysgonomonas	45254 Dysgonomonas capnocytophagoides	GH92	1
06867	2005520 Dysgonamonadaceae	156973 Dysgonomonas	45254 Dysgonomonas capnocytophagoides	GH95	1
06867	2005520 Dysgonamonadaceae	156973 Dysgonomonas	45254 Dysgonomonas capnocytophagoides	GH97	1
07379	171550 Rikenellaceae	239759 Alistipes	1470347 Alistipes ihumii	CBM32	0
07379	171550 Rikenellaceae	239759 Alistipes	1470347 Alistipes ihumii	CBM51	0
07379	171550 Rikenellaceae	239759 Alistipes	1470347 Alistipes ihumii	GH109	0.98
07379	171550 Rikenellaceae	239759 Alistipes	1470347 Alistipes ihumii	GH110	0.32
07379	171550 Rikenellaceae	239759 Alistipes	1470347 Alistipes ihumii	GH112	0
07379	171550 Rikenellaceae	239759 Alistipes	1470347 Alistipes ihumii	GH123	0
07379	171550 Rikenellaceae	239759 Alistipes	1470347 Alistipes ihumii	GH130	0.02
07379	171550 Rikenellaceae	239759 Alistipes	1470347 Alistipes ihumii	GH136	0
07379	171550 Rikenellaceae	239759 Alistipes	1470347 Alistipes ihumii	GH16	0.04
07379	171550 Rikenellaceae	239759 Alistipes	1470347 Alistipes ihumii	GH18	0.02
07379	171550 Rikenellaceae	239759 Alistipes	1470347 Alistipes ihumii	GH2	1
07379	171550 Rikenellaceae	239759 Alistipes	1470347 Alistipes ihumii	GH20	1
07379	171550 Rikenellaceae	239759 Alistipes	1470347 Alistipes ihumii	GH27	0.02
07379	171550 Rikenellaceae	239759 Alistipes	1470347 Alistipes ihumii	GH29	0
07379	171550 Rikenellaceae	239759 Alistipes	1470347 Alistipes ihumii	GH31	0.98
07379	171550 Rikenellaceae	239759 Alistipes	1470347 Alistipes ihumii	GH33	0
07379	171550 Rikenellaceae	239759 Alistipes	1470347 Alistipes ihumii	GH35	0
07379	171550 Rikenellaceae	239759 Alistipes	1470347 Alistipes ihumii	GH36	1
07379	171550 Rikenellaceae	239759 Alistipes	1470347 Alistipes ihumii	GH42	0
07379	171550 Rikenellaceae	239759 Alistipes	1470347 Alistipes ihumii	GH84	0
07379	171550 Rikenellaceae	239759 Alistipes	1470347 Alistipes ihumii	GH85	0
07379	171550 Rikenellaceae	239759 Alistipes	1470347 Alistipes ihumii	GH89	0
07379	171550 Rikenellaceae	239759 Alistipes	1470347 Alistipes ihumii	GH92	0.98
07379	171550 Rikenellaceae	239759 Alistipes	1470347 Alistipes ihumii	GH95	0.96
07379	171550 Rikenellaceae	239759 Alistipes	1470347 Alistipes ihumii	GH97	0.02
07587	171550 Rikenellaceae	239759 Alistipes	1262695 Alistipes sp. CAG:435	CBM32	1
07587	171550 Rikenellaceae	239759 Alistipes	1262695 Alistipes sp. CAG:435	CBM51	0
07587	171550 Rikenellaceae	239759 Alistipes	1262695 Alistipes sp. CAG:435	GH109	1
07587	171550 Rikenellaceae	239759 Alistipes	1262695 Alistipes sp. CAG:435	GH110	1
07587	171550 Rikenellaceae	239759 Alistipes	1262695 Alistipes sp. CAG:435	GH112	0
07587	171550 Rikenellaceae	239759 Alistipes	1262695 Alistipes sp. CAG:435	GH123	1
07587	171550 Rikenellaceae	239759 Alistipes	1262695 Alistipes sp. CAG:435	GH130	0
07587	171550 Rikenellaceae	239759 Alistipes	1262695 Alistipes sp. CAG:435	GH136	0
07587	171550 Rikenellaceae	239759 Alistipes	1262695 Alistipes sp. CAG:435	GH16	0.2
07587	171550 Rikenellaceae	239759 Alistipes	1262695 Alistipes sp. CAG:435	GH18	1
07587	171550 Rikenellaceae	239759 Alistipes	1262695 Alistipes sp. CAG:435	GH2	1
07587	171550 Rikenellaceae	239759 Alistipes	1262695 Alistipes sp. CAG:435	GH20	1
07587	171550 Rikenellaceae	239759 Alistipes	1262695 Alistipes sp. CAG:435	GH27	1
07587	171550 Rikenellaceae	239759 Alistipes	1262695 Alistipes sp. CAG:435	GH29	1
07587	171550 Rikenellaceae	239759 Alistipes	1262695 Alistipes sp. CAG:435	GH31	1
07587	171550 Rikenellaceae	239759 Alistipes	1262695 Alistipes sp. CAG:435	GH33	1
07587	171550 Rikenellaceae	239759 Alistipes	1262695 Alistipes sp. CAG:435	GH35	0
07587	171550 Rikenellaceae	239759 Alistipes	1262695 Alistipes sp. CAG:435	GH36	0.4
07587	171550 Rikenellaceae	239759 Alistipes	1262695 Alistipes sp. CAG:435	GH42	0
07587	171550 Rikenellaceae	239759 Alistipes	1262695 Alistipes sp. CAG:435	GH84	0
07587	171550 Rikenellaceae	239759 Alistipes	1262695 Alistipes sp. CAG:435	GH85	0
07587	171550 Rikenellaceae	239759 Alistipes	1262695 Alistipes sp. CAG:435	GH89	1
07587	171550 Rikenellaceae	239759 Alistipes	1262695 Alistipes sp. CAG:435	GH92	1
07587	171550 Rikenellaceae	239759 Alistipes	1262695 Alistipes sp. CAG:435	GH95	1
07587	171550 Rikenellaceae	239759 Alistipes	1262695 Alistipes sp. CAG:435	GH97	1
07589	171550 Rikenellaceae	239759 Alistipes	1262698 Alistipes sp. CAG:831	CBM32	0
07589	171550 Rikenellaceae	239759 Alistipes	1262698 Alistipes sp. CAG:831	CBM51	0
07589	171550 Rikenellaceae	239759 Alistipes	1262698 Alistipes sp. CAG:831	GH109	1
07589	171550 Rikenellaceae	239759 Alistipes	1262698 Alistipes sp. CAG:831	GH110	1
07589	171550 Rikenellaceae	239759 Alistipes	1262698 Alistipes sp. CAG:831	GH112	0
07589	171550 Rikenellaceae	239759 Alistipes	1262698 Alistipes sp. CAG:831	GH123	0
07589	171550 Rikenellaceae	239759 Alistipes	1262698 Alistipes sp. CAG:831	GH130	0
07589	171550 Rikenellaceae	239759 Alistipes	1262698 Alistipes sp. CAG:831	GH136	0
07589	171550 Rikenellaceae	239759 Alistipes	1262698 Alistipes sp. CAG:831	GH16	0
07589	171550 Rikenellaceae	239759 Alistipes	1262698 Alistipes sp. CAG:831	GH18	0
07589	171550 Rikenellaceae	239759 Alistipes	1262698 Alistipes sp. CAG:831	GH2	1
07589	171550 Rikenellaceae	239759 Alistipes	1262698 Alistipes sp. CAG:831	GH20	1
07589	171550 Rikenellaceae	239759 Alistipes	1262698 Alistipes sp. CAG:831	GH27	0
07589	171550 Rikenellaceae	239759 Alistipes	1262698 Alistipes sp. CAG:831	GH29	1
07589	171550 Rikenellaceae	239759 Alistipes	1262698 Alistipes sp. CAG:831	GH31	0
07589	171550 Rikenellaceae	239759 Alistipes	1262698 Alistipes sp. CAG:831	GH33	1
07589	171550 Rikenellaceae	239759 Alistipes	1262698 Alistipes sp. CAG:831	GH35	0
07589	171550 Rikenellaceae	239759 Alistipes	1262698 Alistipes sp. CAG:831	GH36	0
07589	171550 Rikenellaceae	239759 Alistipes	1262698 Alistipes sp. CAG:831	GH42	0
07589	171550 Rikenellaceae	239759 Alistipes	1262698 Alistipes sp. CAG:831	GH84	1
07589	171550 Rikenellaceae	239759 Alistipes	1262698 Alistipes sp. CAG:831	GH85	0
07589	171550 Rikenellaceae	239759 Alistipes	1262698 Alistipes sp. CAG:831	GH89	1
07589	171550 Rikenellaceae	239759 Alistipes	1262698 Alistipes sp. CAG:831	GH92	1
07589	171550 Rikenellaceae	239759 Alistipes	1262698 Alistipes sp. CAG:831	GH95	0
07589	171550 Rikenellaceae	239759 Alistipes	1262698 Alistipes sp. CAG:831	GH97	1
07594	815 Bacteroidaceae	816 Bacteroides	1262734 Bacteroides sp. CAG:1060	CBM32	1
07594	815 Bacteroidaceae	816 Bacteroides	1262734 Bacteroides sp. CAG:1060	CBM51	1
07594	815 Bacteroidaceae	816 Bacteroides	1262734 Bacteroides sp. CAG:1060	GH109	0
07594	815 Bacteroidaceae	816 Bacteroides	1262734 Bacteroides sp. CAG:1060	GH110	0
07594	815 Bacteroidaceae	816 Bacteroides	1262734 Bacteroides sp. CAG:1060	GH112	0
07594	815 Bacteroidaceae	816 Bacteroides	1262734 Bacteroides sp. CAG:1060	GH123	0
07594	815 Bacteroidaceae	816 Bacteroides	1262734 Bacteroides sp. CAG:1060	GH130	0
07594	815 Bacteroidaceae	816 Bacteroides	1262734 Bacteroides sp. CAG:1060	GH136	0
07594	815 Bacteroidaceae	816 Bacteroides	1262734 Bacteroides sp. CAG:1060	GH16	0.16666666666666666
07594	815 Bacteroidaceae	816 Bacteroides	1262734 Bacteroides sp. CAG:1060	GH18	0
07594	815 Bacteroidaceae	816 Bacteroides	1262734 Bacteroides sp. CAG:1060	GH2	1
07594	815 Bacteroidaceae	816 Bacteroides	1262734 Bacteroides sp. CAG:1060	GH20	1
07594	815 Bacteroidaceae	816 Bacteroides	1262734 Bacteroides sp. CAG:1060	GH27	0
07594	815 Bacteroidaceae	816 Bacteroides	1262734 Bacteroides sp. CAG:1060	GH29	0
07594	815 Bacteroidaceae	816 Bacteroides	1262734 Bacteroides sp. CAG:1060	GH31	1
07594	815 Bacteroidaceae	816 Bacteroides	1262734 Bacteroides sp. CAG:1060	GH33	0
07594	815 Bacteroidaceae	816 Bacteroides	1262734 Bacteroides sp. CAG:1060	GH35	1
07594	815 Bacteroidaceae	816 Bacteroides	1262734 Bacteroides sp. CAG:1060	GH36	1
07594	815 Bacteroidaceae	816 Bacteroides	1262734 Bacteroides sp. CAG:1060	GH42	0
07594	815 Bacteroidaceae	816 Bacteroides	1262734 Bacteroides sp. CAG:1060	GH84	0
07594	815 Bacteroidaceae	816 Bacteroides	1262734 Bacteroides sp. CAG:1060	GH85	0
07594	815 Bacteroidaceae	816 Bacteroides	1262734 Bacteroides sp. CAG:1060	GH89	0
07594	815 Bacteroidaceae	816 Bacteroides	1262734 Bacteroides sp. CAG:1060	GH92	0
07594	815 Bacteroidaceae	816 Bacteroides	1262734 Bacteroides sp. CAG:1060	GH95	1
07594	815 Bacteroidaceae	816 Bacteroides	1262734 Bacteroides sp. CAG:1060	GH97	1
07598	815 Bacteroidaceae	816 Bacteroides	1262747 Bacteroides sp. CAG:702	CBM32	0.375
07598	815 Bacteroidaceae	816 Bacteroides	1262747 Bacteroides sp. CAG:702	CBM51	0
07598	815 Bacteroidaceae	816 Bacteroides	1262747 Bacteroides sp. CAG:702	GH109	1
07598	815 Bacteroidaceae	816 Bacteroides	1262747 Bacteroides sp. CAG:702	GH110	0
07598	815 Bacteroidaceae	816 Bacteroides	1262747 Bacteroides sp. CAG:702	GH112	0
07598	815 Bacteroidaceae	816 Bacteroides	1262747 Bacteroides sp. CAG:702	GH123	0
07598	815 Bacteroidaceae	816 Bacteroides	1262747 Bacteroides sp. CAG:702	GH130	1
07598	815 Bacteroidaceae	816 Bacteroides	1262747 Bacteroides sp. CAG:702	GH136	0
07598	815 Bacteroidaceae	816 Bacteroides	1262747 Bacteroides sp. CAG:702	GH16	0.5
07598	815 Bacteroidaceae	816 Bacteroides	1262747 Bacteroides sp. CAG:702	GH18	0.75
07598	815 Bacteroidaceae	816 Bacteroides	1262747 Bacteroides sp. CAG:702	GH2	1
07598	815 Bacteroidaceae	816 Bacteroides	1262747 Bacteroides sp. CAG:702	GH20	0
07598	815 Bacteroidaceae	816 Bacteroides	1262747 Bacteroides sp. CAG:702	GH27	0
07598	815 Bacteroidaceae	816 Bacteroides	1262747 Bacteroides sp. CAG:702	GH29	1
07598	815 Bacteroidaceae	816 Bacteroides	1262747 Bacteroides sp. CAG:702	GH31	1
07598	815 Bacteroidaceae	816 Bacteroides	1262747 Bacteroides sp. CAG:702	GH33	0
07598	815 Bacteroidaceae	816 Bacteroides	1262747 Bacteroides sp. CAG:702	GH35	1
07598	815 Bacteroidaceae	816 Bacteroides	1262747 Bacteroides sp. CAG:702	GH36	1
07598	815 Bacteroidaceae	816 Bacteroides	1262747 Bacteroides sp. CAG:702	GH42	0.875
07598	815 Bacteroidaceae	816 Bacteroides	1262747 Bacteroides sp. CAG:702	GH84	0
07598	815 Bacteroidaceae	816 Bacteroides	1262747 Bacteroides sp. CAG:702	GH85	0
07598	815 Bacteroidaceae	816 Bacteroides	1262747 Bacteroides sp. CAG:702	GH89	1
07598	815 Bacteroidaceae	816 Bacteroides	1262747 Bacteroides sp. CAG:702	GH92	1
07598	815 Bacteroidaceae	816 Bacteroides	1262747 Bacteroides sp. CAG:702	GH95	1
07598	815 Bacteroidaceae	816 Bacteroides	1262747 Bacteroides sp. CAG:702	GH97	1
07599	815 Bacteroidaceae	816 Bacteroides	1262748 Bacteroides sp. CAG:709	CBM32	0.24
07599	815 Bacteroidaceae	816 Bacteroides	1262748 Bacteroides sp. CAG:709	CBM51	0.98
07599	815 Bacteroidaceae	816 Bacteroides	1262748 Bacteroides sp. CAG:709	GH109	0.94
07599	815 Bacteroidaceae	816 Bacteroides	1262748 Bacteroides sp. CAG:709	GH110	0.14
07599	815 Bacteroidaceae	816 Bacteroides	1262748 Bacteroides sp. CAG:709	GH112	0
07599	815 Bacteroidaceae	816 Bacteroides	1262748 Bacteroides sp. CAG:709	GH123	0.88
07599	815 Bacteroidaceae	816 Bacteroides	1262748 Bacteroides sp. CAG:709	GH130	1
07599	815 Bacteroidaceae	816 Bacteroides	1262748 Bacteroides sp. CAG:709	GH136	0
07599	815 Bacteroidaceae	816 Bacteroides	1262748 Bacteroides sp. CAG:709	GH16	0.9
07599	815 Bacteroidaceae	816 Bacteroides	1262748 Bacteroides sp. CAG:709	GH18	1
07599	815 Bacteroidaceae	816 Bacteroides	1262748 Bacteroides sp. CAG:709	GH2	1
07599	815 Bacteroidaceae	816 Bacteroides	1262748 Bacteroides sp. CAG:709	GH20	1
07599	815 Bacteroidaceae	816 Bacteroides	1262748 Bacteroides sp. CAG:709	GH27	0.04
07599	815 Bacteroidaceae	816 Bacteroides	1262748 Bacteroides sp. CAG:709	GH29	0.86
07599	815 Bacteroidaceae	816 Bacteroides	1262748 Bacteroides sp. CAG:709	GH31	0.98
07599	815 Bacteroidaceae	816 Bacteroides	1262748 Bacteroides sp. CAG:709	GH33	1
07599	815 Bacteroidaceae	816 Bacteroides	1262748 Bacteroides sp. CAG:709	GH35	0
07599	815 Bacteroidaceae	816 Bacteroides	1262748 Bacteroides sp. CAG:709	GH36	0.86
07599	815 Bacteroidaceae	816 Bacteroides	1262748 Bacteroides sp. CAG:709	GH42	0
07599	815 Bacteroidaceae	816 Bacteroides	1262748 Bacteroides sp. CAG:709	GH84	0
07599	815 Bacteroidaceae	816 Bacteroides	1262748 Bacteroides sp. CAG:709	GH85	0
07599	815 Bacteroidaceae	816 Bacteroides	1262748 Bacteroides sp. CAG:709	GH89	0.96
07599	815 Bacteroidaceae	816 Bacteroides	1262748 Bacteroides sp. CAG:709	GH92	1
07599	815 Bacteroidaceae	816 Bacteroides	1262748 Bacteroides sp. CAG:709	GH95	1
07599	815 Bacteroidaceae	816 Bacteroides	1262748 Bacteroides sp. CAG:709	GH97	1
07600	815 Bacteroidaceae	816 Bacteroides	1262751 Bacteroides sp. CAG:770	CBM32	0.02
07600	815 Bacteroidaceae	816 Bacteroides	1262751 Bacteroides sp. CAG:770	CBM51	0.98
07600	815 Bacteroidaceae	816 Bacteroides	1262751 Bacteroides sp. CAG:770	GH109	0.9
07600	815 Bacteroidaceae	816 Bacteroides	1262751 Bacteroides sp. CAG:770	GH110	0
07600	815 Bacteroidaceae	816 Bacteroides	1262751 Bacteroides sp. CAG:770	GH112	0
07600	815 Bacteroidaceae	816 Bacteroides	1262751 Bacteroides sp. CAG:770	GH123	0
07600	815 Bacteroidaceae	816 Bacteroides	1262751 Bacteroides sp. CAG:770	GH130	1
07600	815 Bacteroidaceae	816 Bacteroides	1262751 Bacteroides sp. CAG:770	GH136	0.86
07600	815 Bacteroidaceae	816 Bacteroides	1262751 Bacteroides sp. CAG:770	GH16	0.58
07600	815 Bacteroidaceae	816 Bacteroides	1262751 Bacteroides sp. CAG:770	GH18	1
07600	815 Bacteroidaceae	816 Bacteroides	1262751 Bacteroides sp. CAG:770	GH2	1
07600	815 Bacteroidaceae	816 Bacteroides	1262751 Bacteroides sp. CAG:770	GH20	1
07600	815 Bacteroidaceae	816 Bacteroides	1262751 Bacteroides sp. CAG:770	GH27	0.34
07600	815 Bacteroidaceae	816 Bacteroides	1262751 Bacteroides sp. CAG:770	GH29	1
07600	815 Bacteroidaceae	816 Bacteroides	1262751 Bacteroides sp. CAG:770	GH31	0.98
07600	815 Bacteroidaceae	816 Bacteroides	1262751 Bacteroides sp. CAG:770	GH33	0.26
07600	815 Bacteroidaceae	816 Bacteroides	1262751 Bacteroides sp. CAG:770	GH35	0.24
07600	815 Bacteroidaceae	816 Bacteroides	1262751 Bacteroides sp. CAG:770	GH36	1
07600	815 Bacteroidaceae	816 Bacteroides	1262751 Bacteroides sp. CAG:770	GH42	0.02
07600	815 Bacteroidaceae	816 Bacteroides	1262751 Bacteroides sp. CAG:770	GH84	0
07600	815 Bacteroidaceae	816 Bacteroides	1262751 Bacteroides sp. CAG:770	GH85	0
07600	815 Bacteroidaceae	816 Bacteroides	1262751 Bacteroides sp. CAG:770	GH89	0.96
07600	815 Bacteroidaceae	816 Bacteroides	1262751 Bacteroides sp. CAG:770	GH92	1
07600	815 Bacteroidaceae	816 Bacteroides	1262751 Bacteroides sp. CAG:770	GH95	0.92
07600	815 Bacteroidaceae	816 Bacteroides	1262751 Bacteroides sp. CAG:770	GH97	1
07601	815 Bacteroidaceae	816 Bacteroides	1262753 Bacteroides sp. CAG:927	CBM32	1
07601	815 Bacteroidaceae	816 Bacteroides	1262753 Bacteroides sp. CAG:927	CBM51	0
07601	815 Bacteroidaceae	816 Bacteroides	1262753 Bacteroides sp. CAG:927	GH109	1
07601	815 Bacteroidaceae	816 Bacteroides	1262753 Bacteroides sp. CAG:927	GH110	0.9473684210526315
07601	815 Bacteroidaceae	816 Bacteroides	1262753 Bacteroides sp. CAG:927	GH112	0
07601	815 Bacteroidaceae	816 Bacteroides	1262753 Bacteroides sp. CAG:927	GH123	0.9473684210526315
07601	815 Bacteroidaceae	816 Bacteroides	1262753 Bacteroides sp. CAG:927	GH130	0.9473684210526315
07601	815 Bacteroidaceae	816 Bacteroides	1262753 Bacteroides sp. CAG:927	GH136	0
07601	815 Bacteroidaceae	816 Bacteroides	1262753 Bacteroides sp. CAG:927	GH16	1
07601	815 Bacteroidaceae	816 Bacteroides	1262753 Bacteroides sp. CAG:927	GH18	0
07601	815 Bacteroidaceae	816 Bacteroides	1262753 Bacteroides sp. CAG:927	GH2	1
07601	815 Bacteroidaceae	816 Bacteroides	1262753 Bacteroides sp. CAG:927	GH20	1
07601	815 Bacteroidaceae	816 Bacteroides	1262753 Bacteroides sp. CAG:927	GH27	0.8947368421052632
07601	815 Bacteroidaceae	816 Bacteroides	1262753 Bacteroides sp. CAG:927	GH29	1
07601	815 Bacteroidaceae	816 Bacteroides	1262753 Bacteroides sp. CAG:927	GH31	0.9473684210526315
07601	815 Bacteroidaceae	816 Bacteroides	1262753 Bacteroides sp. CAG:927	GH33	0.9473684210526315
07601	815 Bacteroidaceae	816 Bacteroides	1262753 Bacteroides sp. CAG:927	GH35	0
07601	815 Bacteroidaceae	816 Bacteroides	1262753 Bacteroides sp. CAG:927	GH36	0
07601	815 Bacteroidaceae	816 Bacteroides	1262753 Bacteroides sp. CAG:927	GH42	0
07601	815 Bacteroidaceae	816 Bacteroides	1262753 Bacteroides sp. CAG:927	GH84	1
07601	815 Bacteroidaceae	816 Bacteroides	1262753 Bacteroides sp. CAG:927	GH85	0.3684210526315789
07601	815 Bacteroidaceae	816 Bacteroides	1262753 Bacteroides sp. CAG:927	GH89	0.9473684210526315
07601	815 Bacteroidaceae	816 Bacteroides	1262753 Bacteroides sp. CAG:927	GH92	1
07601	815 Bacteroidaceae	816 Bacteroides	1262753 Bacteroides sp. CAG:927	GH95	1
07601	815 Bacteroidaceae	816 Bacteroides	1262753 Bacteroides sp. CAG:927	GH97	1
07662	415002 Puniceicoccaceae	442430 Coraliomargarita	1262865 Coraliomargarita sp. CAG:312	CBM32	0
07662	415002 Puniceicoccaceae	442430 Coraliomargarita	1262865 Coraliomargarita sp. CAG:312	CBM51	0
07662	415002 Puniceicoccaceae	442430 Coraliomargarita	1262865 Coraliomargarita sp. CAG:312	GH109	0
07662	415002 Puniceicoccaceae	442430 Coraliomargarita	1262865 Coraliomargarita sp. CAG:312	GH110	1
07662	415002 Puniceicoccaceae	442430 Coraliomargarita	1262865 Coraliomargarita sp. CAG:312	GH112	0
07662	415002 Puniceicoccaceae	442430 Coraliomargarita	1262865 Coraliomargarita sp. CAG:312	GH123	0
07662	415002 Puniceicoccaceae	442430 Coraliomargarita	1262865 Coraliomargarita sp. CAG:312	GH130	0
07662	415002 Puniceicoccaceae	442430 Coraliomargarita	1262865 Coraliomargarita sp. CAG:312	GH136	0
07662	415002 Puniceicoccaceae	442430 Coraliomargarita	1262865 Coraliomargarita sp. CAG:312	GH16	1
07662	415002 Puniceicoccaceae	442430 Coraliomargarita	1262865 Coraliomargarita sp. CAG:312	GH18	0
07662	415002 Puniceicoccaceae	442430 Coraliomargarita	1262865 Coraliomargarita sp. CAG:312	GH2	1
07662	415002 Puniceicoccaceae	442430 Coraliomargarita	1262865 Coraliomargarita sp. CAG:312	GH20	0.8461538461538461
07662	415002 Puniceicoccaceae	442430 Coraliomargarita	1262865 Coraliomargarita sp. CAG:312	GH27	0
07662	415002 Puniceicoccaceae	442430 Coraliomargarita	1262865 Coraliomargarita sp. CAG:312	GH29	1
07662	415002 Puniceicoccaceae	442430 Coraliomargarita	1262865 Coraliomargarita sp. CAG:312	GH31	1
07662	415002 Puniceicoccaceae	442430 Coraliomargarita	1262865 Coraliomargarita sp. CAG:312	GH33	1
07662	415002 Puniceicoccaceae	442430 Coraliomargarita	1262865 Coraliomargarita sp. CAG:312	GH35	0
07662	415002 Puniceicoccaceae	442430 Coraliomargarita	1262865 Coraliomargarita sp. CAG:312	GH36	0
07662	415002 Puniceicoccaceae	442430 Coraliomargarita	1262865 Coraliomargarita sp. CAG:312	GH42	0
07662	415002 Puniceicoccaceae	442430 Coraliomargarita	1262865 Coraliomargarita sp. CAG:312	GH84	0
07662	415002 Puniceicoccaceae	442430 Coraliomargarita	1262865 Coraliomargarita sp. CAG:312	GH85	0
07662	415002 Puniceicoccaceae	442430 Coraliomargarita	1262865 Coraliomargarita sp. CAG:312	GH89	0
07662	415002 Puniceicoccaceae	442430 Coraliomargarita	1262865 Coraliomargarita sp. CAG:312	GH92	0.9230769230769231
07662	415002 Puniceicoccaceae	442430 Coraliomargarita	1262865 Coraliomargarita sp. CAG:312	GH95	0
07662	415002 Puniceicoccaceae	442430 Coraliomargarita	1262865 Coraliomargarita sp. CAG:312	GH97	1
07693	171552 Prevotellaceae	838 Prevotella	1262919 Prevotella sp. CAG:1092	CBM32	0.2765957446808511
07693	171552 Prevotellaceae	838 Prevotella	1262919 Prevotella sp. CAG:1092	CBM51	0.19148936170212766
07693	171552 Prevotellaceae	838 Prevotella	1262919 Prevotella sp. CAG:1092	GH109	0.02127659574468085
07693	171552 Prevotellaceae	838 Prevotella	1262919 Prevotella sp. CAG:1092	GH110	0
07693	171552 Prevotellaceae	838 Prevotella	1262919 Prevotella sp. CAG:1092	GH112	0
07693	171552 Prevotellaceae	838 Prevotella	1262919 Prevotella sp. CAG:1092	GH123	0
07693	171552 Prevotellaceae	838 Prevotella	1262919 Prevotella sp. CAG:1092	GH130	0
07693	171552 Prevotellaceae	838 Prevotella	1262919 Prevotella sp. CAG:1092	GH136	0
07693	171552 Prevotellaceae	838 Prevotella	1262919 Prevotella sp. CAG:1092	GH16	0.8936170212765957
07693	171552 Prevotellaceae	838 Prevotella	1262919 Prevotella sp. CAG:1092	GH18	0
07693	171552 Prevotellaceae	838 Prevotella	1262919 Prevotella sp. CAG:1092	GH2	1
07693	171552 Prevotellaceae	838 Prevotella	1262919 Prevotella sp. CAG:1092	GH20	1
07693	171552 Prevotellaceae	838 Prevotella	1262919 Prevotella sp. CAG:1092	GH27	0.6382978723404256
07693	171552 Prevotellaceae	838 Prevotella	1262919 Prevotella sp. CAG:1092	GH29	1
07693	171552 Prevotellaceae	838 Prevotella	1262919 Prevotella sp. CAG:1092	GH31	0.9148936170212766
07693	171552 Prevotellaceae	838 Prevotella	1262919 Prevotella sp. CAG:1092	GH33	0.10638297872340426
07693	171552 Prevotellaceae	838 Prevotella	1262919 Prevotella sp. CAG:1092	GH35	1
07693	171552 Prevotellaceae	838 Prevotella	1262919 Prevotella sp. CAG:1092	GH36	0.6595744680851063
07693	171552 Prevotellaceae	838 Prevotella	1262919 Prevotella sp. CAG:1092	GH42	0
07693	171552 Prevotellaceae	838 Prevotella	1262919 Prevotella sp. CAG:1092	GH84	0
07693	171552 Prevotellaceae	838 Prevotella	1262919 Prevotella sp. CAG:1092	GH85	0.851063829787234
07693	171552 Prevotellaceae	838 Prevotella	1262919 Prevotella sp. CAG:1092	GH89	0.9574468085106383
07693	171552 Prevotellaceae	838 Prevotella	1262919 Prevotella sp. CAG:1092	GH92	0.9361702127659575
07693	171552 Prevotellaceae	838 Prevotella	1262919 Prevotella sp. CAG:1092	GH95	0.9787234042553191
07693	171552 Prevotellaceae	838 Prevotella	1262919 Prevotella sp. CAG:1092	GH97	1
07697	171552 Prevotellaceae	838 Prevotella	1262926 Prevotella sp. CAG:474	CBM32	0.375
07697	171552 Prevotellaceae	838 Prevotella	1262926 Prevotella sp. CAG:474	CBM51	0
07697	171552 Prevotellaceae	838 Prevotella	1262926 Prevotella sp. CAG:474	GH109	0.875
07697	171552 Prevotellaceae	838 Prevotella	1262926 Prevotella sp. CAG:474	GH110	0.125
07697	171552 Prevotellaceae	838 Prevotella	1262926 Prevotella sp. CAG:474	GH112	0
07697	171552 Prevotellaceae	838 Prevotella	1262926 Prevotella sp. CAG:474	GH123	0.375
07697	171552 Prevotellaceae	838 Prevotella	1262926 Prevotella sp. CAG:474	GH130	1
07697	171552 Prevotellaceae	838 Prevotella	1262926 Prevotella sp. CAG:474	GH136	0
07697	171552 Prevotellaceae	838 Prevotella	1262926 Prevotella sp. CAG:474	GH16	1
07697	171552 Prevotellaceae	838 Prevotella	1262926 Prevotella sp. CAG:474	GH18	1
07697	171552 Prevotellaceae	838 Prevotella	1262926 Prevotella sp. CAG:474	GH2	1
07697	171552 Prevotellaceae	838 Prevotella	1262926 Prevotella sp. CAG:474	GH20	1
07697	171552 Prevotellaceae	838 Prevotella	1262926 Prevotella sp. CAG:474	GH27	0.875
07697	171552 Prevotellaceae	838 Prevotella	1262926 Prevotella sp. CAG:474	GH29	1
07697	171552 Prevotellaceae	838 Prevotella	1262926 Prevotella sp. CAG:474	GH31	1
07697	171552 Prevotellaceae	838 Prevotella	1262926 Prevotella sp. CAG:474	GH33	1
07697	171552 Prevotellaceae	838 Prevotella	1262926 Prevotella sp. CAG:474	GH35	1
07697	171552 Prevotellaceae	838 Prevotella	1262926 Prevotella sp. CAG:474	GH36	1
07697	171552 Prevotellaceae	838 Prevotella	1262926 Prevotella sp. CAG:474	GH42	0
07697	171552 Prevotellaceae	838 Prevotella	1262926 Prevotella sp. CAG:474	GH84	0.25
07697	171552 Prevotellaceae	838 Prevotella	1262926 Prevotella sp. CAG:474	GH85	0
07697	171552 Prevotellaceae	838 Prevotella	1262926 Prevotella sp. CAG:474	GH89	0.75
07697	171552 Prevotellaceae	838 Prevotella	1262926 Prevotella sp. CAG:474	GH92	1
07697	171552 Prevotellaceae	838 Prevotella	1262926 Prevotella sp. CAG:474	GH95	1
07697	171552 Prevotellaceae	838 Prevotella	1262926 Prevotella sp. CAG:474	GH97	1
07701	171552 Prevotellaceae	838 Prevotella	1262937 Prevotella sp. CAG:891	CBM32	1
07701	171552 Prevotellaceae	838 Prevotella	1262937 Prevotella sp. CAG:891	CBM51	0.5
07701	171552 Prevotellaceae	838 Prevotella	1262937 Prevotella sp. CAG:891	GH109	1
07701	171552 Prevotellaceae	838 Prevotella	1262937 Prevotella sp. CAG:891	GH110	1
07701	171552 Prevotellaceae	838 Prevotella	1262937 Prevotella sp. CAG:891	GH112	0
07701	171552 Prevotellaceae	838 Prevotella	1262937 Prevotella sp. CAG:891	GH123	1
07701	171552 Prevotellaceae	838 Prevotella	1262937 Prevotella sp. CAG:891	GH130	0
07701	171552 Prevotellaceae	838 Prevotella	1262937 Prevotella sp. CAG:891	GH136	0
07701	171552 Prevotellaceae	838 Prevotella	1262937 Prevotella sp. CAG:891	GH16	1
07701	171552 Prevotellaceae	838 Prevotella	1262937 Prevotella sp. CAG:891	GH18	0
07701	171552 Prevotellaceae	838 Prevotella	1262937 Prevotella sp. CAG:891	GH2	1
07701	171552 Prevotellaceae	838 Prevotella	1262937 Prevotella sp. CAG:891	GH20	1
07701	171552 Prevotellaceae	838 Prevotella	1262937 Prevotella sp. CAG:891	GH27	0.5
07701	171552 Prevotellaceae	838 Prevotella	1262937 Prevotella sp. CAG:891	GH29	1
07701	171552 Prevotellaceae	838 Prevotella	1262937 Prevotella sp. CAG:891	GH31	1
07701	171552 Prevotellaceae	838 Prevotella	1262937 Prevotella sp. CAG:891	GH33	1
07701	171552 Prevotellaceae	838 Prevotella	1262937 Prevotella sp. CAG:891	GH35	0
07701	171552 Prevotellaceae	838 Prevotella	1262937 Prevotella sp. CAG:891	GH36	0
07701	171552 Prevotellaceae	838 Prevotella	1262937 Prevotella sp. CAG:891	GH42	0
07701	171552 Prevotellaceae	838 Prevotella	1262937 Prevotella sp. CAG:891	GH84	1
07701	171552 Prevotellaceae	838 Prevotella	1262937 Prevotella sp. CAG:891	GH85	0
07701	171552 Prevotellaceae	838 Prevotella	1262937 Prevotella sp. CAG:891	GH89	1
07701	171552 Prevotellaceae	838 Prevotella	1262937 Prevotella sp. CAG:891	GH92	1
07701	171552 Prevotellaceae	838 Prevotella	1262937 Prevotella sp. CAG:891	GH95	1
07701	171552 Prevotellaceae	838 Prevotella	1262937 Prevotella sp. CAG:891	GH97	1
07821	171552 Prevotellaceae	838 Prevotella	1284775 Prevotella sp. S7-1-8	CBM32	0
07821	171552 Prevotellaceae	838 Prevotella	1284775 Prevotella sp. S7-1-8	CBM51	0
07821	171552 Prevotellaceae	838 Prevotella	1284775 Prevotella sp. S7-1-8	GH109	0
07821	171552 Prevotellaceae	838 Prevotella	1284775 Prevotella sp. S7-1-8	GH110	0
07821	171552 Prevotellaceae	838 Prevotella	1284775 Prevotella sp. S7-1-8	GH112	0
07821	171552 Prevotellaceae	838 Prevotella	1284775 Prevotella sp. S7-1-8	GH123	0
07821	171552 Prevotellaceae	838 Prevotella	1284775 Prevotella sp. S7-1-8	GH130	0.3333333333333333
07821	171552 Prevotellaceae	838 Prevotella	1284775 Prevotella sp. S7-1-8	GH136	0
07821	171552 Prevotellaceae	838 Prevotella	1284775 Prevotella sp. S7-1-8	GH16	0.5
07821	171552 Prevotellaceae	838 Prevotella	1284775 Prevotella sp. S7-1-8	GH18	0
07821	171552 Prevotellaceae	838 Prevotella	1284775 Prevotella sp. S7-1-8	GH2	1
07821	171552 Prevotellaceae	838 Prevotella	1284775 Prevotella sp. S7-1-8	GH20	0.8333333333333334
07821	171552 Prevotellaceae	838 Prevotella	1284775 Prevotella sp. S7-1-8	GH27	0
07821	171552 Prevotellaceae	838 Prevotella	1284775 Prevotella sp. S7-1-8	GH29	0
07821	171552 Prevotellaceae	838 Prevotella	1284775 Prevotella sp. S7-1-8	GH31	0.3333333333333333
07821	171552 Prevotellaceae	838 Prevotella	1284775 Prevotella sp. S7-1-8	GH33	0.8333333333333334
07821	171552 Prevotellaceae	838 Prevotella	1284775 Prevotella sp. S7-1-8	GH35	0
07821	171552 Prevotellaceae	838 Prevotella	1284775 Prevotella sp. S7-1-8	GH36	0.3333333333333333
07821	171552 Prevotellaceae	838 Prevotella	1284775 Prevotella sp. S7-1-8	GH42	0
07821	171552 Prevotellaceae	838 Prevotella	1284775 Prevotella sp. S7-1-8	GH84	0
07821	171552 Prevotellaceae	838 Prevotella	1284775 Prevotella sp. S7-1-8	GH85	0
07821	171552 Prevotellaceae	838 Prevotella	1284775 Prevotella sp. S7-1-8	GH89	0
07821	171552 Prevotellaceae	838 Prevotella	1284775 Prevotella sp. S7-1-8	GH92	0
07821	171552 Prevotellaceae	838 Prevotella	1284775 Prevotella sp. S7-1-8	GH95	0.8333333333333334
07821	171552 Prevotellaceae	838 Prevotella	1284775 Prevotella sp. S7-1-8	GH97	0.8333333333333334
10125	815 Bacteroidaceae	1926659 Mediterranea	1841865 Mediterranea massiliensis	CBM32	1
10125	815 Bacteroidaceae	1926659 Mediterranea	1841865 Mediterranea massiliensis	CBM51	0
10125	815 Bacteroidaceae	1926659 Mediterranea	1841865 Mediterranea massiliensis	GH109	1
10125	815 Bacteroidaceae	1926659 Mediterranea	1841865 Mediterranea massiliensis	GH110	1
10125	815 Bacteroidaceae	1926659 Mediterranea	1841865 Mediterranea massiliensis	GH112	0
10125	815 Bacteroidaceae	1926659 Mediterranea	1841865 Mediterranea massiliensis	GH123	1
10125	815 Bacteroidaceae	1926659 Mediterranea	1841865 Mediterranea massiliensis	GH130	0
10125	815 Bacteroidaceae	1926659 Mediterranea	1841865 Mediterranea massiliensis	GH136	0.6666666666666666
10125	815 Bacteroidaceae	1926659 Mediterranea	1841865 Mediterranea massiliensis	GH16	0.8333333333333334
10125	815 Bacteroidaceae	1926659 Mediterranea	1841865 Mediterranea massiliensis	GH18	0.8333333333333334
10125	815 Bacteroidaceae	1926659 Mediterranea	1841865 Mediterranea massiliensis	GH2	1
10125	815 Bacteroidaceae	1926659 Mediterranea	1841865 Mediterranea massiliensis	GH20	1
10125	815 Bacteroidaceae	1926659 Mediterranea	1841865 Mediterranea massiliensis	GH27	0
10125	815 Bacteroidaceae	1926659 Mediterranea	1841865 Mediterranea massiliensis	GH29	1
10125	815 Bacteroidaceae	1926659 Mediterranea	1841865 Mediterranea massiliensis	GH31	1
10125	815 Bacteroidaceae	1926659 Mediterranea	1841865 Mediterranea massiliensis	GH33	0.6666666666666666
10125	815 Bacteroidaceae	1926659 Mediterranea	1841865 Mediterranea massiliensis	GH35	1
10125	815 Bacteroidaceae	1926659 Mediterranea	1841865 Mediterranea massiliensis	GH36	1
10125	815 Bacteroidaceae	1926659 Mediterranea	1841865 Mediterranea massiliensis	GH42	0
10125	815 Bacteroidaceae	1926659 Mediterranea	1841865 Mediterranea massiliensis	GH84	1
10125	815 Bacteroidaceae	1926659 Mediterranea	1841865 Mediterranea massiliensis	GH85	0
10125	815 Bacteroidaceae	1926659 Mediterranea	1841865 Mediterranea massiliensis	GH89	1
10125	815 Bacteroidaceae	1926659 Mediterranea	1841865 Mediterranea massiliensis	GH92	1
10125	815 Bacteroidaceae	1926659 Mediterranea	1841865 Mediterranea massiliensis	GH95	1
10125	815 Bacteroidaceae	1926659 Mediterranea	1841865 Mediterranea massiliensis	GH97	1
10409	815 Bacteroidaceae	816 Bacteroides	1896974 Bacteroides sp. 43_108	CBM32	1
10409	815 Bacteroidaceae	816 Bacteroides	1896974 Bacteroides sp. 43_108	CBM51	0.7272727272727273
10409	815 Bacteroidaceae	816 Bacteroides	1896974 Bacteroides sp. 43_108	GH109	0
10409	815 Bacteroidaceae	816 Bacteroides	1896974 Bacteroides sp. 43_108	GH110	0
10409	815 Bacteroidaceae	816 Bacteroides	1896974 Bacteroides sp. 43_108	GH112	0
10409	815 Bacteroidaceae	816 Bacteroides	1896974 Bacteroides sp. 43_108	GH123	0
10409	815 Bacteroidaceae	816 Bacteroides	1896974 Bacteroides sp. 43_108	GH130	0
10409	815 Bacteroidaceae	816 Bacteroides	1896974 Bacteroides sp. 43_108	GH136	1
10409	815 Bacteroidaceae	816 Bacteroides	1896974 Bacteroides sp. 43_108	GH16	1
10409	815 Bacteroidaceae	816 Bacteroides	1896974 Bacteroides sp. 43_108	GH18	0
10409	815 Bacteroidaceae	816 Bacteroides	1896974 Bacteroides sp. 43_108	GH2	1
10409	815 Bacteroidaceae	816 Bacteroides	1896974 Bacteroides sp. 43_108	GH20	0.8181818181818182
10409	815 Bacteroidaceae	816 Bacteroides	1896974 Bacteroides sp. 43_108	GH27	0.8181818181818182
10409	815 Bacteroidaceae	816 Bacteroides	1896974 Bacteroides sp. 43_108	GH29	1
10409	815 Bacteroidaceae	816 Bacteroides	1896974 Bacteroides sp. 43_108	GH31	1
10409	815 Bacteroidaceae	816 Bacteroides	1896974 Bacteroides sp. 43_108	GH33	1
10409	815 Bacteroidaceae	816 Bacteroides	1896974 Bacteroides sp. 43_108	GH35	1
10409	815 Bacteroidaceae	816 Bacteroides	1896974 Bacteroides sp. 43_108	GH36	1
10409	815 Bacteroidaceae	816 Bacteroides	1896974 Bacteroides sp. 43_108	GH42	1
10409	815 Bacteroidaceae	816 Bacteroides	1896974 Bacteroides sp. 43_108	GH84	0.45454545454545453
10409	815 Bacteroidaceae	816 Bacteroides	1896974 Bacteroides sp. 43_108	GH85	0
10409	815 Bacteroidaceae	816 Bacteroides	1896974 Bacteroides sp. 43_108	GH89	0
10409	815 Bacteroidaceae	816 Bacteroides	1896974 Bacteroides sp. 43_108	GH92	0
10409	815 Bacteroidaceae	816 Bacteroides	1896974 Bacteroides sp. 43_108	GH95	1
10409	815 Bacteroidaceae	816 Bacteroides	1896974 Bacteroides sp. 43_108	GH97	1
11181	128827 Erysipelotrichaceae	1505663 Erysipelatoclostridium	29348 [Clostridium] spiroforme	CBM32	0.8571428571428571
11181	128827 Erysipelotrichaceae	1505663 Erysipelatoclostridium	29348 [Clostridium] spiroforme	CBM51	0
11181	128827 Erysipelotrichaceae	1505663 Erysipelatoclostridium	29348 [Clostridium] spiroforme	GH109	0
11181	128827 Erysipelotrichaceae	1505663 Erysipelatoclostridium	29348 [Clostridium] spiroforme	GH110	0
11181	128827 Erysipelotrichaceae	1505663 Erysipelatoclostridium	29348 [Clostridium] spiroforme	GH112	0
11181	128827 Erysipelotrichaceae	1505663 Erysipelatoclostridium	29348 [Clostridium] spiroforme	GH123	0.7142857142857143
11181	128827 Erysipelotrichaceae	1505663 Erysipelatoclostridium	29348 [Clostridium] spiroforme	GH130	0
11181	128827 Erysipelotrichaceae	1505663 Erysipelatoclostridium	29348 [Clostridium] spiroforme	GH136	0.14285714285714285
11181	128827 Erysipelotrichaceae	1505663 Erysipelatoclostridium	29348 [Clostridium] spiroforme	GH16	0.07142857142857142
11181	128827 Erysipelotrichaceae	1505663 Erysipelatoclostridium	29348 [Clostridium] spiroforme	GH18	0
11181	128827 Erysipelotrichaceae	1505663 Erysipelatoclostridium	29348 [Clostridium] spiroforme	GH2	0.9285714285714286
11181	128827 Erysipelotrichaceae	1505663 Erysipelatoclostridium	29348 [Clostridium] spiroforme	GH20	0.8571428571428571
11181	128827 Erysipelotrichaceae	1505663 Erysipelatoclostridium	29348 [Clostridium] spiroforme	GH27	0
11181	128827 Erysipelotrichaceae	1505663 Erysipelatoclostridium	29348 [Clostridium] spiroforme	GH29	0.2857142857142857
11181	128827 Erysipelotrichaceae	1505663 Erysipelatoclostridium	29348 [Clostridium] spiroforme	GH31	0.8571428571428571
11181	128827 Erysipelotrichaceae	1505663 Erysipelatoclostridium	29348 [Clostridium] spiroforme	GH33	0.35714285714285715
11181	128827 Erysipelotrichaceae	1505663 Erysipelatoclostridium	29348 [Clostridium] spiroforme	GH35	0
11181	128827 Erysipelotrichaceae	1505663 Erysipelatoclostridium	29348 [Clostridium] spiroforme	GH36	0
11181	128827 Erysipelotrichaceae	1505663 Erysipelatoclostridium	29348 [Clostridium] spiroforme	GH42	0
11181	128827 Erysipelotrichaceae	1505663 Erysipelatoclostridium	29348 [Clostridium] spiroforme	GH84	1
11181	128827 Erysipelotrichaceae	1505663 Erysipelatoclostridium	29348 [Clostridium] spiroforme	GH85	0
11181	128827 Erysipelotrichaceae	1505663 Erysipelatoclostridium	29348 [Clostridium] spiroforme	GH89	0.6428571428571429
11181	128827 Erysipelotrichaceae	1505663 Erysipelatoclostridium	29348 [Clostridium] spiroforme	GH92	0.6428571428571429
11181	128827 Erysipelotrichaceae	1505663 Erysipelatoclostridium	29348 [Clostridium] spiroforme	GH95	0
11181	128827 Erysipelotrichaceae	1505663 Erysipelatoclostridium	29348 [Clostridium] spiroforme	GH97	0
11279	815 Bacteroidaceae	816 Bacteroides	310298 Bacteroides coprocola	CBM32	1
11279	815 Bacteroidaceae	816 Bacteroides	310298 Bacteroides coprocola	CBM51	0
11279	815 Bacteroidaceae	816 Bacteroides	310298 Bacteroides coprocola	GH109	0.96
11279	815 Bacteroidaceae	816 Bacteroides	310298 Bacteroides coprocola	GH110	0.06
11279	815 Bacteroidaceae	816 Bacteroides	310298 Bacteroides coprocola	GH112	0
11279	815 Bacteroidaceae	816 Bacteroides	310298 Bacteroides coprocola	GH123	0
11279	815 Bacteroidaceae	816 Bacteroides	310298 Bacteroides coprocola	GH130	1
11279	815 Bacteroidaceae	816 Bacteroides	310298 Bacteroides coprocola	GH136	0.06
11279	815 Bacteroidaceae	816 Bacteroides	310298 Bacteroides coprocola	GH16	1
11279	815 Bacteroidaceae	816 Bacteroides	310298 Bacteroides coprocola	GH18	1
11279	815 Bacteroidaceae	816 Bacteroides	310298 Bacteroides coprocola	GH2	1
11279	815 Bacteroidaceae	816 Bacteroides	310298 Bacteroides coprocola	GH20	1
11279	815 Bacteroidaceae	816 Bacteroides	310298 Bacteroides coprocola	GH27	0.94
11279	815 Bacteroidaceae	816 Bacteroides	310298 Bacteroides coprocola	GH29	1
11279	815 Bacteroidaceae	816 Bacteroides	310298 Bacteroides coprocola	GH31	1
11279	815 Bacteroidaceae	816 Bacteroides	310298 Bacteroides coprocola	GH33	1
11279	815 Bacteroidaceae	816 Bacteroides	310298 Bacteroides coprocola	GH35	0.12
11279	815 Bacteroidaceae	816 Bacteroides	310298 Bacteroides coprocola	GH36	0.98
11279	815 Bacteroidaceae	816 Bacteroides	310298 Bacteroides coprocola	GH42	0.04
11279	815 Bacteroidaceae	816 Bacteroides	310298 Bacteroides coprocola	GH84	0.92
11279	815 Bacteroidaceae	816 Bacteroides	310298 Bacteroides coprocola	GH85	0
11279	815 Bacteroidaceae	816 Bacteroides	310298 Bacteroides coprocola	GH89	0.06
11279	815 Bacteroidaceae	816 Bacteroides	310298 Bacteroides coprocola	GH92	1
11279	815 Bacteroidaceae	816 Bacteroides	310298 Bacteroides coprocola	GH95	1
11279	815 Bacteroidaceae	816 Bacteroides	310298 Bacteroides coprocola	GH97	1
11860	171550 Rikenellaceae	239759 Alistipes	626932 Alistipes indistinctus	CBM32	0.02
11860	171550 Rikenellaceae	239759 Alistipes	626932 Alistipes indistinctus	CBM51	0
11860	171550 Rikenellaceae	239759 Alistipes	626932 Alistipes indistinctus	GH109	1
11860	171550 Rikenellaceae	239759 Alistipes	626932 Alistipes indistinctus	GH110	0.04
11860	171550 Rikenellaceae	239759 Alistipes	626932 Alistipes indistinctus	GH112	0
11860	171550 Rikenellaceae	239759 Alistipes	626932 Alistipes indistinctus	GH123	0.02
11860	171550 Rikenellaceae	239759 Alistipes	626932 Alistipes indistinctus	GH130	0
11860	171550 Rikenellaceae	239759 Alistipes	626932 Alistipes indistinctus	GH136	0
11860	171550 Rikenellaceae	239759 Alistipes	626932 Alistipes indistinctus	GH16	0
11860	171550 Rikenellaceae	239759 Alistipes	626932 Alistipes indistinctus	GH18	0.12
11860	171550 Rikenellaceae	239759 Alistipes	626932 Alistipes indistinctus	GH2	1
11860	171550 Rikenellaceae	239759 Alistipes	626932 Alistipes indistinctus	GH20	1
11860	171550 Rikenellaceae	239759 Alistipes	626932 Alistipes indistinctus	GH27	0.06
11860	171550 Rikenellaceae	239759 Alistipes	626932 Alistipes indistinctus	GH29	1
11860	171550 Rikenellaceae	239759 Alistipes	626932 Alistipes indistinctus	GH31	1
11860	171550 Rikenellaceae	239759 Alistipes	626932 Alistipes indistinctus	GH33	0.02
11860	171550 Rikenellaceae	239759 Alistipes	626932 Alistipes indistinctus	GH35	0.26
11860	171550 Rikenellaceae	239759 Alistipes	626932 Alistipes indistinctus	GH36	1
11860	171550 Rikenellaceae	239759 Alistipes	626932 Alistipes indistinctus	GH42	0
11860	171550 Rikenellaceae	239759 Alistipes	626932 Alistipes indistinctus	GH84	0.02
11860	171550 Rikenellaceae	239759 Alistipes	626932 Alistipes indistinctus	GH85	0
11860	171550 Rikenellaceae	239759 Alistipes	626932 Alistipes indistinctus	GH89	0.02
11860	171550 Rikenellaceae	239759 Alistipes	626932 Alistipes indistinctus	GH92	1
11860	171550 Rikenellaceae	239759 Alistipes	626932 Alistipes indistinctus	GH95	1
11860	171550 Rikenellaceae	239759 Alistipes	626932 Alistipes indistinctus	GH97	1
11916	186803 Lachnospiraceae	572511 Blautia	765821 uncultured Blautia sp.	CBM32	0
11916	186803 Lachnospiraceae	572511 Blautia	765821 uncultured Blautia sp.	CBM51	0
11916	186803 Lachnospiraceae	572511 Blautia	765821 uncultured Blautia sp.	GH109	0
11916	186803 Lachnospiraceae	572511 Blautia	765821 uncultured Blautia sp.	GH110	0
11916	186803 Lachnospiraceae	572511 Blautia	765821 uncultured Blautia sp.	GH112	0.16666666666666666
11916	186803 Lachnospiraceae	572511 Blautia	765821 uncultured Blautia sp.	GH123	0
11916	186803 Lachnospiraceae	572511 Blautia	765821 uncultured Blautia sp.	GH130	0
11916	186803 Lachnospiraceae	572511 Blautia	765821 uncultured Blautia sp.	GH136	0.16666666666666666
11916	186803 Lachnospiraceae	572511 Blautia	765821 uncultured Blautia sp.	GH16	0
11916	186803 Lachnospiraceae	572511 Blautia	765821 uncultured Blautia sp.	GH18	1
11916	186803 Lachnospiraceae	572511 Blautia	765821 uncultured Blautia sp.	GH2	1
11916	186803 Lachnospiraceae	572511 Blautia	765821 uncultured Blautia sp.	GH20	0.16666666666666666
11916	186803 Lachnospiraceae	572511 Blautia	765821 uncultured Blautia sp.	GH27	0
11916	186803 Lachnospiraceae	572511 Blautia	765821 uncultured Blautia sp.	GH29	0
11916	186803 Lachnospiraceae	572511 Blautia	765821 uncultured Blautia sp.	GH31	0.16666666666666666
11916	186803 Lachnospiraceae	572511 Blautia	765821 uncultured Blautia sp.	GH33	0.16666666666666666
11916	186803 Lachnospiraceae	572511 Blautia	765821 uncultured Blautia sp.	GH35	0
11916	186803 Lachnospiraceae	572511 Blautia	765821 uncultured Blautia sp.	GH36	1
11916	186803 Lachnospiraceae	572511 Blautia	765821 uncultured Blautia sp.	GH42	0
11916	186803 Lachnospiraceae	572511 Blautia	765821 uncultured Blautia sp.	GH84	0
11916	186803 Lachnospiraceae	572511 Blautia	765821 uncultured Blautia sp.	GH85	0
11916	186803 Lachnospiraceae	572511 Blautia	765821 uncultured Blautia sp.	GH89	0
11916	186803 Lachnospiraceae	572511 Blautia	765821 uncultured Blautia sp.	GH92	0
11916	186803 Lachnospiraceae	572511 Blautia	765821 uncultured Blautia sp.	GH95	0
11916	186803 Lachnospiraceae	572511 Blautia	765821 uncultured Blautia sp.	GH97	0
12266	186803 Lachnospiraceae	1506577 Tyzzerella	NA Tyzzerella species incertae sedis	CBM32	0
12266	186803 Lachnospiraceae	1506577 Tyzzerella	NA Tyzzerella species incertae sedis	CBM51	0
12266	186803 Lachnospiraceae	1506577 Tyzzerella	NA Tyzzerella species incertae sedis	GH109	0
12266	186803 Lachnospiraceae	1506577 Tyzzerella	NA Tyzzerella species incertae sedis	GH110	0
12266	186803 Lachnospiraceae	1506577 Tyzzerella	NA Tyzzerella species incertae sedis	GH112	0
12266	186803 Lachnospiraceae	1506577 Tyzzerella	NA Tyzzerella species incertae sedis	GH123	0
12266	186803 Lachnospiraceae	1506577 Tyzzerella	NA Tyzzerella species incertae sedis	GH130	0
12266	186803 Lachnospiraceae	1506577 Tyzzerella	NA Tyzzerella species incertae sedis	GH136	0
12266	186803 Lachnospiraceae	1506577 Tyzzerella	NA Tyzzerella species incertae sedis	GH16	0
12266	186803 Lachnospiraceae	1506577 Tyzzerella	NA Tyzzerella species incertae sedis	GH18	0.9583333333333334
12266	186803 Lachnospiraceae	1506577 Tyzzerella	NA Tyzzerella species incertae sedis	GH2	0
12266	186803 Lachnospiraceae	1506577 Tyzzerella	NA Tyzzerella species incertae sedis	GH20	0
12266	186803 Lachnospiraceae	1506577 Tyzzerella	NA Tyzzerella species incertae sedis	GH27	0
12266	186803 Lachnospiraceae	1506577 Tyzzerella	NA Tyzzerella species incertae sedis	GH29	0
12266	186803 Lachnospiraceae	1506577 Tyzzerella	NA Tyzzerella species incertae sedis	GH31	0
12266	186803 Lachnospiraceae	1506577 Tyzzerella	NA Tyzzerella species incertae sedis	GH33	0
12266	186803 Lachnospiraceae	1506577 Tyzzerella	NA Tyzzerella species incertae sedis	GH35	0
12266	186803 Lachnospiraceae	1506577 Tyzzerella	NA Tyzzerella species incertae sedis	GH36	0
12266	186803 Lachnospiraceae	1506577 Tyzzerella	NA Tyzzerella species incertae sedis	GH42	0
12266	186803 Lachnospiraceae	1506577 Tyzzerella	NA Tyzzerella species incertae sedis	GH84	0
12266	186803 Lachnospiraceae	1506577 Tyzzerella	NA Tyzzerella species incertae sedis	GH85	0
12266	186803 Lachnospiraceae	1506577 Tyzzerella	NA Tyzzerella species incertae sedis	GH89	0
12266	186803 Lachnospiraceae	1506577 Tyzzerella	NA Tyzzerella species incertae sedis	GH92	0
12266	186803 Lachnospiraceae	1506577 Tyzzerella	NA Tyzzerella species incertae sedis	GH95	0
12266	186803 Lachnospiraceae	1506577 Tyzzerella	NA Tyzzerella species incertae sedis	GH97	0
12279	171552 Prevotellaceae	838 Prevotella	1262924 Prevotella sp. CAG:279	CBM32	0.98
12279	171552 Prevotellaceae	838 Prevotella	1262924 Prevotella sp. CAG:279	CBM51	0
12279	171552 Prevotellaceae	838 Prevotella	1262924 Prevotella sp. CAG:279	GH109	0.02
12279	171552 Prevotellaceae	838 Prevotella	1262924 Prevotella sp. CAG:279	GH110	0
12279	171552 Prevotellaceae	838 Prevotella	1262924 Prevotella sp. CAG:279	GH112	0
12279	171552 Prevotellaceae	838 Prevotella	1262924 Prevotella sp. CAG:279	GH123	0.02
12279	171552 Prevotellaceae	838 Prevotella	1262924 Prevotella sp. CAG:279	GH130	0.04
12279	171552 Prevotellaceae	838 Prevotella	1262924 Prevotella sp. CAG:279	GH136	0
12279	171552 Prevotellaceae	838 Prevotella	1262924 Prevotella sp. CAG:279	GH16	1
12279	171552 Prevotellaceae	838 Prevotella	1262924 Prevotella sp. CAG:279	GH18	0
12279	171552 Prevotellaceae	838 Prevotella	1262924 Prevotella sp. CAG:279	GH2	0.06
12279	171552 Prevotellaceae	838 Prevotella	1262924 Prevotella sp. CAG:279	GH20	0.96
12279	171552 Prevotellaceae	838 Prevotella	1262924 Prevotella sp. CAG:279	GH27	0.02
12279	171552 Prevotellaceae	838 Prevotella	1262924 Prevotella sp. CAG:279	GH29	0.02
12279	171552 Prevotellaceae	838 Prevotella	1262924 Prevotella sp. CAG:279	GH31	0.06
12279	171552 Prevotellaceae	838 Prevotella	1262924 Prevotella sp. CAG:279	GH33	0.02
12279	171552 Prevotellaceae	838 Prevotella	1262924 Prevotella sp. CAG:279	GH35	0
12279	171552 Prevotellaceae	838 Prevotella	1262924 Prevotella sp. CAG:279	GH36	0.02
12279	171552 Prevotellaceae	838 Prevotella	1262924 Prevotella sp. CAG:279	GH42	0
12279	171552 Prevotellaceae	838 Prevotella	1262924 Prevotella sp. CAG:279	GH84	0.02
12279	171552 Prevotellaceae	838 Prevotella	1262924 Prevotella sp. CAG:279	GH85	0.04
12279	171552 Prevotellaceae	838 Prevotella	1262924 Prevotella sp. CAG:279	GH89	0
12279	171552 Prevotellaceae	838 Prevotella	1262924 Prevotella sp. CAG:279	GH92	0.04
12279	171552 Prevotellaceae	838 Prevotella	1262924 Prevotella sp. CAG:279	GH95	0.02
12279	171552 Prevotellaceae	838 Prevotella	1262924 Prevotella sp. CAG:279	GH97	0.98
12281	171552 Prevotellaceae	838 Prevotella	NA Prevotella species incertae sedis	CBM32	0
12281	171552 Prevotellaceae	838 Prevotella	NA Prevotella species incertae sedis	CBM51	0
12281	171552 Prevotellaceae	838 Prevotella	NA Prevotella species incertae sedis	GH109	0.8
12281	171552 Prevotellaceae	838 Prevotella	NA Prevotella species incertae sedis	GH110	0
12281	171552 Prevotellaceae	838 Prevotella	NA Prevotella species incertae sedis	GH112	0
12281	171552 Prevotellaceae	838 Prevotella	NA Prevotella species incertae sedis	GH123	0
12281	171552 Prevotellaceae	838 Prevotella	NA Prevotella species incertae sedis	GH130	0.98
12281	171552 Prevotellaceae	838 Prevotella	NA Prevotella species incertae sedis	GH136	0
12281	171552 Prevotellaceae	838 Prevotella	NA Prevotella species incertae sedis	GH16	0.98
12281	171552 Prevotellaceae	838 Prevotella	NA Prevotella species incertae sedis	GH18	1
12281	171552 Prevotellaceae	838 Prevotella	NA Prevotella species incertae sedis	GH2	1
12281	171552 Prevotellaceae	838 Prevotella	NA Prevotella species incertae sedis	GH20	1
12281	171552 Prevotellaceae	838 Prevotella	NA Prevotella species incertae sedis	GH27	0.22
12281	171552 Prevotellaceae	838 Prevotella	NA Prevotella species incertae sedis	GH29	1
12281	171552 Prevotellaceae	838 Prevotella	NA Prevotella species incertae sedis	GH31	0.02
12281	171552 Prevotellaceae	838 Prevotella	NA Prevotella species incertae sedis	GH33	1
12281	171552 Prevotellaceae	838 Prevotella	NA Prevotella species incertae sedis	GH35	0
12281	171552 Prevotellaceae	838 Prevotella	NA Prevotella species incertae sedis	GH36	0.5
12281	171552 Prevotellaceae	838 Prevotella	NA Prevotella species incertae sedis	GH42	0
12281	171552 Prevotellaceae	838 Prevotella	NA Prevotella species incertae sedis	GH84	0
12281	171552 Prevotellaceae	838 Prevotella	NA Prevotella species incertae sedis	GH85	0
12281	171552 Prevotellaceae	838 Prevotella	NA Prevotella species incertae sedis	GH89	0
12281	171552 Prevotellaceae	838 Prevotella	NA Prevotella species incertae sedis	GH92	1
12281	171552 Prevotellaceae	838 Prevotella	NA Prevotella species incertae sedis	GH95	0.26
12281	171552 Prevotellaceae	838 Prevotella	NA Prevotella species incertae sedis	GH97	1
12295	2005525 Tannerellaceae	375288 Parabacteroides	NA Parabacteroides species incertae sedis	CBM32	0.9411764705882353
12295	2005525 Tannerellaceae	375288 Parabacteroides	NA Parabacteroides species incertae sedis	CBM51	1
12295	2005525 Tannerellaceae	375288 Parabacteroides	NA Parabacteroides species incertae sedis	GH109	1
12295	2005525 Tannerellaceae	375288 Parabacteroides	NA Parabacteroides species incertae sedis	GH110	0.9411764705882353
12295	2005525 Tannerellaceae	375288 Parabacteroides	NA Parabacteroides species incertae sedis	GH112	0
12295	2005525 Tannerellaceae	375288 Parabacteroides	NA Parabacteroides species incertae sedis	GH123	0.8823529411764706
12295	2005525 Tannerellaceae	375288 Parabacteroides	NA Parabacteroides species incertae sedis	GH130	1
12295	2005525 Tannerellaceae	375288 Parabacteroides	NA Parabacteroides species incertae sedis	GH136	0
12295	2005525 Tannerellaceae	375288 Parabacteroides	NA Parabacteroides species incertae sedis	GH16	1
12295	2005525 Tannerellaceae	375288 Parabacteroides	NA Parabacteroides species incertae sedis	GH18	0.11764705882352941
12295	2005525 Tannerellaceae	375288 Parabacteroides	NA Parabacteroides species incertae sedis	GH2	1
12295	2005525 Tannerellaceae	375288 Parabacteroides	NA Parabacteroides species incertae sedis	GH20	1
12295	2005525 Tannerellaceae	375288 Parabacteroides	NA Parabacteroides species incertae sedis	GH27	0
12295	2005525 Tannerellaceae	375288 Parabacteroides	NA Parabacteroides species incertae sedis	GH29	1
12295	2005525 Tannerellaceae	375288 Parabacteroides	NA Parabacteroides species incertae sedis	GH31	1
12295	2005525 Tannerellaceae	375288 Parabacteroides	NA Parabacteroides species incertae sedis	GH33	1
12295	2005525 Tannerellaceae	375288 Parabacteroides	NA Parabacteroides species incertae sedis	GH35	0.8235294117647058
12295	2005525 Tannerellaceae	375288 Parabacteroides	NA Parabacteroides species incertae sedis	GH36	0.9411764705882353
12295	2005525 Tannerellaceae	375288 Parabacteroides	NA Parabacteroides species incertae sedis	GH42	0
12295	2005525 Tannerellaceae	375288 Parabacteroides	NA Parabacteroides species incertae sedis	GH84	1
12295	2005525 Tannerellaceae	375288 Parabacteroides	NA Parabacteroides species incertae sedis	GH85	0
12295	2005525 Tannerellaceae	375288 Parabacteroides	NA Parabacteroides species incertae sedis	GH89	0.7058823529411765
12295	2005525 Tannerellaceae	375288 Parabacteroides	NA Parabacteroides species incertae sedis	GH92	1
12295	2005525 Tannerellaceae	375288 Parabacteroides	NA Parabacteroides species incertae sedis	GH95	1
12295	2005525 Tannerellaceae	375288 Parabacteroides	NA Parabacteroides species incertae sedis	GH97	1
12332	171552 Prevotellaceae	838 Prevotella	NA Prevotella species incertae sedis	CBM32	0.98
12332	171552 Prevotellaceae	838 Prevotella	NA Prevotella species incertae sedis	CBM51	0
12332	171552 Prevotellaceae	838 Prevotella	NA Prevotella species incertae sedis	GH109	0.98
12332	171552 Prevotellaceae	838 Prevotella	NA Prevotella species incertae sedis	GH110	0.32
12332	171552 Prevotellaceae	838 Prevotella	NA Prevotella species incertae sedis	GH112	0
12332	171552 Prevotellaceae	838 Prevotella	NA Prevotella species incertae sedis	GH123	0
12332	171552 Prevotellaceae	838 Prevotella	NA Prevotella species incertae sedis	GH130	0.7
12332	171552 Prevotellaceae	838 Prevotella	NA Prevotella species incertae sedis	GH136	0
12332	171552 Prevotellaceae	838 Prevotella	NA Prevotella species incertae sedis	GH16	0.5
12332	171552 Prevotellaceae	838 Prevotella	NA Prevotella species incertae sedis	GH18	0.02
12332	171552 Prevotellaceae	838 Prevotella	NA Prevotella species incertae sedis	GH2	1
12332	171552 Prevotellaceae	838 Prevotella	NA Prevotella species incertae sedis	GH20	1
12332	171552 Prevotellaceae	838 Prevotella	NA Prevotella species incertae sedis	GH27	0.82
12332	171552 Prevotellaceae	838 Prevotella	NA Prevotella species incertae sedis	GH29	1
12332	171552 Prevotellaceae	838 Prevotella	NA Prevotella species incertae sedis	GH31	1
12332	171552 Prevotellaceae	838 Prevotella	NA Prevotella species incertae sedis	GH33	0.98
12332	171552 Prevotellaceae	838 Prevotella	NA Prevotella species incertae sedis	GH35	0.62
12332	171552 Prevotellaceae	838 Prevotella	NA Prevotella species incertae sedis	GH36	0.96
12332	171552 Prevotellaceae	838 Prevotella	NA Prevotella species incertae sedis	GH42	0
12332	171552 Prevotellaceae	838 Prevotella	NA Prevotella species incertae sedis	GH84	0.98
12332	171552 Prevotellaceae	838 Prevotella	NA Prevotella species incertae sedis	GH85	0
12332	171552 Prevotellaceae	838 Prevotella	NA Prevotella species incertae sedis	GH89	1
12332	171552 Prevotellaceae	838 Prevotella	NA Prevotella species incertae sedis	GH92	1
12332	171552 Prevotellaceae	838 Prevotella	NA Prevotella species incertae sedis	GH95	1
12332	171552 Prevotellaceae	838 Prevotella	NA Prevotella species incertae sedis	GH97	1
12393	171550 Rikenellaceae	239759 Alistipes	1965631 Alistipes sp. An31A	CBM32	0
12393	171550 Rikenellaceae	239759 Alistipes	1965631 Alistipes sp. An31A	CBM51	0
12393	171550 Rikenellaceae	239759 Alistipes	1965631 Alistipes sp. An31A	GH109	0.94
12393	171550 Rikenellaceae	239759 Alistipes	1965631 Alistipes sp. An31A	GH110	0
12393	171550 Rikenellaceae	239759 Alistipes	1965631 Alistipes sp. An31A	GH112	0
12393	171550 Rikenellaceae	239759 Alistipes	1965631 Alistipes sp. An31A	GH123	0.92
12393	171550 Rikenellaceae	239759 Alistipes	1965631 Alistipes sp. An31A	GH130	0.98
12393	171550 Rikenellaceae	239759 Alistipes	1965631 Alistipes sp. An31A	GH136	0
12393	171550 Rikenellaceae	239759 Alistipes	1965631 Alistipes sp. An31A	GH16	0
12393	171550 Rikenellaceae	239759 Alistipes	1965631 Alistipes sp. An31A	GH18	1
12393	171550 Rikenellaceae	239759 Alistipes	1965631 Alistipes sp. An31A	GH2	1
12393	171550 Rikenellaceae	239759 Alistipes	1965631 Alistipes sp. An31A	GH20	1
12393	171550 Rikenellaceae	239759 Alistipes	1965631 Alistipes sp. An31A	GH27	0
12393	171550 Rikenellaceae	239759 Alistipes	1965631 Alistipes sp. An31A	GH29	0.98
12393	171550 Rikenellaceae	239759 Alistipes	1965631 Alistipes sp. An31A	GH31	1
12393	171550 Rikenellaceae	239759 Alistipes	1965631 Alistipes sp. An31A	GH33	0.96
12393	171550 Rikenellaceae	239759 Alistipes	1965631 Alistipes sp. An31A	GH35	0
12393	171550 Rikenellaceae	239759 Alistipes	1965631 Alistipes sp. An31A	GH36	0.02
12393	171550 Rikenellaceae	239759 Alistipes	1965631 Alistipes sp. An31A	GH42	0
12393	171550 Rikenellaceae	239759 Alistipes	1965631 Alistipes sp. An31A	GH84	0.92
12393	171550 Rikenellaceae	239759 Alistipes	1965631 Alistipes sp. An31A	GH85	0
12393	171550 Rikenellaceae	239759 Alistipes	1965631 Alistipes sp. An31A	GH89	0.98
12393	171550 Rikenellaceae	239759 Alistipes	1965631 Alistipes sp. An31A	GH92	1
12393	171550 Rikenellaceae	239759 Alistipes	1965631 Alistipes sp. An31A	GH95	0.98
12393	171550 Rikenellaceae	239759 Alistipes	1965631 Alistipes sp. An31A	GH97	1
12427	171552 Prevotellaceae	838 Prevotella	NA Prevotella species incertae sedis	CBM32	0.1
12427	171552 Prevotellaceae	838 Prevotella	NA Prevotella species incertae sedis	CBM51	0
12427	171552 Prevotellaceae	838 Prevotella	NA Prevotella species incertae sedis	GH109	0
12427	171552 Prevotellaceae	838 Prevotella	NA Prevotella species incertae sedis	GH110	0
12427	171552 Prevotellaceae	838 Prevotella	NA Prevotella species incertae sedis	GH112	0
12427	171552 Prevotellaceae	838 Prevotella	NA Prevotella species incertae sedis	GH123	0
12427	171552 Prevotellaceae	838 Prevotella	NA Prevotella species incertae sedis	GH130	0.32
12427	171552 Prevotellaceae	838 Prevotella	NA Prevotella species incertae sedis	GH136	0
12427	171552 Prevotellaceae	838 Prevotella	NA Prevotella species incertae sedis	GH16	0.2
12427	171552 Prevotellaceae	838 Prevotella	NA Prevotella species incertae sedis	GH18	0.9
12427	171552 Prevotellaceae	838 Prevotella	NA Prevotella species incertae sedis	GH2	1
12427	171552 Prevotellaceae	838 Prevotella	NA Prevotella species incertae sedis	GH20	1
12427	171552 Prevotellaceae	838 Prevotella	NA Prevotella species incertae sedis	GH27	0
12427	171552 Prevotellaceae	838 Prevotella	NA Prevotella species incertae sedis	GH29	1
12427	171552 Prevotellaceae	838 Prevotella	NA Prevotella species incertae sedis	GH31	1
12427	171552 Prevotellaceae	838 Prevotella	NA Prevotella species incertae sedis	GH33	0.94
12427	171552 Prevotellaceae	838 Prevotella	NA Prevotella species incertae sedis	GH35	0
12427	171552 Prevotellaceae	838 Prevotella	NA Prevotella species incertae sedis	GH36	1
12427	171552 Prevotellaceae	838 Prevotella	NA Prevotella species incertae sedis	GH42	0
12427	171552 Prevotellaceae	838 Prevotella	NA Prevotella species incertae sedis	GH84	0.98
12427	171552 Prevotellaceae	838 Prevotella	NA Prevotella species incertae sedis	GH85	0.06
12427	171552 Prevotellaceae	838 Prevotella	NA Prevotella species incertae sedis	GH89	0
12427	171552 Prevotellaceae	838 Prevotella	NA Prevotella species incertae sedis	GH92	1
12427	171552 Prevotellaceae	838 Prevotella	NA Prevotella species incertae sedis	GH95	0.96
12427	171552 Prevotellaceae	838 Prevotella	NA Prevotella species incertae sedis	GH97	1
12429	171552 Prevotellaceae	838 Prevotella	NA Prevotella species incertae sedis	CBM32	0.9411764705882353
12429	171552 Prevotellaceae	838 Prevotella	NA Prevotella species incertae sedis	CBM51	0
12429	171552 Prevotellaceae	838 Prevotella	NA Prevotella species incertae sedis	GH109	0.7647058823529411
12429	171552 Prevotellaceae	838 Prevotella	NA Prevotella species incertae sedis	GH110	0.17647058823529413
12429	171552 Prevotellaceae	838 Prevotella	NA Prevotella species incertae sedis	GH112	0
12429	171552 Prevotellaceae	838 Prevotella	NA Prevotella species incertae sedis	GH123	0
12429	171552 Prevotellaceae	838 Prevotella	NA Prevotella species incertae sedis	GH130	1
12429	171552 Prevotellaceae	838 Prevotella	NA Prevotella species incertae sedis	GH136	0
12429	171552 Prevotellaceae	838 Prevotella	NA Prevotella species incertae sedis	GH16	0.7058823529411765
12429	171552 Prevotellaceae	838 Prevotella	NA Prevotella species incertae sedis	GH18	0
12429	171552 Prevotellaceae	838 Prevotella	NA Prevotella species incertae sedis	GH2	1
12429	171552 Prevotellaceae	838 Prevotella	NA Prevotella species incertae sedis	GH20	1
12429	171552 Prevotellaceae	838 Prevotella	NA Prevotella species incertae sedis	GH27	0.8823529411764706
12429	171552 Prevotellaceae	838 Prevotella	NA Prevotella species incertae sedis	GH29	1
12429	171552 Prevotellaceae	838 Prevotella	NA Prevotella species incertae sedis	GH31	1
12429	171552 Prevotellaceae	838 Prevotella	NA Prevotella species incertae sedis	GH33	1
12429	171552 Prevotellaceae	838 Prevotella	NA Prevotella species incertae sedis	GH35	1
12429	171552 Prevotellaceae	838 Prevotella	NA Prevotella species incertae sedis	GH36	1
12429	171552 Prevotellaceae	838 Prevotella	NA Prevotella species incertae sedis	GH42	0.058823529411764705
12429	171552 Prevotellaceae	838 Prevotella	NA Prevotella species incertae sedis	GH84	1
12429	171552 Prevotellaceae	838 Prevotella	NA Prevotella species incertae sedis	GH85	0
12429	171552 Prevotellaceae	838 Prevotella	NA Prevotella species incertae sedis	GH89	0.8235294117647058
12429	171552 Prevotellaceae	838 Prevotella	NA Prevotella species incertae sedis	GH92	1
12429	171552 Prevotellaceae	838 Prevotella	NA Prevotella species incertae sedis	GH95	1
12429	171552 Prevotellaceae	838 Prevotella	NA Prevotella species incertae sedis	GH97	1
12484	171552 Prevotellaceae	838 Prevotella	NA Prevotella species incertae sedis	CBM32	0
12484	171552 Prevotellaceae	838 Prevotella	NA Prevotella species incertae sedis	CBM51	0
12484	171552 Prevotellaceae	838 Prevotella	NA Prevotella species incertae sedis	GH109	0
12484	171552 Prevotellaceae	838 Prevotella	NA Prevotella species incertae sedis	GH110	0.4
12484	171552 Prevotellaceae	838 Prevotella	NA Prevotella species incertae sedis	GH112	0
12484	171552 Prevotellaceae	838 Prevotella	NA Prevotella species incertae sedis	GH123	0
12484	171552 Prevotellaceae	838 Prevotella	NA Prevotella species incertae sedis	GH130	0
12484	171552 Prevotellaceae	838 Prevotella	NA Prevotella species incertae sedis	GH136	0
12484	171552 Prevotellaceae	838 Prevotella	NA Prevotella species incertae sedis	GH16	0
12484	171552 Prevotellaceae	838 Prevotella	NA Prevotella species incertae sedis	GH18	0
12484	171552 Prevotellaceae	838 Prevotella	NA Prevotella species incertae sedis	GH2	1
12484	171552 Prevotellaceae	838 Prevotella	NA Prevotella species incertae sedis	GH20	0
12484	171552 Prevotellaceae	838 Prevotella	NA Prevotella species incertae sedis	GH27	0.9333333333333333
12484	171552 Prevotellaceae	838 Prevotella	NA Prevotella species incertae sedis	GH29	0.8666666666666667
12484	171552 Prevotellaceae	838 Prevotella	NA Prevotella species incertae sedis	GH31	1
12484	171552 Prevotellaceae	838 Prevotella	NA Prevotella species incertae sedis	GH33	0.8
12484	171552 Prevotellaceae	838 Prevotella	NA Prevotella species incertae sedis	GH35	1
12484	171552 Prevotellaceae	838 Prevotella	NA Prevotella species incertae sedis	GH36	0.8666666666666667
12484	171552 Prevotellaceae	838 Prevotella	NA Prevotella species incertae sedis	GH42	1
12484	171552 Prevotellaceae	838 Prevotella	NA Prevotella species incertae sedis	GH84	0
12484	171552 Prevotellaceae	838 Prevotella	NA Prevotella species incertae sedis	GH85	0
12484	171552 Prevotellaceae	838 Prevotella	NA Prevotella species incertae sedis	GH89	0
12484	171552 Prevotellaceae	838 Prevotella	NA Prevotella species incertae sedis	GH92	1
12484	171552 Prevotellaceae	838 Prevotella	NA Prevotella species incertae sedis	GH95	1
12484	171552 Prevotellaceae	838 Prevotella	NA Prevotella species incertae sedis	GH97	1
12507	171552 Prevotellaceae	838 Prevotella	NA Prevotella species incertae sedis	CBM32	0.8076923076923077
12507	171552 Prevotellaceae	838 Prevotella	NA Prevotella species incertae sedis	CBM51	0.07692307692307693
12507	171552 Prevotellaceae	838 Prevotella	NA Prevotella species incertae sedis	GH109	0
12507	171552 Prevotellaceae	838 Prevotella	NA Prevotella species incertae sedis	GH110	0.038461538461538464
12507	171552 Prevotellaceae	838 Prevotella	NA Prevotella species incertae sedis	GH112	0
12507	171552 Prevotellaceae	838 Prevotella	NA Prevotella species incertae sedis	GH123	0
12507	171552 Prevotellaceae	838 Prevotella	NA Prevotella species incertae sedis	GH130	0.9230769230769231
12507	171552 Prevotellaceae	838 Prevotella	NA Prevotella species incertae sedis	GH136	0
12507	171552 Prevotellaceae	838 Prevotella	NA Prevotella species incertae sedis	GH16	0.34615384615384615
12507	171552 Prevotellaceae	838 Prevotella	NA Prevotella species incertae sedis	GH18	0.07692307692307693
12507	171552 Prevotellaceae	838 Prevotella	NA Prevotella species incertae sedis	GH2	1
12507	171552 Prevotellaceae	838 Prevotella	NA Prevotella species incertae sedis	GH20	0.9615384615384616
12507	171552 Prevotellaceae	838 Prevotella	NA Prevotella species incertae sedis	GH27	0.11538461538461539
12507	171552 Prevotellaceae	838 Prevotella	NA Prevotella species incertae sedis	GH29	0.9615384615384616
12507	171552 Prevotellaceae	838 Prevotella	NA Prevotella species incertae sedis	GH31	0.5769230769230769
12507	171552 Prevotellaceae	838 Prevotella	NA Prevotella species incertae sedis	GH33	0
12507	171552 Prevotellaceae	838 Prevotella	NA Prevotella species incertae sedis	GH35	1
12507	171552 Prevotellaceae	838 Prevotella	NA Prevotella species incertae sedis	GH36	1
12507	171552 Prevotellaceae	838 Prevotella	NA Prevotella species incertae sedis	GH42	0
12507	171552 Prevotellaceae	838 Prevotella	NA Prevotella species incertae sedis	GH84	0
12507	171552 Prevotellaceae	838 Prevotella	NA Prevotella species incertae sedis	GH85	0.8076923076923077
12507	171552 Prevotellaceae	838 Prevotella	NA Prevotella species incertae sedis	GH89	1
12507	171552 Prevotellaceae	838 Prevotella	NA Prevotella species incertae sedis	GH92	1
12507	171552 Prevotellaceae	838 Prevotella	NA Prevotella species incertae sedis	GH95	1
12507	171552 Prevotellaceae	838 Prevotella	NA Prevotella species incertae sedis	GH97	1
12510	171552 Prevotellaceae	838 Prevotella	NA Prevotella species incertae sedis	CBM32	0.08333333333333333
12510	171552 Prevotellaceae	838 Prevotella	NA Prevotella species incertae sedis	CBM51	0.8333333333333334
12510	171552 Prevotellaceae	838 Prevotella	NA Prevotella species incertae sedis	GH109	0
12510	171552 Prevotellaceae	838 Prevotella	NA Prevotella species incertae sedis	GH110	0
12510	171552 Prevotellaceae	838 Prevotella	NA Prevotella species incertae sedis	GH112	0
12510	171552 Prevotellaceae	838 Prevotella	NA Prevotella species incertae sedis	GH123	0
12510	171552 Prevotellaceae	838 Prevotella	NA Prevotella species incertae sedis	GH130	0
12510	171552 Prevotellaceae	838 Prevotella	NA Prevotella species incertae sedis	GH136	0
12510	171552 Prevotellaceae	838 Prevotella	NA Prevotella species incertae sedis	GH16	0.75
12510	171552 Prevotellaceae	838 Prevotella	NA Prevotella species incertae sedis	GH18	0
12510	171552 Prevotellaceae	838 Prevotella	NA Prevotella species incertae sedis	GH2	1
12510	171552 Prevotellaceae	838 Prevotella	NA Prevotella species incertae sedis	GH20	0
12510	171552 Prevotellaceae	838 Prevotella	NA Prevotella species incertae sedis	GH27	0
12510	171552 Prevotellaceae	838 Prevotella	NA Prevotella species incertae sedis	GH29	1
12510	171552 Prevotellaceae	838 Prevotella	NA Prevotella species incertae sedis	GH31	1
12510	171552 Prevotellaceae	838 Prevotella	NA Prevotella species incertae sedis	GH33	1
12510	171552 Prevotellaceae	838 Prevotella	NA Prevotella species incertae sedis	GH35	1
12510	171552 Prevotellaceae	838 Prevotella	NA Prevotella species incertae sedis	GH36	0.6666666666666666
12510	171552 Prevotellaceae	838 Prevotella	NA Prevotella species incertae sedis	GH42	0
12510	171552 Prevotellaceae	838 Prevotella	NA Prevotella species incertae sedis	GH84	0
12510	171552 Prevotellaceae	838 Prevotella	NA Prevotella species incertae sedis	GH85	0
12510	171552 Prevotellaceae	838 Prevotella	NA Prevotella species incertae sedis	GH89	0
12510	171552 Prevotellaceae	838 Prevotella	NA Prevotella species incertae sedis	GH92	0.08333333333333333
12510	171552 Prevotellaceae	838 Prevotella	NA Prevotella species incertae sedis	GH95	1
12510	171552 Prevotellaceae	838 Prevotella	NA Prevotella species incertae sedis	GH97	1
12542	171552 Prevotellaceae	838 Prevotella	1262938 Prevotella sp. CAG:924	CBM32	0.3333333333333333
12542	171552 Prevotellaceae	838 Prevotella	1262938 Prevotella sp. CAG:924	CBM51	0
12542	171552 Prevotellaceae	838 Prevotella	1262938 Prevotella sp. CAG:924	GH109	0.8666666666666667
12542	171552 Prevotellaceae	838 Prevotella	1262938 Prevotella sp. CAG:924	GH110	0
12542	171552 Prevotellaceae	838 Prevotella	1262938 Prevotella sp. CAG:924	GH112	0
12542	171552 Prevotellaceae	838 Prevotella	1262938 Prevotella sp. CAG:924	GH123	0
12542	171552 Prevotellaceae	838 Prevotella	1262938 Prevotella sp. CAG:924	GH130	0.2
12542	171552 Prevotellaceae	838 Prevotella	1262938 Prevotella sp. CAG:924	GH136	0.06666666666666667
12542	171552 Prevotellaceae	838 Prevotella	1262938 Prevotella sp. CAG:924	GH16	1
12542	171552 Prevotellaceae	838 Prevotella	1262938 Prevotella sp. CAG:924	GH18	0.06666666666666667
12542	171552 Prevotellaceae	838 Prevotella	1262938 Prevotella sp. CAG:924	GH2	1
12542	171552 Prevotellaceae	838 Prevotella	1262938 Prevotella sp. CAG:924	GH20	1
12542	171552 Prevotellaceae	838 Prevotella	1262938 Prevotella sp. CAG:924	GH27	0.8666666666666667
12542	171552 Prevotellaceae	838 Prevotella	1262938 Prevotella sp. CAG:924	GH29	1
12542	171552 Prevotellaceae	838 Prevotella	1262938 Prevotella sp. CAG:924	GH31	1
12542	171552 Prevotellaceae	838 Prevotella	1262938 Prevotella sp. CAG:924	GH33	0.9333333333333333
12542	171552 Prevotellaceae	838 Prevotella	1262938 Prevotella sp. CAG:924	GH35	0.9333333333333333
12542	171552 Prevotellaceae	838 Prevotella	1262938 Prevotella sp. CAG:924	GH36	1
12542	171552 Prevotellaceae	838 Prevotella	1262938 Prevotella sp. CAG:924	GH42	0
12542	171552 Prevotellaceae	838 Prevotella	1262938 Prevotella sp. CAG:924	GH84	0.9333333333333333
12542	171552 Prevotellaceae	838 Prevotella	1262938 Prevotella sp. CAG:924	GH85	0
12542	171552 Prevotellaceae	838 Prevotella	1262938 Prevotella sp. CAG:924	GH89	0
12542	171552 Prevotellaceae	838 Prevotella	1262938 Prevotella sp. CAG:924	GH92	1
12542	171552 Prevotellaceae	838 Prevotella	1262938 Prevotella sp. CAG:924	GH95	1
12542	171552 Prevotellaceae	838 Prevotella	1262938 Prevotella sp. CAG:924	GH97	1
12552	171552 Prevotellaceae	838 Prevotella	NA Prevotella species incertae sedis	CBM32	0.975
12552	171552 Prevotellaceae	838 Prevotella	NA Prevotella species incertae sedis	CBM51	0.55
12552	171552 Prevotellaceae	838 Prevotella	NA Prevotella species incertae sedis	GH109	1
12552	171552 Prevotellaceae	838 Prevotella	NA Prevotella species incertae sedis	GH110	0
12552	171552 Prevotellaceae	838 Prevotella	NA Prevotella species incertae sedis	GH112	0
12552	171552 Prevotellaceae	838 Prevotella	NA Prevotella species incertae sedis	GH123	0.975
12552	171552 Prevotellaceae	838 Prevotella	NA Prevotella species incertae sedis	GH130	0
12552	171552 Prevotellaceae	838 Prevotella	NA Prevotella species incertae sedis	GH136	0
12552	171552 Prevotellaceae	838 Prevotella	NA Prevotella species incertae sedis	GH16	1
12552	171552 Prevotellaceae	838 Prevotella	NA Prevotella species incertae sedis	GH18	0
12552	171552 Prevotellaceae	838 Prevotella	NA Prevotella species incertae sedis	GH2	1
12552	171552 Prevotellaceae	838 Prevotella	NA Prevotella species incertae sedis	GH20	1
12552	171552 Prevotellaceae	838 Prevotella	NA Prevotella species incertae sedis	GH27	1
12552	171552 Prevotellaceae	838 Prevotella	NA Prevotella species incertae sedis	GH29	1
12552	171552 Prevotellaceae	838 Prevotella	NA Prevotella species incertae sedis	GH31	1
12552	171552 Prevotellaceae	838 Prevotella	NA Prevotella species incertae sedis	GH33	1
12552	171552 Prevotellaceae	838 Prevotella	NA Prevotella species incertae sedis	GH35	0.9
12552	171552 Prevotellaceae	838 Prevotella	NA Prevotella species incertae sedis	GH36	0
12552	171552 Prevotellaceae	838 Prevotella	NA Prevotella species incertae sedis	GH42	0
12552	171552 Prevotellaceae	838 Prevotella	NA Prevotella species incertae sedis	GH84	1
12552	171552 Prevotellaceae	838 Prevotella	NA Prevotella species incertae sedis	GH85	0
12552	171552 Prevotellaceae	838 Prevotella	NA Prevotella species incertae sedis	GH89	1
12552	171552 Prevotellaceae	838 Prevotella	NA Prevotella species incertae sedis	GH92	1
12552	171552 Prevotellaceae	838 Prevotella	NA Prevotella species incertae sedis	GH95	1
12552	171552 Prevotellaceae	838 Prevotella	NA Prevotella species incertae sedis	GH97	1
12560	171552 Prevotellaceae	838 Prevotella	NA Prevotella species incertae sedis	CBM32	1
12560	171552 Prevotellaceae	838 Prevotella	NA Prevotella species incertae sedis	CBM51	0
12560	171552 Prevotellaceae	838 Prevotella	NA Prevotella species incertae sedis	GH109	0.98
12560	171552 Prevotellaceae	838 Prevotella	NA Prevotella species incertae sedis	GH110	0
12560	171552 Prevotellaceae	838 Prevotella	NA Prevotella species incertae sedis	GH112	0
12560	171552 Prevotellaceae	838 Prevotella	NA Prevotella species incertae sedis	GH123	0.02
12560	171552 Prevotellaceae	838 Prevotella	NA Prevotella species incertae sedis	GH130	0.82
12560	171552 Prevotellaceae	838 Prevotella	NA Prevotella species incertae sedis	GH136	0
12560	171552 Prevotellaceae	838 Prevotella	NA Prevotella species incertae sedis	GH16	0.76
12560	171552 Prevotellaceae	838 Prevotella	NA Prevotella species incertae sedis	GH18	0
12560	171552 Prevotellaceae	838 Prevotella	NA Prevotella species incertae sedis	GH2	1
12560	171552 Prevotellaceae	838 Prevotella	NA Prevotella species incertae sedis	GH20	1
12560	171552 Prevotellaceae	838 Prevotella	NA Prevotella species incertae sedis	GH27	0.96
12560	171552 Prevotellaceae	838 Prevotella	NA Prevotella species incertae sedis	GH29	1
12560	171552 Prevotellaceae	838 Prevotella	NA Prevotella species incertae sedis	GH31	1
12560	171552 Prevotellaceae	838 Prevotella	NA Prevotella species incertae sedis	GH33	0.94
12560	171552 Prevotellaceae	838 Prevotella	NA Prevotella species incertae sedis	GH35	0.72
12560	171552 Prevotellaceae	838 Prevotella	NA Prevotella species incertae sedis	GH36	0.92
12560	171552 Prevotellaceae	838 Prevotella	NA Prevotella species incertae sedis	GH42	0
12560	171552 Prevotellaceae	838 Prevotella	NA Prevotella species incertae sedis	GH84	0.98
12560	171552 Prevotellaceae	838 Prevotella	NA Prevotella species incertae sedis	GH85	0
12560	171552 Prevotellaceae	838 Prevotella	NA Prevotella species incertae sedis	GH89	1
12560	171552 Prevotellaceae	838 Prevotella	NA Prevotella species incertae sedis	GH92	1
12560	171552 Prevotellaceae	838 Prevotella	NA Prevotella species incertae sedis	GH95	0.94
12560	171552 Prevotellaceae	838 Prevotella	NA Prevotella species incertae sedis	GH97	1
12596	815 Bacteroidaceae	816 Bacteroides	1262736 Bacteroides sp. CAG:144	CBM32	0
12596	815 Bacteroidaceae	816 Bacteroides	1262736 Bacteroides sp. CAG:144	CBM51	0
12596	815 Bacteroidaceae	816 Bacteroides	1262736 Bacteroides sp. CAG:144	GH109	0
12596	815 Bacteroidaceae	816 Bacteroides	1262736 Bacteroides sp. CAG:144	GH110	0
12596	815 Bacteroidaceae	816 Bacteroides	1262736 Bacteroides sp. CAG:144	GH112	0
12596	815 Bacteroidaceae	816 Bacteroides	1262736 Bacteroides sp. CAG:144	GH123	0
12596	815 Bacteroidaceae	816 Bacteroides	1262736 Bacteroides sp. CAG:144	GH130	0
12596	815 Bacteroidaceae	816 Bacteroides	1262736 Bacteroides sp. CAG:144	GH136	0
12596	815 Bacteroidaceae	816 Bacteroides	1262736 Bacteroides sp. CAG:144	GH16	0
12596	815 Bacteroidaceae	816 Bacteroides	1262736 Bacteroides sp. CAG:144	GH18	0
12596	815 Bacteroidaceae	816 Bacteroides	1262736 Bacteroides sp. CAG:144	GH2	1
12596	815 Bacteroidaceae	816 Bacteroides	1262736 Bacteroides sp. CAG:144	GH20	0.02
12596	815 Bacteroidaceae	816 Bacteroides	1262736 Bacteroides sp. CAG:144	GH27	0
12596	815 Bacteroidaceae	816 Bacteroides	1262736 Bacteroides sp. CAG:144	GH29	0.88
12596	815 Bacteroidaceae	816 Bacteroides	1262736 Bacteroides sp. CAG:144	GH31	0.9
12596	815 Bacteroidaceae	816 Bacteroides	1262736 Bacteroides sp. CAG:144	GH33	1
12596	815 Bacteroidaceae	816 Bacteroides	1262736 Bacteroides sp. CAG:144	GH35	0
12596	815 Bacteroidaceae	816 Bacteroides	1262736 Bacteroides sp. CAG:144	GH36	0
12596	815 Bacteroidaceae	816 Bacteroides	1262736 Bacteroides sp. CAG:144	GH42	0
12596	815 Bacteroidaceae	816 Bacteroides	1262736 Bacteroides sp. CAG:144	GH84	0
12596	815 Bacteroidaceae	816 Bacteroides	1262736 Bacteroides sp. CAG:144	GH85	0
12596	815 Bacteroidaceae	816 Bacteroides	1262736 Bacteroides sp. CAG:144	GH89	0
12596	815 Bacteroidaceae	816 Bacteroides	1262736 Bacteroides sp. CAG:144	GH92	0
12596	815 Bacteroidaceae	816 Bacteroides	1262736 Bacteroides sp. CAG:144	GH95	1
12596	815 Bacteroidaceae	816 Bacteroides	1262736 Bacteroides sp. CAG:144	GH97	0
12637	171552 Prevotellaceae	838 Prevotella	NA Prevotella species incertae sedis	CBM32	1
12637	171552 Prevotellaceae	838 Prevotella	NA Prevotella species incertae sedis	CBM51	0
12637	171552 Prevotellaceae	838 Prevotella	NA Prevotella species incertae sedis	GH109	0.24
12637	171552 Prevotellaceae	838 Prevotella	NA Prevotella species incertae sedis	GH110	0
12637	171552 Prevotellaceae	838 Prevotella	NA Prevotella species incertae sedis	GH112	0
12637	171552 Prevotellaceae	838 Prevotella	NA Prevotella species incertae sedis	GH123	1
12637	171552 Prevotellaceae	838 Prevotella	NA Prevotella species incertae sedis	GH130	0.98
12637	171552 Prevotellaceae	838 Prevotella	NA Prevotella species incertae sedis	GH136	0
12637	171552 Prevotellaceae	838 Prevotella	NA Prevotella species incertae sedis	GH16	0.98
12637	171552 Prevotellaceae	838 Prevotella	NA Prevotella species incertae sedis	GH18	0.02
12637	171552 Prevotellaceae	838 Prevotella	NA Prevotella species incertae sedis	GH2	1
12637	171552 Prevotellaceae	838 Prevotella	NA Prevotella species incertae sedis	GH20	1
12637	171552 Prevotellaceae	838 Prevotella	NA Prevotella species incertae sedis	GH27	0.92
12637	171552 Prevotellaceae	838 Prevotella	NA Prevotella species incertae sedis	GH29	1
12637	171552 Prevotellaceae	838 Prevotella	NA Prevotella species incertae sedis	GH31	0.94
12637	171552 Prevotellaceae	838 Prevotella	NA Prevotella species incertae sedis	GH33	0.94
12637	171552 Prevotellaceae	838 Prevotella	NA Prevotella species incertae sedis	GH35	0.72
12637	171552 Prevotellaceae	838 Prevotella	NA Prevotella species incertae sedis	GH36	1
12637	171552 Prevotellaceae	838 Prevotella	NA Prevotella species incertae sedis	GH42	0
12637	171552 Prevotellaceae	838 Prevotella	NA Prevotella species incertae sedis	GH84	0.92
12637	171552 Prevotellaceae	838 Prevotella	NA Prevotella species incertae sedis	GH85	1
12637	171552 Prevotellaceae	838 Prevotella	NA Prevotella species incertae sedis	GH89	0.04
12637	171552 Prevotellaceae	838 Prevotella	NA Prevotella species incertae sedis	GH92	1
12637	171552 Prevotellaceae	838 Prevotella	NA Prevotella species incertae sedis	GH95	1
12637	171552 Prevotellaceae	838 Prevotella	NA Prevotella species incertae sedis	GH97	1
12639	171552 Prevotellaceae	838 Prevotella	NA Prevotella species incertae sedis	CBM32	0
12639	171552 Prevotellaceae	838 Prevotella	NA Prevotella species incertae sedis	CBM51	0
12639	171552 Prevotellaceae	838 Prevotella	NA Prevotella species incertae sedis	GH109	0
12639	171552 Prevotellaceae	838 Prevotella	NA Prevotella species incertae sedis	GH110	0
12639	171552 Prevotellaceae	838 Prevotella	NA Prevotella species incertae sedis	GH112	0
12639	171552 Prevotellaceae	838 Prevotella	NA Prevotella species incertae sedis	GH123	0
12639	171552 Prevotellaceae	838 Prevotella	NA Prevotella species incertae sedis	GH130	0.0625
12639	171552 Prevotellaceae	838 Prevotella	NA Prevotella species incertae sedis	GH136	0
12639	171552 Prevotellaceae	838 Prevotella	NA Prevotella species incertae sedis	GH16	0
12639	171552 Prevotellaceae	838 Prevotella	NA Prevotella species incertae sedis	GH18	0
12639	171552 Prevotellaceae	838 Prevotella	NA Prevotella species incertae sedis	GH2	1
12639	171552 Prevotellaceae	838 Prevotella	NA Prevotella species incertae sedis	GH20	0.0625
12639	171552 Prevotellaceae	838 Prevotella	NA Prevotella species incertae sedis	GH27	0
12639	171552 Prevotellaceae	838 Prevotella	NA Prevotella species incertae sedis	GH29	1
12639	171552 Prevotellaceae	838 Prevotella	NA Prevotella species incertae sedis	GH31	0.9375
12639	171552 Prevotellaceae	838 Prevotella	NA Prevotella species incertae sedis	GH33	0.9375
12639	171552 Prevotellaceae	838 Prevotella	NA Prevotella species incertae sedis	GH35	0.0625
12639	171552 Prevotellaceae	838 Prevotella	NA Prevotella species incertae sedis	GH36	0.0625
12639	171552 Prevotellaceae	838 Prevotella	NA Prevotella species incertae sedis	GH42	0
12639	171552 Prevotellaceae	838 Prevotella	NA Prevotella species incertae sedis	GH84	0
12639	171552 Prevotellaceae	838 Prevotella	NA Prevotella species incertae sedis	GH85	0
12639	171552 Prevotellaceae	838 Prevotella	NA Prevotella species incertae sedis	GH89	0
12639	171552 Prevotellaceae	838 Prevotella	NA Prevotella species incertae sedis	GH92	0
12639	171552 Prevotellaceae	838 Prevotella	NA Prevotella species incertae sedis	GH95	1
12639	171552 Prevotellaceae	838 Prevotella	NA Prevotella species incertae sedis	GH97	1
12700	186803 Lachnospiraceae	1973274 Niameybacter	1658108 Niameybacter massiliensis	CBM32	0.7142857142857143
12700	186803 Lachnospiraceae	1973274 Niameybacter	1658108 Niameybacter massiliensis	CBM51	0.14285714285714285
12700	186803 Lachnospiraceae	1973274 Niameybacter	1658108 Niameybacter massiliensis	GH109	0.8571428571428571
12700	186803 Lachnospiraceae	1973274 Niameybacter	1658108 Niameybacter massiliensis	GH110	1
12700	186803 Lachnospiraceae	1973274 Niameybacter	1658108 Niameybacter massiliensis	GH112	1
12700	186803 Lachnospiraceae	1973274 Niameybacter	1658108 Niameybacter massiliensis	GH123	1
12700	186803 Lachnospiraceae	1973274 Niameybacter	1658108 Niameybacter massiliensis	GH130	1
12700	186803 Lachnospiraceae	1973274 Niameybacter	1658108 Niameybacter massiliensis	GH136	1
12700	186803 Lachnospiraceae	1973274 Niameybacter	1658108 Niameybacter massiliensis	GH16	0.42857142857142855
12700	186803 Lachnospiraceae	1973274 Niameybacter	1658108 Niameybacter massiliensis	GH18	1
12700	186803 Lachnospiraceae	1973274 Niameybacter	1658108 Niameybacter massiliensis	GH2	1
12700	186803 Lachnospiraceae	1973274 Niameybacter	1658108 Niameybacter massiliensis	GH20	1
12700	186803 Lachnospiraceae	1973274 Niameybacter	1658108 Niameybacter massiliensis	GH27	0
12700	186803 Lachnospiraceae	1973274 Niameybacter	1658108 Niameybacter massiliensis	GH29	1
12700	186803 Lachnospiraceae	1973274 Niameybacter	1658108 Niameybacter massiliensis	GH31	1
12700	186803 Lachnospiraceae	1973274 Niameybacter	1658108 Niameybacter massiliensis	GH33	1
12700	186803 Lachnospiraceae	1973274 Niameybacter	1658108 Niameybacter massiliensis	GH35	1
12700	186803 Lachnospiraceae	1973274 Niameybacter	1658108 Niameybacter massiliensis	GH36	0
12700	186803 Lachnospiraceae	1973274 Niameybacter	1658108 Niameybacter massiliensis	GH42	0.14285714285714285
12700	186803 Lachnospiraceae	1973274 Niameybacter	1658108 Niameybacter massiliensis	GH84	1
12700	186803 Lachnospiraceae	1973274 Niameybacter	1658108 Niameybacter massiliensis	GH85	0.14285714285714285
12700	186803 Lachnospiraceae	1973274 Niameybacter	1658108 Niameybacter massiliensis	GH89	1
12700	186803 Lachnospiraceae	1973274 Niameybacter	1658108 Niameybacter massiliensis	GH92	0
12700	186803 Lachnospiraceae	1973274 Niameybacter	1658108 Niameybacter massiliensis	GH95	1
12700	186803 Lachnospiraceae	1973274 Niameybacter	1658108 Niameybacter massiliensis	GH97	0
12703	171552 Prevotellaceae	838 Prevotella	NA Prevotella species incertae sedis	CBM32	0.42857142857142855
12703	171552 Prevotellaceae	838 Prevotella	NA Prevotella species incertae sedis	CBM51	0
12703	171552 Prevotellaceae	838 Prevotella	NA Prevotella species incertae sedis	GH109	0
12703	171552 Prevotellaceae	838 Prevotella	NA Prevotella species incertae sedis	GH110	0
12703	171552 Prevotellaceae	838 Prevotella	NA Prevotella species incertae sedis	GH112	0
12703	171552 Prevotellaceae	838 Prevotella	NA Prevotella species incertae sedis	GH123	0
12703	171552 Prevotellaceae	838 Prevotella	NA Prevotella species incertae sedis	GH130	0.7142857142857143
12703	171552 Prevotellaceae	838 Prevotella	NA Prevotella species incertae sedis	GH136	0
12703	171552 Prevotellaceae	838 Prevotella	NA Prevotella species incertae sedis	GH16	1
12703	171552 Prevotellaceae	838 Prevotella	NA Prevotella species incertae sedis	GH18	1
12703	171552 Prevotellaceae	838 Prevotella	NA Prevotella species incertae sedis	GH2	1
12703	171552 Prevotellaceae	838 Prevotella	NA Prevotella species incertae sedis	GH20	0
12703	171552 Prevotellaceae	838 Prevotella	NA Prevotella species incertae sedis	GH27	0
12703	171552 Prevotellaceae	838 Prevotella	NA Prevotella species incertae sedis	GH29	0
12703	171552 Prevotellaceae	838 Prevotella	NA Prevotella species incertae sedis	GH31	0
12703	171552 Prevotellaceae	838 Prevotella	NA Prevotella species incertae sedis	GH33	0
12703	171552 Prevotellaceae	838 Prevotella	NA Prevotella species incertae sedis	GH35	0.14285714285714285
12703	171552 Prevotellaceae	838 Prevotella	NA Prevotella species incertae sedis	GH36	1
12703	171552 Prevotellaceae	838 Prevotella	NA Prevotella species incertae sedis	GH42	0
12703	171552 Prevotellaceae	838 Prevotella	NA Prevotella species incertae sedis	GH84	0
12703	171552 Prevotellaceae	838 Prevotella	NA Prevotella species incertae sedis	GH85	0
12703	171552 Prevotellaceae	838 Prevotella	NA Prevotella species incertae sedis	GH89	0
12703	171552 Prevotellaceae	838 Prevotella	NA Prevotella species incertae sedis	GH92	0
12703	171552 Prevotellaceae	838 Prevotella	NA Prevotella species incertae sedis	GH95	0
12703	171552 Prevotellaceae	838 Prevotella	NA Prevotella species incertae sedis	GH97	1
12765	171552 Prevotellaceae	838 Prevotella	NA Prevotella species incertae sedis	CBM32	0.5
12765	171552 Prevotellaceae	838 Prevotella	NA Prevotella species incertae sedis	CBM51	0
12765	171552 Prevotellaceae	838 Prevotella	NA Prevotella species incertae sedis	GH109	0
12765	171552 Prevotellaceae	838 Prevotella	NA Prevotella species incertae sedis	GH110	0
12765	171552 Prevotellaceae	838 Prevotella	NA Prevotella species incertae sedis	GH112	0
12765	171552 Prevotellaceae	838 Prevotella	NA Prevotella species incertae sedis	GH123	0.02
12765	171552 Prevotellaceae	838 Prevotella	NA Prevotella species incertae sedis	GH130	0.36
12765	171552 Prevotellaceae	838 Prevotella	NA Prevotella species incertae sedis	GH136	0
12765	171552 Prevotellaceae	838 Prevotella	NA Prevotella species incertae sedis	GH16	0.86
12765	171552 Prevotellaceae	838 Prevotella	NA Prevotella species incertae sedis	GH18	0
12765	171552 Prevotellaceae	838 Prevotella	NA Prevotella species incertae sedis	GH2	1
12765	171552 Prevotellaceae	838 Prevotella	NA Prevotella species incertae sedis	GH20	0
12765	171552 Prevotellaceae	838 Prevotella	NA Prevotella species incertae sedis	GH27	0.04
12765	171552 Prevotellaceae	838 Prevotella	NA Prevotella species incertae sedis	GH29	0.02
12765	171552 Prevotellaceae	838 Prevotella	NA Prevotella species incertae sedis	GH31	0.98
12765	171552 Prevotellaceae	838 Prevotella	NA Prevotella species incertae sedis	GH33	0.02
12765	171552 Prevotellaceae	838 Prevotella	NA Prevotella species incertae sedis	GH35	0.02
12765	171552 Prevotellaceae	838 Prevotella	NA Prevotella species incertae sedis	GH36	1
12765	171552 Prevotellaceae	838 Prevotella	NA Prevotella species incertae sedis	GH42	0
12765	171552 Prevotellaceae	838 Prevotella	NA Prevotella species incertae sedis	GH84	0.02
12765	171552 Prevotellaceae	838 Prevotella	NA Prevotella species incertae sedis	GH85	0.28
12765	171552 Prevotellaceae	838 Prevotella	NA Prevotella species incertae sedis	GH89	0
12765	171552 Prevotellaceae	838 Prevotella	NA Prevotella species incertae sedis	GH92	0.36
12765	171552 Prevotellaceae	838 Prevotella	NA Prevotella species incertae sedis	GH95	1
12765	171552 Prevotellaceae	838 Prevotella	NA Prevotella species incertae sedis	GH97	1
12780	171552 Prevotellaceae	838 Prevotella	NA Prevotella species incertae sedis	CBM32	0.09090909090909091
12780	171552 Prevotellaceae	838 Prevotella	NA Prevotella species incertae sedis	CBM51	0
12780	171552 Prevotellaceae	838 Prevotella	NA Prevotella species incertae sedis	GH109	0
12780	171552 Prevotellaceae	838 Prevotella	NA Prevotella species incertae sedis	GH110	0
12780	171552 Prevotellaceae	838 Prevotella	NA Prevotella species incertae sedis	GH112	0
12780	171552 Prevotellaceae	838 Prevotella	NA Prevotella species incertae sedis	GH123	0
12780	171552 Prevotellaceae	838 Prevotella	NA Prevotella species incertae sedis	GH130	0.9090909090909091
12780	171552 Prevotellaceae	838 Prevotella	NA Prevotella species incertae sedis	GH136	0
12780	171552 Prevotellaceae	838 Prevotella	NA Prevotella species incertae sedis	GH16	0.9090909090909091
12780	171552 Prevotellaceae	838 Prevotella	NA Prevotella species incertae sedis	GH18	0
12780	171552 Prevotellaceae	838 Prevotella	NA Prevotella species incertae sedis	GH2	1
12780	171552 Prevotellaceae	838 Prevotella	NA Prevotella species incertae sedis	GH20	1
12780	171552 Prevotellaceae	838 Prevotella	NA Prevotella species incertae sedis	GH27	0.18181818181818182
12780	171552 Prevotellaceae	838 Prevotella	NA Prevotella species incertae sedis	GH29	1
12780	171552 Prevotellaceae	838 Prevotella	NA Prevotella species incertae sedis	GH31	0.45454545454545453
12780	171552 Prevotellaceae	838 Prevotella	NA Prevotella species incertae sedis	GH33	0.9090909090909091
12780	171552 Prevotellaceae	838 Prevotella	NA Prevotella species incertae sedis	GH35	0
12780	171552 Prevotellaceae	838 Prevotella	NA Prevotella species incertae sedis	GH36	0.9090909090909091
12780	171552 Prevotellaceae	838 Prevotella	NA Prevotella species incertae sedis	GH42	0
12780	171552 Prevotellaceae	838 Prevotella	NA Prevotella species incertae sedis	GH84	1
12780	171552 Prevotellaceae	838 Prevotella	NA Prevotella species incertae sedis	GH85	0.09090909090909091
12780	171552 Prevotellaceae	838 Prevotella	NA Prevotella species incertae sedis	GH89	0
12780	171552 Prevotellaceae	838 Prevotella	NA Prevotella species incertae sedis	GH92	1
12780	171552 Prevotellaceae	838 Prevotella	NA Prevotella species incertae sedis	GH95	0.9090909090909091
12780	171552 Prevotellaceae	838 Prevotella	NA Prevotella species incertae sedis	GH97	1
12791	171552 Prevotellaceae	838 Prevotella	NA Prevotella species incertae sedis	CBM32	0.8
12791	171552 Prevotellaceae	838 Prevotella	NA Prevotella species incertae sedis	CBM51	0
12791	171552 Prevotellaceae	838 Prevotella	NA Prevotella species incertae sedis	GH109	0.8
12791	171552 Prevotellaceae	838 Prevotella	NA Prevotella species incertae sedis	GH110	0
12791	171552 Prevotellaceae	838 Prevotella	NA Prevotella species incertae sedis	GH112	0
12791	171552 Prevotellaceae	838 Prevotella	NA Prevotella species incertae sedis	GH123	0
12791	171552 Prevotellaceae	838 Prevotella	NA Prevotella species incertae sedis	GH130	1
12791	171552 Prevotellaceae	838 Prevotella	NA Prevotella species incertae sedis	GH136	0
12791	171552 Prevotellaceae	838 Prevotella	NA Prevotella species incertae sedis	GH16	1
12791	171552 Prevotellaceae	838 Prevotella	NA Prevotella species incertae sedis	GH18	0
12791	171552 Prevotellaceae	838 Prevotella	NA Prevotella species incertae sedis	GH2	1
12791	171552 Prevotellaceae	838 Prevotella	NA Prevotella species incertae sedis	GH20	1
12791	171552 Prevotellaceae	838 Prevotella	NA Prevotella species incertae sedis	GH27	0.4
12791	171552 Prevotellaceae	838 Prevotella	NA Prevotella species incertae sedis	GH29	1
12791	171552 Prevotellaceae	838 Prevotella	NA Prevotella species incertae sedis	GH31	1
12791	171552 Prevotellaceae	838 Prevotella	NA Prevotella species incertae sedis	GH33	0
12791	171552 Prevotellaceae	838 Prevotella	NA Prevotella species incertae sedis	GH35	1
12791	171552 Prevotellaceae	838 Prevotella	NA Prevotella species incertae sedis	GH36	1
12791	171552 Prevotellaceae	838 Prevotella	NA Prevotella species incertae sedis	GH42	0
12791	171552 Prevotellaceae	838 Prevotella	NA Prevotella species incertae sedis	GH84	0
12791	171552 Prevotellaceae	838 Prevotella	NA Prevotella species incertae sedis	GH85	0.7
12791	171552 Prevotellaceae	838 Prevotella	NA Prevotella species incertae sedis	GH89	1
12791	171552 Prevotellaceae	838 Prevotella	NA Prevotella species incertae sedis	GH92	1
12791	171552 Prevotellaceae	838 Prevotella	NA Prevotella species incertae sedis	GH95	1
12791	171552 Prevotellaceae	838 Prevotella	NA Prevotella species incertae sedis	GH97	1
12805	1647988 Akkermansiaceae	239934 Akkermansia	NA Akkermansia species incertae sedis	CBM32	1
12805	1647988 Akkermansiaceae	239934 Akkermansia	NA Akkermansia species incertae sedis	CBM51	1
12805	1647988 Akkermansiaceae	239934 Akkermansia	NA Akkermansia species incertae sedis	GH109	1
12805	1647988 Akkermansiaceae	239934 Akkermansia	NA Akkermansia species incertae sedis	GH110	1
12805	1647988 Akkermansiaceae	239934 Akkermansia	NA Akkermansia species incertae sedis	GH112	0
12805	1647988 Akkermansiaceae	239934 Akkermansia	NA Akkermansia species incertae sedis	GH123	0.98
12805	1647988 Akkermansiaceae	239934 Akkermansia	NA Akkermansia species incertae sedis	GH130	0
12805	1647988 Akkermansiaceae	239934 Akkermansia	NA Akkermansia species incertae sedis	GH136	0
12805	1647988 Akkermansiaceae	239934 Akkermansia	NA Akkermansia species incertae sedis	GH16	1
12805	1647988 Akkermansiaceae	239934 Akkermansia	NA Akkermansia species incertae sedis	GH18	1
12805	1647988 Akkermansiaceae	239934 Akkermansia	NA Akkermansia species incertae sedis	GH2	1
12805	1647988 Akkermansiaceae	239934 Akkermansia	NA Akkermansia species incertae sedis	GH20	1
12805	1647988 Akkermansiaceae	239934 Akkermansia	NA Akkermansia species incertae sedis	GH27	1
12805	1647988 Akkermansiaceae	239934 Akkermansia	NA Akkermansia species incertae sedis	GH29	1
12805	1647988 Akkermansiaceae	239934 Akkermansia	NA Akkermansia species incertae sedis	GH31	0.98
12805	1647988 Akkermansiaceae	239934 Akkermansia	NA Akkermansia species incertae sedis	GH33	1
12805	1647988 Akkermansiaceae	239934 Akkermansia	NA Akkermansia species incertae sedis	GH35	0.98
12805	1647988 Akkermansiaceae	239934 Akkermansia	NA Akkermansia species incertae sedis	GH36	0.94
12805	1647988 Akkermansiaceae	239934 Akkermansia	NA Akkermansia species incertae sedis	GH42	0
12805	1647988 Akkermansiaceae	239934 Akkermansia	NA Akkermansia species incertae sedis	GH84	1
12805	1647988 Akkermansiaceae	239934 Akkermansia	NA Akkermansia species incertae sedis	GH85	0
12805	1647988 Akkermansiaceae	239934 Akkermansia	NA Akkermansia species incertae sedis	GH89	1
12805	1647988 Akkermansiaceae	239934 Akkermansia	NA Akkermansia species incertae sedis	GH92	0.02
12805	1647988 Akkermansiaceae	239934 Akkermansia	NA Akkermansia species incertae sedis	GH95	1
12805	1647988 Akkermansiaceae	239934 Akkermansia	NA Akkermansia species incertae sedis	GH97	0.98
12826	171552 Prevotellaceae	838 Prevotella	1262927 Prevotella sp. CAG:485	CBM32	0
12826	171552 Prevotellaceae	838 Prevotella	1262927 Prevotella sp. CAG:485	CBM51	0
12826	171552 Prevotellaceae	838 Prevotella	1262927 Prevotella sp. CAG:485	GH109	0.9
12826	171552 Prevotellaceae	838 Prevotella	1262927 Prevotella sp. CAG:485	GH110	0
12826	171552 Prevotellaceae	838 Prevotella	1262927 Prevotella sp. CAG:485	GH112	0
12826	171552 Prevotellaceae	838 Prevotella	1262927 Prevotella sp. CAG:485	GH123	0
12826	171552 Prevotellaceae	838 Prevotella	1262927 Prevotella sp. CAG:485	GH130	0
12826	171552 Prevotellaceae	838 Prevotella	1262927 Prevotella sp. CAG:485	GH136	0
12826	171552 Prevotellaceae	838 Prevotella	1262927 Prevotella sp. CAG:485	GH16	0
12826	171552 Prevotellaceae	838 Prevotella	1262927 Prevotella sp. CAG:485	GH18	0
12826	171552 Prevotellaceae	838 Prevotella	1262927 Prevotella sp. CAG:485	GH2	1
12826	171552 Prevotellaceae	838 Prevotella	1262927 Prevotella sp. CAG:485	GH20	0
12826	171552 Prevotellaceae	838 Prevotella	1262927 Prevotella sp. CAG:485	GH27	0
12826	171552 Prevotellaceae	838 Prevotella	1262927 Prevotella sp. CAG:485	GH29	0.6
12826	171552 Prevotellaceae	838 Prevotella	1262927 Prevotella sp. CAG:485	GH31	1
12826	171552 Prevotellaceae	838 Prevotella	1262927 Prevotella sp. CAG:485	GH33	0
12826	171552 Prevotellaceae	838 Prevotella	1262927 Prevotella sp. CAG:485	GH35	1
12826	171552 Prevotellaceae	838 Prevotella	1262927 Prevotella sp. CAG:485	GH36	0
12826	171552 Prevotellaceae	838 Prevotella	1262927 Prevotella sp. CAG:485	GH42	0
12826	171552 Prevotellaceae	838 Prevotella	1262927 Prevotella sp. CAG:485	GH84	1
12826	171552 Prevotellaceae	838 Prevotella	1262927 Prevotella sp. CAG:485	GH85	0
12826	171552 Prevotellaceae	838 Prevotella	1262927 Prevotella sp. CAG:485	GH89	1
12826	171552 Prevotellaceae	838 Prevotella	1262927 Prevotella sp. CAG:485	GH92	0
12826	171552 Prevotellaceae	838 Prevotella	1262927 Prevotella sp. CAG:485	GH95	1
12826	171552 Prevotellaceae	838 Prevotella	1262927 Prevotella sp. CAG:485	GH97	1
12829	171550 Rikenellaceae	239759 Alistipes	NA Alistipes species incertae sedis	CBM32	0.9583333333333334
12829	171550 Rikenellaceae	239759 Alistipes	NA Alistipes species incertae sedis	CBM51	0
12829	171550 Rikenellaceae	239759 Alistipes	NA Alistipes species incertae sedis	GH109	1
12829	171550 Rikenellaceae	239759 Alistipes	NA Alistipes species incertae sedis	GH110	0
12829	171550 Rikenellaceae	239759 Alistipes	NA Alistipes species incertae sedis	GH112	0
12829	171550 Rikenellaceae	239759 Alistipes	NA Alistipes species incertae sedis	GH123	0.4583333333333333
12829	171550 Rikenellaceae	239759 Alistipes	NA Alistipes species incertae sedis	GH130	1
12829	171550 Rikenellaceae	239759 Alistipes	NA Alistipes species incertae sedis	GH136	0
12829	171550 Rikenellaceae	239759 Alistipes	NA Alistipes species incertae sedis	GH16	1
12829	171550 Rikenellaceae	239759 Alistipes	NA Alistipes species incertae sedis	GH18	1
12829	171550 Rikenellaceae	239759 Alistipes	NA Alistipes species incertae sedis	GH2	1
12829	171550 Rikenellaceae	239759 Alistipes	NA Alistipes species incertae sedis	GH20	1
12829	171550 Rikenellaceae	239759 Alistipes	NA Alistipes species incertae sedis	GH27	1
12829	171550 Rikenellaceae	239759 Alistipes	NA Alistipes species incertae sedis	GH29	0.9583333333333334
12829	171550 Rikenellaceae	239759 Alistipes	NA Alistipes species incertae sedis	GH31	0.875
12829	171550 Rikenellaceae	239759 Alistipes	NA Alistipes species incertae sedis	GH33	0.9583333333333334
12829	171550 Rikenellaceae	239759 Alistipes	NA Alistipes species incertae sedis	GH35	0
12829	171550 Rikenellaceae	239759 Alistipes	NA Alistipes species incertae sedis	GH36	1
12829	171550 Rikenellaceae	239759 Alistipes	NA Alistipes species incertae sedis	GH42	0
12829	171550 Rikenellaceae	239759 Alistipes	NA Alistipes species incertae sedis	GH84	0.875
12829	171550 Rikenellaceae	239759 Alistipes	NA Alistipes species incertae sedis	GH85	0
12829	171550 Rikenellaceae	239759 Alistipes	NA Alistipes species incertae sedis	GH89	0.9583333333333334
12829	171550 Rikenellaceae	239759 Alistipes	NA Alistipes species incertae sedis	GH92	1
12829	171550 Rikenellaceae	239759 Alistipes	NA Alistipes species incertae sedis	GH95	0
12829	171550 Rikenellaceae	239759 Alistipes	NA Alistipes species incertae sedis	GH97	1
12882	171552 Prevotellaceae	838 Prevotella	1262917 Prevotella sp. CAG:1031	CBM32	0.8333333333333334
12882	171552 Prevotellaceae	838 Prevotella	1262917 Prevotella sp. CAG:1031	CBM51	0
12882	171552 Prevotellaceae	838 Prevotella	1262917 Prevotella sp. CAG:1031	GH109	0
12882	171552 Prevotellaceae	838 Prevotella	1262917 Prevotella sp. CAG:1031	GH110	0
12882	171552 Prevotellaceae	838 Prevotella	1262917 Prevotella sp. CAG:1031	GH112	0
12882	171552 Prevotellaceae	838 Prevotella	1262917 Prevotella sp. CAG:1031	GH123	0
12882	171552 Prevotellaceae	838 Prevotella	1262917 Prevotella sp. CAG:1031	GH130	0.041666666666666664
12882	171552 Prevotellaceae	838 Prevotella	1262917 Prevotella sp. CAG:1031	GH136	0
12882	171552 Prevotellaceae	838 Prevotella	1262917 Prevotella sp. CAG:1031	GH16	0.9583333333333334
12882	171552 Prevotellaceae	838 Prevotella	1262917 Prevotella sp. CAG:1031	GH18	0
12882	171552 Prevotellaceae	838 Prevotella	1262917 Prevotella sp. CAG:1031	GH2	0.75
12882	171552 Prevotellaceae	838 Prevotella	1262917 Prevotella sp. CAG:1031	GH20	0.9583333333333334
12882	171552 Prevotellaceae	838 Prevotella	1262917 Prevotella sp. CAG:1031	GH27	0
12882	171552 Prevotellaceae	838 Prevotella	1262917 Prevotella sp. CAG:1031	GH29	1
12882	171552 Prevotellaceae	838 Prevotella	1262917 Prevotella sp. CAG:1031	GH31	0.875
12882	171552 Prevotellaceae	838 Prevotella	1262917 Prevotella sp. CAG:1031	GH33	0
12882	171552 Prevotellaceae	838 Prevotella	1262917 Prevotella sp. CAG:1031	GH35	0
12882	171552 Prevotellaceae	838 Prevotella	1262917 Prevotella sp. CAG:1031	GH36	0.08333333333333333
12882	171552 Prevotellaceae	838 Prevotella	1262917 Prevotella sp. CAG:1031	GH42	0
12882	171552 Prevotellaceae	838 Prevotella	1262917 Prevotella sp. CAG:1031	GH84	1
12882	171552 Prevotellaceae	838 Prevotella	1262917 Prevotella sp. CAG:1031	GH85	0
12882	171552 Prevotellaceae	838 Prevotella	1262917 Prevotella sp. CAG:1031	GH89	0
12882	171552 Prevotellaceae	838 Prevotella	1262917 Prevotella sp. CAG:1031	GH92	0.875
12882	171552 Prevotellaceae	838 Prevotella	1262917 Prevotella sp. CAG:1031	GH95	0
12882	171552 Prevotellaceae	838 Prevotella	1262917 Prevotella sp. CAG:1031	GH97	1
12932	171552 Prevotellaceae	838 Prevotella	NA Prevotella species incertae sedis	CBM32	0.98
12932	171552 Prevotellaceae	838 Prevotella	NA Prevotella species incertae sedis	CBM51	0.82
12932	171552 Prevotellaceae	838 Prevotella	NA Prevotella species incertae sedis	GH109	0.96
12932	171552 Prevotellaceae	838 Prevotella	NA Prevotella species incertae sedis	GH110	0
12932	171552 Prevotellaceae	838 Prevotella	NA Prevotella species incertae sedis	GH112	0
12932	171552 Prevotellaceae	838 Prevotella	NA Prevotella species incertae sedis	GH123	0.92
12932	171552 Prevotellaceae	838 Prevotella	NA Prevotella species incertae sedis	GH130	1
12932	171552 Prevotellaceae	838 Prevotella	NA Prevotella species incertae sedis	GH136	0
12932	171552 Prevotellaceae	838 Prevotella	NA Prevotella species incertae sedis	GH16	0.98
12932	171552 Prevotellaceae	838 Prevotella	NA Prevotella species incertae sedis	GH18	0
12932	171552 Prevotellaceae	838 Prevotella	NA Prevotella species incertae sedis	GH2	1
12932	171552 Prevotellaceae	838 Prevotella	NA Prevotella species incertae sedis	GH20	1
12932	171552 Prevotellaceae	838 Prevotella	NA Prevotella species incertae sedis	GH27	1
12932	171552 Prevotellaceae	838 Prevotella	NA Prevotella species incertae sedis	GH29	1
12932	171552 Prevotellaceae	838 Prevotella	NA Prevotella species incertae sedis	GH31	0.94
12932	171552 Prevotellaceae	838 Prevotella	NA Prevotella species incertae sedis	GH33	0.98
12932	171552 Prevotellaceae	838 Prevotella	NA Prevotella species incertae sedis	GH35	0
12932	171552 Prevotellaceae	838 Prevotella	NA Prevotella species incertae sedis	GH36	0.98
12932	171552 Prevotellaceae	838 Prevotella	NA Prevotella species incertae sedis	GH42	0
12932	171552 Prevotellaceae	838 Prevotella	NA Prevotella species incertae sedis	GH84	0.8
12932	171552 Prevotellaceae	838 Prevotella	NA Prevotella species incertae sedis	GH85	0.98
12932	171552 Prevotellaceae	838 Prevotella	NA Prevotella species incertae sedis	GH89	0.9
12932	171552 Prevotellaceae	838 Prevotella	NA Prevotella species incertae sedis	GH92	1
12932	171552 Prevotellaceae	838 Prevotella	NA Prevotella species incertae sedis	GH95	1
12932	171552 Prevotellaceae	838 Prevotella	NA Prevotella species incertae sedis	GH97	0.98
12973	171550 Rikenellaceae	239759 Alistipes	NA Alistipes species incertae sedis	CBM32	0
12973	171550 Rikenellaceae	239759 Alistipes	NA Alistipes species incertae sedis	CBM51	0
12973	171550 Rikenellaceae	239759 Alistipes	NA Alistipes species incertae sedis	GH109	0
12973	171550 Rikenellaceae	239759 Alistipes	NA Alistipes species incertae sedis	GH110	0
12973	171550 Rikenellaceae	239759 Alistipes	NA Alistipes species incertae sedis	GH112	0
12973	171550 Rikenellaceae	239759 Alistipes	NA Alistipes species incertae sedis	GH123	0
12973	171550 Rikenellaceae	239759 Alistipes	NA Alistipes species incertae sedis	GH130	0
12973	171550 Rikenellaceae	239759 Alistipes	NA Alistipes species incertae sedis	GH136	0
12973	171550 Rikenellaceae	239759 Alistipes	NA Alistipes species incertae sedis	GH16	0
12973	171550 Rikenellaceae	239759 Alistipes	NA Alistipes species incertae sedis	GH18	0
12973	171550 Rikenellaceae	239759 Alistipes	NA Alistipes species incertae sedis	GH2	1
12973	171550 Rikenellaceae	239759 Alistipes	NA Alistipes species incertae sedis	GH20	0.8695652173913043
12973	171550 Rikenellaceae	239759 Alistipes	NA Alistipes species incertae sedis	GH27	0
12973	171550 Rikenellaceae	239759 Alistipes	NA Alistipes species incertae sedis	GH29	1
12973	171550 Rikenellaceae	239759 Alistipes	NA Alistipes species incertae sedis	GH31	0
12973	171550 Rikenellaceae	239759 Alistipes	NA Alistipes species incertae sedis	GH33	0
12973	171550 Rikenellaceae	239759 Alistipes	NA Alistipes species incertae sedis	GH35	0
12973	171550 Rikenellaceae	239759 Alistipes	NA Alistipes species incertae sedis	GH36	0
12973	171550 Rikenellaceae	239759 Alistipes	NA Alistipes species incertae sedis	GH42	0
12973	171550 Rikenellaceae	239759 Alistipes	NA Alistipes species incertae sedis	GH84	0
12973	171550 Rikenellaceae	239759 Alistipes	NA Alistipes species incertae sedis	GH85	0
12973	171550 Rikenellaceae	239759 Alistipes	NA Alistipes species incertae sedis	GH89	0
12973	171550 Rikenellaceae	239759 Alistipes	NA Alistipes species incertae sedis	GH92	0
12973	171550 Rikenellaceae	239759 Alistipes	NA Alistipes species incertae sedis	GH95	0
12973	171550 Rikenellaceae	239759 Alistipes	NA Alistipes species incertae sedis	GH97	0
12985	171550 Rikenellaceae	239759 Alistipes	NA Alistipes species incertae sedis	CBM32	1
12985	171550 Rikenellaceae	239759 Alistipes	NA Alistipes species incertae sedis	CBM51	0
12985	171550 Rikenellaceae	239759 Alistipes	NA Alistipes species incertae sedis	GH109	0.92
12985	171550 Rikenellaceae	239759 Alistipes	NA Alistipes species incertae sedis	GH110	0.92
12985	171550 Rikenellaceae	239759 Alistipes	NA Alistipes species incertae sedis	GH112	0
12985	171550 Rikenellaceae	239759 Alistipes	NA Alistipes species incertae sedis	GH123	0.88
12985	171550 Rikenellaceae	239759 Alistipes	NA Alistipes species incertae sedis	GH130	1
12985	171550 Rikenellaceae	239759 Alistipes	NA Alistipes species incertae sedis	GH136	0
12985	171550 Rikenellaceae	239759 Alistipes	NA Alistipes species incertae sedis	GH16	0.94
12985	171550 Rikenellaceae	239759 Alistipes	NA Alistipes species incertae sedis	GH18	1
12985	171550 Rikenellaceae	239759 Alistipes	NA Alistipes species incertae sedis	GH2	1
12985	171550 Rikenellaceae	239759 Alistipes	NA Alistipes species incertae sedis	GH20	1
12985	171550 Rikenellaceae	239759 Alistipes	NA Alistipes species incertae sedis	GH27	0.08
12985	171550 Rikenellaceae	239759 Alistipes	NA Alistipes species incertae sedis	GH29	1
12985	171550 Rikenellaceae	239759 Alistipes	NA Alistipes species incertae sedis	GH31	0.92
12985	171550 Rikenellaceae	239759 Alistipes	NA Alistipes species incertae sedis	GH33	1
12985	171550 Rikenellaceae	239759 Alistipes	NA Alistipes species incertae sedis	GH35	0.98
12985	171550 Rikenellaceae	239759 Alistipes	NA Alistipes species incertae sedis	GH36	0
12985	171550 Rikenellaceae	239759 Alistipes	NA Alistipes species incertae sedis	GH42	0
12985	171550 Rikenellaceae	239759 Alistipes	NA Alistipes species incertae sedis	GH84	0.94
12985	171550 Rikenellaceae	239759 Alistipes	NA Alistipes species incertae sedis	GH85	0
12985	171550 Rikenellaceae	239759 Alistipes	NA Alistipes species incertae sedis	GH89	0.46
12985	171550 Rikenellaceae	239759 Alistipes	NA Alistipes species incertae sedis	GH92	1
12985	171550 Rikenellaceae	239759 Alistipes	NA Alistipes species incertae sedis	GH95	0
12985	171550 Rikenellaceae	239759 Alistipes	NA Alistipes species incertae sedis	GH97	1
13041	171550 Rikenellaceae	239759 Alistipes	NA Alistipes species incertae sedis	CBM32	0.030303030303030304
13041	171550 Rikenellaceae	239759 Alistipes	NA Alistipes species incertae sedis	CBM51	0
13041	171550 Rikenellaceae	239759 Alistipes	NA Alistipes species incertae sedis	GH109	0.9696969696969697
13041	171550 Rikenellaceae	239759 Alistipes	NA Alistipes species incertae sedis	GH110	0
13041	171550 Rikenellaceae	239759 Alistipes	NA Alistipes species incertae sedis	GH112	0
13041	171550 Rikenellaceae	239759 Alistipes	NA Alistipes species incertae sedis	GH123	0
13041	171550 Rikenellaceae	239759 Alistipes	NA Alistipes species incertae sedis	GH130	1
13041	171550 Rikenellaceae	239759 Alistipes	NA Alistipes species incertae sedis	GH136	0
13041	171550 Rikenellaceae	239759 Alistipes	NA Alistipes species incertae sedis	GH16	0.09090909090909091
13041	171550 Rikenellaceae	239759 Alistipes	NA Alistipes species incertae sedis	GH18	0.9696969696969697
13041	171550 Rikenellaceae	239759 Alistipes	NA Alistipes species incertae sedis	GH2	1
13041	171550 Rikenellaceae	239759 Alistipes	NA Alistipes species incertae sedis	GH20	1
13041	171550 Rikenellaceae	239759 Alistipes	NA Alistipes species incertae sedis	GH27	0
13041	171550 Rikenellaceae	239759 Alistipes	NA Alistipes species incertae sedis	GH29	0.9696969696969697
13041	171550 Rikenellaceae	239759 Alistipes	NA Alistipes species incertae sedis	GH31	0
13041	171550 Rikenellaceae	239759 Alistipes	NA Alistipes species incertae sedis	GH33	0
13041	171550 Rikenellaceae	239759 Alistipes	NA Alistipes species incertae sedis	GH35	0
13041	171550 Rikenellaceae	239759 Alistipes	NA Alistipes species incertae sedis	GH36	0
13041	171550 Rikenellaceae	239759 Alistipes	NA Alistipes species incertae sedis	GH42	0.06060606060606061
13041	171550 Rikenellaceae	239759 Alistipes	NA Alistipes species incertae sedis	GH84	0
13041	171550 Rikenellaceae	239759 Alistipes	NA Alistipes species incertae sedis	GH85	0
13041	171550 Rikenellaceae	239759 Alistipes	NA Alistipes species incertae sedis	GH89	1
13041	171550 Rikenellaceae	239759 Alistipes	NA Alistipes species incertae sedis	GH92	1
13041	171550 Rikenellaceae	239759 Alistipes	NA Alistipes species incertae sedis	GH95	0
13041	171550 Rikenellaceae	239759 Alistipes	NA Alistipes species incertae sedis	GH97	1
13106	171552 Prevotellaceae	838 Prevotella	NA Prevotella species incertae sedis	CBM32	1
13106	171552 Prevotellaceae	838 Prevotella	NA Prevotella species incertae sedis	CBM51	0
13106	171552 Prevotellaceae	838 Prevotella	NA Prevotella species incertae sedis	GH109	1
13106	171552 Prevotellaceae	838 Prevotella	NA Prevotella species incertae sedis	GH110	0.4
13106	171552 Prevotellaceae	838 Prevotella	NA Prevotella species incertae sedis	GH112	0
13106	171552 Prevotellaceae	838 Prevotella	NA Prevotella species incertae sedis	GH123	0.8666666666666667
13106	171552 Prevotellaceae	838 Prevotella	NA Prevotella species incertae sedis	GH130	1
13106	171552 Prevotellaceae	838 Prevotella	NA Prevotella species incertae sedis	GH136	0.13333333333333333
13106	171552 Prevotellaceae	838 Prevotella	NA Prevotella species incertae sedis	GH16	0.8
13106	171552 Prevotellaceae	838 Prevotella	NA Prevotella species incertae sedis	GH18	1
13106	171552 Prevotellaceae	838 Prevotella	NA Prevotella species incertae sedis	GH2	1
13106	171552 Prevotellaceae	838 Prevotella	NA Prevotella species incertae sedis	GH20	1
13106	171552 Prevotellaceae	838 Prevotella	NA Prevotella species incertae sedis	GH27	0.7333333333333333
13106	171552 Prevotellaceae	838 Prevotella	NA Prevotella species incertae sedis	GH29	1
13106	171552 Prevotellaceae	838 Prevotella	NA Prevotella species incertae sedis	GH31	1
13106	171552 Prevotellaceae	838 Prevotella	NA Prevotella species incertae sedis	GH33	0.9333333333333333
13106	171552 Prevotellaceae	838 Prevotella	NA Prevotella species incertae sedis	GH35	0
13106	171552 Prevotellaceae	838 Prevotella	NA Prevotella species incertae sedis	GH36	1
13106	171552 Prevotellaceae	838 Prevotella	NA Prevotella species incertae sedis	GH42	0
13106	171552 Prevotellaceae	838 Prevotella	NA Prevotella species incertae sedis	GH84	1
13106	171552 Prevotellaceae	838 Prevotella	NA Prevotella species incertae sedis	GH85	0
13106	171552 Prevotellaceae	838 Prevotella	NA Prevotella species incertae sedis	GH89	0.7333333333333333
13106	171552 Prevotellaceae	838 Prevotella	NA Prevotella species incertae sedis	GH92	1
13106	171552 Prevotellaceae	838 Prevotella	NA Prevotella species incertae sedis	GH95	1
13106	171552 Prevotellaceae	838 Prevotella	NA Prevotella species incertae sedis	GH97	0.9333333333333333
13154	171550 Rikenellaceae	239759 Alistipes	NA Alistipes species incertae sedis	CBM32	0.75
13154	171550 Rikenellaceae	239759 Alistipes	NA Alistipes species incertae sedis	CBM51	0.625
13154	171550 Rikenellaceae	239759 Alistipes	NA Alistipes species incertae sedis	GH109	1
13154	171550 Rikenellaceae	239759 Alistipes	NA Alistipes species incertae sedis	GH110	1
13154	171550 Rikenellaceae	239759 Alistipes	NA Alistipes species incertae sedis	GH112	0
13154	171550 Rikenellaceae	239759 Alistipes	NA Alistipes species incertae sedis	GH123	0.9166666666666666
13154	171550 Rikenellaceae	239759 Alistipes	NA Alistipes species incertae sedis	GH130	0
13154	171550 Rikenellaceae	239759 Alistipes	NA Alistipes species incertae sedis	GH136	0
13154	171550 Rikenellaceae	239759 Alistipes	NA Alistipes species incertae sedis	GH16	1
13154	171550 Rikenellaceae	239759 Alistipes	NA Alistipes species incertae sedis	GH18	0
13154	171550 Rikenellaceae	239759 Alistipes	NA Alistipes species incertae sedis	GH2	1
13154	171550 Rikenellaceae	239759 Alistipes	NA Alistipes species incertae sedis	GH20	1
13154	171550 Rikenellaceae	239759 Alistipes	NA Alistipes species incertae sedis	GH27	0.16666666666666666
13154	171550 Rikenellaceae	239759 Alistipes	NA Alistipes species incertae sedis	GH29	0.9583333333333334
13154	171550 Rikenellaceae	239759 Alistipes	NA Alistipes species incertae sedis	GH31	1
13154	171550 Rikenellaceae	239759 Alistipes	NA Alistipes species incertae sedis	GH33	1
13154	171550 Rikenellaceae	239759 Alistipes	NA Alistipes species incertae sedis	GH35	0.5833333333333334
13154	171550 Rikenellaceae	239759 Alistipes	NA Alistipes species incertae sedis	GH36	0
13154	171550 Rikenellaceae	239759 Alistipes	NA Alistipes species incertae sedis	GH42	0
13154	171550 Rikenellaceae	239759 Alistipes	NA Alistipes species incertae sedis	GH84	0
13154	171550 Rikenellaceae	239759 Alistipes	NA Alistipes species incertae sedis	GH85	0
13154	171550 Rikenellaceae	239759 Alistipes	NA Alistipes species incertae sedis	GH89	0
13154	171550 Rikenellaceae	239759 Alistipes	NA Alistipes species incertae sedis	GH92	1
13154	171550 Rikenellaceae	239759 Alistipes	NA Alistipes species incertae sedis	GH95	1
13154	171550 Rikenellaceae	239759 Alistipes	NA Alistipes species incertae sedis	GH97	1
13237	815 Bacteroidaceae	816 Bacteroides	NA Bacteroides species incertae sedis	CBM32	0
13237	815 Bacteroidaceae	816 Bacteroides	NA Bacteroides species incertae sedis	CBM51	0.3
13237	815 Bacteroidaceae	816 Bacteroides	NA Bacteroides species incertae sedis	GH109	0
13237	815 Bacteroidaceae	816 Bacteroides	NA Bacteroides species incertae sedis	GH110	0
13237	815 Bacteroidaceae	816 Bacteroides	NA Bacteroides species incertae sedis	GH112	0
13237	815 Bacteroidaceae	816 Bacteroides	NA Bacteroides species incertae sedis	GH123	0
13237	815 Bacteroidaceae	816 Bacteroides	NA Bacteroides species incertae sedis	GH130	0
13237	815 Bacteroidaceae	816 Bacteroides	NA Bacteroides species incertae sedis	GH136	0.3
13237	815 Bacteroidaceae	816 Bacteroides	NA Bacteroides species incertae sedis	GH16	0
13237	815 Bacteroidaceae	816 Bacteroides	NA Bacteroides species incertae sedis	GH18	0
13237	815 Bacteroidaceae	816 Bacteroides	NA Bacteroides species incertae sedis	GH2	1
13237	815 Bacteroidaceae	816 Bacteroides	NA Bacteroides species incertae sedis	GH20	1
13237	815 Bacteroidaceae	816 Bacteroides	NA Bacteroides species incertae sedis	GH27	0
13237	815 Bacteroidaceae	816 Bacteroides	NA Bacteroides species incertae sedis	GH29	1
13237	815 Bacteroidaceae	816 Bacteroides	NA Bacteroides species incertae sedis	GH31	0
13237	815 Bacteroidaceae	816 Bacteroides	NA Bacteroides species incertae sedis	GH33	1
13237	815 Bacteroidaceae	816 Bacteroides	NA Bacteroides species incertae sedis	GH35	0
13237	815 Bacteroidaceae	816 Bacteroides	NA Bacteroides species incertae sedis	GH36	0
13237	815 Bacteroidaceae	816 Bacteroides	NA Bacteroides species incertae sedis	GH42	0
13237	815 Bacteroidaceae	816 Bacteroides	NA Bacteroides species incertae sedis	GH84	0
13237	815 Bacteroidaceae	816 Bacteroides	NA Bacteroides species incertae sedis	GH85	0
13237	815 Bacteroidaceae	816 Bacteroides	NA Bacteroides species incertae sedis	GH89	0
13237	815 Bacteroidaceae	816 Bacteroides	NA Bacteroides species incertae sedis	GH92	0.8
13237	815 Bacteroidaceae	816 Bacteroides	NA Bacteroides species incertae sedis	GH95	1
13237	815 Bacteroidaceae	816 Bacteroides	NA Bacteroides species incertae sedis	GH97	1
13285	171552 Prevotellaceae	838 Prevotella	1262924 Prevotella sp. CAG:279	CBM32	1
13285	171552 Prevotellaceae	838 Prevotella	1262924 Prevotella sp. CAG:279	CBM51	1
13285	171552 Prevotellaceae	838 Prevotella	1262924 Prevotella sp. CAG:279	GH109	0
13285	171552 Prevotellaceae	838 Prevotella	1262924 Prevotella sp. CAG:279	GH110	0
13285	171552 Prevotellaceae	838 Prevotella	1262924 Prevotella sp. CAG:279	GH112	0
13285	171552 Prevotellaceae	838 Prevotella	1262924 Prevotella sp. CAG:279	GH123	0
13285	171552 Prevotellaceae	838 Prevotella	1262924 Prevotella sp. CAG:279	GH130	0
13285	171552 Prevotellaceae	838 Prevotella	1262924 Prevotella sp. CAG:279	GH136	0
13285	171552 Prevotellaceae	838 Prevotella	1262924 Prevotella sp. CAG:279	GH16	0.875
13285	171552 Prevotellaceae	838 Prevotella	1262924 Prevotella sp. CAG:279	GH18	1
13285	171552 Prevotellaceae	838 Prevotella	1262924 Prevotella sp. CAG:279	GH2	1
13285	171552 Prevotellaceae	838 Prevotella	1262924 Prevotella sp. CAG:279	GH20	1
13285	171552 Prevotellaceae	838 Prevotella	1262924 Prevotella sp. CAG:279	GH27	0
13285	171552 Prevotellaceae	838 Prevotella	1262924 Prevotella sp. CAG:279	GH29	1
13285	171552 Prevotellaceae	838 Prevotella	1262924 Prevotella sp. CAG:279	GH31	1
13285	171552 Prevotellaceae	838 Prevotella	1262924 Prevotella sp. CAG:279	GH33	1
13285	171552 Prevotellaceae	838 Prevotella	1262924 Prevotella sp. CAG:279	GH35	0
13285	171552 Prevotellaceae	838 Prevotella	1262924 Prevotella sp. CAG:279	GH36	0.25
13285	171552 Prevotellaceae	838 Prevotella	1262924 Prevotella sp. CAG:279	GH42	0
13285	171552 Prevotellaceae	838 Prevotella	1262924 Prevotella sp. CAG:279	GH84	0
13285	171552 Prevotellaceae	838 Prevotella	1262924 Prevotella sp. CAG:279	GH85	0
13285	171552 Prevotellaceae	838 Prevotella	1262924 Prevotella sp. CAG:279	GH89	0.75
13285	171552 Prevotellaceae	838 Prevotella	1262924 Prevotella sp. CAG:279	GH92	0
13285	171552 Prevotellaceae	838 Prevotella	1262924 Prevotella sp. CAG:279	GH95	0
13285	171552 Prevotellaceae	838 Prevotella	1262924 Prevotella sp. CAG:279	GH97	1
13295	541000 Ruminococcaceae	1924093 Anaeromassilibacillus	NA Anaeromassilibacillus species incertae sedis	CBM32	1
13295	541000 Ruminococcaceae	1924093 Anaeromassilibacillus	NA Anaeromassilibacillus species incertae sedis	CBM51	1
13295	541000 Ruminococcaceae	1924093 Anaeromassilibacillus	NA Anaeromassilibacillus species incertae sedis	GH109	0
13295	541000 Ruminococcaceae	1924093 Anaeromassilibacillus	NA Anaeromassilibacillus species incertae sedis	GH110	1
13295	541000 Ruminococcaceae	1924093 Anaeromassilibacillus	NA Anaeromassilibacillus species incertae sedis	GH112	0
13295	541000 Ruminococcaceae	1924093 Anaeromassilibacillus	NA Anaeromassilibacillus species incertae sedis	GH123	0
13295	541000 Ruminococcaceae	1924093 Anaeromassilibacillus	NA Anaeromassilibacillus species incertae sedis	GH130	0
13295	541000 Ruminococcaceae	1924093 Anaeromassilibacillus	NA Anaeromassilibacillus species incertae sedis	GH136	0.2857142857142857
13295	541000 Ruminococcaceae	1924093 Anaeromassilibacillus	NA Anaeromassilibacillus species incertae sedis	GH16	0
13295	541000 Ruminococcaceae	1924093 Anaeromassilibacillus	NA Anaeromassilibacillus species incertae sedis	GH18	0.2857142857142857
13295	541000 Ruminococcaceae	1924093 Anaeromassilibacillus	NA Anaeromassilibacillus species incertae sedis	GH2	1
13295	541000 Ruminococcaceae	1924093 Anaeromassilibacillus	NA Anaeromassilibacillus species incertae sedis	GH20	0.5714285714285714
13295	541000 Ruminococcaceae	1924093 Anaeromassilibacillus	NA Anaeromassilibacillus species incertae sedis	GH27	1
13295	541000 Ruminococcaceae	1924093 Anaeromassilibacillus	NA Anaeromassilibacillus species incertae sedis	GH29	0.8571428571428571
13295	541000 Ruminococcaceae	1924093 Anaeromassilibacillus	NA Anaeromassilibacillus species incertae sedis	GH31	0.14285714285714285
13295	541000 Ruminococcaceae	1924093 Anaeromassilibacillus	NA Anaeromassilibacillus species incertae sedis	GH33	0
13295	541000 Ruminococcaceae	1924093 Anaeromassilibacillus	NA Anaeromassilibacillus species incertae sedis	GH35	0
13295	541000 Ruminococcaceae	1924093 Anaeromassilibacillus	NA Anaeromassilibacillus species incertae sedis	GH36	0
13295	541000 Ruminococcaceae	1924093 Anaeromassilibacillus	NA Anaeromassilibacillus species incertae sedis	GH42	0
13295	541000 Ruminococcaceae	1924093 Anaeromassilibacillus	NA Anaeromassilibacillus species incertae sedis	GH84	1
13295	541000 Ruminococcaceae	1924093 Anaeromassilibacillus	NA Anaeromassilibacillus species incertae sedis	GH85	0
13295	541000 Ruminococcaceae	1924093 Anaeromassilibacillus	NA Anaeromassilibacillus species incertae sedis	GH89	0
13295	541000 Ruminococcaceae	1924093 Anaeromassilibacillus	NA Anaeromassilibacillus species incertae sedis	GH92	0.8571428571428571
13295	541000 Ruminococcaceae	1924093 Anaeromassilibacillus	NA Anaeromassilibacillus species incertae sedis	GH95	0
13295	541000 Ruminococcaceae	1924093 Anaeromassilibacillus	NA Anaeromassilibacillus species incertae sedis	GH97	1
13296	171552 Prevotellaceae	838 Prevotella	NA Prevotella species incertae sedis	CBM32	0.96
13296	171552 Prevotellaceae	838 Prevotella	NA Prevotella species incertae sedis	CBM51	0
13296	171552 Prevotellaceae	838 Prevotella	NA Prevotella species incertae sedis	GH109	0.86
13296	171552 Prevotellaceae	838 Prevotella	NA Prevotella species incertae sedis	GH110	0
13296	171552 Prevotellaceae	838 Prevotella	NA Prevotella species incertae sedis	GH112	0
13296	171552 Prevotellaceae	838 Prevotella	NA Prevotella species incertae sedis	GH123	1
13296	171552 Prevotellaceae	838 Prevotella	NA Prevotella species incertae sedis	GH130	0
13296	171552 Prevotellaceae	838 Prevotella	NA Prevotella species incertae sedis	GH136	0
13296	171552 Prevotellaceae	838 Prevotella	NA Prevotella species incertae sedis	GH16	0.34
13296	171552 Prevotellaceae	838 Prevotella	NA Prevotella species incertae sedis	GH18	0.04
13296	171552 Prevotellaceae	838 Prevotella	NA Prevotella species incertae sedis	GH2	1
13296	171552 Prevotellaceae	838 Prevotella	NA Prevotella species incertae sedis	GH20	1
13296	171552 Prevotellaceae	838 Prevotella	NA Prevotella species incertae sedis	GH27	0.96
13296	171552 Prevotellaceae	838 Prevotella	NA Prevotella species incertae sedis	GH29	1
13296	171552 Prevotellaceae	838 Prevotella	NA Prevotella species incertae sedis	GH31	0.72
13296	171552 Prevotellaceae	838 Prevotella	NA Prevotella species incertae sedis	GH33	1
13296	171552 Prevotellaceae	838 Prevotella	NA Prevotella species incertae sedis	GH35	0.92
13296	171552 Prevotellaceae	838 Prevotella	NA Prevotella species incertae sedis	GH36	0.94
13296	171552 Prevotellaceae	838 Prevotella	NA Prevotella species incertae sedis	GH42	0
13296	171552 Prevotellaceae	838 Prevotella	NA Prevotella species incertae sedis	GH84	0.98
13296	171552 Prevotellaceae	838 Prevotella	NA Prevotella species incertae sedis	GH85	0
13296	171552 Prevotellaceae	838 Prevotella	NA Prevotella species incertae sedis	GH89	0.96
13296	171552 Prevotellaceae	838 Prevotella	NA Prevotella species incertae sedis	GH92	1
13296	171552 Prevotellaceae	838 Prevotella	NA Prevotella species incertae sedis	GH95	1
13296	171552 Prevotellaceae	838 Prevotella	NA Prevotella species incertae sedis	GH97	0.98
13345	171552 Prevotellaceae	838 Prevotella	NA Prevotella species incertae sedis	CBM32	0.14285714285714285
13345	171552 Prevotellaceae	838 Prevotella	NA Prevotella species incertae sedis	CBM51	0
13345	171552 Prevotellaceae	838 Prevotella	NA Prevotella species incertae sedis	GH109	0
13345	171552 Prevotellaceae	838 Prevotella	NA Prevotella species incertae sedis	GH110	0
13345	171552 Prevotellaceae	838 Prevotella	NA Prevotella species incertae sedis	GH112	0
13345	171552 Prevotellaceae	838 Prevotella	NA Prevotella species incertae sedis	GH123	0
13345	171552 Prevotellaceae	838 Prevotella	NA Prevotella species incertae sedis	GH130	1
13345	171552 Prevotellaceae	838 Prevotella	NA Prevotella species incertae sedis	GH136	0
13345	171552 Prevotellaceae	838 Prevotella	NA Prevotella species incertae sedis	GH16	0.5714285714285714
13345	171552 Prevotellaceae	838 Prevotella	NA Prevotella species incertae sedis	GH18	0.7142857142857143
13345	171552 Prevotellaceae	838 Prevotella	NA Prevotella species incertae sedis	GH2	1
13345	171552 Prevotellaceae	838 Prevotella	NA Prevotella species incertae sedis	GH20	0
13345	171552 Prevotellaceae	838 Prevotella	NA Prevotella species incertae sedis	GH27	0.8571428571428571
13345	171552 Prevotellaceae	838 Prevotella	NA Prevotella species incertae sedis	GH29	0.42857142857142855
13345	171552 Prevotellaceae	838 Prevotella	NA Prevotella species incertae sedis	GH31	1
13345	171552 Prevotellaceae	838 Prevotella	NA Prevotella species incertae sedis	GH33	0
13345	171552 Prevotellaceae	838 Prevotella	NA Prevotella species incertae sedis	GH35	1
13345	171552 Prevotellaceae	838 Prevotella	NA Prevotella species incertae sedis	GH36	0.8571428571428571
13345	171552 Prevotellaceae	838 Prevotella	NA Prevotella species incertae sedis	GH42	0
13345	171552 Prevotellaceae	838 Prevotella	NA Prevotella species incertae sedis	GH84	0
13345	171552 Prevotellaceae	838 Prevotella	NA Prevotella species incertae sedis	GH85	0
13345	171552 Prevotellaceae	838 Prevotella	NA Prevotella species incertae sedis	GH89	1
13345	171552 Prevotellaceae	838 Prevotella	NA Prevotella species incertae sedis	GH92	0.8571428571428571
13345	171552 Prevotellaceae	838 Prevotella	NA Prevotella species incertae sedis	GH95	1
13345	171552 Prevotellaceae	838 Prevotella	NA Prevotella species incertae sedis	GH97	1
13395	171552 Prevotellaceae	838 Prevotella	1262927 Prevotella sp. CAG:485	CBM32	0
13395	171552 Prevotellaceae	838 Prevotella	1262927 Prevotella sp. CAG:485	CBM51	0
13395	171552 Prevotellaceae	838 Prevotella	1262927 Prevotella sp. CAG:485	GH109	0.875
13395	171552 Prevotellaceae	838 Prevotella	1262927 Prevotella sp. CAG:485	GH110	0
13395	171552 Prevotellaceae	838 Prevotella	1262927 Prevotella sp. CAG:485	GH112	0
13395	171552 Prevotellaceae	838 Prevotella	1262927 Prevotella sp. CAG:485	GH123	0
13395	171552 Prevotellaceae	838 Prevotella	1262927 Prevotella sp. CAG:485	GH130	0
13395	171552 Prevotellaceae	838 Prevotella	1262927 Prevotella sp. CAG:485	GH136	0
13395	171552 Prevotellaceae	838 Prevotella	1262927 Prevotella sp. CAG:485	GH16	0
13395	171552 Prevotellaceae	838 Prevotella	1262927 Prevotella sp. CAG:485	GH18	0
13395	171552 Prevotellaceae	838 Prevotella	1262927 Prevotella sp. CAG:485	GH2	1
13395	171552 Prevotellaceae	838 Prevotella	1262927 Prevotella sp. CAG:485	GH20	0
13395	171552 Prevotellaceae	838 Prevotella	1262927 Prevotella sp. CAG:485	GH27	0
13395	171552 Prevotellaceae	838 Prevotella	1262927 Prevotella sp. CAG:485	GH29	1
13395	171552 Prevotellaceae	838 Prevotella	1262927 Prevotella sp. CAG:485	GH31	0.875
13395	171552 Prevotellaceae	838 Prevotella	1262927 Prevotella sp. CAG:485	GH33	1
13395	171552 Prevotellaceae	838 Prevotella	1262927 Prevotella sp. CAG:485	GH35	0
13395	171552 Prevotellaceae	838 Prevotella	1262927 Prevotella sp. CAG:485	GH36	0
13395	171552 Prevotellaceae	838 Prevotella	1262927 Prevotella sp. CAG:485	GH42	0
13395	171552 Prevotellaceae	838 Prevotella	1262927 Prevotella sp. CAG:485	GH84	0.75
13395	171552 Prevotellaceae	838 Prevotella	1262927 Prevotella sp. CAG:485	GH85	0
13395	171552 Prevotellaceae	838 Prevotella	1262927 Prevotella sp. CAG:485	GH89	0
13395	171552 Prevotellaceae	838 Prevotella	1262927 Prevotella sp. CAG:485	GH92	0
13395	171552 Prevotellaceae	838 Prevotella	1262927 Prevotella sp. CAG:485	GH95	0
13395	171552 Prevotellaceae	838 Prevotella	1262927 Prevotella sp. CAG:485	GH97	1
13667	171552 Prevotellaceae	838 Prevotella	NA Prevotella species incertae sedis	CBM32	0.5652173913043478
13667	171552 Prevotellaceae	838 Prevotella	NA Prevotella species incertae sedis	CBM51	0
13667	171552 Prevotellaceae	838 Prevotella	NA Prevotella species incertae sedis	GH109	0
13667	171552 Prevotellaceae	838 Prevotella	NA Prevotella species incertae sedis	GH110	0
13667	171552 Prevotellaceae	838 Prevotella	NA Prevotella species incertae sedis	GH112	0
13667	171552 Prevotellaceae	838 Prevotella	NA Prevotella species incertae sedis	GH123	0
13667	171552 Prevotellaceae	838 Prevotella	NA Prevotella species incertae sedis	GH130	0
13667	171552 Prevotellaceae	838 Prevotella	NA Prevotella species incertae sedis	GH136	0
13667	171552 Prevotellaceae	838 Prevotella	NA Prevotella species incertae sedis	GH16	0.13043478260869565
13667	171552 Prevotellaceae	838 Prevotella	NA Prevotella species incertae sedis	GH18	0
13667	171552 Prevotellaceae	838 Prevotella	NA Prevotella species incertae sedis	GH2	1
13667	171552 Prevotellaceae	838 Prevotella	NA Prevotella species incertae sedis	GH20	0
13667	171552 Prevotellaceae	838 Prevotella	NA Prevotella species incertae sedis	GH27	0
13667	171552 Prevotellaceae	838 Prevotella	NA Prevotella species incertae sedis	GH29	0.6521739130434783
13667	171552 Prevotellaceae	838 Prevotella	NA Prevotella species incertae sedis	GH31	1
13667	171552 Prevotellaceae	838 Prevotella	NA Prevotella species incertae sedis	GH33	0
13667	171552 Prevotellaceae	838 Prevotella	NA Prevotella species incertae sedis	GH35	1
13667	171552 Prevotellaceae	838 Prevotella	NA Prevotella species incertae sedis	GH36	0
13667	171552 Prevotellaceae	838 Prevotella	NA Prevotella species incertae sedis	GH42	0
13667	171552 Prevotellaceae	838 Prevotella	NA Prevotella species incertae sedis	GH84	0
13667	171552 Prevotellaceae	838 Prevotella	NA Prevotella species incertae sedis	GH85	0
13667	171552 Prevotellaceae	838 Prevotella	NA Prevotella species incertae sedis	GH89	0
13667	171552 Prevotellaceae	838 Prevotella	NA Prevotella species incertae sedis	GH92	0
13667	171552 Prevotellaceae	838 Prevotella	NA Prevotella species incertae sedis	GH95	1
13667	171552 Prevotellaceae	838 Prevotella	NA Prevotella species incertae sedis	GH97	1
13836	1647988 Akkermansiaceae	239934 Akkermansia	NA Akkermansia species incertae sedis	CBM32	1
13836	1647988 Akkermansiaceae	239934 Akkermansia	NA Akkermansia species incertae sedis	CBM51	1
13836	1647988 Akkermansiaceae	239934 Akkermansia	NA Akkermansia species incertae sedis	GH109	1
13836	1647988 Akkermansiaceae	239934 Akkermansia	NA Akkermansia species incertae sedis	GH110	1
13836	1647988 Akkermansiaceae	239934 Akkermansia	NA Akkermansia species incertae sedis	GH112	0
13836	1647988 Akkermansiaceae	239934 Akkermansia	NA Akkermansia species incertae sedis	GH123	1
13836	1647988 Akkermansiaceae	239934 Akkermansia	NA Akkermansia species incertae sedis	GH130	0
13836	1647988 Akkermansiaceae	239934 Akkermansia	NA Akkermansia species incertae sedis	GH136	0
13836	1647988 Akkermansiaceae	239934 Akkermansia	NA Akkermansia species incertae sedis	GH16	1
13836	1647988 Akkermansiaceae	239934 Akkermansia	NA Akkermansia species incertae sedis	GH18	0
13836	1647988 Akkermansiaceae	239934 Akkermansia	NA Akkermansia species incertae sedis	GH2	1
13836	1647988 Akkermansiaceae	239934 Akkermansia	NA Akkermansia species incertae sedis	GH20	1
13836	1647988 Akkermansiaceae	239934 Akkermansia	NA Akkermansia species incertae sedis	GH27	1
13836	1647988 Akkermansiaceae	239934 Akkermansia	NA Akkermansia species incertae sedis	GH29	1
13836	1647988 Akkermansiaceae	239934 Akkermansia	NA Akkermansia species incertae sedis	GH31	1
13836	1647988 Akkermansiaceae	239934 Akkermansia	NA Akkermansia species incertae sedis	GH33	1
13836	1647988 Akkermansiaceae	239934 Akkermansia	NA Akkermansia species incertae sedis	GH35	1
13836	1647988 Akkermansiaceae	239934 Akkermansia	NA Akkermansia species incertae sedis	GH36	1
13836	1647988 Akkermansiaceae	239934 Akkermansia	NA Akkermansia species incertae sedis	GH42	0
13836	1647988 Akkermansiaceae	239934 Akkermansia	NA Akkermansia species incertae sedis	GH84	1
13836	1647988 Akkermansiaceae	239934 Akkermansia	NA Akkermansia species incertae sedis	GH85	0
13836	1647988 Akkermansiaceae	239934 Akkermansia	NA Akkermansia species incertae sedis	GH89	1
13836	1647988 Akkermansiaceae	239934 Akkermansia	NA Akkermansia species incertae sedis	GH92	1
13836	1647988 Akkermansiaceae	239934 Akkermansia	NA Akkermansia species incertae sedis	GH95	1
13836	1647988 Akkermansiaceae	239934 Akkermansia	NA Akkermansia species incertae sedis	GH97	1
13930	171552 Prevotellaceae	838 Prevotella	NA Prevotella species incertae sedis	CBM32	1
13930	171552 Prevotellaceae	838 Prevotella	NA Prevotella species incertae sedis	CBM51	0
13930	171552 Prevotellaceae	838 Prevotella	NA Prevotella species incertae sedis	GH109	1
13930	171552 Prevotellaceae	838 Prevotella	NA Prevotella species incertae sedis	GH110	0.14285714285714285
13930	171552 Prevotellaceae	838 Prevotella	NA Prevotella species incertae sedis	GH112	0
13930	171552 Prevotellaceae	838 Prevotella	NA Prevotella species incertae sedis	GH123	0.9285714285714286
13930	171552 Prevotellaceae	838 Prevotella	NA Prevotella species incertae sedis	GH130	0.9285714285714286
13930	171552 Prevotellaceae	838 Prevotella	NA Prevotella species incertae sedis	GH136	0
13930	171552 Prevotellaceae	838 Prevotella	NA Prevotella species incertae sedis	GH16	0.9285714285714286
13930	171552 Prevotellaceae	838 Prevotella	NA Prevotella species incertae sedis	GH18	1
13930	171552 Prevotellaceae	838 Prevotella	NA Prevotella species incertae sedis	GH2	1
13930	171552 Prevotellaceae	838 Prevotella	NA Prevotella species incertae sedis	GH20	1
13930	171552 Prevotellaceae	838 Prevotella	NA Prevotella species incertae sedis	GH27	0.9285714285714286
13930	171552 Prevotellaceae	838 Prevotella	NA Prevotella species incertae sedis	GH29	1
13930	171552 Prevotellaceae	838 Prevotella	NA Prevotella species incertae sedis	GH31	1
13930	171552 Prevotellaceae	838 Prevotella	NA Prevotella species incertae sedis	GH33	0.9285714285714286
13930	171552 Prevotellaceae	838 Prevotella	NA Prevotella species incertae sedis	GH35	0.42857142857142855
13930	171552 Prevotellaceae	838 Prevotella	NA Prevotella species incertae sedis	GH36	1
13930	171552 Prevotellaceae	838 Prevotella	NA Prevotella species incertae sedis	GH42	0
13930	171552 Prevotellaceae	838 Prevotella	NA Prevotella species incertae sedis	GH84	1
13930	171552 Prevotellaceae	838 Prevotella	NA Prevotella species incertae sedis	GH85	0
13930	171552 Prevotellaceae	838 Prevotella	NA Prevotella species incertae sedis	GH89	1
13930	171552 Prevotellaceae	838 Prevotella	NA Prevotella species incertae sedis	GH92	1
13930	171552 Prevotellaceae	838 Prevotella	NA Prevotella species incertae sedis	GH95	1
13930	171552 Prevotellaceae	838 Prevotella	NA Prevotella species incertae sedis	GH97	1
14091	171550 Rikenellaceae	239759 Alistipes	NA Alistipes species incertae sedis	CBM32	0
14091	171550 Rikenellaceae	239759 Alistipes	NA Alistipes species incertae sedis	CBM51	0
14091	171550 Rikenellaceae	239759 Alistipes	NA Alistipes species incertae sedis	GH109	0
14091	171550 Rikenellaceae	239759 Alistipes	NA Alistipes species incertae sedis	GH110	0
14091	171550 Rikenellaceae	239759 Alistipes	NA Alistipes species incertae sedis	GH112	0
14091	171550 Rikenellaceae	239759 Alistipes	NA Alistipes species incertae sedis	GH123	0.2
14091	171550 Rikenellaceae	239759 Alistipes	NA Alistipes species incertae sedis	GH130	0
14091	171550 Rikenellaceae	239759 Alistipes	NA Alistipes species incertae sedis	GH136	0
14091	171550 Rikenellaceae	239759 Alistipes	NA Alistipes species incertae sedis	GH16	0
14091	171550 Rikenellaceae	239759 Alistipes	NA Alistipes species incertae sedis	GH18	1
14091	171550 Rikenellaceae	239759 Alistipes	NA Alistipes species incertae sedis	GH2	1
14091	171550 Rikenellaceae	239759 Alistipes	NA Alistipes species incertae sedis	GH20	1
14091	171550 Rikenellaceae	239759 Alistipes	NA Alistipes species incertae sedis	GH27	0
14091	171550 Rikenellaceae	239759 Alistipes	NA Alistipes species incertae sedis	GH29	0.2
14091	171550 Rikenellaceae	239759 Alistipes	NA Alistipes species incertae sedis	GH31	0
14091	171550 Rikenellaceae	239759 Alistipes	NA Alistipes species incertae sedis	GH33	0
14091	171550 Rikenellaceae	239759 Alistipes	NA Alistipes species incertae sedis	GH35	0
14091	171550 Rikenellaceae	239759 Alistipes	NA Alistipes species incertae sedis	GH36	0
14091	171550 Rikenellaceae	239759 Alistipes	NA Alistipes species incertae sedis	GH42	0
14091	171550 Rikenellaceae	239759 Alistipes	NA Alistipes species incertae sedis	GH84	1
14091	171550 Rikenellaceae	239759 Alistipes	NA Alistipes species incertae sedis	GH85	0
14091	171550 Rikenellaceae	239759 Alistipes	NA Alistipes species incertae sedis	GH89	0
14091	171550 Rikenellaceae	239759 Alistipes	NA Alistipes species incertae sedis	GH92	0
14091	171550 Rikenellaceae	239759 Alistipes	NA Alistipes species incertae sedis	GH95	0
14091	171550 Rikenellaceae	239759 Alistipes	NA Alistipes species incertae sedis	GH97	0
14216	171550 Rikenellaceae	239759 Alistipes	NA Alistipes species incertae sedis	CBM32	0
14216	171550 Rikenellaceae	239759 Alistipes	NA Alistipes species incertae sedis	CBM51	0
14216	171550 Rikenellaceae	239759 Alistipes	NA Alistipes species incertae sedis	GH109	0.8
14216	171550 Rikenellaceae	239759 Alistipes	NA Alistipes species incertae sedis	GH110	0
14216	171550 Rikenellaceae	239759 Alistipes	NA Alistipes species incertae sedis	GH112	0
14216	171550 Rikenellaceae	239759 Alistipes	NA Alistipes species incertae sedis	GH123	0
14216	171550 Rikenellaceae	239759 Alistipes	NA Alistipes species incertae sedis	GH130	0
14216	171550 Rikenellaceae	239759 Alistipes	NA Alistipes species incertae sedis	GH136	0
14216	171550 Rikenellaceae	239759 Alistipes	NA Alistipes species incertae sedis	GH16	0
14216	171550 Rikenellaceae	239759 Alistipes	NA Alistipes species incertae sedis	GH18	0.2
14216	171550 Rikenellaceae	239759 Alistipes	NA Alistipes species incertae sedis	GH2	1
14216	171550 Rikenellaceae	239759 Alistipes	NA Alistipes species incertae sedis	GH20	1
14216	171550 Rikenellaceae	239759 Alistipes	NA Alistipes species incertae sedis	GH27	0
14216	171550 Rikenellaceae	239759 Alistipes	NA Alistipes species incertae sedis	GH29	1
14216	171550 Rikenellaceae	239759 Alistipes	NA Alistipes species incertae sedis	GH31	1
14216	171550 Rikenellaceae	239759 Alistipes	NA Alistipes species incertae sedis	GH33	0
14216	171550 Rikenellaceae	239759 Alistipes	NA Alistipes species incertae sedis	GH35	0
14216	171550 Rikenellaceae	239759 Alistipes	NA Alistipes species incertae sedis	GH36	1
14216	171550 Rikenellaceae	239759 Alistipes	NA Alistipes species incertae sedis	GH42	0
14216	171550 Rikenellaceae	239759 Alistipes	NA Alistipes species incertae sedis	GH84	0
14216	171550 Rikenellaceae	239759 Alistipes	NA Alistipes species incertae sedis	GH85	0
14216	171550 Rikenellaceae	239759 Alistipes	NA Alistipes species incertae sedis	GH89	0
14216	171550 Rikenellaceae	239759 Alistipes	NA Alistipes species incertae sedis	GH92	1
14216	171550 Rikenellaceae	239759 Alistipes	NA Alistipes species incertae sedis	GH95	1
14216	171550 Rikenellaceae	239759 Alistipes	NA Alistipes species incertae sedis	GH97	1
17325	2005525 Tannerellaceae	375288 Parabacteroides	NA Parabacteroides species incertae sedis	CBM32	1
17325	2005525 Tannerellaceae	375288 Parabacteroides	NA Parabacteroides species incertae sedis	CBM51	1
17325	2005525 Tannerellaceae	375288 Parabacteroides	NA Parabacteroides species incertae sedis	GH109	1
17325	2005525 Tannerellaceae	375288 Parabacteroides	NA Parabacteroides species incertae sedis	GH110	1
17325	2005525 Tannerellaceae	375288 Parabacteroides	NA Parabacteroides species incertae sedis	GH112	0
17325	2005525 Tannerellaceae	375288 Parabacteroides	NA Parabacteroides species incertae sedis	GH123	0.875
17325	2005525 Tannerellaceae	375288 Parabacteroides	NA Parabacteroides species incertae sedis	GH130	1
17325	2005525 Tannerellaceae	375288 Parabacteroides	NA Parabacteroides species incertae sedis	GH136	0.875
17325	2005525 Tannerellaceae	375288 Parabacteroides	NA Parabacteroides species incertae sedis	GH16	1
17325	2005525 Tannerellaceae	375288 Parabacteroides	NA Parabacteroides species incertae sedis	GH18	0
17325	2005525 Tannerellaceae	375288 Parabacteroides	NA Parabacteroides species incertae sedis	GH2	1
17325	2005525 Tannerellaceae	375288 Parabacteroides	NA Parabacteroides species incertae sedis	GH20	1
17325	2005525 Tannerellaceae	375288 Parabacteroides	NA Parabacteroides species incertae sedis	GH27	0
17325	2005525 Tannerellaceae	375288 Parabacteroides	NA Parabacteroides species incertae sedis	GH29	1
17325	2005525 Tannerellaceae	375288 Parabacteroides	NA Parabacteroides species incertae sedis	GH31	1
17325	2005525 Tannerellaceae	375288 Parabacteroides	NA Parabacteroides species incertae sedis	GH33	1
17325	2005525 Tannerellaceae	375288 Parabacteroides	NA Parabacteroides species incertae sedis	GH35	1
17325	2005525 Tannerellaceae	375288 Parabacteroides	NA Parabacteroides species incertae sedis	GH36	1
17325	2005525 Tannerellaceae	375288 Parabacteroides	NA Parabacteroides species incertae sedis	GH42	0.25
17325	2005525 Tannerellaceae	375288 Parabacteroides	NA Parabacteroides species incertae sedis	GH84	1
17325	2005525 Tannerellaceae	375288 Parabacteroides	NA Parabacteroides species incertae sedis	GH85	0
17325	2005525 Tannerellaceae	375288 Parabacteroides	NA Parabacteroides species incertae sedis	GH89	1
17325	2005525 Tannerellaceae	375288 Parabacteroides	NA Parabacteroides species incertae sedis	GH92	1
17325	2005525 Tannerellaceae	375288 Parabacteroides	NA Parabacteroides species incertae sedis	GH95	1
17325	2005525 Tannerellaceae	375288 Parabacteroides	NA Parabacteroides species incertae sedis	GH97	1
17409	171550 Rikenellaceae	239759 Alistipes	NA Alistipes species incertae sedis	CBM32	0
17409	171550 Rikenellaceae	239759 Alistipes	NA Alistipes species incertae sedis	CBM51	0
17409	171550 Rikenellaceae	239759 Alistipes	NA Alistipes species incertae sedis	GH109	1
17409	171550 Rikenellaceae	239759 Alistipes	NA Alistipes species incertae sedis	GH110	0
17409	171550 Rikenellaceae	239759 Alistipes	NA Alistipes species incertae sedis	GH112	0
17409	171550 Rikenellaceae	239759 Alistipes	NA Alistipes species incertae sedis	GH123	1
17409	171550 Rikenellaceae	239759 Alistipes	NA Alistipes species incertae sedis	GH130	1
17409	171550 Rikenellaceae	239759 Alistipes	NA Alistipes species incertae sedis	GH136	0
17409	171550 Rikenellaceae	239759 Alistipes	NA Alistipes species incertae sedis	GH16	0
17409	171550 Rikenellaceae	239759 Alistipes	NA Alistipes species incertae sedis	GH18	1
17409	171550 Rikenellaceae	239759 Alistipes	NA Alistipes species incertae sedis	GH2	1
17409	171550 Rikenellaceae	239759 Alistipes	NA Alistipes species incertae sedis	GH20	1
17409	171550 Rikenellaceae	239759 Alistipes	NA Alistipes species incertae sedis	GH27	0.5714285714285714
17409	171550 Rikenellaceae	239759 Alistipes	NA Alistipes species incertae sedis	GH29	0.7142857142857143
17409	171550 Rikenellaceae	239759 Alistipes	NA Alistipes species incertae sedis	GH31	1
17409	171550 Rikenellaceae	239759 Alistipes	NA Alistipes species incertae sedis	GH33	1
17409	171550 Rikenellaceae	239759 Alistipes	NA Alistipes species incertae sedis	GH35	0
17409	171550 Rikenellaceae	239759 Alistipes	NA Alistipes species incertae sedis	GH36	0
17409	171550 Rikenellaceae	239759 Alistipes	NA Alistipes species incertae sedis	GH42	0.2857142857142857
17409	171550 Rikenellaceae	239759 Alistipes	NA Alistipes species incertae sedis	GH84	1
17409	171550 Rikenellaceae	239759 Alistipes	NA Alistipes species incertae sedis	GH85	0
17409	171550 Rikenellaceae	239759 Alistipes	NA Alistipes species incertae sedis	GH89	1
17409	171550 Rikenellaceae	239759 Alistipes	NA Alistipes species incertae sedis	GH92	1
17409	171550 Rikenellaceae	239759 Alistipes	NA Alistipes species incertae sedis	GH95	0
17409	171550 Rikenellaceae	239759 Alistipes	NA Alistipes species incertae sedis	GH97	1
17527	171552 Prevotellaceae	838 Prevotella	NA Prevotella species incertae sedis	CBM32	1
17527	171552 Prevotellaceae	838 Prevotella	NA Prevotella species incertae sedis	CBM51	0
17527	171552 Prevotellaceae	838 Prevotella	NA Prevotella species incertae sedis	GH109	1
17527	171552 Prevotellaceae	838 Prevotella	NA Prevotella species incertae sedis	GH110	0
17527	171552 Prevotellaceae	838 Prevotella	NA Prevotella species incertae sedis	GH112	0
17527	171552 Prevotellaceae	838 Prevotella	NA Prevotella species incertae sedis	GH123	1
17527	171552 Prevotellaceae	838 Prevotella	NA Prevotella species incertae sedis	GH130	0
17527	171552 Prevotellaceae	838 Prevotella	NA Prevotella species incertae sedis	GH136	0
17527	171552 Prevotellaceae	838 Prevotella	NA Prevotella species incertae sedis	GH16	1
17527	171552 Prevotellaceae	838 Prevotella	NA Prevotella species incertae sedis	GH18	0
17527	171552 Prevotellaceae	838 Prevotella	NA Prevotella species incertae sedis	GH2	1
17527	171552 Prevotellaceae	838 Prevotella	NA Prevotella species incertae sedis	GH20	1
17527	171552 Prevotellaceae	838 Prevotella	NA Prevotella species incertae sedis	GH27	1
17527	171552 Prevotellaceae	838 Prevotella	NA Prevotella species incertae sedis	GH29	1
17527	171552 Prevotellaceae	838 Prevotella	NA Prevotella species incertae sedis	GH31	0.9090909090909091
17527	171552 Prevotellaceae	838 Prevotella	NA Prevotella species incertae sedis	GH33	1
17527	171552 Prevotellaceae	838 Prevotella	NA Prevotella species incertae sedis	GH35	0
17527	171552 Prevotellaceae	838 Prevotella	NA Prevotella species incertae sedis	GH36	1
17527	171552 Prevotellaceae	838 Prevotella	NA Prevotella species incertae sedis	GH42	0
17527	171552 Prevotellaceae	838 Prevotella	NA Prevotella species incertae sedis	GH84	1
17527	171552 Prevotellaceae	838 Prevotella	NA Prevotella species incertae sedis	GH85	0
17527	171552 Prevotellaceae	838 Prevotella	NA Prevotella species incertae sedis	GH89	1
17527	171552 Prevotellaceae	838 Prevotella	NA Prevotella species incertae sedis	GH92	0.7272727272727273
17527	171552 Prevotellaceae	838 Prevotella	NA Prevotella species incertae sedis	GH95	1
17527	171552 Prevotellaceae	838 Prevotella	NA Prevotella species incertae sedis	GH97	1
17531	815 Bacteroidaceae	816 Bacteroides	NA Bacteroides species incertae sedis	CBM32	0
17531	815 Bacteroidaceae	816 Bacteroides	NA Bacteroides species incertae sedis	CBM51	0.15384615384615385
17531	815 Bacteroidaceae	816 Bacteroides	NA Bacteroides species incertae sedis	GH109	1
17531	815 Bacteroidaceae	816 Bacteroides	NA Bacteroides species incertae sedis	GH110	0
17531	815 Bacteroidaceae	816 Bacteroides	NA Bacteroides species incertae sedis	GH112	0
17531	815 Bacteroidaceae	816 Bacteroides	NA Bacteroides species incertae sedis	GH123	0
17531	815 Bacteroidaceae	816 Bacteroides	NA Bacteroides species incertae sedis	GH130	0
17531	815 Bacteroidaceae	816 Bacteroides	NA Bacteroides species incertae sedis	GH136	0
17531	815 Bacteroidaceae	816 Bacteroides	NA Bacteroides species incertae sedis	GH16	1
17531	815 Bacteroidaceae	816 Bacteroides	NA Bacteroides species incertae sedis	GH18	0
17531	815 Bacteroidaceae	816 Bacteroides	NA Bacteroides species incertae sedis	GH2	1
17531	815 Bacteroidaceae	816 Bacteroides	NA Bacteroides species incertae sedis	GH20	1
17531	815 Bacteroidaceae	816 Bacteroides	NA Bacteroides species incertae sedis	GH27	0.23076923076923078
17531	815 Bacteroidaceae	816 Bacteroides	NA Bacteroides species incertae sedis	GH29	0
17531	815 Bacteroidaceae	816 Bacteroides	NA Bacteroides species incertae sedis	GH31	0
17531	815 Bacteroidaceae	816 Bacteroides	NA Bacteroides species incertae sedis	GH33	0.23076923076923078
17531	815 Bacteroidaceae	816 Bacteroides	NA Bacteroides species incertae sedis	GH35	0
17531	815 Bacteroidaceae	816 Bacteroides	NA Bacteroides species incertae sedis	GH36	0
17531	815 Bacteroidaceae	816 Bacteroides	NA Bacteroides species incertae sedis	GH42	0
17531	815 Bacteroidaceae	816 Bacteroides	NA Bacteroides species incertae sedis	GH84	0
17531	815 Bacteroidaceae	816 Bacteroides	NA Bacteroides species incertae sedis	GH85	0
17531	815 Bacteroidaceae	816 Bacteroides	NA Bacteroides species incertae sedis	GH89	1
17531	815 Bacteroidaceae	816 Bacteroides	NA Bacteroides species incertae sedis	GH92	1
17531	815 Bacteroidaceae	816 Bacteroides	NA Bacteroides species incertae sedis	GH95	0
17531	815 Bacteroidaceae	816 Bacteroides	NA Bacteroides species incertae sedis	GH97	1
17541	171552 Prevotellaceae	838 Prevotella	NA Prevotella species incertae sedis	CBM32	1
17541	171552 Prevotellaceae	838 Prevotella	NA Prevotella species incertae sedis	CBM51	0
17541	171552 Prevotellaceae	838 Prevotella	NA Prevotella species incertae sedis	GH109	1
17541	171552 Prevotellaceae	838 Prevotella	NA Prevotella species incertae sedis	GH110	0.6
17541	171552 Prevotellaceae	838 Prevotella	NA Prevotella species incertae sedis	GH112	0
17541	171552 Prevotellaceae	838 Prevotella	NA Prevotella species incertae sedis	GH123	1
17541	171552 Prevotellaceae	838 Prevotella	NA Prevotella species incertae sedis	GH130	1
17541	171552 Prevotellaceae	838 Prevotella	NA Prevotella species incertae sedis	GH136	0
17541	171552 Prevotellaceae	838 Prevotella	NA Prevotella species incertae sedis	GH16	0.8
17541	171552 Prevotellaceae	838 Prevotella	NA Prevotella species incertae sedis	GH18	1
17541	171552 Prevotellaceae	838 Prevotella	NA Prevotella species incertae sedis	GH2	1
17541	171552 Prevotellaceae	838 Prevotella	NA Prevotella species incertae sedis	GH20	1
17541	171552 Prevotellaceae	838 Prevotella	NA Prevotella species incertae sedis	GH27	0.8
17541	171552 Prevotellaceae	838 Prevotella	NA Prevotella species incertae sedis	GH29	1
17541	171552 Prevotellaceae	838 Prevotella	NA Prevotella species incertae sedis	GH31	1
17541	171552 Prevotellaceae	838 Prevotella	NA Prevotella species incertae sedis	GH33	1
17541	171552 Prevotellaceae	838 Prevotella	NA Prevotella species incertae sedis	GH35	0
17541	171552 Prevotellaceae	838 Prevotella	NA Prevotella species incertae sedis	GH36	1
17541	171552 Prevotellaceae	838 Prevotella	NA Prevotella species incertae sedis	GH42	0
17541	171552 Prevotellaceae	838 Prevotella	NA Prevotella species incertae sedis	GH84	1
17541	171552 Prevotellaceae	838 Prevotella	NA Prevotella species incertae sedis	GH85	0
17541	171552 Prevotellaceae	838 Prevotella	NA Prevotella species incertae sedis	GH89	0.8
17541	171552 Prevotellaceae	838 Prevotella	NA Prevotella species incertae sedis	GH92	1
17541	171552 Prevotellaceae	838 Prevotella	NA Prevotella species incertae sedis	GH95	1
17541	171552 Prevotellaceae	838 Prevotella	NA Prevotella species incertae sedis	GH97	1
17655	171552 Prevotellaceae	838 Prevotella	NA Prevotella species incertae sedis	CBM32	1
17655	171552 Prevotellaceae	838 Prevotella	NA Prevotella species incertae sedis	CBM51	0
17655	171552 Prevotellaceae	838 Prevotella	NA Prevotella species incertae sedis	GH109	1
17655	171552 Prevotellaceae	838 Prevotella	NA Prevotella species incertae sedis	GH110	0
17655	171552 Prevotellaceae	838 Prevotella	NA Prevotella species incertae sedis	GH112	0
17655	171552 Prevotellaceae	838 Prevotella	NA Prevotella species incertae sedis	GH123	0.7741935483870968
17655	171552 Prevotellaceae	838 Prevotella	NA Prevotella species incertae sedis	GH130	0
17655	171552 Prevotellaceae	838 Prevotella	NA Prevotella species incertae sedis	GH136	0
17655	171552 Prevotellaceae	838 Prevotella	NA Prevotella species incertae sedis	GH16	1
17655	171552 Prevotellaceae	838 Prevotella	NA Prevotella species incertae sedis	GH18	0
17655	171552 Prevotellaceae	838 Prevotella	NA Prevotella species incertae sedis	GH2	1
17655	171552 Prevotellaceae	838 Prevotella	NA Prevotella species incertae sedis	GH20	1
17655	171552 Prevotellaceae	838 Prevotella	NA Prevotella species incertae sedis	GH27	1
17655	171552 Prevotellaceae	838 Prevotella	NA Prevotella species incertae sedis	GH29	1
17655	171552 Prevotellaceae	838 Prevotella	NA Prevotella species incertae sedis	GH31	0.967741935483871
17655	171552 Prevotellaceae	838 Prevotella	NA Prevotella species incertae sedis	GH33	0.967741935483871
17655	171552 Prevotellaceae	838 Prevotella	NA Prevotella species incertae sedis	GH35	0
17655	171552 Prevotellaceae	838 Prevotella	NA Prevotella species incertae sedis	GH36	1
17655	171552 Prevotellaceae	838 Prevotella	NA Prevotella species incertae sedis	GH42	0
17655	171552 Prevotellaceae	838 Prevotella	NA Prevotella species incertae sedis	GH84	1
17655	171552 Prevotellaceae	838 Prevotella	NA Prevotella species incertae sedis	GH85	0
17655	171552 Prevotellaceae	838 Prevotella	NA Prevotella species incertae sedis	GH89	1
17655	171552 Prevotellaceae	838 Prevotella	NA Prevotella species incertae sedis	GH92	1
17655	171552 Prevotellaceae	838 Prevotella	NA Prevotella species incertae sedis	GH95	0.967741935483871
17655	171552 Prevotellaceae	838 Prevotella	NA Prevotella species incertae sedis	GH97	1
