media,condition,species,g,strainID,strain,time_h,OD,medium_batch,media1,slope,intercept,growth_inferred
WCA,With mucin,A. muciniphila,G8P4,DSM22959,"A. muciniphila
(DSM22959)",0,7.000000000000005e-5,WCA,NA,NA,NA,TRUE
WCA,With mucin,A. muciniphila,G8P4,DSM22959,"A. muciniphila
(DSM22959)",0.30303030303030304,1.5137717387787438e-4,WCA,NA,NA,NA,TRUE
WCA,With mucin,A. muciniphila,G8P4,DSM22959,"A. muciniphila
(DSM22959)",0.6060606060606061,2.8005609367253283e-4,WCA,NA,NA,NA,TRUE
WCA,With mucin,A. muciniphila,G8P4,DSM22959,"A. muciniphila
(DSM22959)",0.9090909090909092,4.8353163368538405e-4,WCA,NA,NA,NA,TRUE
WCA,With mucin,A. muciniphila,G8P4,DSM22959,"A. muciniphila
(DSM22959)",1.2121212121212122,8.052804908376648e-4,WCA,NA,NA,NA,TRUE
WCA,With mucin,A. muciniphila,G8P4,DSM22959,"A. muciniphila
(DSM22959)",1.5151515151515151,0.0013140508672291492,WCA,NA,NA,NA,TRUE
WCA,With mucin,A. muciniphila,G8P4,DSM22959,"A. muciniphila
(DSM22959)",1.8181818181818183,0.0021185519249315,WCA,NA,NA,NA,TRUE
WCA,With mucin,A. muciniphila,G8P4,DSM22959,"A. muciniphila
(DSM22959)",2.121212121212121,0.003390681714473694,WCA,NA,NA,NA,TRUE
WCA,With mucin,A. muciniphila,G8P4,DSM22959,"A. muciniphila
(DSM22959)",2.4242424242424243,0.005402256697435879,WCA,NA,NA,NA,TRUE
WCA,With mucin,A. muciniphila,G8P4,DSM22959,"A. muciniphila
(DSM22959)",2.7272727272727275,0.008583090874375891,WCA,NA,NA,NA,TRUE
WCA,With mucin,A. muciniphila,G8P4,DSM22959,"A. muciniphila
(DSM22959)",3.0303030303030303,0.013291579180710875,WCA,NA,NA,NA,FALSE
WCA,With mucin,A. muciniphila,G8P4,DSM22959,"A. muciniphila
(DSM22959)",3.3333333333333335,0.01659018464203934,WCA,NA,NA,NA,FALSE
WCA,With mucin,A. muciniphila,G8P4,DSM22959,"A. muciniphila
(DSM22959)",3.6363636363636367,0.02070312483449104,WCA,NA,NA,NA,FALSE
WCA,With mucin,A. muciniphila,G8P4,DSM22959,"A. muciniphila
(DSM22959)",3.9393939393939394,0.025831436548336254,WCA,NA,NA,NA,FALSE
WCA,With mucin,A. muciniphila,G8P4,DSM22959,"A. muciniphila
(DSM22959)",4.242424242424242,0.029332887489449053,WCA,NA,NA,NA,FALSE
WCA,With mucin,A. muciniphila,G8P4,DSM22959,"A. muciniphila
(DSM22959)",4.545454545454546,0.03253371888935541,WCA,NA,NA,NA,FALSE
WCA,With mucin,A. muciniphila,G8P4,DSM22959,"A. muciniphila
(DSM22959)",4.848484848484849,0.036082996395253995,WCA,NA,NA,NA,FALSE
WCA,With mucin,A. muciniphila,G8P4,DSM22959,"A. muciniphila
(DSM22959)",5.151515151515151,0.039849918840653586,WCA,NA,NA,NA,FALSE
WCA,With mucin,A. muciniphila,G8P4,DSM22959,"A. muciniphila
(DSM22959)",5.454545454545455,0.04382380150760346,WCA,NA,NA,NA,FALSE
WCA,With mucin,A. muciniphila,G8P4,DSM22959,"A. muciniphila
(DSM22959)",5.757575757575758,0.04819326973457713,WCA,NA,NA,NA,FALSE
WCA,With mucin,A. muciniphila,G8P4,DSM22959,"A. muciniphila
(DSM22959)",6.0606060606060606,0.05303594606557945,WCA,NA,NA,NA,FALSE
WCA,With mucin,A. muciniphila,G8P4,DSM22959,"A. muciniphila
(DSM22959)",6.363636363636364,0.05853315693925209,WCA,NA,NA,NA,FALSE
WCA,With mucin,A. muciniphila,G8P4,DSM22959,"A. muciniphila
(DSM22959)",6.666666666666667,0.06459940630349803,WCA,NA,NA,NA,FALSE
WCA,With mucin,A. muciniphila,G8P4,DSM22959,"A. muciniphila
(DSM22959)",6.96969696969697,0.07129359762976763,WCA,NA,NA,NA,FALSE
WCA,With mucin,A. muciniphila,G8P4,DSM22959,"A. muciniphila
(DSM22959)",7.272727272727273,0.07720558502934738,WCA,NA,NA,NA,FALSE
WCA,With mucin,A. muciniphila,G8P4,DSM22959,"A. muciniphila
(DSM22959)",7.575757575757576,0.08343171399321775,WCA,NA,NA,NA,FALSE
WCA,With mucin,A. muciniphila,G8P4,DSM22959,"A. muciniphila
(DSM22959)",7.878787878787879,0.09015948499396209,WCA,NA,NA,NA,FALSE
WCA,With mucin,A. muciniphila,G8P4,DSM22959,"A. muciniphila
(DSM22959)",8.181818181818182,0.09755886225860093,WCA,NA,NA,NA,FALSE
WCA,With mucin,A. muciniphila,G8P4,DSM22959,"A. muciniphila
(DSM22959)",8.484848484848484,0.10565858468304674,WCA,NA,NA,NA,FALSE
WCA,With mucin,A. muciniphila,G8P4,DSM22959,"A. muciniphila
(DSM22959)",8.787878787878789,0.11443029592140806,WCA,NA,NA,NA,FALSE
WCA,With mucin,A. muciniphila,G8P4,DSM22959,"A. muciniphila
(DSM22959)",9.090909090909092,0.12506297197192476,WCA,NA,NA,NA,FALSE
WCA,With mucin,A. muciniphila,G8P4,DSM22959,"A. muciniphila
(DSM22959)",9.393939393939394,0.13961694395542587,WCA,NA,NA,NA,FALSE
WCA,With mucin,A. muciniphila,G8P4,DSM22959,"A. muciniphila
(DSM22959)",9.696969696969697,0.15586366004272773,WCA,NA,NA,NA,FALSE
WCA,With mucin,A. muciniphila,G8P4,DSM22959,"A. muciniphila
(DSM22959)",10,0.174,WCA,NA,NA,NA,FALSE
WCA,With mucin,A. muciniphila,G8P4,DSM22959,"A. muciniphila
(DSM22959)",10.303030303030303,0.19396259156422835,WCA,NA,NA,NA,FALSE
WCA,With mucin,A. muciniphila,G8P4,DSM22959,"A. muciniphila
(DSM22959)",10.606060606060606,0.21621452110720207,WCA,NA,NA,NA,FALSE
WCA,With mucin,A. muciniphila,G8P4,DSM22959,"A. muciniphila
(DSM22959)",10.90909090909091,0.24101833311689838,WCA,NA,NA,NA,FALSE
WCA,With mucin,A. muciniphila,G8P4,DSM22959,"A. muciniphila
(DSM22959)",11.212121212121213,0.2639888234782938,WCA,NA,NA,NA,FALSE
WCA,With mucin,A. muciniphila,G8P4,DSM22959,"A. muciniphila
(DSM22959)",11.515151515151516,0.28697948643539123,WCA,NA,NA,NA,FALSE
WCA,With mucin,A. muciniphila,G8P4,DSM22959,"A. muciniphila
(DSM22959)",11.818181818181818,0.31197186467791005,WCA,NA,NA,NA,FALSE
WCA,With mucin,A. muciniphila,G8P4,DSM22959,"A. muciniphila
(DSM22959)",12.121212121212121,0.33639121916728254,WCA,NA,NA,NA,FALSE
WCA,With mucin,A. muciniphila,G8P4,DSM22959,"A. muciniphila
(DSM22959)",12.424242424242424,0.3583203054361201,WCA,NA,NA,NA,FALSE
WCA,With mucin,A. muciniphila,G8P4,DSM22959,"A. muciniphila
(DSM22959)",12.727272727272728,0.38167863465241025,WCA,NA,NA,NA,FALSE
WCA,With mucin,A. muciniphila,G8P4,DSM22959,"A. muciniphila
(DSM22959)",13.030303030303031,0.40590900150626574,WCA,NA,NA,NA,FALSE
WCA,With mucin,A. muciniphila,G8P4,DSM22959,"A. muciniphila
(DSM22959)",13.333333333333334,0.42550215619392817,WCA,NA,NA,NA,FALSE
WCA,With mucin,A. muciniphila,G8P4,DSM22959,"A. muciniphila
(DSM22959)",13.636363636363637,0.4460409058734261,WCA,NA,NA,NA,FALSE
WCA,With mucin,A. muciniphila,G8P4,DSM22959,"A. muciniphila
(DSM22959)",13.93939393939394,0.4675708863753767,WCA,NA,NA,NA,FALSE
WCA,With mucin,A. muciniphila,G8P4,DSM22959,"A. muciniphila
(DSM22959)",14.242424242424242,0.48500495146419503,WCA,NA,NA,NA,FALSE
WCA,With mucin,A. muciniphila,G8P4,DSM22959,"A. muciniphila
(DSM22959)",14.545454545454547,0.5017661094209291,WCA,NA,NA,NA,FALSE
WCA,With mucin,A. muciniphila,G8P4,DSM22959,"A. muciniphila
(DSM22959)",14.84848484848485,0.5191064282170398,WCA,NA,NA,NA,FALSE
WCA,With mucin,A. muciniphila,G8P4,DSM22959,"A. muciniphila
(DSM22959)",15.151515151515152,0.5354283009175195,WCA,NA,NA,NA,FALSE
WCA,With mucin,A. muciniphila,G8P4,DSM22959,"A. muciniphila
(DSM22959)",15.454545454545455,0.550599851849303,WCA,NA,NA,NA,FALSE
WCA,With mucin,A. muciniphila,G8P4,DSM22959,"A. muciniphila
(DSM22959)",15.757575757575758,0.5662012378660557,WCA,NA,NA,NA,FALSE
WCA,With mucin,A. muciniphila,G8P4,DSM22959,"A. muciniphila
(DSM22959)",16.060606060606062,0.5812349180532327,WCA,NA,NA,NA,FALSE
WCA,With mucin,A. muciniphila,G8P4,DSM22959,"A. muciniphila
(DSM22959)",16.363636363636363,0.5925395609054664,WCA,NA,NA,NA,FALSE
WCA,With mucin,A. muciniphila,G8P4,DSM22959,"A. muciniphila
(DSM22959)",16.666666666666668,0.6040640452660856,WCA,NA,NA,NA,FALSE
WCA,With mucin,A. muciniphila,G8P4,DSM22959,"A. muciniphila
(DSM22959)",16.96969696969697,0.6158126463952144,WCA,NA,NA,NA,FALSE
WCA,With mucin,A. muciniphila,G8P4,DSM22959,"A. muciniphila
(DSM22959)",17.272727272727273,0.626616622432033,WCA,NA,NA,NA,FALSE
WCA,With mucin,A. muciniphila,G8P4,DSM22959,"A. muciniphila
(DSM22959)",17.575757575757578,0.6374776314071848,WCA,NA,NA,NA,FALSE
WCA,With mucin,A. muciniphila,G8P4,DSM22959,"A. muciniphila
(DSM22959)",17.87878787878788,0.6485268708499035,WCA,NA,NA,NA,FALSE
WCA,With mucin,A. muciniphila,G8P4,DSM22959,"A. muciniphila
(DSM22959)",18.181818181818183,0.6574758795630158,WCA,NA,NA,NA,FALSE
WCA,With mucin,A. muciniphila,G8P4,DSM22959,"A. muciniphila
(DSM22959)",18.484848484848484,0.6650039512231506,WCA,NA,NA,NA,FALSE
WCA,With mucin,A. muciniphila,G8P4,DSM22959,"A. muciniphila
(DSM22959)",18.78787878787879,0.6726182098166714,WCA,NA,NA,NA,FALSE
WCA,With mucin,A. muciniphila,G8P4,DSM22959,"A. muciniphila
(DSM22959)",19.09090909090909,0.6797056574615354,WCA,NA,NA,NA,FALSE
WCA,With mucin,A. muciniphila,G8P4,DSM22959,"A. muciniphila
(DSM22959)",19.393939393939394,0.6854222300393962,WCA,NA,NA,NA,FALSE
WCA,With mucin,A. muciniphila,G8P4,DSM22959,"A. muciniphila
(DSM22959)",19.6969696969697,0.6911868761275087,WCA,NA,NA,NA,FALSE
WCA,With mucin,A. muciniphila,G8P4,DSM22959,"A. muciniphila
(DSM22959)",20,0.6970000000000001,WCA,NA,NA,NA,FALSE
WCA,With mucin,A. muciniphila,G8P4,DSM22959,"A. muciniphila
(DSM22959)",20.303030303030305,0.7030009735577383,WCA,NA,NA,NA,FALSE
WCA,With mucin,A. muciniphila,G8P4,DSM22959,"A. muciniphila
(DSM22959)",20.606060606060606,0.7090536086181097,WCA,NA,NA,NA,FALSE
WCA,With mucin,A. muciniphila,G8P4,DSM22959,"A. muciniphila
(DSM22959)",20.90909090909091,0.715158349927426,WCA,NA,NA,NA,FALSE
WCA,With mucin,A. muciniphila,G8P4,DSM22959,"A. muciniphila
(DSM22959)",21.21212121212121,0.7174237770622984,WCA,NA,NA,NA,FALSE
WCA,With mucin,A. muciniphila,G8P4,DSM22959,"A. muciniphila
(DSM22959)",21.515151515151516,0.7180296073486391,WCA,NA,NA,NA,FALSE
WCA,With mucin,A. muciniphila,G8P4,DSM22959,"A. muciniphila
(DSM22959)",21.81818181818182,0.7186359491799542,WCA,NA,NA,NA,FALSE
WCA,With mucin,A. muciniphila,G8P4,DSM22959,"A. muciniphila
(DSM22959)",22.12121212121212,0.7210395121239895,WCA,NA,NA,NA,FALSE
WCA,With mucin,A. muciniphila,G8P4,DSM22959,"A. muciniphila
(DSM22959)",22.424242424242426,0.7261636364334153,WCA,NA,NA,NA,FALSE
WCA,With mucin,A. muciniphila,G8P4,DSM22959,"A. muciniphila
(DSM22959)",22.727272727272727,0.7313241722025389,WCA,NA,NA,NA,FALSE
WCA,With mucin,A. muciniphila,G8P4,DSM22959,"A. muciniphila
(DSM22959)",23.03030303030303,0.7361208938869743,WCA,NA,NA,NA,FALSE
WCA,With mucin,A. muciniphila,G8P4,DSM22959,"A. muciniphila
(DSM22959)",23.333333333333336,0.737330925369459,WCA,NA,NA,NA,FALSE
WCA,With mucin,A. muciniphila,G8P4,DSM22959,"A. muciniphila
(DSM22959)",23.636363636363637,0.7385429457059226,WCA,NA,NA,NA,FALSE
WCA,With mucin,A. muciniphila,G8P4,DSM22959,"A. muciniphila
(DSM22959)",23.93939393939394,0.7397569581653216,WCA,NA,NA,NA,FALSE
WCA,With mucin,A. muciniphila,G8P4,DSM22959,"A. muciniphila
(DSM22959)",24.242424242424242,0.739028311451688,WCA,NA,NA,NA,FALSE
WCA,With mucin,A. muciniphila,G8P4,DSM22959,"A. muciniphila
(DSM22959)",24.545454545454547,0.7378154946586256,WCA,NA,NA,NA,FALSE
WCA,With mucin,A. muciniphila,G8P4,DSM22959,"A. muciniphila
(DSM22959)",24.848484848484848,0.7366046680264806,WCA,NA,NA,NA,FALSE
WCA,With mucin,A. muciniphila,G8P4,DSM22959,"A. muciniphila
(DSM22959)",25.151515151515152,0.73539253745721,WCA,NA,NA,NA,FALSE
WCA,With mucin,A. muciniphila,G8P4,DSM22959,"A. muciniphila
(DSM22959)",25.454545454545457,0.7341791159347234,WCA,NA,NA,NA,FALSE
WCA,With mucin,A. muciniphila,G8P4,DSM22959,"A. muciniphila
(DSM22959)",25.757575757575758,0.7329676964065144,WCA,NA,NA,NA,FALSE
WCA,With mucin,A. muciniphila,G8P4,DSM22959,"A. muciniphila
(DSM22959)",26.060606060606062,0.7318786320638543,WCA,NA,NA,NA,FALSE
WCA,With mucin,A. muciniphila,G8P4,DSM22959,"A. muciniphila
(DSM22959)",26.363636363636363,0.7312720941354216,WCA,NA,NA,NA,FALSE
WCA,With mucin,A. muciniphila,G8P4,DSM22959,"A. muciniphila
(DSM22959)",26.666666666666668,0.7306660588218482,WCA,NA,NA,NA,FALSE
WCA,With mucin,A. muciniphila,G8P4,DSM22959,"A. muciniphila
(DSM22959)",26.96969696969697,0.7300605257066362,WCA,NA,NA,NA,FALSE
WCA,With mucin,A. muciniphila,G8P4,DSM22959,"A. muciniphila
(DSM22959)",27.272727272727273,0.7335227299319202,WCA,NA,NA,NA,FALSE
WCA,With mucin,A. muciniphila,G8P4,DSM22959,"A. muciniphila
(DSM22959)",27.575757575757578,0.7374568136190008,WCA,NA,NA,NA,FALSE
WCA,With mucin,A. muciniphila,G8P4,DSM22959,"A. muciniphila
(DSM22959)",27.87878787878788,0.741411994863112,WCA,NA,NA,NA,FALSE
WCA,With mucin,A. muciniphila,G8P4,DSM22959,"A. muciniphila
(DSM22959)",28.181818181818183,0.7385775519692315,WCA,NA,NA,NA,FALSE
WCA,With mucin,A. muciniphila,G8P4,DSM22959,"A. muciniphila
(DSM22959)",28.484848484848484,0.7312652180723904,WCA,NA,NA,NA,FALSE
WCA,With mucin,A. muciniphila,G8P4,DSM22959,"A. muciniphila
(DSM22959)",28.78787878787879,0.7240252735402419,WCA,NA,NA,NA,FALSE
WCA,With mucin,A. muciniphila,G8P4,DSM22959,"A. muciniphila
(DSM22959)",29.090909090909093,0.71545957067472,WCA,NA,NA,NA,FALSE
WCA,With mucin,A. muciniphila,G8P4,DSM22959,"A. muciniphila
(DSM22959)",29.393939393939394,0.7037835541503252,WCA,NA,NA,NA,FALSE
WCA,With mucin,A. muciniphila,G8P4,DSM22959,"A. muciniphila
(DSM22959)",29.6969696969697,0.6922980669450043,WCA,NA,NA,NA,FALSE
WCA,With mucin,A. muciniphila,G8P4,DSM22959,"A. muciniphila
(DSM22959)",30,0.681,WCA,NA,NA,NA,FALSE
WCA,With mucin,A. muciniphila,G9P4,DSM22959,"A. muciniphila
(DSM22959)",0,7.000000000000005e-5,WCA,NA,NA,NA,TRUE
WCA,With mucin,A. muciniphila,G9P4,DSM22959,"A. muciniphila
(DSM22959)",0.30303030303030304,1.496044264247468e-4,WCA,NA,NA,NA,TRUE
WCA,With mucin,A. muciniphila,G9P4,DSM22959,"A. muciniphila
(DSM22959)",0.6060606060606061,2.7447217218101434e-4,WCA,NA,NA,NA,TRUE
WCA,With mucin,A. muciniphila,G9P4,DSM22959,"A. muciniphila
(DSM22959)",0.9090909090909092,4.7034009850784454e-4,WCA,NA,NA,NA,TRUE
WCA,With mucin,A. muciniphila,G9P4,DSM22959,"A. muciniphila
(DSM22959)",1.2121212121212122,7.77579124336473e-4,WCA,NA,NA,NA,TRUE
WCA,With mucin,A. muciniphila,G9P4,DSM22959,"A. muciniphila
(DSM22959)",1.5151515151515151,0.0012595151960678587,WCA,NA,NA,NA,TRUE
WCA,With mucin,A. muciniphila,G9P4,DSM22959,"A. muciniphila
(DSM22959)",1.8181818181818183,0.0020154815861104765,WCA,NA,NA,NA,TRUE
WCA,With mucin,A. muciniphila,G9P4,DSM22959,"A. muciniphila
(DSM22959)",2.121212121212121,0.003201292768122584,WCA,NA,NA,NA,TRUE
WCA,With mucin,A. muciniphila,G9P4,DSM22959,"A. muciniphila
(DSM22959)",2.4242424242424243,0.005061359800078443,WCA,NA,NA,NA,TRUE
WCA,With mucin,A. muciniphila,G9P4,DSM22959,"A. muciniphila
(DSM22959)",2.7272727272727275,0.007979066611965924,WCA,NA,NA,NA,TRUE
WCA,With mucin,A. muciniphila,G9P4,DSM22959,"A. muciniphila
(DSM22959)",3.0303030303030303,0.012284968045484363,WCA,NA,NA,NA,FALSE
WCA,With mucin,A. muciniphila,G9P4,DSM22959,"A. muciniphila
(DSM22959)",3.3333333333333335,0.015532176639905845,WCA,NA,NA,NA,FALSE
WCA,With mucin,A. muciniphila,G9P4,DSM22959,"A. muciniphila
(DSM22959)",3.6363636363636367,0.019632836543700686,WCA,NA,NA,NA,FALSE
WCA,With mucin,A. muciniphila,G9P4,DSM22959,"A. muciniphila
(DSM22959)",3.9393939393939394,0.02481125707248305,WCA,NA,NA,NA,FALSE
WCA,With mucin,A. muciniphila,G9P4,DSM22959,"A. muciniphila
(DSM22959)",4.242424242424242,0.02868646830325295,WCA,NA,NA,NA,FALSE
WCA,With mucin,A. muciniphila,G9P4,DSM22959,"A. muciniphila
(DSM22959)",4.545454545454546,0.03243713486230228,WCA,NA,NA,NA,FALSE
WCA,With mucin,A. muciniphila,G9P4,DSM22959,"A. muciniphila
(DSM22959)",4.848484848484849,0.03667699569544748,WCA,NA,NA,NA,FALSE
WCA,With mucin,A. muciniphila,G9P4,DSM22959,"A. muciniphila
(DSM22959)",5.151515151515151,0.04097158858017975,WCA,NA,NA,NA,FALSE
WCA,With mucin,A. muciniphila,G9P4,DSM22959,"A. muciniphila
(DSM22959)",5.454545454545455,0.045218263112901405,WCA,NA,NA,NA,FALSE
WCA,With mucin,A. muciniphila,G9P4,DSM22959,"A. muciniphila
(DSM22959)",5.757575757575758,0.049904351547734385,WCA,NA,NA,NA,FALSE
WCA,With mucin,A. muciniphila,G9P4,DSM22959,"A. muciniphila
(DSM22959)",6.0606060606060606,0.05513032632477906,WCA,NA,NA,NA,FALSE
WCA,With mucin,A. muciniphila,G9P4,DSM22959,"A. muciniphila
(DSM22959)",6.363636363636364,0.0611464333771896,WCA,NA,NA,NA,FALSE
WCA,With mucin,A. muciniphila,G9P4,DSM22959,"A. muciniphila
(DSM22959)",6.666666666666667,0.06781821669957562,WCA,NA,NA,NA,FALSE
WCA,With mucin,A. muciniphila,G9P4,DSM22959,"A. muciniphila
(DSM22959)",6.96969696969697,0.07521713635195006,WCA,NA,NA,NA,FALSE
WCA,With mucin,A. muciniphila,G9P4,DSM22959,"A. muciniphila
(DSM22959)",7.272727272727273,0.08190711666164356,WCA,NA,NA,NA,FALSE
WCA,With mucin,A. muciniphila,G9P4,DSM22959,"A. muciniphila
(DSM22959)",7.575757575757576,0.08901009352927484,WCA,NA,NA,NA,FALSE
WCA,With mucin,A. muciniphila,G9P4,DSM22959,"A. muciniphila
(DSM22959)",7.878787878787879,0.09672851385767513,WCA,NA,NA,NA,FALSE
WCA,With mucin,A. muciniphila,G9P4,DSM22959,"A. muciniphila
(DSM22959)",8.181818181818182,0.105032460099449,WCA,NA,NA,NA,FALSE
WCA,With mucin,A. muciniphila,G9P4,DSM22959,"A. muciniphila
(DSM22959)",8.484848484848484,0.11398855129445148,WCA,NA,NA,NA,FALSE
WCA,With mucin,A. muciniphila,G9P4,DSM22959,"A. muciniphila
(DSM22959)",8.787878787878789,0.12370781748476146,WCA,NA,NA,NA,FALSE
WCA,With mucin,A. muciniphila,G9P4,DSM22959,"A. muciniphila
(DSM22959)",9.090909090909092,0.1351760083790745,WCA,NA,NA,NA,FALSE
WCA,With mucin,A. muciniphila,G9P4,DSM22959,"A. muciniphila
(DSM22959)",9.393939393939394,0.15008102889969552,WCA,NA,NA,NA,FALSE
WCA,With mucin,A. muciniphila,G9P4,DSM22959,"A. muciniphila
(DSM22959)",9.696969696969697,0.16662868301359385,WCA,NA,NA,NA,FALSE
WCA,With mucin,A. muciniphila,G9P4,DSM22959,"A. muciniphila
(DSM22959)",10,0.185,WCA,NA,NA,NA,FALSE
WCA,With mucin,A. muciniphila,G9P4,DSM22959,"A. muciniphila
(DSM22959)",10.303030303030303,0.20557503670104343,WCA,NA,NA,NA,FALSE
WCA,With mucin,A. muciniphila,G9P4,DSM22959,"A. muciniphila
(DSM22959)",10.606060606060606,0.22843748970537367,WCA,NA,NA,NA,FALSE
WCA,With mucin,A. muciniphila,G9P4,DSM22959,"A. muciniphila
(DSM22959)",10.90909090909091,0.25384166103055544,WCA,NA,NA,NA,FALSE
WCA,With mucin,A. muciniphila,G9P4,DSM22959,"A. muciniphila
(DSM22959)",11.212121212121213,0.2763711872529593,WCA,NA,NA,NA,FALSE
WCA,With mucin,A. muciniphila,G9P4,DSM22959,"A. muciniphila
(DSM22959)",11.515151515151516,0.2982791520001305,WCA,NA,NA,NA,FALSE
WCA,With mucin,A. muciniphila,G9P4,DSM22959,"A. muciniphila
(DSM22959)",11.818181818181818,0.321923323005612,WCA,NA,NA,NA,FALSE
WCA,With mucin,A. muciniphila,G9P4,DSM22959,"A. muciniphila
(DSM22959)",12.121212121212121,0.34510540743669577,WCA,NA,NA,NA,FALSE
WCA,With mucin,A. muciniphila,G9P4,DSM22959,"A. muciniphila
(DSM22959)",12.424242424242424,0.36623193170663343,WCA,NA,NA,NA,FALSE
WCA,With mucin,A. muciniphila,G9P4,DSM22959,"A. muciniphila
(DSM22959)",12.727272727272728,0.38865150877845756,WCA,NA,NA,NA,FALSE
WCA,With mucin,A. muciniphila,G9P4,DSM22959,"A. muciniphila
(DSM22959)",13.030303030303031,0.4119110071803016,WCA,NA,NA,NA,FALSE
WCA,With mucin,A. muciniphila,G9P4,DSM22959,"A. muciniphila
(DSM22959)",13.333333333333334,0.4315178029833761,WCA,NA,NA,NA,FALSE
WCA,With mucin,A. muciniphila,G9P4,DSM22959,"A. muciniphila
(DSM22959)",13.636363636363637,0.4520577156898113,WCA,NA,NA,NA,FALSE
WCA,With mucin,A. muciniphila,G9P4,DSM22959,"A. muciniphila
(DSM22959)",13.93939393939394,0.4735751537365635,WCA,NA,NA,NA,FALSE
WCA,With mucin,A. muciniphila,G9P4,DSM22959,"A. muciniphila
(DSM22959)",14.242424242424242,0.48876656921124206,WCA,NA,NA,NA,FALSE
WCA,With mucin,A. muciniphila,G9P4,DSM22959,"A. muciniphila
(DSM22959)",14.545454545454547,0.5025663954668533,WCA,NA,NA,NA,FALSE
WCA,With mucin,A. muciniphila,G9P4,DSM22959,"A. muciniphila
(DSM22959)",14.84848484848485,0.5167557899681307,WCA,NA,NA,NA,FALSE
WCA,With mucin,A. muciniphila,G9P4,DSM22959,"A. muciniphila
(DSM22959)",15.151515151515152,0.5311456625235739,WCA,NA,NA,NA,FALSE
WCA,With mucin,A. muciniphila,G9P4,DSM22959,"A. muciniphila
(DSM22959)",15.454545454545455,0.5457306080515972,WCA,NA,NA,NA,FALSE
WCA,With mucin,A. muciniphila,G9P4,DSM22959,"A. muciniphila
(DSM22959)",15.757575757575758,0.5607159947771652,WCA,NA,NA,NA,FALSE
WCA,With mucin,A. muciniphila,G9P4,DSM22959,"A. muciniphila
(DSM22959)",16.060606060606062,0.5751199405059526,WCA,NA,NA,NA,FALSE
WCA,With mucin,A. muciniphila,G9P4,DSM22959,"A. muciniphila
(DSM22959)",16.363636363636363,0.5858378583347215,WCA,NA,NA,NA,FALSE
WCA,With mucin,A. muciniphila,G9P4,DSM22959,"A. muciniphila
(DSM22959)",16.666666666666668,0.5967554906482104,WCA,NA,NA,NA,FALSE
WCA,With mucin,A. muciniphila,G9P4,DSM22959,"A. muciniphila
(DSM22959)",16.96969696969697,0.6078765588665723,WCA,NA,NA,NA,FALSE
WCA,With mucin,A. muciniphila,G9P4,DSM22959,"A. muciniphila
(DSM22959)",17.272727272727273,0.6170392943869893,WCA,NA,NA,NA,FALSE
WCA,With mucin,A. muciniphila,G9P4,DSM22959,"A. muciniphila
(DSM22959)",17.575757575757578,0.62609635790548,WCA,NA,NA,NA,FALSE
WCA,With mucin,A. muciniphila,G9P4,DSM22959,"A. muciniphila
(DSM22959)",17.87878787878788,0.6352863482820232,WCA,NA,NA,NA,FALSE
WCA,With mucin,A. muciniphila,G9P4,DSM22959,"A. muciniphila
(DSM22959)",18.181818181818183,0.6431215586656791,WCA,NA,NA,NA,FALSE
WCA,With mucin,A. muciniphila,G9P4,DSM22959,"A. muciniphila
(DSM22959)",18.484848484848484,0.6500499770475958,WCA,NA,NA,NA,FALSE
WCA,With mucin,A. muciniphila,G9P4,DSM22959,"A. muciniphila
(DSM22959)",18.78787878787879,0.657053027909725,WCA,NA,NA,NA,FALSE
WCA,With mucin,A. muciniphila,G9P4,DSM22959,"A. muciniphila
(DSM22959)",19.09090909090909,0.6634388090002822,WCA,NA,NA,NA,FALSE
WCA,With mucin,A. muciniphila,G9P4,DSM22959,"A. muciniphila
(DSM22959)",19.393939393939394,0.6682574597623377,WCA,NA,NA,NA,FALSE
WCA,With mucin,A. muciniphila,G9P4,DSM22959,"A. muciniphila
(DSM22959)",19.6969696969697,0.6731111053803043,WCA,NA,NA,NA,FALSE
WCA,With mucin,A. muciniphila,G9P4,DSM22959,"A. muciniphila
(DSM22959)",20,0.6779999999999999,WCA,NA,NA,NA,FALSE
WCA,With mucin,A. muciniphila,G9P4,DSM22959,"A. muciniphila
(DSM22959)",20.303030303030305,0.6828091396718575,WCA,NA,NA,NA,FALSE
WCA,With mucin,A. muciniphila,G9P4,DSM22959,"A. muciniphila
(DSM22959)",20.606060606060606,0.6876523876575815,WCA,NA,NA,NA,FALSE
WCA,With mucin,A. muciniphila,G9P4,DSM22959,"A. muciniphila
(DSM22959)",20.90909090909091,0.6925299858667763,WCA,NA,NA,NA,FALSE
WCA,With mucin,A. muciniphila,G9P4,DSM22959,"A. muciniphila
(DSM22959)",21.21212121212121,0.6952684152306432,WCA,NA,NA,NA,FALSE
WCA,With mucin,A. muciniphila,G9P4,DSM22959,"A. muciniphila
(DSM22959)",21.515151515151516,0.6970844591159571,WCA,NA,NA,NA,FALSE
WCA,With mucin,A. muciniphila,G9P4,DSM22959,"A. muciniphila
(DSM22959)",21.81818181818182,0.6989052460376417,WCA,NA,NA,NA,FALSE
WCA,With mucin,A. muciniphila,G9P4,DSM22959,"A. muciniphila
(DSM22959)",22.12121212121212,0.7008447802071698,WCA,NA,NA,NA,FALSE
WCA,With mucin,A. muciniphila,G9P4,DSM22959,"A. muciniphila
(DSM22959)",22.424242424242426,0.7029611933053939,WCA,NA,NA,NA,FALSE
WCA,With mucin,A. muciniphila,G9P4,DSM22959,"A. muciniphila
(DSM22959)",22.727272727272727,0.7050839969157441,WCA,NA,NA,NA,FALSE
WCA,With mucin,A. muciniphila,G9P4,DSM22959,"A. muciniphila
(DSM22959)",23.03030303030303,0.7072411041677741,WCA,NA,NA,NA,FALSE
WCA,With mucin,A. muciniphila,G9P4,DSM22959,"A. muciniphila
(DSM22959)",23.333333333333336,0.7096566722572942,WCA,NA,NA,NA,FALSE
WCA,With mucin,A. muciniphila,G9P4,DSM22959,"A. muciniphila
(DSM22959)",23.636363636363637,0.7120804898556383,WCA,NA,NA,NA,FALSE
WCA,With mucin,A. muciniphila,G9P4,DSM22959,"A. muciniphila
(DSM22959)",23.93939393939394,0.714512585136053,WCA,NA,NA,NA,FALSE
WCA,With mucin,A. muciniphila,G9P4,DSM22959,"A. muciniphila
(DSM22959)",24.242424242424242,0.7145146370025917,WCA,NA,NA,NA,FALSE
WCA,With mucin,A. muciniphila,G9P4,DSM22959,"A. muciniphila
(DSM22959)",24.545454545454547,0.7139083965136267,WCA,NA,NA,NA,FALSE
WCA,With mucin,A. muciniphila,G9P4,DSM22959,"A. muciniphila
(DSM22959)",24.848484848484848,0.7133026703479644,WCA,NA,NA,NA,FALSE
WCA,With mucin,A. muciniphila,G9P4,DSM22959,"A. muciniphila
(DSM22959)",25.151515151515152,0.7113223210512759,WCA,NA,NA,NA,FALSE
WCA,With mucin,A. muciniphila,G9P4,DSM22959,"A. muciniphila
(DSM22959)",25.454545454545457,0.7079787953692978,WCA,NA,NA,NA,FALSE
WCA,With mucin,A. muciniphila,G9P4,DSM22959,"A. muciniphila
(DSM22959)",25.757575757575758,0.7046509841723587,WCA,NA,NA,NA,FALSE
WCA,With mucin,A. muciniphila,G9P4,DSM22959,"A. muciniphila
(DSM22959)",26.060606060606062,0.7026020429045006,WCA,NA,NA,NA,FALSE
WCA,With mucin,A. muciniphila,G9P4,DSM22959,"A. muciniphila
(DSM22959)",26.363636363636363,0.705620010293785,WCA,NA,NA,NA,FALSE
WCA,With mucin,A. muciniphila,G9P4,DSM22959,"A. muciniphila
(DSM22959)",26.666666666666668,0.7086509398142012,WCA,NA,NA,NA,FALSE
WCA,With mucin,A. muciniphila,G9P4,DSM22959,"A. muciniphila
(DSM22959)",26.96969696969697,0.7116948871379358,WCA,NA,NA,NA,FALSE
WCA,With mucin,A. muciniphila,G9P4,DSM22959,"A. muciniphila
(DSM22959)",27.272727272727273,0.7076002407829852,WCA,NA,NA,NA,FALSE
WCA,With mucin,A. muciniphila,G9P4,DSM22959,"A. muciniphila
(DSM22959)",27.575757575757578,0.7027434961914597,WCA,NA,NA,NA,FALSE
WCA,With mucin,A. muciniphila,G9P4,DSM22959,"A. muciniphila
(DSM22959)",27.87878787878788,0.6979200834636582,WCA,NA,NA,NA,FALSE
WCA,With mucin,A. muciniphila,G9P4,DSM22959,"A. muciniphila
(DSM22959)",28.181818181818183,0.6938026316149746,WCA,NA,NA,NA,FALSE
WCA,With mucin,A. muciniphila,G9P4,DSM22959,"A. muciniphila
(DSM22959)",28.484848484848484,0.6901557550424905,WCA,NA,NA,NA,FALSE
WCA,With mucin,A. muciniphila,G9P4,DSM22959,"A. muciniphila
(DSM22959)",28.78787878787879,0.6865280458331924,WCA,NA,NA,NA,FALSE
WCA,With mucin,A. muciniphila,G9P4,DSM22959,"A. muciniphila
(DSM22959)",29.090909090909093,0.6808369692140632,WCA,NA,NA,NA,FALSE
WCA,With mucin,A. muciniphila,G9P4,DSM22959,"A. muciniphila
(DSM22959)",29.393939393939394,0.6703987815096513,WCA,NA,NA,NA,FALSE
WCA,With mucin,A. muciniphila,G9P4,DSM22959,"A. muciniphila
(DSM22959)",29.6969696969697,0.6601206094424389,WCA,NA,NA,NA,FALSE
WCA,With mucin,A. muciniphila,G9P4,DSM22959,"A. muciniphila
(DSM22959)",30,0.6499999999999999,WCA,NA,NA,NA,FALSE
WCA,With mucin,A. muciniphila,G8P3,DSM22959,"A. muciniphila
(DSM22959)",0,7.000000000000005e-5,WCA,NA,NA,NA,TRUE
WCA,With mucin,A. muciniphila,G8P3,DSM22959,"A. muciniphila
(DSM22959)",0.30303030303030304,2.014605725251258e-4,WCA,NA,NA,NA,TRUE
WCA,With mucin,A. muciniphila,G8P3,DSM22959,"A. muciniphila
(DSM22959)",0.6060606060606061,4.5636316025477906e-4,WCA,NA,NA,NA,TRUE
WCA,With mucin,A. muciniphila,G8P3,DSM22959,"A. muciniphila
(DSM22959)",0.9090909090909092,9.506203202778343e-4,WCA,NA,NA,NA,TRUE
WCA,With mucin,A. muciniphila,G8P3,DSM22959,"A. muciniphila
(DSM22959)",1.2121212121212122,0.001908986974809986,WCA,NA,NA,NA,TRUE
WCA,With mucin,A. muciniphila,G8P3,DSM22959,"A. muciniphila
(DSM22959)",1.5151515151515151,0.0037672638371548917,WCA,NA,NA,NA,TRUE
WCA,With mucin,A. muciniphila,G8P3,DSM22959,"A. muciniphila
(DSM22959)",1.8181818181818183,0.007370470272600206,WCA,NA,NA,NA,TRUE
WCA,With mucin,A. muciniphila,G8P3,DSM22959,"A. muciniphila
(DSM22959)",2.121212121212121,0.011965645963215404,WCA,NA,NA,NA,FALSE
WCA,With mucin,A. muciniphila,G8P3,DSM22959,"A. muciniphila
(DSM22959)",2.4242424242424243,0.01476453243421489,WCA,NA,NA,NA,FALSE
WCA,With mucin,A. muciniphila,G8P3,DSM22959,"A. muciniphila
(DSM22959)",2.7272727272727275,0.01821429925692016,WCA,NA,NA,NA,FALSE
WCA,With mucin,A. muciniphila,G8P3,DSM22959,"A. muciniphila
(DSM22959)",3.0303030303030303,0.022330994379180347,WCA,NA,NA,NA,FALSE
WCA,With mucin,A. muciniphila,G8P3,DSM22959,"A. muciniphila
(DSM22959)",3.3333333333333335,0.025926623004693727,WCA,NA,NA,NA,FALSE
WCA,With mucin,A. muciniphila,G8P3,DSM22959,"A. muciniphila
(DSM22959)",3.6363636363636367,0.030099393206771557,WCA,NA,NA,NA,FALSE
WCA,With mucin,A. muciniphila,G8P3,DSM22959,"A. muciniphila
(DSM22959)",3.9393939393939394,0.03494194313970922,WCA,NA,NA,NA,FALSE
WCA,With mucin,A. muciniphila,G8P3,DSM22959,"A. muciniphila
(DSM22959)",4.242424242424242,0.039357442903953876,WCA,NA,NA,NA,FALSE
WCA,With mucin,A. muciniphila,G8P3,DSM22959,"A. muciniphila
(DSM22959)",4.545454545454546,0.0439970722877056,WCA,NA,NA,NA,FALSE
WCA,With mucin,A. muciniphila,G8P3,DSM22959,"A. muciniphila
(DSM22959)",4.848484848484849,0.049182670652276335,WCA,NA,NA,NA,FALSE
WCA,With mucin,A. muciniphila,G8P3,DSM22959,"A. muciniphila
(DSM22959)",5.151515151515151,0.05507814217462009,WCA,NA,NA,NA,FALSE
WCA,With mucin,A. muciniphila,G8P3,DSM22959,"A. muciniphila
(DSM22959)",5.454545454545455,0.06179108091885315,WCA,NA,NA,NA,FALSE
WCA,With mucin,A. muciniphila,G8P3,DSM22959,"A. muciniphila
(DSM22959)",5.757575757575758,0.06932115592202191,WCA,NA,NA,NA,FALSE
WCA,With mucin,A. muciniphila,G8P3,DSM22959,"A. muciniphila
(DSM22959)",6.0606060606060606,0.07698548912771115,WCA,NA,NA,NA,FALSE
WCA,With mucin,A. muciniphila,G8P3,DSM22959,"A. muciniphila
(DSM22959)",6.363636363636364,0.08210778063947441,WCA,NA,NA,NA,FALSE
WCA,With mucin,A. muciniphila,G8P3,DSM22959,"A. muciniphila
(DSM22959)",6.666666666666667,0.08757057833228334,WCA,NA,NA,NA,FALSE
WCA,With mucin,A. muciniphila,G8P3,DSM22959,"A. muciniphila
(DSM22959)",6.96969696969697,0.09339651747768857,WCA,NA,NA,NA,FALSE
WCA,With mucin,A. muciniphila,G8P3,DSM22959,"A. muciniphila
(DSM22959)",7.272727272727273,0.10115288353918178,WCA,NA,NA,NA,FALSE
WCA,With mucin,A. muciniphila,G8P3,DSM22959,"A. muciniphila
(DSM22959)",7.575757575757576,0.10974019466720498,WCA,NA,NA,NA,FALSE
WCA,With mucin,A. muciniphila,G8P3,DSM22959,"A. muciniphila
(DSM22959)",7.878787878787879,0.11905601608688499,WCA,NA,NA,NA,FALSE
WCA,With mucin,A. muciniphila,G8P3,DSM22959,"A. muciniphila
(DSM22959)",8.181818181818182,0.12751932051782905,WCA,NA,NA,NA,FALSE
WCA,With mucin,A. muciniphila,G8P3,DSM22959,"A. muciniphila
(DSM22959)",8.484848484848484,0.13542331379883157,WCA,NA,NA,NA,FALSE
WCA,With mucin,A. muciniphila,G8P3,DSM22959,"A. muciniphila
(DSM22959)",8.787878787878789,0.14381694923430738,WCA,NA,NA,NA,FALSE
WCA,With mucin,A. muciniphila,G8P3,DSM22959,"A. muciniphila
(DSM22959)",9.090909090909092,0.1525070129009131,WCA,NA,NA,NA,FALSE
WCA,With mucin,A. muciniphila,G8P3,DSM22959,"A. muciniphila
(DSM22959)",9.393939393939394,0.1611701500524593,WCA,NA,NA,NA,FALSE
WCA,With mucin,A. muciniphila,G8P3,DSM22959,"A. muciniphila
(DSM22959)",9.696969696969697,0.17032516959100202,WCA,NA,NA,NA,FALSE
WCA,With mucin,A. muciniphila,G8P3,DSM22959,"A. muciniphila
(DSM22959)",10,0.18,WCA,NA,NA,NA,FALSE
WCA,With mucin,A. muciniphila,G8P3,DSM22959,"A. muciniphila
(DSM22959)",10.303030303030303,0.1904913547872009,WCA,NA,NA,NA,FALSE
WCA,With mucin,A. muciniphila,G8P3,DSM22959,"A. muciniphila
(DSM22959)",10.606060606060606,0.20159396367153584,WCA,NA,NA,NA,FALSE
WCA,With mucin,A. muciniphila,G8P3,DSM22959,"A. muciniphila
(DSM22959)",10.90909090909091,0.21334343993449628,WCA,NA,NA,NA,FALSE
WCA,With mucin,A. muciniphila,G8P3,DSM22959,"A. muciniphila
(DSM22959)",11.212121212121213,0.23059854024845525,WCA,NA,NA,NA,FALSE
WCA,With mucin,A. muciniphila,G8P3,DSM22959,"A. muciniphila
(DSM22959)",11.515151515151516,0.251515908063567,WCA,NA,NA,NA,FALSE
WCA,With mucin,A. muciniphila,G8P3,DSM22959,"A. muciniphila
(DSM22959)",11.818181818181818,0.2743300940396703,WCA,NA,NA,NA,FALSE
WCA,With mucin,A. muciniphila,G8P3,DSM22959,"A. muciniphila
(DSM22959)",12.121212121212121,0.295375292587688,WCA,NA,NA,NA,FALSE
WCA,With mucin,A. muciniphila,G8P3,DSM22959,"A. muciniphila
(DSM22959)",12.424242424242424,0.3119354678911251,WCA,NA,NA,NA,FALSE
WCA,With mucin,A. muciniphila,G8P3,DSM22959,"A. muciniphila
(DSM22959)",12.727272727272728,0.32942386717700783,WCA,NA,NA,NA,FALSE
WCA,With mucin,A. muciniphila,G8P3,DSM22959,"A. muciniphila
(DSM22959)",13.030303030303031,0.34701181208040416,WCA,NA,NA,NA,FALSE
WCA,With mucin,A. muciniphila,G8P3,DSM22959,"A. muciniphila
(DSM22959)",13.333333333333334,0.3572940724527028,WCA,NA,NA,NA,FALSE
WCA,With mucin,A. muciniphila,G8P3,DSM22959,"A. muciniphila
(DSM22959)",13.636363636363637,0.3678809436535839,WCA,NA,NA,NA,FALSE
WCA,With mucin,A. muciniphila,G8P3,DSM22959,"A. muciniphila
(DSM22959)",13.93939393939394,0.3787814497452217,WCA,NA,NA,NA,FALSE
WCA,With mucin,A. muciniphila,G8P3,DSM22959,"A. muciniphila
(DSM22959)",14.242424242424242,0.3930021157143745,WCA,NA,NA,NA,FALSE
WCA,With mucin,A. muciniphila,G8P3,DSM22959,"A. muciniphila
(DSM22959)",14.545454545454547,0.4085377332639239,WCA,NA,NA,NA,FALSE
WCA,With mucin,A. muciniphila,G8P3,DSM22959,"A. muciniphila
(DSM22959)",14.84848484848485,0.4246873740499148,WCA,NA,NA,NA,FALSE
WCA,With mucin,A. muciniphila,G8P3,DSM22959,"A. muciniphila
(DSM22959)",15.151515151515152,0.4391164516696441,WCA,NA,NA,NA,FALSE
WCA,With mucin,A. muciniphila,G8P3,DSM22959,"A. muciniphila
(DSM22959)",15.454545454545455,0.45160973165934465,WCA,NA,NA,NA,FALSE
WCA,With mucin,A. muciniphila,G8P3,DSM22959,"A. muciniphila
(DSM22959)",15.757575757575758,0.4644584006741567,WCA,NA,NA,NA,FALSE
WCA,With mucin,A. muciniphila,G8P3,DSM22959,"A. muciniphila
(DSM22959)",16.060606060606062,0.4775013477175874,WCA,NA,NA,NA,FALSE
WCA,With mucin,A. muciniphila,G8P3,DSM22959,"A. muciniphila
(DSM22959)",16.363636363636363,0.49020703083062916,WCA,NA,NA,NA,FALSE
WCA,With mucin,A. muciniphila,G8P3,DSM22959,"A. muciniphila
(DSM22959)",16.666666666666668,0.5032507459134292,WCA,NA,NA,NA,FALSE
WCA,With mucin,A. muciniphila,G8P3,DSM22959,"A. muciniphila
(DSM22959)",16.96969696969697,0.5166414862339259,WCA,NA,NA,NA,FALSE
WCA,With mucin,A. muciniphila,G8P3,DSM22959,"A. muciniphila
(DSM22959)",17.272727272727273,0.5316922029397114,WCA,NA,NA,NA,FALSE
WCA,With mucin,A. muciniphila,G8P3,DSM22959,"A. muciniphila
(DSM22959)",17.575757575757578,0.5473305957291434,WCA,NA,NA,NA,FALSE
WCA,With mucin,A. muciniphila,G8P3,DSM22959,"A. muciniphila
(DSM22959)",17.87878787878788,0.5634288920763773,WCA,NA,NA,NA,FALSE
WCA,With mucin,A. muciniphila,G8P3,DSM22959,"A. muciniphila
(DSM22959)",18.181818181818183,0.5779295823842643,WCA,NA,NA,NA,FALSE
WCA,With mucin,A. muciniphila,G8P3,DSM22959,"A. muciniphila
(DSM22959)",18.484848484848484,0.5913914191808182,WCA,NA,NA,NA,FALSE
WCA,With mucin,A. muciniphila,G8P3,DSM22959,"A. muciniphila
(DSM22959)",18.78787878787879,0.6051667874321692,WCA,NA,NA,NA,FALSE
WCA,With mucin,A. muciniphila,G8P3,DSM22959,"A. muciniphila
(DSM22959)",19.09090909090909,0.6178424902580898,WCA,NA,NA,NA,FALSE
WCA,With mucin,A. muciniphila,G8P3,DSM22959,"A. muciniphila
(DSM22959)",19.393939393939394,0.6274126726840726,WCA,NA,NA,NA,FALSE
WCA,With mucin,A. muciniphila,G8P3,DSM22959,"A. muciniphila
(DSM22959)",19.6969696969697,0.6371310773795686,WCA,NA,NA,NA,FALSE
WCA,With mucin,A. muciniphila,G8P3,DSM22959,"A. muciniphila
(DSM22959)",20,0.647,WCA,NA,NA,NA,FALSE
WCA,With mucin,A. muciniphila,G8P3,DSM22959,"A. muciniphila
(DSM22959)",20.303030303030305,0.6559477651356849,WCA,NA,NA,NA,FALSE
WCA,With mucin,A. muciniphila,G8P3,DSM22959,"A. muciniphila
(DSM22959)",20.606060606060606,0.6650192610901734,WCA,NA,NA,NA,FALSE
WCA,With mucin,A. muciniphila,G8P3,DSM22959,"A. muciniphila
(DSM22959)",20.90909090909091,0.6742161988287505,WCA,NA,NA,NA,FALSE
WCA,With mucin,A. muciniphila,G8P3,DSM22959,"A. muciniphila
(DSM22959)",21.21212121212121,0.6814011027405631,WCA,NA,NA,NA,FALSE
WCA,With mucin,A. muciniphila,G8P3,DSM22959,"A. muciniphila
(DSM22959)",21.515151515151516,0.6877380647551525,WCA,NA,NA,NA,FALSE
WCA,With mucin,A. muciniphila,G8P3,DSM22959,"A. muciniphila
(DSM22959)",21.81818181818182,0.6941339538282963,WCA,NA,NA,NA,FALSE
WCA,With mucin,A. muciniphila,G8P3,DSM22959,"A. muciniphila
(DSM22959)",22.12121212121212,0.6987245407691035,WCA,NA,NA,NA,FALSE
WCA,With mucin,A. muciniphila,G8P3,DSM22959,"A. muciniphila
(DSM22959)",22.424242424242426,0.7005391844664697,WCA,NA,NA,NA,FALSE
WCA,With mucin,A. muciniphila,G8P3,DSM22959,"A. muciniphila
(DSM22959)",22.727272727272727,0.7023585404670327,WCA,NA,NA,NA,FALSE
WCA,With mucin,A. muciniphila,G8P3,DSM22959,"A. muciniphila
(DSM22959)",23.03030303030303,0.704420204960902,WCA,NA,NA,NA,FALSE
WCA,With mucin,A. muciniphila,G8P3,DSM22959,"A. muciniphila
(DSM22959)",23.333333333333336,0.7086360726282922,WCA,NA,NA,NA,FALSE
WCA,With mucin,A. muciniphila,G8P3,DSM22959,"A. muciniphila
(DSM22959)",23.636363636363637,0.7128771692343727,WCA,NA,NA,NA,FALSE
WCA,With mucin,A. muciniphila,G8P3,DSM22959,"A. muciniphila
(DSM22959)",23.93939393939394,0.7171436457562136,WCA,NA,NA,NA,FALSE
WCA,With mucin,A. muciniphila,G8P3,DSM22959,"A. muciniphila
(DSM22959)",24.242424242424242,0.7177574477723423,WCA,NA,NA,NA,FALSE
WCA,With mucin,A. muciniphila,G8P3,DSM22959,"A. muciniphila
(DSM22959)",24.545454545454547,0.7174543726988009,WCA,NA,NA,NA,FALSE
WCA,With mucin,A. muciniphila,G8P3,DSM22959,"A. muciniphila
(DSM22959)",24.848484848484848,0.7171514255870705,WCA,NA,NA,NA,FALSE
WCA,With mucin,A. muciniphila,G8P3,DSM22959,"A. muciniphila
(DSM22959)",25.151515151515152,0.7173026723524428,WCA,NA,NA,NA,FALSE
WCA,With mucin,A. muciniphila,G8P3,DSM22959,"A. muciniphila
(DSM22959)",25.454545454545457,0.7179084003815885,WCA,NA,NA,NA,FALSE
WCA,With mucin,A. muciniphila,G8P3,DSM22959,"A. muciniphila
(DSM22959)",25.757575757575758,0.7185146398693657,WCA,NA,NA,NA,FALSE
WCA,With mucin,A. muciniphila,G8P3,DSM22959,"A. muciniphila
(DSM22959)",26.060606060606062,0.718451312646705,WCA,NA,NA,NA,FALSE
WCA,With mucin,A. muciniphila,G8P3,DSM22959,"A. muciniphila
(DSM22959)",26.363636363636363,0.7157141496440529,WCA,NA,NA,NA,FALSE
WCA,With mucin,A. muciniphila,G8P3,DSM22959,"A. muciniphila
(DSM22959)",26.666666666666668,0.7129874136964806,WCA,NA,NA,NA,FALSE
WCA,With mucin,A. muciniphila,G8P3,DSM22959,"A. muciniphila
(DSM22959)",26.96969696969697,0.7102710650827596,WCA,NA,NA,NA,FALSE
WCA,With mucin,A. muciniphila,G8P3,DSM22959,"A. muciniphila
(DSM22959)",27.272727272727273,0.7061541283984188,WCA,NA,NA,NA,FALSE
WCA,With mucin,A. muciniphila,G8P3,DSM22959,"A. muciniphila
(DSM22959)",27.575757575757578,0.7019053630212169,WCA,NA,NA,NA,FALSE
WCA,With mucin,A. muciniphila,G8P3,DSM22959,"A. muciniphila
(DSM22959)",27.87878787878788,0.6976821589446057,WCA,NA,NA,NA,FALSE
WCA,With mucin,A. muciniphila,G8P3,DSM22959,"A. muciniphila
(DSM22959)",28.181818181818183,0.6919472677723442,WCA,NA,NA,NA,FALSE
WCA,With mucin,A. muciniphila,G8P3,DSM22959,"A. muciniphila
(DSM22959)",28.484848484848484,0.6852450822831977,WCA,NA,NA,NA,FALSE
WCA,With mucin,A. muciniphila,G8P3,DSM22959,"A. muciniphila
(DSM22959)",28.78787878787879,0.6786078074435723,WCA,NA,NA,NA,FALSE
WCA,With mucin,A. muciniphila,G8P3,DSM22959,"A. muciniphila
(DSM22959)",29.090909090909093,0.6719696982428803,WCA,NA,NA,NA,FALSE
WCA,With mucin,A. muciniphila,G8P3,DSM22959,"A. muciniphila
(DSM22959)",29.393939393939394,0.6652460882512375,WCA,NA,NA,NA,FALSE
WCA,With mucin,A. muciniphila,G8P3,DSM22959,"A. muciniphila
(DSM22959)",29.6969696969697,0.6585897465049647,WCA,NA,NA,NA,FALSE
WCA,With mucin,A. muciniphila,G8P3,DSM22959,"A. muciniphila
(DSM22959)",30,0.6519999999999999,WCA,NA,NA,NA,FALSE
WCA,Without mucin,A. muciniphila,G3P4,DSM22959,"A. muciniphila
(DSM22959)",0,7.000000000000005e-5,WCA,WCA,0.32973073152617377,-5.254371110084646,TRUE
WCA,Without mucin,A. muciniphila,G3P4,DSM22959,"A. muciniphila
(DSM22959)",0.30303030303030304,7.000000000000005e-5,WCA,WCA,0.32973073152617377,-5.254371110084646,TRUE
WCA,Without mucin,A. muciniphila,G3P4,DSM22959,"A. muciniphila
(DSM22959)",0.6060606060606061,7.000000000000005e-5,WCA,WCA,0.32973073152617377,-5.254371110084646,TRUE
WCA,Without mucin,A. muciniphila,G3P4,DSM22959,"A. muciniphila
(DSM22959)",0.9090909090909092,7.000000000000005e-5,WCA,WCA,0.32973073152617377,-5.254371110084646,TRUE
WCA,Without mucin,A. muciniphila,G3P4,DSM22959,"A. muciniphila
(DSM22959)",1.2121212121212122,7.000000000000005e-5,WCA,WCA,0.32973073152617377,-5.254371110084646,TRUE
WCA,Without mucin,A. muciniphila,G3P4,DSM22959,"A. muciniphila
(DSM22959)",1.5151515151515151,7.000000000000005e-5,WCA,WCA,0.32973073152617377,-5.254371110084646,TRUE
WCA,Without mucin,A. muciniphila,G3P4,DSM22959,"A. muciniphila
(DSM22959)",1.8181818181818183,7.000000000000005e-5,WCA,WCA,0.32973073152617377,-5.254371110084646,TRUE
WCA,Without mucin,A. muciniphila,G3P4,DSM22959,"A. muciniphila
(DSM22959)",2.121212121212121,7.000000000000005e-5,WCA,WCA,0.32973073152617377,-5.254371110084646,TRUE
WCA,Without mucin,A. muciniphila,G3P4,DSM22959,"A. muciniphila
(DSM22959)",2.4242424242424243,7.000000000000005e-5,WCA,WCA,0.32973073152617377,-5.254371110084646,TRUE
WCA,Without mucin,A. muciniphila,G3P4,DSM22959,"A. muciniphila
(DSM22959)",2.7272727272727275,7.000000000000005e-5,WCA,WCA,0.32973073152617377,-5.254371110084646,TRUE
WCA,Without mucin,A. muciniphila,G3P4,DSM22959,"A. muciniphila
(DSM22959)",3.0303030303030303,7.000000000000005e-5,WCA,WCA,0.32973073152617377,-5.254371110084646,TRUE
WCA,Without mucin,A. muciniphila,G3P4,DSM22959,"A. muciniphila
(DSM22959)",3.3333333333333335,7.000000000000005e-5,WCA,WCA,0.32973073152617377,-5.254371110084646,TRUE
WCA,Without mucin,A. muciniphila,G3P4,DSM22959,"A. muciniphila
(DSM22959)",3.6363636363636367,1.0117659630880607e-4,WCA,WCA,0.32973073152617377,-5.254371110084646,TRUE
WCA,Without mucin,A. muciniphila,G3P4,DSM22959,"A. muciniphila
(DSM22959)",3.9393939393939394,1.3945097129468712e-4,WCA,WCA,0.32973073152617377,-5.254371110084646,TRUE
WCA,Without mucin,A. muciniphila,G3P4,DSM22959,"A. muciniphila
(DSM22959)",4.242424242424242,1.862833373386278e-4,WCA,WCA,0.32973073152617377,-5.254371110084646,TRUE
WCA,Without mucin,A. muciniphila,G3P4,DSM22959,"A. muciniphila
(DSM22959)",4.545454545454546,2.4358722564726026e-4,WCA,WCA,0.32973073152617377,-5.254371110084646,TRUE
WCA,Without mucin,A. muciniphila,G3P4,DSM22959,"A. muciniphila
(DSM22959)",4.848484848484849,3.1370402504636054e-4,WCA,WCA,0.32973073152617377,-5.254371110084646,TRUE
WCA,Without mucin,A. muciniphila,G3P4,DSM22959,"A. muciniphila
(DSM22959)",5.151515151515151,3.994986491649661e-4,WCA,WCA,0.32973073152617377,-5.254371110084646,TRUE
WCA,Without mucin,A. muciniphila,G3P4,DSM22959,"A. muciniphila
(DSM22959)",5.454545454545455,5.044765944039678e-4,WCA,WCA,0.32973073152617377,-5.254371110084646,TRUE
WCA,Without mucin,A. muciniphila,G3P4,DSM22959,"A. muciniphila
(DSM22959)",5.757575757575758,6.329271715796176e-4,WCA,WCA,0.32973073152617377,-5.254371110084646,TRUE
WCA,Without mucin,A. muciniphila,G3P4,DSM22959,"A. muciniphila
(DSM22959)",6.0606060606060606,7.900987635668043e-4,WCA,WCA,0.32973073152617377,-5.254371110084646,TRUE
WCA,Without mucin,A. muciniphila,G3P4,DSM22959,"A. muciniphila
(DSM22959)",6.363636363636364,9.824132698224412e-4,WCA,WCA,0.32973073152617377,-5.254371110084646,TRUE
WCA,Without mucin,A. muciniphila,G3P4,DSM22959,"A. muciniphila
(DSM22959)",6.666666666666667,0.0012177284998123785,WCA,WCA,0.32973073152617377,-5.254371110084646,TRUE
WCA,Without mucin,A. muciniphila,G3P4,DSM22959,"A. muciniphila
(DSM22959)",6.96969696969697,0.001505659236517239,WCA,WCA,0.32973073152617377,-5.254371110084646,TRUE
WCA,Without mucin,A. muciniphila,G3P4,DSM22959,"A. muciniphila
(DSM22959)",7.272727272727273,0.0018579700884028094,WCA,WCA,0.32973073152617377,-5.254371110084646,TRUE
WCA,Without mucin,A. muciniphila,G3P4,DSM22959,"A. muciniphila
(DSM22959)",7.575757575757576,0.0022890561814570805,WCA,WCA,0.32973073152617377,-5.254371110084646,TRUE
WCA,Without mucin,A. muciniphila,G3P4,DSM22959,"A. muciniphila
(DSM22959)",7.878787878787879,0.002816531331967501,WCA,WCA,0.32973073152617377,-5.254371110084646,TRUE
WCA,Without mucin,A. muciniphila,G3P4,DSM22959,"A. muciniphila
(DSM22959)",8.181818181818182,0.003461947732284927,WCA,WCA,0.32973073152617377,-5.254371110084646,TRUE
WCA,Without mucin,A. muciniphila,G3P4,DSM22959,"A. muciniphila
(DSM22959)",8.484848484848484,0.0042516765553311095,WCA,WCA,0.32973073152617377,-5.254371110084646,TRUE
WCA,Without mucin,A. muciniphila,G3P4,DSM22959,"A. muciniphila
(DSM22959)",8.787878787878789,0.005217985458611511,WCA,WCA,0.32973073152617377,-5.254371110084646,TRUE
WCA,Without mucin,A. muciniphila,G3P4,DSM22959,"A. muciniphila
(DSM22959)",9.090909090909092,0.006400357013643834,WCA,WCA,0.32973073152617377,-5.254371110084646,TRUE
WCA,Without mucin,A. muciniphila,G3P4,DSM22959,"A. muciniphila
(DSM22959)",9.393939393939394,0.007847101930723303,WCA,WCA,0.32973073152617377,-5.254371110084646,TRUE
WCA,Without mucin,A. muciniphila,G3P4,DSM22959,"A. muciniphila
(DSM22959)",9.696969696969697,0.00961733299403577,WCA,WCA,0.32973073152617377,-5.254371110084646,TRUE
WCA,Without mucin,A. muciniphila,G3P4,DSM22959,"A. muciniphila
(DSM22959)",10,0.011783380360452225,WCA,WCA,0.32973073152617377,-5.254371110084646,FALSE
WCA,Without mucin,A. muciniphila,G3P4,DSM22959,"A. muciniphila
(DSM22959)",10.303030303030303,0.014433746909088207,WCA,WCA,0.32973073152617377,-5.254371110084646,FALSE
WCA,Without mucin,A. muciniphila,G3P4,DSM22959,"A. muciniphila
(DSM22959)",10.606060606060606,0.01767672439473294,WCA,WCA,0.32973073152617377,-5.254371110084646,FALSE
WCA,Without mucin,A. muciniphila,G3P4,DSM22959,"A. muciniphila
(DSM22959)",10.90909090909091,0.021644818158145104,WCA,WCA,0.32973073152617377,-5.254371110084646,FALSE
WCA,Without mucin,A. muciniphila,G3P4,DSM22959,"A. muciniphila
(DSM22959)",11.212121212121213,0.027459185726871678,WCA,WCA,0.32973073152617377,-5.254371110084646,FALSE
WCA,Without mucin,A. muciniphila,G3P4,DSM22959,"A. muciniphila
(DSM22959)",11.515151515151516,0.035364815992529566,WCA,WCA,0.32973073152617377,-5.254371110084646,FALSE
WCA,Without mucin,A. muciniphila,G3P4,DSM22959,"A. muciniphila
(DSM22959)",11.818181818181818,0.045540727352490956,WCA,WCA,0.32973073152617377,-5.254371110084646,FALSE
WCA,Without mucin,A. muciniphila,G3P4,DSM22959,"A. muciniphila
(DSM22959)",12.121212121212121,0.05758064838369225,WCA,WCA,0.32973073152617377,-5.254371110084646,FALSE
WCA,Without mucin,A. muciniphila,G3P4,DSM22959,"A. muciniphila
(DSM22959)",12.424242424242424,0.07083746628988018,WCA,WCA,0.32973073152617377,-5.254371110084646,FALSE
WCA,Without mucin,A. muciniphila,G3P4,DSM22959,"A. muciniphila
(DSM22959)",12.727272727272728,0.08714270127245856,WCA,WCA,0.32973073152617377,-5.254371110084646,FALSE
WCA,Without mucin,A. muciniphila,G3P4,DSM22959,"A. muciniphila
(DSM22959)",13.030303030303031,0.1062258449061267,WCA,WCA,0.32973073152617377,-5.254371110084646,FALSE
WCA,Without mucin,A. muciniphila,G3P4,DSM22959,"A. muciniphila
(DSM22959)",13.333333333333334,0.11929908064262722,WCA,WCA,0.32973073152617377,-5.254371110084646,FALSE
WCA,Without mucin,A. muciniphila,G3P4,DSM22959,"A. muciniphila
(DSM22959)",13.636363636363637,0.1339801825452328,WCA,WCA,0.32973073152617377,-5.254371110084646,FALSE
WCA,Without mucin,A. muciniphila,G3P4,DSM22959,"A. muciniphila
(DSM22959)",13.93939393939394,0.1504669007088865,WCA,WCA,0.32973073152617377,-5.254371110084646,FALSE
WCA,Without mucin,A. muciniphila,G3P4,DSM22959,"A. muciniphila
(DSM22959)",14.242424242424242,0.1646671169075867,WCA,WCA,0.32973073152617377,-5.254371110084646,FALSE
WCA,Without mucin,A. muciniphila,G3P4,DSM22959,"A. muciniphila
(DSM22959)",14.545454545454547,0.17904550595030946,WCA,WCA,0.32973073152617377,-5.254371110084646,FALSE
WCA,Without mucin,A. muciniphila,G3P4,DSM22959,"A. muciniphila
(DSM22959)",14.84848484848485,0.19467885243883867,WCA,WCA,0.32973073152617377,-5.254371110084646,FALSE
WCA,Without mucin,A. muciniphila,G3P4,DSM22959,"A. muciniphila
(DSM22959)",15.151515151515152,0.2097608370686302,WCA,WCA,0.32973073152617377,-5.254371110084646,FALSE
WCA,Without mucin,A. muciniphila,G3P4,DSM22959,"A. muciniphila
(DSM22959)",15.454545454545455,0.22396527353814757,WCA,WCA,0.32973073152617377,-5.254371110084646,FALSE
WCA,Without mucin,A. muciniphila,G3P4,DSM22959,"A. muciniphila
(DSM22959)",15.757575757575758,0.2391312751342939,WCA,WCA,0.32973073152617377,-5.254371110084646,FALSE
WCA,Without mucin,A. muciniphila,G3P4,DSM22959,"A. muciniphila
(DSM22959)",16.060606060606062,0.255033304475283,WCA,WCA,0.32973073152617377,-5.254371110084646,FALSE
WCA,Without mucin,A. muciniphila,G3P4,DSM22959,"A. muciniphila
(DSM22959)",16.363636363636363,0.2707562140709839,WCA,WCA,0.32973073152617377,-5.254371110084646,FALSE
WCA,Without mucin,A. muciniphila,G3P4,DSM22959,"A. muciniphila
(DSM22959)",16.666666666666668,0.28744818162014063,WCA,WCA,0.32973073152617377,-5.254371110084646,FALSE
WCA,Without mucin,A. muciniphila,G3P4,DSM22959,"A. muciniphila
(DSM22959)",16.96969696969697,0.3051689335564285,WCA,WCA,0.32973073152617377,-5.254371110084646,FALSE
WCA,Without mucin,A. muciniphila,G3P4,DSM22959,"A. muciniphila
(DSM22959)",17.272727272727273,0.32279464161019567,WCA,WCA,0.32973073152617377,-5.254371110084646,FALSE
WCA,Without mucin,A. muciniphila,G3P4,DSM22959,"A. muciniphila
(DSM22959)",17.575757575757578,0.3412988799515259,WCA,WCA,0.32973073152617377,-5.254371110084646,FALSE
WCA,Without mucin,A. muciniphila,G3P4,DSM22959,"A. muciniphila
(DSM22959)",17.87878787878788,0.36086364580954255,WCA,WCA,0.32973073152617377,-5.254371110084646,FALSE
WCA,Without mucin,A. muciniphila,G3P4,DSM22959,"A. muciniphila
(DSM22959)",18.181818181818183,0.3803654783108319,WCA,WCA,0.32973073152617377,-5.254371110084646,FALSE
WCA,Without mucin,A. muciniphila,G3P4,DSM22959,"A. muciniphila
(DSM22959)",18.484848484848484,0.40009102652759765,WCA,WCA,0.32973073152617377,-5.254371110084646,FALSE
WCA,Without mucin,A. muciniphila,G3P4,DSM22959,"A. muciniphila
(DSM22959)",18.78787878787879,0.42083934279475566,WCA,WCA,0.32973073152617377,-5.254371110084646,FALSE
WCA,Without mucin,A. muciniphila,G3P4,DSM22959,"A. muciniphila
(DSM22959)",19.09090909090909,0.4416230636291211,WCA,WCA,0.32973073152617377,-5.254371110084646,FALSE
WCA,Without mucin,A. muciniphila,G3P4,DSM22959,"A. muciniphila
(DSM22959)",19.393939393939394,0.46089555729663717,WCA,WCA,0.32973073152617377,-5.254371110084646,FALSE
WCA,Without mucin,A. muciniphila,G3P4,DSM22959,"A. muciniphila
(DSM22959)",19.6969696969697,0.48100897205336546,WCA,WCA,0.32973073152617377,-5.254371110084646,FALSE
WCA,Without mucin,A. muciniphila,G3P4,DSM22959,"A. muciniphila
(DSM22959)",20,0.502,WCA,WCA,0.32973073152617377,-5.254371110084646,FALSE
WCA,Without mucin,A. muciniphila,G3P4,DSM22959,"A. muciniphila
(DSM22959)",20.303030303030305,0.5205896578805991,WCA,WCA,0.32973073152617377,-5.254371110084646,FALSE
WCA,Without mucin,A. muciniphila,G3P4,DSM22959,"A. muciniphila
(DSM22959)",20.606060606060606,0.5398676169544933,WCA,WCA,0.32973073152617377,-5.254371110084646,FALSE
WCA,Without mucin,A. muciniphila,G3P4,DSM22959,"A. muciniphila
(DSM22959)",20.90909090909091,0.5598593622809417,WCA,WCA,0.32973073152617377,-5.254371110084646,FALSE
WCA,Without mucin,A. muciniphila,G3P4,DSM22959,"A. muciniphila
(DSM22959)",21.21212121212121,0.5772443436854617,WCA,WCA,0.32973073152617377,-5.254371110084646,FALSE
WCA,Without mucin,A. muciniphila,G3P4,DSM22959,"A. muciniphila
(DSM22959)",21.515151515151516,0.5936962428820222,WCA,WCA,0.32973073152617377,-5.254371110084646,FALSE
WCA,Without mucin,A. muciniphila,G3P4,DSM22959,"A. muciniphila
(DSM22959)",21.81818181818182,0.6106169767613412,WCA,WCA,0.32973073152617377,-5.254371110084646,FALSE
WCA,Without mucin,A. muciniphila,G3P4,DSM22959,"A. muciniphila
(DSM22959)",22.12121212121212,0.62708261928604625,WCA,WCA,0.32973073152617377,-5.254371110084646,FALSE
WCA,Without mucin,A. muciniphila,G3P4,DSM22959,"A. muciniphila
(DSM22959)",22.424242424242426,0.6425510719430412,WCA,WCA,0.32973073152617377,-5.254371110084646,FALSE
WCA,Without mucin,A. muciniphila,G3P4,DSM22959,"A. muciniphila
(DSM22959)",22.727272727272727,0.6584010474068356,WCA,WCA,0.32973073152617377,-5.254371110084646,FALSE
WCA,Without mucin,A. muciniphila,G3P4,DSM22959,"A. muciniphila
(DSM22959)",23.03030303030303,0.6741211157650667,WCA,WCA,0.32973073152617377,-5.254371110084646,FALSE
WCA,Without mucin,A. muciniphila,G3P4,DSM22959,"A. muciniphila
(DSM22959)",23.333333333333336,0.6854354961506096,WCA,WCA,0.32973073152617377,-5.254371110084646,FALSE
WCA,Without mucin,A. muciniphila,G3P4,DSM22959,"A. muciniphila
(DSM22959)",23.636363636363637,0.6969397562312644,WCA,WCA,0.32973073152617377,-5.254371110084646,FALSE
WCA,Without mucin,A. muciniphila,G3P4,DSM22959,"A. muciniphila
(DSM22959)",23.93939393939394,0.7086370825976699,WCA,WCA,0.32973073152617377,-5.254371110084646,FALSE
WCA,Without mucin,A. muciniphila,G3P4,DSM22959,"A. muciniphila
(DSM22959)",24.242424242424242,0.7181592933428617,WCA,WCA,0.32973073152617377,-5.254371110084646,FALSE
WCA,Without mucin,A. muciniphila,G3P4,DSM22959,"A. muciniphila
(DSM22959)",24.545454545454547,0.7272098604863992,WCA,WCA,0.32973073152617377,-5.254371110084646,FALSE
WCA,Without mucin,A. muciniphila,G3P4,DSM22959,"A. muciniphila
(DSM22959)",24.848484848484848,0.7363744758404163,WCA,WCA,0.32973073152617377,-5.254371110084646,FALSE
WCA,Without mucin,A. muciniphila,G3P4,DSM22959,"A. muciniphila
(DSM22959)",25.151515151515152,0.7436995829698482,WCA,WCA,0.32973073152617377,-5.254371110084646,FALSE
WCA,Without mucin,A. muciniphila,G3P4,DSM22959,"A. muciniphila
(DSM22959)",25.454545454545457,0.7491282869998355,WCA,WCA,0.32973073152617377,-5.254371110084646,FALSE
WCA,Without mucin,A. muciniphila,G3P4,DSM22959,"A. muciniphila
(DSM22959)",25.757575757575758,0.7545966146284748,WCA,WCA,0.32973073152617377,-5.254371110084646,FALSE
WCA,Without mucin,A. muciniphila,G3P4,DSM22959,"A. muciniphila
(DSM22959)",26.060606060606062,0.7591814815255604,WCA,WCA,0.32973073152617377,-5.254371110084646,FALSE
WCA,Without mucin,A. muciniphila,G3P4,DSM22959,"A. muciniphila
(DSM22959)",26.363636363636363,0.7600895402009302,WCA,WCA,0.32973073152617377,-5.254371110084646,FALSE
WCA,Without mucin,A. muciniphila,G3P4,DSM22959,"A. muciniphila
(DSM22959)",26.666666666666668,0.7609986849071844,WCA,WCA,0.32973073152617377,-5.254371110084646,FALSE
WCA,Without mucin,A. muciniphila,G3P4,DSM22959,"A. muciniphila
(DSM22959)",26.96969696969697,0.7619089169432072,WCA,WCA,0.32973073152617377,-5.254371110084646,FALSE
WCA,Without mucin,A. muciniphila,G3P4,DSM22959,"A. muciniphila
(DSM22959)",27.272727272727273,0.761454024118305,WCA,WCA,0.32973073152617377,-5.254371110084646,FALSE
WCA,Without mucin,A. muciniphila,G3P4,DSM22959,"A. muciniphila
(DSM22959)",27.575757575757578,0.7608478430029604,WCA,WCA,0.32973073152617377,-5.254371110084646,FALSE
WCA,Without mucin,A. muciniphila,G3P4,DSM22959,"A. muciniphila
(DSM22959)",27.87878787878788,0.7602421444141455,WCA,WCA,0.32973073152617377,-5.254371110084646,FALSE
WCA,Without mucin,A. muciniphila,G3P4,DSM22959,"A. muciniphila
(DSM22959)",28.181818181818183,0.7574351480332047,WCA,WCA,0.32973073152617377,-5.254371110084646,FALSE
WCA,Without mucin,A. muciniphila,G3P4,DSM22959,"A. muciniphila
(DSM22959)",28.484848484848484,0.7531796138362415,WCA,WCA,0.32973073152617377,-5.254371110084646,FALSE
WCA,Without mucin,A. muciniphila,G3P4,DSM22959,"A. muciniphila
(DSM22959)",28.78787878787879,0.7489479865016259,WCA,WCA,0.32973073152617377,-5.254371110084646,FALSE
WCA,Without mucin,A. muciniphila,G3P4,DSM22959,"A. muciniphila
(DSM22959)",29.090909090909093,0.744993234654398,WCA,WCA,0.32973073152617377,-5.254371110084646,FALSE
WCA,Without mucin,A. muciniphila,G3P4,DSM22959,"A. muciniphila
(DSM22959)",29.393939393939394,0.7416471516553581,WCA,WCA,0.32973073152617377,-5.254371110084646,FALSE
WCA,Without mucin,A. muciniphila,G3P4,DSM22959,"A. muciniphila
(DSM22959)",29.6969696969697,0.7383160959330858,WCA,WCA,0.32973073152617377,-5.254371110084646,FALSE
WCA,Without mucin,A. muciniphila,G3P4,DSM22959,"A. muciniphila
(DSM22959)",30,0.735,WCA,WCA,0.32973073152617377,-5.254371110084646,FALSE
WCA,Without mucin,A. muciniphila,G2P3,DSM22959,"A. muciniphila
(DSM22959)",0,7.000000000000005e-5,WCA,WCA,0.322091598616773,-5.087437340650496,TRUE
WCA,Without mucin,A. muciniphila,G2P3,DSM22959,"A. muciniphila
(DSM22959)",0.30303030303030304,7.000000000000005e-5,WCA,WCA,0.322091598616773,-5.087437340650496,TRUE
WCA,Without mucin,A. muciniphila,G2P3,DSM22959,"A. muciniphila
(DSM22959)",0.6060606060606061,7.000000000000005e-5,WCA,WCA,0.322091598616773,-5.087437340650496,TRUE
WCA,Without mucin,A. muciniphila,G2P3,DSM22959,"A. muciniphila
(DSM22959)",0.9090909090909092,7.000000000000005e-5,WCA,WCA,0.322091598616773,-5.087437340650496,TRUE
WCA,Without mucin,A. muciniphila,G2P3,DSM22959,"A. muciniphila
(DSM22959)",1.2121212121212122,7.000000000000005e-5,WCA,WCA,0.322091598616773,-5.087437340650496,TRUE
WCA,Without mucin,A. muciniphila,G2P3,DSM22959,"A. muciniphila
(DSM22959)",1.5151515151515151,7.000000000000005e-5,WCA,WCA,0.322091598616773,-5.087437340650496,TRUE
WCA,Without mucin,A. muciniphila,G2P3,DSM22959,"A. muciniphila
(DSM22959)",1.8181818181818183,7.000000000000005e-5,WCA,WCA,0.322091598616773,-5.087437340650496,TRUE
WCA,Without mucin,A. muciniphila,G2P3,DSM22959,"A. muciniphila
(DSM22959)",2.121212121212121,7.000000000000005e-5,WCA,WCA,0.322091598616773,-5.087437340650496,TRUE
WCA,Without mucin,A. muciniphila,G2P3,DSM22959,"A. muciniphila
(DSM22959)",2.4242424242424243,7.000000000000005e-5,WCA,WCA,0.322091598616773,-5.087437340650496,TRUE
WCA,Without mucin,A. muciniphila,G2P3,DSM22959,"A. muciniphila
(DSM22959)",2.7272727272727275,7.000000000000005e-5,WCA,WCA,0.322091598616773,-5.087437340650496,TRUE
WCA,Without mucin,A. muciniphila,G2P3,DSM22959,"A. muciniphila
(DSM22959)",3.0303030303030303,8.283645016180194e-5,WCA,WCA,0.322091598616773,-5.087437340650496,TRUE
WCA,Without mucin,A. muciniphila,G2P3,DSM22959,"A. muciniphila
(DSM22959)",3.3333333333333335,1.1608534119866634e-4,WCA,WCA,0.322091598616773,-5.087437340650496,TRUE
WCA,Without mucin,A. muciniphila,G2P3,DSM22959,"A. muciniphila
(DSM22959)",3.6363636363636367,1.5656738083333514e-4,WCA,WCA,0.322091598616773,-5.087437340650496,TRUE
WCA,Without mucin,A. muciniphila,G2P3,DSM22959,"A. muciniphila
(DSM22959)",3.9393939393939394,2.0585610842325432e-4,WCA,WCA,0.322091598616773,-5.087437340650496,TRUE
WCA,Without mucin,A. muciniphila,G2P3,DSM22959,"A. muciniphila
(DSM22959)",4.242424242424242,2.6586737982551623e-4,WCA,WCA,0.322091598616773,-5.087437340650496,TRUE
WCA,Without mucin,A. muciniphila,G2P3,DSM22959,"A. muciniphila
(DSM22959)",4.545454545454546,3.3893383683124615e-4,WCA,WCA,0.322091598616773,-5.087437340650496,TRUE
WCA,Without mucin,A. muciniphila,G2P3,DSM22959,"A. muciniphila
(DSM22959)",4.848484848484849,4.278955770947422e-4,WCA,WCA,0.322091598616773,-5.087437340650496,TRUE
WCA,Without mucin,A. muciniphila,G2P3,DSM22959,"A. muciniphila
(DSM22959)",5.151515151515151,5.362105489030649e-4,WCA,WCA,0.322091598616773,-5.087437340650496,TRUE
WCA,Without mucin,A. muciniphila,G2P3,DSM22959,"A. muciniphila
(DSM22959)",5.454545454545455,6.68088961837529e-4,WCA,WCA,0.322091598616773,-5.087437340650496,TRUE
WCA,Without mucin,A. muciniphila,G2P3,DSM22959,"A. muciniphila
(DSM22959)",5.757575757575758,8.28656937877721e-4,WCA,WCA,0.322091598616773,-5.087437340650496,TRUE
WCA,Without mucin,A. muciniphila,G2P3,DSM22959,"A. muciniphila
(DSM22959)",6.0606060606060606,0.0010241557640764862,WCA,WCA,0.322091598616773,-5.087437340650496,TRUE
WCA,Without mucin,A. muciniphila,G2P3,DSM22959,"A. muciniphila
(DSM22959)",6.363636363636364,0.0012621844917695378,WCA,WCA,0.322091598616773,-5.087437340650496,TRUE
WCA,Without mucin,A. muciniphila,G2P3,DSM22959,"A. muciniphila
(DSM22959)",6.666666666666667,0.0015519953121658093,WCA,WCA,0.322091598616773,-5.087437340650496,TRUE
WCA,Without mucin,A. muciniphila,G2P3,DSM22959,"A. muciniphila
(DSM22959)",6.96969696969697,0.0019048531895858383,WCA,WCA,0.322091598616773,-5.087437340650496,TRUE
WCA,Without mucin,A. muciniphila,G2P3,DSM22959,"A. muciniphila
(DSM22959)",7.272727272727273,0.002334473731314138,WCA,WCA,0.322091598616773,-5.087437340650496,TRUE
WCA,Without mucin,A. muciniphila,G2P3,DSM22959,"A. muciniphila
(DSM22959)",7.575757575757576,0.0028575563140935093,WCA,WCA,0.322091598616773,-5.087437340650496,TRUE
WCA,Without mucin,A. muciniphila,G2P3,DSM22959,"A. muciniphila
(DSM22959)",7.878787878787879,0.0034944331899207843,WCA,WCA,0.322091598616773,-5.087437340650496,TRUE
WCA,Without mucin,A. muciniphila,G2P3,DSM22959,"A. muciniphila
(DSM22959)",8.181818181818182,0.004269859801925928,WCA,WCA,0.322091598616773,-5.087437340650496,TRUE
WCA,Without mucin,A. muciniphila,G2P3,DSM22959,"A. muciniphila
(DSM22959)",8.484848484848484,0.005213977029961135,WCA,WCA,0.322091598616773,-5.087437340650496,TRUE
WCA,Without mucin,A. muciniphila,G2P3,DSM22959,"A. muciniphila
(DSM22959)",8.787878787878789,0.006363482768444859,WCA,WCA,0.322091598616773,-5.087437340650496,TRUE
WCA,Without mucin,A. muciniphila,G2P3,DSM22959,"A. muciniphila
(DSM22959)",9.090909090909092,0.007763058375763083,WCA,WCA,0.322091598616773,-5.087437340650496,TRUE
WCA,Without mucin,A. muciniphila,G2P3,DSM22959,"A. muciniphila
(DSM22959)",9.393939393939394,0.009467105441403683,WCA,WCA,0.322091598616773,-5.087437340650496,TRUE
WCA,Without mucin,A. muciniphila,G2P3,DSM22959,"A. muciniphila
(DSM22959)",9.696969696969697,0.011541860379068208,WCA,WCA,0.322091598616773,-5.087437340650496,FALSE
WCA,Without mucin,A. muciniphila,G2P3,DSM22959,"A. muciniphila
(DSM22959)",10,0.014067969040125103,WCA,WCA,0.322091598616773,-5.087437340650496,FALSE
WCA,Without mucin,A. muciniphila,G2P3,DSM22959,"A. muciniphila
(DSM22959)",10.303030303030303,0.017143621422786668,WCA,WCA,0.322091598616773,-5.087437340650496,FALSE
WCA,Without mucin,A. muciniphila,G2P3,DSM22959,"A. muciniphila
(DSM22959)",10.606060606060606,0.02088836832334709,WCA,WCA,0.322091598616773,-5.087437340650496,FALSE
WCA,Without mucin,A. muciniphila,G2P3,DSM22959,"A. muciniphila
(DSM22959)",10.90909090909091,0.025447768282949118,WCA,WCA,0.322091598616773,-5.087437340650496,FALSE
WCA,Without mucin,A. muciniphila,G2P3,DSM22959,"A. muciniphila
(DSM22959)",11.212121212121213,0.032745007580778335,WCA,WCA,0.322091598616773,-5.087437340650496,FALSE
WCA,Without mucin,A. muciniphila,G2P3,DSM22959,"A. muciniphila
(DSM22959)",11.515151515151516,0.04312948653395869,WCA,WCA,0.322091598616773,-5.087437340650496,FALSE
WCA,Without mucin,A. muciniphila,G2P3,DSM22959,"A. muciniphila
(DSM22959)",11.818181818181818,0.056800187587304325,WCA,WCA,0.322091598616773,-5.087437340650496,FALSE
WCA,Without mucin,A. muciniphila,G2P3,DSM22959,"A. muciniphila
(DSM22959)",12.121212121212121,0.07183239265196803,WCA,WCA,0.322091598616773,-5.087437340650496,FALSE
WCA,Without mucin,A. muciniphila,G2P3,DSM22959,"A. muciniphila
(DSM22959)",12.424242424242424,0.08549200095946632,WCA,WCA,0.322091598616773,-5.087437340650496,FALSE
WCA,Without mucin,A. muciniphila,G2P3,DSM22959,"A. muciniphila
(DSM22959)",12.727272727272728,0.1017465840964869,WCA,WCA,0.322091598616773,-5.087437340650496,FALSE
WCA,Without mucin,A. muciniphila,G2P3,DSM22959,"A. muciniphila
(DSM22959)",13.030303030303031,0.12031467011352864,WCA,WCA,0.322091598616773,-5.087437340650496,FALSE
WCA,Without mucin,A. muciniphila,G2P3,DSM22959,"A. muciniphila
(DSM22959)",13.333333333333334,0.1342867595516771,WCA,WCA,0.322091598616773,-5.087437340650496,FALSE
WCA,Without mucin,A. muciniphila,G2P3,DSM22959,"A. muciniphila
(DSM22959)",13.636363636363637,0.14988047808166513,WCA,WCA,0.322091598616773,-5.087437340650496,FALSE
WCA,Without mucin,A. muciniphila,G2P3,DSM22959,"A. muciniphila
(DSM22959)",13.93939393939394,0.16728403527108415,WCA,WCA,0.322091598616773,-5.087437340650496,FALSE
WCA,Without mucin,A. muciniphila,G2P3,DSM22959,"A. muciniphila
(DSM22959)",14.242424242424242,0.18276409653385053,WCA,WCA,0.322091598616773,-5.087437340650496,FALSE
WCA,Without mucin,A. muciniphila,G2P3,DSM22959,"A. muciniphila
(DSM22959)",14.545454545454547,0.1986132971088336,WCA,WCA,0.322091598616773,-5.087437340650496,FALSE
WCA,Without mucin,A. muciniphila,G2P3,DSM22959,"A. muciniphila
(DSM22959)",14.84848484848485,0.2158364053062361,WCA,WCA,0.322091598616773,-5.087437340650496,FALSE
WCA,Without mucin,A. muciniphila,G2P3,DSM22959,"A. muciniphila
(DSM22959)",15.151515151515152,0.23220109674199207,WCA,WCA,0.322091598616773,-5.087437340650496,FALSE
WCA,Without mucin,A. muciniphila,G2P3,DSM22959,"A. muciniphila
(DSM22959)",15.454545454545455,0.24730185736008925,WCA,WCA,0.322091598616773,-5.087437340650496,FALSE
WCA,Without mucin,A. muciniphila,G2P3,DSM22959,"A. muciniphila
(DSM22959)",15.757575757575758,0.26338437151723476,WCA,WCA,0.322091598616773,-5.087437340650496,FALSE
WCA,Without mucin,A. muciniphila,G2P3,DSM22959,"A. muciniphila
(DSM22959)",16.060606060606062,0.28056155561027263,WCA,WCA,0.322091598616773,-5.087437340650496,FALSE
WCA,Without mucin,A. muciniphila,G2P3,DSM22959,"A. muciniphila
(DSM22959)",16.363636363636363,0.2990679399464795,WCA,WCA,0.322091598616773,-5.087437340650496,FALSE
WCA,Without mucin,A. muciniphila,G2P3,DSM22959,"A. muciniphila
(DSM22959)",16.666666666666668,0.3187947367928001,WCA,WCA,0.322091598616773,-5.087437340650496,FALSE
WCA,Without mucin,A. muciniphila,G2P3,DSM22959,"A. muciniphila
(DSM22959)",16.96969696969697,0.33982242684539726,WCA,WCA,0.322091598616773,-5.087437340650496,FALSE
WCA,Without mucin,A. muciniphila,G2P3,DSM22959,"A. muciniphila
(DSM22959)",17.272727272727273,0.3593401636001451,WCA,WCA,0.322091598616773,-5.087437340650496,FALSE
WCA,Without mucin,A. muciniphila,G2P3,DSM22959,"A. muciniphila
(DSM22959)",17.575757575757578,0.37963985810319634,WCA,WCA,0.322091598616773,-5.087437340650496,FALSE
WCA,Without mucin,A. muciniphila,G2P3,DSM22959,"A. muciniphila
(DSM22959)",17.87878787878788,0.40108609112588595,WCA,WCA,0.322091598616773,-5.087437340650496,FALSE
WCA,Without mucin,A. muciniphila,G2P3,DSM22959,"A. muciniphila
(DSM22959)",18.181818181818183,0.4212791738322007,WCA,WCA,0.322091598616773,-5.087437340650496,FALSE
WCA,Without mucin,A. muciniphila,G2P3,DSM22959,"A. muciniphila
(DSM22959)",18.484848484848484,0.4407714215626211,WCA,WCA,0.322091598616773,-5.087437340650496,FALSE
WCA,Without mucin,A. muciniphila,G2P3,DSM22959,"A. muciniphila
(DSM22959)",18.78787878787879,0.4611654100467458,WCA,WCA,0.322091598616773,-5.087437340650496,FALSE
WCA,Without mucin,A. muciniphila,G2P3,DSM22959,"A. muciniphila
(DSM22959)",19.09090909090909,0.48205448305709764,WCA,WCA,0.322091598616773,-5.087437340650496,FALSE
WCA,Without mucin,A. muciniphila,G2P3,DSM22959,"A. muciniphila
(DSM22959)",19.393939393939394,0.502797718891153,WCA,WCA,0.322091598616773,-5.087437340650496,FALSE
WCA,Without mucin,A. muciniphila,G2P3,DSM22959,"A. muciniphila
(DSM22959)",19.6969696969697,0.5244334251306498,WCA,WCA,0.322091598616773,-5.087437340650496,FALSE
WCA,Without mucin,A. muciniphila,G2P3,DSM22959,"A. muciniphila
(DSM22959)",20,0.5469999999999999,WCA,WCA,0.322091598616773,-5.087437340650496,FALSE
WCA,Without mucin,A. muciniphila,G2P3,DSM22959,"A. muciniphila
(DSM22959)",20.303030303030305,0.5653711034678085,WCA,WCA,0.322091598616773,-5.087437340650496,FALSE
WCA,Without mucin,A. muciniphila,G2P3,DSM22959,"A. muciniphila
(DSM22959)",20.606060606060606,0.5843591251410107,WCA,WCA,0.322091598616773,-5.087437340650496,FALSE
WCA,Without mucin,A. muciniphila,G2P3,DSM22959,"A. muciniphila
(DSM22959)",20.90909090909091,0.6039847816887401,WCA,WCA,0.322091598616773,-5.087437340650496,FALSE
WCA,Without mucin,A. muciniphila,G2P3,DSM22959,"A. muciniphila
(DSM22959)",21.21212121212121,0.62186674714706,WCA,WCA,0.322091598616773,-5.087437340650496,FALSE
WCA,Without mucin,A. muciniphila,G2P3,DSM22959,"A. muciniphila
(DSM22959)",21.515151515151516,0.6392207641641166,WCA,WCA,0.322091598616773,-5.087437340650496,FALSE
WCA,Without mucin,A. muciniphila,G2P3,DSM22959,"A. muciniphila
(DSM22959)",21.81818181818182,0.6570590135536928,WCA,WCA,0.322091598616773,-5.087437340650496,FALSE
WCA,Without mucin,A. muciniphila,G2P3,DSM22959,"A. muciniphila
(DSM22959)",22.12121212121212,0.6737563345132043,WCA,WCA,0.322091598616773,-5.087437340650496,FALSE
WCA,Without mucin,A. muciniphila,G2P3,DSM22959,"A. muciniphila
(DSM22959)",22.424242424242426,0.6883651008573575,WCA,WCA,0.322091598616773,-5.087437340650496,FALSE
WCA,Without mucin,A. muciniphila,G2P3,DSM22959,"A. muciniphila
(DSM22959)",22.727272727272727,0.7032905898393281,WCA,WCA,0.322091598616773,-5.087437340650496,FALSE
WCA,Without mucin,A. muciniphila,G2P3,DSM22959,"A. muciniphila
(DSM22959)",23.03030303030303,0.7180651986676739,WCA,WCA,0.322091598616773,-5.087437340650496,FALSE
WCA,Without mucin,A. muciniphila,G2P3,DSM22959,"A. muciniphila
(DSM22959)",23.333333333333336,0.7288046030129043,WCA,WCA,0.322091598616773,-5.087437340650496,FALSE
WCA,Without mucin,A. muciniphila,G2P3,DSM22959,"A. muciniphila
(DSM22959)",23.636363636363637,0.7397046105508263,WCA,WCA,0.322091598616773,-5.087437340650496,FALSE
WCA,Without mucin,A. muciniphila,G2P3,DSM22959,"A. muciniphila
(DSM22959)",23.93939393939394,0.7507676230334064,WCA,WCA,0.322091598616773,-5.087437340650496,FALSE
WCA,Without mucin,A. muciniphila,G2P3,DSM22959,"A. muciniphila
(DSM22959)",24.242424242424242,0.7592222292703433,WCA,WCA,0.322091598616773,-5.087437340650496,FALSE
WCA,Without mucin,A. muciniphila,G2P3,DSM22959,"A. muciniphila
(DSM22959)",24.545454545454547,0.7670723623827145,WCA,WCA,0.322091598616773,-5.087437340650496,FALSE
WCA,Without mucin,A. muciniphila,G2P3,DSM22959,"A. muciniphila
(DSM22959)",24.848484848484848,0.7750036560647666,WCA,WCA,0.322091598616773,-5.087437340650496,FALSE
WCA,Without mucin,A. muciniphila,G2P3,DSM22959,"A. muciniphila
(DSM22959)",25.151515151515152,0.7809558948767333,WCA,WCA,0.322091598616773,-5.087437340650496,FALSE
WCA,Without mucin,A. muciniphila,G2P3,DSM22959,"A. muciniphila
(DSM22959)",25.454545454545457,0.7848824280787745,WCA,WCA,0.322091598616773,-5.087437340650496,FALSE
WCA,Without mucin,A. muciniphila,G2P3,DSM22959,"A. muciniphila
(DSM22959)",25.757575757575758,0.7888287015520256,WCA,WCA,0.322091598616773,-5.087437340650496,FALSE
WCA,Without mucin,A. muciniphila,G2P3,DSM22959,"A. muciniphila
(DSM22959)",26.060606060606062,0.7923021354688735,WCA,WCA,0.322091598616773,-5.087437340650496,FALSE
WCA,Without mucin,A. muciniphila,G2P3,DSM22959,"A. muciniphila
(DSM22959)",26.363636363636363,0.7938145424384556,WCA,WCA,0.322091598616773,-5.087437340650496,FALSE
WCA,Without mucin,A. muciniphila,G2P3,DSM22959,"A. muciniphila
(DSM22959)",26.666666666666668,0.795329836151197,WCA,WCA,0.322091598616773,-5.087437340650496,FALSE
WCA,Without mucin,A. muciniphila,G2P3,DSM22959,"A. muciniphila
(DSM22959)",26.96969696969697,0.7968480221170471,WCA,WCA,0.322091598616773,-5.087437340650496,FALSE
WCA,Without mucin,A. muciniphila,G2P3,DSM22959,"A. muciniphila
(DSM22959)",27.272727272727273,0.795633241787615,WCA,WCA,0.322091598616773,-5.087437340650496,FALSE
WCA,Without mucin,A. muciniphila,G2P3,DSM22959,"A. muciniphila
(DSM22959)",27.575757575757578,0.794117370065384,WCA,WCA,0.322091598616773,-5.087437340650496,FALSE
WCA,Without mucin,A. muciniphila,G2P3,DSM22959,"A. muciniphila
(DSM22959)",27.87878787878788,0.7926043861874619,WCA,WCA,0.322091598616773,-5.087437340650496,FALSE
WCA,Without mucin,A. muciniphila,G2P3,DSM22959,"A. muciniphila
(DSM22959)",28.181818181818183,0.7896203338037806,WCA,WCA,0.322091598616773,-5.087437340650496,FALSE
WCA,Without mucin,A. muciniphila,G2P3,DSM22959,"A. muciniphila
(DSM22959)",28.484848484848484,0.7856701003831378,WCA,WCA,0.322091598616773,-5.087437340650496,FALSE
WCA,Without mucin,A. muciniphila,G2P3,DSM22959,"A. muciniphila
(DSM22959)",28.78787878787879,0.7817396270423763,WCA,WCA,0.322091598616773,-5.087437340650496,FALSE
WCA,Without mucin,A. muciniphila,G2P3,DSM22959,"A. muciniphila
(DSM22959)",29.090909090909093,0.7783610224176675,WCA,WCA,0.322091598616773,-5.087437340650496,FALSE
WCA,Without mucin,A. muciniphila,G2P3,DSM22959,"A. muciniphila
(DSM22959)",29.393939393939394,0.7762348797269797,WCA,WCA,0.322091598616773,-5.087437340650496,FALSE
WCA,Without mucin,A. muciniphila,G2P3,DSM22959,"A. muciniphila
(DSM22959)",29.6969696969697,0.7741145442081682,WCA,WCA,0.322091598616773,-5.087437340650496,FALSE
WCA,Without mucin,A. muciniphila,G2P3,DSM22959,"A. muciniphila
(DSM22959)",30,0.772,WCA,WCA,0.322091598616773,-5.087437340650496,FALSE
WCA,Without mucin,A. muciniphila,G3P3,DSM22959,"A. muciniphila
(DSM22959)",0,7.000000000000005e-5,WCA,WCA,0.31572188450658717,-5.053504268498751,TRUE
WCA,Without mucin,A. muciniphila,G3P3,DSM22959,"A. muciniphila
(DSM22959)",0.30303030303030304,7.000000000000005e-5,WCA,WCA,0.31572188450658717,-5.053504268498751,TRUE
WCA,Without mucin,A. muciniphila,G3P3,DSM22959,"A. muciniphila
(DSM22959)",0.6060606060606061,7.000000000000005e-5,WCA,WCA,0.31572188450658717,-5.053504268498751,TRUE
WCA,Without mucin,A. muciniphila,G3P3,DSM22959,"A. muciniphila
(DSM22959)",0.9090909090909092,7.000000000000005e-5,WCA,WCA,0.31572188450658717,-5.053504268498751,TRUE
WCA,Without mucin,A. muciniphila,G3P3,DSM22959,"A. muciniphila
(DSM22959)",1.2121212121212122,7.000000000000005e-5,WCA,WCA,0.31572188450658717,-5.053504268498751,TRUE
WCA,Without mucin,A. muciniphila,G3P3,DSM22959,"A. muciniphila
(DSM22959)",1.5151515151515151,7.000000000000005e-5,WCA,WCA,0.31572188450658717,-5.053504268498751,TRUE
WCA,Without mucin,A. muciniphila,G3P3,DSM22959,"A. muciniphila
(DSM22959)",1.8181818181818183,7.000000000000005e-5,WCA,WCA,0.31572188450658717,-5.053504268498751,TRUE
WCA,Without mucin,A. muciniphila,G3P3,DSM22959,"A. muciniphila
(DSM22959)",2.121212121212121,7.000000000000005e-5,WCA,WCA,0.31572188450658717,-5.053504268498751,TRUE
WCA,Without mucin,A. muciniphila,G3P3,DSM22959,"A. muciniphila
(DSM22959)",2.4242424242424243,7.000000000000005e-5,WCA,WCA,0.31572188450658717,-5.053504268498751,TRUE
WCA,Without mucin,A. muciniphila,G3P3,DSM22959,"A. muciniphila
(DSM22959)",2.7272727272727275,7.000000000000005e-5,WCA,WCA,0.31572188450658717,-5.053504268498751,TRUE
WCA,Without mucin,A. muciniphila,G3P3,DSM22959,"A. muciniphila
(DSM22959)",3.0303030303030303,8.739945309721149e-5,WCA,WCA,0.31572188450658717,-5.053504268498751,TRUE
WCA,Without mucin,A. muciniphila,G3P3,DSM22959,"A. muciniphila
(DSM22959)",3.3333333333333335,1.2086891316447597e-4,WCA,WCA,0.31572188450658717,-5.053504268498751,TRUE
WCA,Without mucin,A. muciniphila,G3P3,DSM22959,"A. muciniphila
(DSM22959)",3.6363636363636367,1.6145532780274723e-4,WCA,WCA,0.31572188450658717,-5.053504268498751,TRUE
WCA,Without mucin,A. muciniphila,G3P3,DSM22959,"A. muciniphila
(DSM22959)",3.9393939393939394,2.1067204805694774e-4,WCA,WCA,0.31572188450658717,-5.053504268498751,TRUE
WCA,Without mucin,A. muciniphila,G3P3,DSM22959,"A. muciniphila
(DSM22959)",4.242424242424242,2.703542243262483e-4,WCA,WCA,0.31572188450658717,-5.053504268498751,TRUE
WCA,Without mucin,A. muciniphila,G3P3,DSM22959,"A. muciniphila
(DSM22959)",4.545454545454546,3.4272723386127293e-4,WCA,WCA,0.31572188450658717,-5.053504268498751,TRUE
WCA,Without mucin,A. muciniphila,G3P3,DSM22959,"A. muciniphila
(DSM22959)",4.848484848484849,4.304896587018522e-4,WCA,WCA,0.31572188450658717,-5.053504268498751,TRUE
WCA,Without mucin,A. muciniphila,G3P3,DSM22959,"A. muciniphila
(DSM22959)",5.151515151515151,5.369139080647436e-4,WCA,WCA,0.31572188450658717,-5.053504268498751,TRUE
WCA,Without mucin,A. muciniphila,G3P3,DSM22959,"A. muciniphila
(DSM22959)",5.454545454545455,6.659682371016728e-4,WCA,WCA,0.31572188450658717,-5.053504268498751,TRUE
WCA,Without mucin,A. muciniphila,G3P3,DSM22959,"A. muciniphila
(DSM22959)",5.757575757575758,8.224647117573761e-4,WCA,WCA,0.31572188450658717,-5.053504268498751,TRUE
WCA,Without mucin,A. muciniphila,G3P3,DSM22959,"A. muciniphila
(DSM22959)",6.0606060606060606,0.001012238636912998,WCA,WCA,0.31572188450658717,-5.053504268498751,TRUE
WCA,Without mucin,A. muciniphila,G3P3,DSM22959,"A. muciniphila
(DSM22959)",6.363636363636364,0.0012423661381759106,WCA,WCA,0.31572188450658717,-5.053504268498751,TRUE
WCA,Without mucin,A. muciniphila,G3P3,DSM22959,"A. muciniphila
(DSM22959)",6.666666666666667,0.001521428010317108,WCA,WCA,0.31572188450658717,-5.053504268498751,TRUE
WCA,Without mucin,A. muciniphila,G3P3,DSM22959,"A. muciniphila
(DSM22959)",6.96969696969697,0.0018598296705079967,WCA,WCA,0.31572188450658717,-5.053504268498751,TRUE
WCA,Without mucin,A. muciniphila,G3P3,DSM22959,"A. muciniphila
(DSM22959)",7.272727272727273,0.0022701891464954886,WCA,WCA,0.31572188450658717,-5.053504268498751,TRUE
WCA,Without mucin,A. muciniphila,G3P3,DSM22959,"A. muciniphila
(DSM22959)",7.575757575757576,0.0027678075666821315,WCA,WCA,0.31572188450658717,-5.053504268498751,TRUE
WCA,Without mucin,A. muciniphila,G3P3,DSM22959,"A. muciniphila
(DSM22959)",7.878787878787879,0.0033712396953375435,WCA,WCA,0.31572188450658717,-5.053504268498751,TRUE
WCA,Without mucin,A. muciniphila,G3P3,DSM22959,"A. muciniphila
(DSM22959)",8.181818181818182,0.00410298578656348,WCA,WCA,0.31572188450658717,-5.053504268498751,TRUE
WCA,Without mucin,A. muciniphila,G3P3,DSM22959,"A. muciniphila
(DSM22959)",8.484848484848484,0.004990330554263451,WCA,WCA,0.31572188450658717,-5.053504268498751,TRUE
WCA,Without mucin,A. muciniphila,G3P3,DSM22959,"A. muciniphila
(DSM22959)",8.787878787878789,0.006066360540901826,WCA,WCA,0.31572188450658717,-5.053504268498751,TRUE
WCA,Without mucin,A. muciniphila,G3P3,DSM22959,"A. muciniphila
(DSM22959)",9.090909090909092,0.00737119781981666,WCA,WCA,0.31572188450658717,-5.053504268498751,TRUE
WCA,Without mucin,A. muciniphila,G3P3,DSM22959,"A. muciniphila
(DSM22959)",9.393939393939394,0.00895349603230887,WCA,WCA,0.31572188450658717,-5.053504268498751,TRUE
WCA,Without mucin,A. muciniphila,G3P3,DSM22959,"A. muciniphila
(DSM22959)",9.696969696969697,0.010872254542441385,WCA,WCA,0.31572188450658717,-5.053504268498751,FALSE
WCA,Without mucin,A. muciniphila,G3P3,DSM22959,"A. muciniphila
(DSM22959)",10,0.013199018354180258,WCA,WCA,0.31572188450658717,-5.053504268498751,FALSE
WCA,Without mucin,A. muciniphila,G3P3,DSM22959,"A. muciniphila
(DSM22959)",10.303030303030303,0.016020545819480602,WCA,WCA,0.31572188450658717,-5.053504268498751,FALSE
WCA,Without mucin,A. muciniphila,G3P3,DSM22959,"A. muciniphila
(DSM22959)",10.606060606060606,0.019442043608503923,WCA,WCA,0.31572188450658717,-5.053504268498751,FALSE
WCA,Without mucin,A. muciniphila,G3P3,DSM22959,"A. muciniphila
(DSM22959)",10.90909090909091,0.023591089564732357,WCA,WCA,0.31572188450658717,-5.053504268498751,FALSE
WCA,Without mucin,A. muciniphila,G3P3,DSM22959,"A. muciniphila
(DSM22959)",11.212121212121213,0.030105538809611507,WCA,WCA,0.31572188450658717,-5.053504268498751,FALSE
WCA,Without mucin,A. muciniphila,G3P3,DSM22959,"A. muciniphila
(DSM22959)",11.515151515151516,0.03925385018981619,WCA,WCA,0.31572188450658717,-5.053504268498751,FALSE
WCA,Without mucin,A. muciniphila,G3P3,DSM22959,"A. muciniphila
(DSM22959)",11.818181818181818,0.05117565309364282,WCA,WCA,0.31572188450658717,-5.053504268498751,FALSE
WCA,Without mucin,A. muciniphila,G3P3,DSM22959,"A. muciniphila
(DSM22959)",12.121212121212121,0.06435925464236654,WCA,WCA,0.31572188450658717,-5.053504268498751,FALSE
WCA,Without mucin,A. muciniphila,G3P3,DSM22959,"A. muciniphila
(DSM22959)",12.424242424242424,0.07669209080144022,WCA,WCA,0.31572188450658717,-5.053504268498751,FALSE
WCA,Without mucin,A. muciniphila,G3P3,DSM22959,"A. muciniphila
(DSM22959)",12.727272727272728,0.09138563792280624,WCA,WCA,0.31572188450658717,-5.053504268498751,FALSE
WCA,Without mucin,A. muciniphila,G3P3,DSM22959,"A. muciniphila
(DSM22959)",13.030303030303031,0.10814444824494288,WCA,WCA,0.31572188450658717,-5.053504268498751,FALSE
WCA,Without mucin,A. muciniphila,G3P3,DSM22959,"A. muciniphila
(DSM22959)",13.333333333333334,0.12028377506985251,WCA,WCA,0.31572188450658717,-5.053504268498751,FALSE
WCA,Without mucin,A. muciniphila,G3P3,DSM22959,"A. muciniphila
(DSM22959)",13.636363636363637,0.13378487250997995,WCA,WCA,0.31572188450658717,-5.053504268498751,FALSE
WCA,Without mucin,A. muciniphila,G3P3,DSM22959,"A. muciniphila
(DSM22959)",13.93939393939394,0.14880050185392193,WCA,WCA,0.31572188450658717,-5.053504268498751,FALSE
WCA,Without mucin,A. muciniphila,G3P3,DSM22959,"A. muciniphila
(DSM22959)",14.242424242424242,0.16284941039489734,WCA,WCA,0.31572188450658717,-5.053504268498751,FALSE
WCA,Without mucin,A. muciniphila,G3P3,DSM22959,"A. muciniphila
(DSM22959)",14.545454545454547,0.17750606761948973,WCA,WCA,0.31572188450658717,-5.053504268498751,FALSE
WCA,Without mucin,A. muciniphila,G3P3,DSM22959,"A. muciniphila
(DSM22959)",14.84848484848485,0.19348127614793528,WCA,WCA,0.31572188450658717,-5.053504268498751,FALSE
WCA,Without mucin,A. muciniphila,G3P3,DSM22959,"A. muciniphila
(DSM22959)",15.151515151515152,0.20925868324014135,WCA,WCA,0.31572188450658717,-5.053504268498751,FALSE
WCA,Without mucin,A. muciniphila,G3P3,DSM22959,"A. muciniphila
(DSM22959)",15.454545454545455,0.22456764720234743,WCA,WCA,0.31572188450658717,-5.053504268498751,FALSE
WCA,Without mucin,A. muciniphila,G3P3,DSM22959,"A. muciniphila
(DSM22959)",15.757575757575758,0.2409962110873565,WCA,WCA,0.31572188450658717,-5.053504268498751,FALSE
WCA,Without mucin,A. muciniphila,G3P3,DSM22959,"A. muciniphila
(DSM22959)",16.060606060606062,0.25838586900582466,WCA,WCA,0.31572188450658717,-5.053504268498751,FALSE
WCA,Without mucin,A. muciniphila,G3P3,DSM22959,"A. muciniphila
(DSM22959)",16.363636363636363,0.2760014399738951,WCA,WCA,0.31572188450658717,-5.053504268498751,FALSE
WCA,Without mucin,A. muciniphila,G3P3,DSM22959,"A. muciniphila
(DSM22959)",16.666666666666668,0.2948176350242308,WCA,WCA,0.31572188450658717,-5.053504268498751,FALSE
WCA,Without mucin,A. muciniphila,G3P3,DSM22959,"A. muciniphila
(DSM22959)",16.96969696969697,0.31491628506594727,WCA,WCA,0.31572188450658717,-5.053504268498751,FALSE
WCA,Without mucin,A. muciniphila,G3P3,DSM22959,"A. muciniphila
(DSM22959)",17.272727272727273,0.3340181912148506,WCA,WCA,0.31572188450658717,-5.053504268498751,FALSE
WCA,Without mucin,A. muciniphila,G3P3,DSM22959,"A. muciniphila
(DSM22959)",17.575757575757578,0.3540006951449849,WCA,WCA,0.31572188450658717,-5.053504268498751,FALSE
WCA,Without mucin,A. muciniphila,G3P3,DSM22959,"A. muciniphila
(DSM22959)",17.87878787878788,0.375178393858466,WCA,WCA,0.31572188450658717,-5.053504268498751,FALSE
WCA,Without mucin,A. muciniphila,G3P3,DSM22959,"A. muciniphila
(DSM22959)",18.181818181818183,0.39587131957197236,WCA,WCA,0.31572188450658717,-5.053504268498751,FALSE
WCA,Without mucin,A. muciniphila,G3P3,DSM22959,"A. muciniphila
(DSM22959)",18.484848484848484,0.41647784693259543,WCA,WCA,0.31572188450658717,-5.053504268498751,FALSE
WCA,Without mucin,A. muciniphila,G3P3,DSM22959,"A. muciniphila
(DSM22959)",18.78787878787879,0.43815682859105043,WCA,WCA,0.31572188450658717,-5.053504268498751,FALSE
WCA,Without mucin,A. muciniphila,G3P3,DSM22959,"A. muciniphila
(DSM22959)",19.09090909090909,0.45987721283466876,WCA,WCA,0.31572188450658717,-5.053504268498751,FALSE
WCA,Without mucin,A. muciniphila,G3P3,DSM22959,"A. muciniphila
(DSM22959)",19.393939393939394,0.48002287986452186,WCA,WCA,0.31572188450658717,-5.053504268498751,FALSE
WCA,Without mucin,A. muciniphila,G3P3,DSM22959,"A. muciniphila
(DSM22959)",19.6969696969697,0.5010509261952005,WCA,WCA,0.31572188450658717,-5.053504268498751,FALSE
WCA,Without mucin,A. muciniphila,G3P3,DSM22959,"A. muciniphila
(DSM22959)",20,0.523,WCA,WCA,0.31572188450658717,-5.053504268498751,FALSE
WCA,Without mucin,A. muciniphila,G3P3,DSM22959,"A. muciniphila
(DSM22959)",20.303030303030305,0.5435690734220777,WCA,WCA,0.31572188450658717,-5.053504268498751,FALSE
WCA,Without mucin,A. muciniphila,G3P3,DSM22959,"A. muciniphila
(DSM22959)",20.606060606060606,0.5649469999258514,WCA,WCA,0.31572188450658717,-5.053504268498751,FALSE
WCA,Without mucin,A. muciniphila,G3P3,DSM22959,"A. muciniphila
(DSM22959)",20.90909090909091,0.5871655866469345,WCA,WCA,0.31572188450658717,-5.053504268498751,FALSE
WCA,Without mucin,A. muciniphila,G3P3,DSM22959,"A. muciniphila
(DSM22959)",21.21212121212121,0.6054609338216536,WCA,WCA,0.31572188450658717,-5.053504268498751,FALSE
WCA,Without mucin,A. muciniphila,G3P3,DSM22959,"A. muciniphila
(DSM22959)",21.515151515151516,0.6222183034797868,WCA,WCA,0.31572188450658717,-5.053504268498751,FALSE
WCA,Without mucin,A. muciniphila,G3P3,DSM22959,"A. muciniphila
(DSM22959)",21.81818181818182,0.639439414000979,WCA,WCA,0.31572188450658717,-5.053504268498751,FALSE
WCA,Without mucin,A. muciniphila,G3P3,DSM22959,"A. muciniphila
(DSM22959)",22.12121212121212,0.6562052047421166,WCA,WCA,0.31572188450658717,-5.053504268498751,FALSE
WCA,Without mucin,A. muciniphila,G3P3,DSM22959,"A. muciniphila
(DSM22959)",22.424242424242426,0.6719785923025107,WCA,WCA,0.31572188450658717,-5.053504268498751,FALSE
WCA,Without mucin,A. muciniphila,G3P3,DSM22959,"A. muciniphila
(DSM22959)",22.727272727272727,0.6881310887387734,WCA,WCA,0.31572188450658717,-5.053504268498751,FALSE
WCA,Without mucin,A. muciniphila,G3P3,DSM22959,"A. muciniphila
(DSM22959)",23.03030303030303,0.7042658752951263,WCA,WCA,0.31572188450658717,-5.053504268498751,FALSE
WCA,Without mucin,A. muciniphila,G3P3,DSM22959,"A. muciniphila
(DSM22959)",23.333333333333336,0.7170506640453508,WCA,WCA,0.31572188450658717,-5.053504268498751,FALSE
WCA,Without mucin,A. muciniphila,G3P3,DSM22959,"A. muciniphila
(DSM22959)",23.636363636363637,0.7300675165440237,WCA,WCA,0.31572188450658717,-5.053504268498751,FALSE
WCA,Without mucin,A. muciniphila,G3P3,DSM22959,"A. muciniphila
(DSM22959)",23.93939393939394,0.743320645108173,WCA,WCA,0.31572188450658717,-5.053504268498751,FALSE
WCA,Without mucin,A. muciniphila,G3P3,DSM22959,"A. muciniphila
(DSM22959)",24.242424242424242,0.7524575843525916,WCA,WCA,0.31572188450658717,-5.053504268498751,FALSE
WCA,Without mucin,A. muciniphila,G3P3,DSM22959,"A. muciniphila
(DSM22959)",24.545454545454547,0.760608221501428,WCA,WCA,0.31572188450658717,-5.053504268498751,FALSE
WCA,Without mucin,A. muciniphila,G3P3,DSM22959,"A. muciniphila
(DSM22959)",24.848484848484848,0.7688471383190942,WCA,WCA,0.31572188450658717,-5.053504268498751,FALSE
WCA,Without mucin,A. muciniphila,G3P3,DSM22959,"A. muciniphila
(DSM22959)",25.151515151515152,0.7758492182315849,WCA,WCA,0.31572188450658717,-5.053504268498751,FALSE
WCA,Without mucin,A. muciniphila,G3P3,DSM22959,"A. muciniphila
(DSM22959)",25.454545454545457,0.7815791965387905,WCA,WCA,0.31572188450658717,-5.053504268498751,FALSE
WCA,Without mucin,A. muciniphila,G3P3,DSM22959,"A. muciniphila
(DSM22959)",25.757575757575758,0.7873514893687317,WCA,WCA,0.31572188450658717,-5.053504268498751,FALSE
WCA,Without mucin,A. muciniphila,G3P3,DSM22959,"A. muciniphila
(DSM22959)",26.060606060606062,0.7924825632740177,WCA,WCA,0.31572188450658717,-5.053504268498751,FALSE
WCA,Without mucin,A. muciniphila,G3P3,DSM22959,"A. muciniphila
(DSM22959)",26.363636363636363,0.7948997932040875,WCA,WCA,0.31572188450658717,-5.053504268498751,FALSE
WCA,Without mucin,A. muciniphila,G3P3,DSM22959,"A. muciniphila
(DSM22959)",26.666666666666668,0.7973243955165149,WCA,WCA,0.31572188450658717,-5.053504268498751,FALSE
WCA,Without mucin,A. muciniphila,G3P3,DSM22959,"A. muciniphila
(DSM22959)",26.96969696969697,0.7997563926965506,WCA,WCA,0.31572188450658717,-5.053504268498751,FALSE
WCA,Without mucin,A. muciniphila,G3P3,DSM22959,"A. muciniphila
(DSM22959)",27.272727272727273,0.7991807001622978,WCA,WCA,0.31572188450658717,-5.053504268498751,FALSE
WCA,Without mucin,A. muciniphila,G3P3,DSM22959,"A. muciniphila
(DSM22959)",27.575757575757578,0.798271350974775,WCA,WCA,0.31572188450658717,-5.053504268498751,FALSE
WCA,Without mucin,A. muciniphila,G3P3,DSM22959,"A. muciniphila
(DSM22959)",27.87878787878788,0.7973630364012283,WCA,WCA,0.31572188450658717,-5.053504268498751,FALSE
WCA,Without mucin,A. muciniphila,G3P3,DSM22959,"A. muciniphila
(DSM22959)",28.181818181818183,0.7948046202479299,WCA,WCA,0.31572188450658717,-5.053504268498751,FALSE
WCA,Without mucin,A. muciniphila,G3P3,DSM22959,"A. muciniphila
(DSM22959)",28.484848484848484,0.791159083016027,WCA,WCA,0.31572188450658717,-5.053504268498751,FALSE
WCA,Without mucin,A. muciniphila,G3P3,DSM22959,"A. muciniphila
(DSM22959)",28.78787878787879,0.7875302653287801,WCA,WCA,0.31572188450658717,-5.053504268498751,FALSE
WCA,Without mucin,A. muciniphila,G3P3,DSM22959,"A. muciniphila
(DSM22959)",29.090909090909093,0.7843610425092786,WCA,WCA,0.31572188450658717,-5.053504268498751,FALSE
WCA,Without mucin,A. muciniphila,G3P3,DSM22959,"A. muciniphila
(DSM22959)",29.393939393939394,0.7822349376640603,WCA,WCA,0.31572188450658717,-5.053504268498751,FALSE
WCA,Without mucin,A. muciniphila,G3P3,DSM22959,"A. muciniphila
(DSM22959)",29.6969696969697,0.7801145953671961,WCA,WCA,0.31572188450658717,-5.053504268498751,FALSE
WCA,Without mucin,A. muciniphila,G3P3,DSM22959,"A. muciniphila
(DSM22959)",30,0.778,WCA,WCA,0.31572188450658717,-5.053504268498751,FALSE
WCA,With mucin,C. secundus,E8P3,DSM28864/177,"C. secundus
(DSM28864/177)",0,7.000000000000005e-5,WCA,NA,NA,NA,TRUE
WCA,With mucin,C. secundus,E8P3,DSM28864/177,"C. secundus
(DSM28864/177)",0.30303030303030304,2.014605725251258e-4,WCA,NA,NA,NA,TRUE
WCA,With mucin,C. secundus,E8P3,DSM28864/177,"C. secundus
(DSM28864/177)",0.6060606060606061,4.5636316025477906e-4,WCA,NA,NA,NA,TRUE
WCA,With mucin,C. secundus,E8P3,DSM28864/177,"C. secundus
(DSM28864/177)",0.9090909090909092,9.506203202778343e-4,WCA,NA,NA,NA,TRUE
WCA,With mucin,C. secundus,E8P3,DSM28864/177,"C. secundus
(DSM28864/177)",1.2121212121212122,0.001908986974809986,WCA,NA,NA,NA,TRUE
WCA,With mucin,C. secundus,E8P3,DSM28864/177,"C. secundus
(DSM28864/177)",1.5151515151515151,0.0037672638371548917,WCA,NA,NA,NA,TRUE
WCA,With mucin,C. secundus,E8P3,DSM28864/177,"C. secundus
(DSM28864/177)",1.8181818181818183,0.007370470272600206,WCA,NA,NA,NA,TRUE
WCA,With mucin,C. secundus,E8P3,DSM28864/177,"C. secundus
(DSM28864/177)",2.121212121212121,0.01237433086585178,WCA,NA,NA,NA,FALSE
WCA,With mucin,C. secundus,E8P3,DSM28864/177,"C. secundus
(DSM28864/177)",2.4242424242424243,0.016603676493211865,WCA,NA,NA,NA,FALSE
WCA,With mucin,C. secundus,E8P3,DSM28864/177,"C. secundus
(DSM28864/177)",2.7272727272727275,0.022270412738717143,WCA,NA,NA,NA,FALSE
WCA,With mucin,C. secundus,E8P3,DSM28864/177,"C. secundus
(DSM28864/177)",3.0303030303030303,0.029348373889756217,WCA,NA,NA,NA,FALSE
WCA,With mucin,C. secundus,E8P3,DSM28864/177,"C. secundus
(DSM28864/177)",3.3333333333333335,0.03307018881251018,WCA,NA,NA,NA,FALSE
WCA,With mucin,C. secundus,E8P3,DSM28864/177,"C. secundus
(DSM28864/177)",3.6363636363636367,0.03726286274233036,WCA,NA,NA,NA,FALSE
WCA,With mucin,C. secundus,E8P3,DSM28864/177,"C. secundus
(DSM28864/177)",3.9393939393939394,0.0419859655958131,WCA,NA,NA,NA,FALSE
WCA,With mucin,C. secundus,E8P3,DSM28864/177,"C. secundus
(DSM28864/177)",4.242424242424242,0.04717240003647477,WCA,NA,NA,NA,FALSE
WCA,With mucin,C. secundus,E8P3,DSM28864/177,"C. secundus
(DSM28864/177)",4.545454545454546,0.052960815302716076,WCA,NA,NA,NA,FALSE
WCA,With mucin,C. secundus,E8P3,DSM28864/177,"C. secundus
(DSM28864/177)",4.848484848484849,0.05945846107520992,WCA,NA,NA,NA,FALSE
WCA,With mucin,C. secundus,E8P3,DSM28864/177,"C. secundus
(DSM28864/177)",5.151515151515151,0.06580713174594086,WCA,NA,NA,NA,FALSE
WCA,With mucin,C. secundus,E8P3,DSM28864/177,"C. secundus
(DSM28864/177)",5.454545454545455,0.07180177719396752,WCA,NA,NA,NA,FALSE
WCA,With mucin,C. secundus,E8P3,DSM28864/177,"C. secundus
(DSM28864/177)",5.757575757575758,0.07834191958600407,WCA,NA,NA,NA,FALSE
WCA,With mucin,C. secundus,E8P3,DSM28864/177,"C. secundus
(DSM28864/177)",6.0606060606060606,0.0851927471536878,WCA,NA,NA,NA,FALSE
WCA,With mucin,C. secundus,E8P3,DSM28864/177,"C. secundus
(DSM28864/177)",6.363636363636364,0.09141516834518092,WCA,NA,NA,NA,FALSE
WCA,With mucin,C. secundus,E8P3,DSM28864/177,"C. secundus
(DSM28864/177)",6.666666666666667,0.09809169788735328,WCA,NA,NA,NA,FALSE
WCA,With mucin,C. secundus,E8P3,DSM28864/177,"C. secundus
(DSM28864/177)",6.96969696969697,0.10525547631952395,WCA,NA,NA,NA,FALSE
WCA,With mucin,C. secundus,E8P3,DSM28864/177,"C. secundus
(DSM28864/177)",7.272727272727273,0.1123022642365864,WCA,NA,NA,NA,FALSE
WCA,With mucin,C. secundus,E8P3,DSM28864/177,"C. secundus
(DSM28864/177)",7.575757575757576,0.11974491066499408,WCA,NA,NA,NA,FALSE
WCA,With mucin,C. secundus,E8P3,DSM28864/177,"C. secundus
(DSM28864/177)",7.878787878787879,0.12768049889033542,WCA,NA,NA,NA,FALSE
WCA,With mucin,C. secundus,E8P3,DSM28864/177,"C. secundus
(DSM28864/177)",8.181818181818182,0.1337737170201186,WCA,NA,NA,NA,FALSE
WCA,With mucin,C. secundus,E8P3,DSM28864/177,"C. secundus
(DSM28864/177)",8.484848484848484,0.13852763036928978,WCA,NA,NA,NA,FALSE
WCA,With mucin,C. secundus,E8P3,DSM28864/177,"C. secundus
(DSM28864/177)",8.787878787878789,0.1434503950671428,WCA,NA,NA,NA,FALSE
WCA,With mucin,C. secundus,E8P3,DSM28864/177,"C. secundus
(DSM28864/177)",9.090909090909092,0.14830423921000255,WCA,NA,NA,NA,FALSE
WCA,With mucin,C. secundus,E8P3,DSM28864/177,"C. secundus
(DSM28864/177)",9.393939393939394,0.1527358147284276,WCA,NA,NA,NA,FALSE
WCA,With mucin,C. secundus,E8P3,DSM28864/177,"C. secundus
(DSM28864/177)",9.696969696969697,0.1572997505654637,WCA,NA,NA,NA,FALSE
WCA,With mucin,C. secundus,E8P3,DSM28864/177,"C. secundus
(DSM28864/177)",10,0.16199999999999998,WCA,NA,NA,NA,FALSE
WCA,With mucin,C. secundus,E8P3,DSM28864/177,"C. secundus
(DSM28864/177)",10.303030303030303,0.16640607602574464,WCA,NA,NA,NA,FALSE
WCA,With mucin,C. secundus,E8P3,DSM28864/177,"C. secundus
(DSM28864/177)",10.606060606060606,0.17093193674911777,WCA,NA,NA,NA,FALSE
WCA,With mucin,C. secundus,E8P3,DSM28864/177,"C. secundus
(DSM28864/177)",10.90909090909091,0.17558083866721613,WCA,NA,NA,NA,FALSE
WCA,With mucin,C. secundus,E8P3,DSM28864/177,"C. secundus
(DSM28864/177)",11.212121212121213,0.18047699226046576,WCA,NA,NA,NA,FALSE
WCA,With mucin,C. secundus,E8P3,DSM28864/177,"C. secundus
(DSM28864/177)",11.515151515151516,0.18556289179985686,WCA,NA,NA,NA,FALSE
WCA,With mucin,C. secundus,E8P3,DSM28864/177,"C. secundus
(DSM28864/177)",11.818181818181818,0.19079205805225674,WCA,NA,NA,NA,FALSE
WCA,With mucin,C. secundus,E8P3,DSM28864/177,"C. secundus
(DSM28864/177)",12.121212121212121,0.19575926566155552,WCA,NA,NA,NA,FALSE
WCA,With mucin,C. secundus,E8P3,DSM28864/177,"C. secundus
(DSM28864/177)",12.424242424242424,0.20022751863370314,WCA,NA,NA,NA,FALSE
WCA,With mucin,C. secundus,E8P3,DSM28864/177,"C. secundus
(DSM28864/177)",12.727272727272728,0.20479772411308023,WCA,NA,NA,NA,FALSE
WCA,With mucin,C. secundus,E8P3,DSM28864/177,"C. secundus
(DSM28864/177)",13.030303030303031,0.20957959960789124,WCA,NA,NA,NA,FALSE
WCA,With mucin,C. secundus,E8P3,DSM28864/177,"C. secundus
(DSM28864/177)",13.333333333333334,0.21546470930740286,WCA,NA,NA,NA,FALSE
WCA,With mucin,C. secundus,E8P3,DSM28864/177,"C. secundus
(DSM28864/177)",13.636363636363637,0.2215150209259263,WCA,NA,NA,NA,FALSE
WCA,With mucin,C. secundus,E8P3,DSM28864/177,"C. secundus
(DSM28864/177)",13.93939393939394,0.22773517187473144,WCA,NA,NA,NA,FALSE
WCA,With mucin,C. secundus,E8P3,DSM28864/177,"C. secundus
(DSM28864/177)",14.242424242424242,0.23115007542643298,WCA,NA,NA,NA,FALSE
WCA,With mucin,C. secundus,E8P3,DSM28864/177,"C. secundus
(DSM28864/177)",14.545454545454547,0.23386607117021158,WCA,NA,NA,NA,FALSE
WCA,With mucin,C. secundus,E8P3,DSM28864/177,"C. secundus
(DSM28864/177)",14.84848484848485,0.23661396999535808,WCA,NA,NA,NA,FALSE
WCA,With mucin,C. secundus,E8P3,DSM28864/177,"C. secundus
(DSM28864/177)",15.151515151515152,0.23769588406858688,WCA,NA,NA,NA,FALSE
WCA,With mucin,C. secundus,E8P3,DSM28864/177,"C. secundus
(DSM28864/177)",15.454545454545455,0.23708881716293667,WCA,NA,NA,NA,FALSE
WCA,With mucin,C. secundus,E8P3,DSM28864/177,"C. secundus
(DSM28864/177)",15.757575757575758,0.23648330022829847,WCA,NA,NA,NA,FALSE
WCA,With mucin,C. secundus,E8P3,DSM28864/177,"C. secundus
(DSM28864/177)",16.060606060606062,0.23606048580487274,WCA,NA,NA,NA,FALSE
WCA,With mucin,C. secundus,E8P3,DSM28864/177,"C. secundus
(DSM28864/177)",16.363636363636363,0.2363631473735673,WCA,NA,NA,NA,FALSE
WCA,With mucin,C. secundus,E8P3,DSM28864/177,"C. secundus
(DSM28864/177)",16.666666666666668,0.23666619688041765,WCA,NA,NA,NA,FALSE
WCA,With mucin,C. secundus,E8P3,DSM28864/177,"C. secundus
(DSM28864/177)",16.96969696969697,0.23696963482266556,WCA,NA,NA,NA,FALSE
WCA,With mucin,C. secundus,E8P3,DSM28864/177,"C. secundus
(DSM28864/177)",17.272727272727273,0.23507005525577343,WCA,NA,NA,NA,FALSE
WCA,With mucin,C. secundus,E8P3,DSM28864/177,"C. secundus
(DSM28864/177)",17.575757575757578,0.23294409351761877,WCA,NA,NA,NA,FALSE
WCA,With mucin,C. secundus,E8P3,DSM28864/177,"C. secundus
(DSM28864/177)",17.87878787878788,0.23083735314652215,WCA,NA,NA,NA,FALSE
WCA,With mucin,C. secundus,E8P3,DSM28864/177,"C. secundus
(DSM28864/177)",18.181818181818183,0.22814861020781288,WCA,NA,NA,NA,FALSE
WCA,With mucin,C. secundus,E8P3,DSM28864/177,"C. secundus
(DSM28864/177)",18.484848484848484,0.22509600856949957,WCA,NA,NA,NA,FALSE
WCA,With mucin,C. secundus,E8P3,DSM28864/177,"C. secundus
(DSM28864/177)",18.78787878787879,0.22208423785533285,WCA,NA,NA,NA,FALSE
WCA,With mucin,C. secundus,E8P3,DSM28864/177,"C. secundus
(DSM28864/177)",19.09090909090909,0.22000000000000003,WCA,NA,NA,NA,FALSE
WCA,With mucin,C. secundus,E8P3,DSM28864/177,"C. secundus
(DSM28864/177)",19.393939393939394,0.22000000000000003,WCA,NA,NA,NA,FALSE
WCA,With mucin,C. secundus,E8P3,DSM28864/177,"C. secundus
(DSM28864/177)",19.6969696969697,0.22000000000000003,WCA,NA,NA,NA,FALSE
WCA,With mucin,C. secundus,E8P3,DSM28864/177,"C. secundus
(DSM28864/177)",20,0.22000000000000003,WCA,NA,NA,NA,FALSE
WCA,With mucin,C. secundus,E8P3,DSM28864/177,"C. secundus
(DSM28864/177)",20.303030303030305,0.22209811346402325,WCA,NA,NA,NA,FALSE
WCA,With mucin,C. secundus,E8P3,DSM28864/177,"C. secundus
(DSM28864/177)",20.606060606060606,0.22421623001846275,WCA,NA,NA,NA,FALSE
WCA,With mucin,C. secundus,E8P3,DSM28864/177,"C. secundus
(DSM28864/177)",20.90909090909091,0.22635454036969987,WCA,NA,NA,NA,FALSE
WCA,With mucin,C. secundus,E8P3,DSM28864/177,"C. secundus
(DSM28864/177)",21.21212121212121,0.22763307743137418,WCA,NA,NA,NA,FALSE
WCA,With mucin,C. secundus,E8P3,DSM28864/177,"C. secundus
(DSM28864/177)",21.515151515151516,0.22854053678041455,WCA,NA,NA,NA,FALSE
WCA,With mucin,C. secundus,E8P3,DSM28864/177,"C. secundus
(DSM28864/177)",21.81818181818182,0.22945161260438116,WCA,NA,NA,NA,FALSE
WCA,With mucin,C. secundus,E8P3,DSM28864/177,"C. secundus
(DSM28864/177)",22.12121212121212,0.2298785557524669,WCA,NA,NA,NA,FALSE
WCA,With mucin,C. secundus,E8P3,DSM28864/177,"C. secundus
(DSM28864/177)",22.424242424242426,0.2295752255202839,WCA,NA,NA,NA,FALSE
WCA,With mucin,C. secundus,E8P3,DSM28864/177,"C. secundus
(DSM28864/177)",22.727272727272727,0.22927229541772745,WCA,NA,NA,NA,FALSE
WCA,With mucin,C. secundus,E8P3,DSM28864/177,"C. secundus
(DSM28864/177)",23.03030303030303,0.22869036576193943,WCA,NA,NA,NA,FALSE
WCA,With mucin,C. secundus,E8P3,DSM28864/177,"C. secundus
(DSM28864/177)",23.333333333333336,0.225616949604178,WCA,NA,NA,NA,FALSE
WCA,With mucin,C. secundus,E8P3,DSM28864/177,"C. secundus
(DSM28864/177)",23.636363636363637,0.2225848250698468,WCA,NA,NA,NA,FALSE
WCA,With mucin,C. secundus,E8P3,DSM28864/177,"C. secundus
(DSM28864/177)",23.93939393939394,0.2195934374022587,WCA,NA,NA,NA,FALSE
WCA,With mucin,C. secundus,E8P3,DSM28864/177,"C. secundus
(DSM28864/177)",24.242424242424242,0.2099475852635759,WCA,NA,NA,NA,FALSE
WCA,With mucin,C. secundus,E8P3,DSM28864/177,"C. secundus
(DSM28864/177)",24.545454545454547,0.19915626880255458,WCA,NA,NA,NA,FALSE
WCA,With mucin,C. secundus,E8P3,DSM28864/177,"C. secundus
(DSM28864/177)",24.848484848484848,0.188919441675442,WCA,NA,NA,NA,FALSE
WCA,With mucin,C. secundus,E8P3,DSM28864/177,"C. secundus
(DSM28864/177)",25.151515151515152,0.185043885154379,WCA,NA,NA,NA,FALSE
WCA,With mucin,C. secundus,E8P3,DSM28864/177,"C. secundus
(DSM28864/177)",25.454545454545457,0.18714944906588057,WCA,NA,NA,NA,FALSE
WCA,With mucin,C. secundus,E8P3,DSM28864/177,"C. secundus
(DSM28864/177)",25.757575757575758,0.1892789625551338,WCA,NA,NA,NA,FALSE
WCA,With mucin,C. secundus,E8P3,DSM28864/177,"C. secundus
(DSM28864/177)",26.060606060606062,0.1917637552844598,WCA,NA,NA,NA,FALSE
WCA,With mucin,C. secundus,E8P3,DSM28864/177,"C. secundus
(DSM28864/177)",26.363636363636363,0.19562857036159384,WCA,NA,NA,NA,FALSE
WCA,With mucin,C. secundus,E8P3,DSM28864/177,"C. secundus
(DSM28864/177)",26.666666666666668,0.19957124866753395,WCA,NA,NA,NA,FALSE
WCA,With mucin,C. secundus,E8P3,DSM28864/177,"C. secundus
(DSM28864/177)",26.96969696969697,0.20359335888856367,WCA,NA,NA,NA,FALSE
WCA,With mucin,C. secundus,E8P3,DSM28864/177,"C. secundus
(DSM28864/177)",27.272727272727273,0.19594939170440284,WCA,NA,NA,NA,FALSE
WCA,With mucin,C. secundus,E8P3,DSM28864/177,"C. secundus
(DSM28864/177)",27.575757575757578,0.18737621416113118,WCA,NA,NA,NA,FALSE
WCA,With mucin,C. secundus,E8P3,DSM28864/177,"C. secundus
(DSM28864/177)",27.87878787878788,0.17917799632235296,WCA,NA,NA,NA,FALSE
WCA,With mucin,C. secundus,E8P3,DSM28864/177,"C. secundus
(DSM28864/177)",28.181818181818183,0.17526587354774967,WCA,NA,NA,NA,FALSE
WCA,With mucin,C. secundus,E8P3,DSM28864/177,"C. secundus
(DSM28864/177)",28.484848484848484,0.17404912526931582,WCA,NA,NA,NA,FALSE
WCA,With mucin,C. secundus,E8P3,DSM28864/177,"C. secundus
(DSM28864/177)",28.78787878787879,0.1728408206501464,WCA,NA,NA,NA,FALSE
WCA,With mucin,C. secundus,E8P3,DSM28864/177,"C. secundus
(DSM28864/177)",29.090909090909093,0.172,WCA,NA,NA,NA,FALSE
WCA,With mucin,C. secundus,E8P3,DSM28864/177,"C. secundus
(DSM28864/177)",29.393939393939394,0.172,WCA,NA,NA,NA,FALSE
WCA,With mucin,C. secundus,E8P3,DSM28864/177,"C. secundus
(DSM28864/177)",29.6969696969697,0.172,WCA,NA,NA,NA,FALSE
WCA,With mucin,C. secundus,E8P3,DSM28864/177,"C. secundus
(DSM28864/177)",30,0.172,WCA,NA,NA,NA,FALSE
WCA,With mucin,C. secundus,E7P4,DSM28864/177,"C. secundus
(DSM28864/177)",0,7.000000000000005e-5,WCA,NA,NA,NA,TRUE
WCA,With mucin,C. secundus,E7P4,DSM28864/177,"C. secundus
(DSM28864/177)",0.30303030303030304,1.3676288592426677e-4,WCA,NA,NA,NA,TRUE
WCA,With mucin,C. secundus,E7P4,DSM28864/177,"C. secundus
(DSM28864/177)",0.6060606060606061,2.3536350711236666e-4,WCA,NA,NA,NA,TRUE
WCA,With mucin,C. secundus,E7P4,DSM28864/177,"C. secundus
(DSM28864/177)",0.9090909090909092,3.8098457133220194e-4,WCA,NA,NA,NA,TRUE
WCA,With mucin,C. secundus,E7P4,DSM28864/177,"C. secundus
(DSM28864/177)",1.2121212121212122,5.960490819711741e-4,WCA,NA,NA,NA,TRUE
WCA,With mucin,C. secundus,E7P4,DSM28864/177,"C. secundus
(DSM28864/177)",1.5151515151515151,9.136730739683458e-4,WCA,NA,NA,NA,TRUE
WCA,With mucin,C. secundus,E7P4,DSM28864/177,"C. secundus
(DSM28864/177)",1.8181818181818183,0.0013827648827120702,WCA,NA,NA,NA,TRUE
WCA,With mucin,C. secundus,E7P4,DSM28864/177,"C. secundus
(DSM28864/177)",2.121212121212121,0.0020755561408498315,WCA,NA,NA,NA,TRUE
WCA,With mucin,C. secundus,E7P4,DSM28864/177,"C. secundus
(DSM28864/177)",2.4242424242424243,0.00309872413996174,WCA,NA,NA,NA,TRUE
WCA,With mucin,C. secundus,E7P4,DSM28864/177,"C. secundus
(DSM28864/177)",2.7272727272727275,0.004609818199116995,WCA,NA,NA,NA,TRUE
WCA,With mucin,C. secundus,E7P4,DSM28864/177,"C. secundus
(DSM28864/177)",3.0303030303030303,0.006841519403216674,WCA,NA,NA,NA,TRUE
WCA,With mucin,C. secundus,E7P4,DSM28864/177,"C. secundus
(DSM28864/177)",3.3333333333333335,0.010137469270933171,WCA,NA,NA,NA,FALSE
WCA,With mucin,C. secundus,E7P4,DSM28864/177,"C. secundus
(DSM28864/177)",3.6363636363636367,0.015005184317438672,WCA,NA,NA,NA,FALSE
WCA,With mucin,C. secundus,E7P4,DSM28864/177,"C. secundus
(DSM28864/177)",3.9393939393939394,0.02219420439509902,WCA,NA,NA,NA,FALSE
WCA,With mucin,C. secundus,E7P4,DSM28864/177,"C. secundus
(DSM28864/177)",4.242424242424242,0.025926835091400875,WCA,NA,NA,NA,FALSE
WCA,With mucin,C. secundus,E7P4,DSM28864/177,"C. secundus
(DSM28864/177)",4.545454545454546,0.028553712789544525,WCA,NA,NA,NA,FALSE
WCA,With mucin,C. secundus,E7P4,DSM28864/177,"C. secundus
(DSM28864/177)",4.848484848484849,0.03144602612309314,WCA,NA,NA,NA,FALSE
WCA,With mucin,C. secundus,E7P4,DSM28864/177,"C. secundus
(DSM28864/177)",5.151515151515151,0.03447056808340428,WCA,NA,NA,NA,FALSE
WCA,With mucin,C. secundus,E7P4,DSM28864/177,"C. secundus
(DSM28864/177)",5.454545454545455,0.03761079337596793,WCA,NA,NA,NA,FALSE
WCA,With mucin,C. secundus,E7P4,DSM28864/177,"C. secundus
(DSM28864/177)",5.757575757575758,0.04103650948223921,WCA,NA,NA,NA,FALSE
WCA,With mucin,C. secundus,E7P4,DSM28864/177,"C. secundus
(DSM28864/177)",6.0606060606060606,0.04474301751588591,WCA,NA,NA,NA,FALSE
WCA,With mucin,C. secundus,E7P4,DSM28864/177,"C. secundus
(DSM28864/177)",6.363636363636364,0.04865029148862385,WCA,NA,NA,NA,FALSE
WCA,With mucin,C. secundus,E7P4,DSM28864/177,"C. secundus
(DSM28864/177)",6.666666666666667,0.0528982430310573,WCA,NA,NA,NA,FALSE
WCA,With mucin,C. secundus,E7P4,DSM28864/177,"C. secundus
(DSM28864/177)",6.96969696969697,0.05751657602556143,WCA,NA,NA,NA,FALSE
WCA,With mucin,C. secundus,E7P4,DSM28864/177,"C. secundus
(DSM28864/177)",7.272727272727273,0.06081333761768985,WCA,NA,NA,NA,FALSE
WCA,With mucin,C. secundus,E7P4,DSM28864/177,"C. secundus
(DSM28864/177)",7.575757575757576,0.06409940867059798,WCA,NA,NA,NA,FALSE
WCA,With mucin,C. secundus,E7P4,DSM28864/177,"C. secundus
(DSM28864/177)",7.878787878787879,0.06756283962832219,WCA,NA,NA,NA,FALSE
WCA,With mucin,C. secundus,E7P4,DSM28864/177,"C. secundus
(DSM28864/177)",8.181818181818182,0.07088101531731206,WCA,NA,NA,NA,FALSE
WCA,With mucin,C. secundus,E7P4,DSM28864/177,"C. secundus
(DSM28864/177)",8.484848484848484,0.07413056502469043,WCA,NA,NA,NA,FALSE
WCA,With mucin,C. secundus,E7P4,DSM28864/177,"C. secundus
(DSM28864/177)",8.787878787878789,0.07752894379749513,WCA,NA,NA,NA,FALSE
WCA,With mucin,C. secundus,E7P4,DSM28864/177,"C. secundus
(DSM28864/177)",9.090909090909092,0.08118157089914746,WCA,NA,NA,NA,FALSE
WCA,With mucin,C. secundus,E7P4,DSM28864/177,"C. secundus
(DSM28864/177)",9.393939393939394,0.08524752050904832,WCA,NA,NA,NA,FALSE
WCA,With mucin,C. secundus,E7P4,DSM28864/177,"C. secundus
(DSM28864/177)",9.696969696969697,0.08951693629255424,WCA,NA,NA,NA,FALSE
WCA,With mucin,C. secundus,E7P4,DSM28864/177,"C. secundus
(DSM28864/177)",10,0.094,WCA,NA,NA,NA,FALSE
WCA,With mucin,C. secundus,E7P4,DSM28864/177,"C. secundus
(DSM28864/177)",10.303030303030303,0.09776325319757648,WCA,NA,NA,NA,FALSE
WCA,With mucin,C. secundus,E7P4,DSM28864/177,"C. secundus
(DSM28864/177)",10.606060606060606,0.1016770546531424,WCA,NA,NA,NA,FALSE
WCA,With mucin,C. secundus,E7P4,DSM28864/177,"C. secundus
(DSM28864/177)",10.90909090909091,0.1057474270223082,WCA,NA,NA,NA,FALSE
WCA,With mucin,C. secundus,E7P4,DSM28864/177,"C. secundus
(DSM28864/177)",11.212121212121213,0.11001958300482456,WCA,NA,NA,NA,FALSE
WCA,With mucin,C. secundus,E7P4,DSM28864/177,"C. secundus
(DSM28864/177)",11.515151515151516,0.11448158908551508,WCA,NA,NA,NA,FALSE
WCA,With mucin,C. secundus,E7P4,DSM28864/177,"C. secundus
(DSM28864/177)",11.818181818181818,0.11912444332386685,WCA,NA,NA,NA,FALSE
WCA,With mucin,C. secundus,E7P4,DSM28864/177,"C. secundus
(DSM28864/177)",12.121212121212121,0.12361713019594991,WCA,NA,NA,NA,FALSE
WCA,With mucin,C. secundus,E7P4,DSM28864/177,"C. secundus
(DSM28864/177)",12.424242424242424,0.12775430331656945,WCA,NA,NA,NA,FALSE
WCA,With mucin,C. secundus,E7P4,DSM28864/177,"C. secundus
(DSM28864/177)",12.727272727272728,0.13202985947997495,WCA,NA,NA,NA,FALSE
WCA,With mucin,C. secundus,E7P4,DSM28864/177,"C. secundus
(DSM28864/177)",13.030303030303031,0.1363767605197834,WCA,NA,NA,NA,FALSE
WCA,With mucin,C. secundus,E7P4,DSM28864/177,"C. secundus
(DSM28864/177)",13.333333333333334,0.14020222107582167,WCA,NA,NA,NA,FALSE
WCA,With mucin,C. secundus,E7P4,DSM28864/177,"C. secundus
(DSM28864/177)",13.636363636363637,0.14413493334241761,WCA,NA,NA,NA,FALSE
WCA,With mucin,C. secundus,E7P4,DSM28864/177,"C. secundus
(DSM28864/177)",13.93939393939394,0.14817790425932378,WCA,NA,NA,NA,FALSE
WCA,With mucin,C. secundus,E7P4,DSM28864/177,"C. secundus
(DSM28864/177)",14.242424242424242,0.15090116527225092,WCA,NA,NA,NA,FALSE
WCA,With mucin,C. secundus,E7P4,DSM28864/177,"C. secundus
(DSM28864/177)",14.545454545454547,0.15331175468891464,WCA,NA,NA,NA,FALSE
WCA,With mucin,C. secundus,E7P4,DSM28864/177,"C. secundus
(DSM28864/177)",14.84848484848485,0.1557608345108504,WCA,NA,NA,NA,FALSE
WCA,With mucin,C. secundus,E7P4,DSM28864/177,"C. secundus
(DSM28864/177)",15.151515151515152,0.15904514475028844,WCA,NA,NA,NA,FALSE
WCA,With mucin,C. secundus,E7P4,DSM28864/177,"C. secundus
(DSM28864/177)",15.454545454545455,0.163215667976648,WCA,NA,NA,NA,FALSE
WCA,With mucin,C. secundus,E7P4,DSM28864/177,"C. secundus
(DSM28864/177)",15.757575757575758,0.16749550363840715,WCA,NA,NA,NA,FALSE
WCA,With mucin,C. secundus,E7P4,DSM28864/177,"C. secundus
(DSM28864/177)",16.060606060606062,0.17075487236749562,WCA,NA,NA,NA,FALSE
WCA,With mucin,C. secundus,E7P4,DSM28864/177,"C. secundus
(DSM28864/177)",16.363636363636363,0.16953449283122976,WCA,NA,NA,NA,FALSE
WCA,With mucin,C. secundus,E7P4,DSM28864/177,"C. secundus
(DSM28864/177)",16.666666666666668,0.16832283173386506,WCA,NA,NA,NA,FALSE
WCA,With mucin,C. secundus,E7P4,DSM28864/177,"C. secundus
(DSM28864/177)",16.96969696969697,0.16711982679053472,WCA,NA,NA,NA,FALSE
WCA,With mucin,C. secundus,E7P4,DSM28864/177,"C. secundus
(DSM28864/177)",17.272727272727273,0.17096385597510527,WCA,NA,NA,NA,FALSE
WCA,With mucin,C. secundus,E7P4,DSM28864/177,"C. secundus
(DSM28864/177)",17.575757575757578,0.17547853689420104,WCA,NA,NA,NA,FALSE
WCA,With mucin,C. secundus,E7P4,DSM28864/177,"C. secundus
(DSM28864/177)",17.87878787878788,0.1801123892117608,WCA,NA,NA,NA,FALSE
WCA,With mucin,C. secundus,E7P4,DSM28864/177,"C. secundus
(DSM28864/177)",18.181818181818183,0.18564967509751532,WCA,NA,NA,NA,FALSE
WCA,With mucin,C. secundus,E7P4,DSM28864/177,"C. secundus
(DSM28864/177)",18.484848484848484,0.19189576632718744,WCA,NA,NA,NA,FALSE
WCA,With mucin,C. secundus,E7P4,DSM28864/177,"C. secundus
(DSM28864/177)",18.78787878787879,0.19835192499117388,WCA,NA,NA,NA,FALSE
WCA,With mucin,C. secundus,E7P4,DSM28864/177,"C. secundus
(DSM28864/177)",19.09090909090909,0.20290888678109567,WCA,NA,NA,NA,FALSE
WCA,With mucin,C. secundus,E7P4,DSM28864/177,"C. secundus
(DSM28864/177)",19.393939393939394,0.20260547119700414,WCA,NA,NA,NA,FALSE
WCA,With mucin,C. secundus,E7P4,DSM28864/177,"C. secundus
(DSM28864/177)",19.6969696969697,0.20230250916262962,WCA,NA,NA,NA,FALSE
WCA,With mucin,C. secundus,E7P4,DSM28864/177,"C. secundus
(DSM28864/177)",20,0.20199999999999996,WCA,NA,NA,NA,FALSE
WCA,With mucin,C. secundus,E7P4,DSM28864/177,"C. secundus
(DSM28864/177)",20.303030303030305,0.19891592353845206,WCA,NA,NA,NA,FALSE
WCA,With mucin,C. secundus,E7P4,DSM28864/177,"C. secundus
(DSM28864/177)",20.606060606060606,0.19587891753575842,WCA,NA,NA,NA,FALSE
WCA,With mucin,C. secundus,E7P4,DSM28864/177,"C. secundus
(DSM28864/177)",20.90909090909091,0.19288826358298056,WCA,NA,NA,NA,FALSE
WCA,With mucin,C. secundus,E7P4,DSM28864/177,"C. secundus
(DSM28864/177)",21.21212121212121,0.18916578499890147,WCA,NA,NA,NA,FALSE
WCA,With mucin,C. secundus,E7P4,DSM28864/177,"C. secundus
(DSM28864/177)",21.515151515151516,0.18518930174425785,WCA,NA,NA,NA,FALSE
WCA,With mucin,C. secundus,E7P4,DSM28864/177,"C. secundus
(DSM28864/177)",21.81818181818182,0.1812963778389971,WCA,NA,NA,NA,FALSE
WCA,With mucin,C. secundus,E7P4,DSM28864/177,"C. secundus
(DSM28864/177)",22.12121212121212,0.17851032505621928,WCA,NA,NA,NA,FALSE
WCA,With mucin,C. secundus,E7P4,DSM28864/177,"C. secundus
(DSM28864/177)",22.424242424242426,0.1772919879812643,WCA,NA,NA,NA,FALSE
WCA,With mucin,C. secundus,E7P4,DSM28864/177,"C. secundus
(DSM28864/177)",22.727272727272727,0.17608196282548483,WCA,NA,NA,NA,FALSE
WCA,With mucin,C. secundus,E7P4,DSM28864/177,"C. secundus
(DSM28864/177)",23.03030303030303,0.17517886325721357,WCA,NA,NA,NA,FALSE
WCA,With mucin,C. secundus,E7P4,DSM28864/177,"C. secundus
(DSM28864/177)",23.333333333333336,0.17697757732625422,WCA,NA,NA,NA,FALSE
WCA,With mucin,C. secundus,E7P4,DSM28864/177,"C. secundus
(DSM28864/177)",23.636363636363637,0.1787947529832449,WCA,NA,NA,NA,FALSE
WCA,With mucin,C. secundus,E7P4,DSM28864/177,"C. secundus
(DSM28864/177)",23.93939393939394,0.18063057971368277,WCA,NA,NA,NA,FALSE
WCA,With mucin,C. secundus,E7P4,DSM28864/177,"C. secundus
(DSM28864/177)",24.242424242424242,0.17952683487028573,WCA,NA,NA,NA,FALSE
WCA,With mucin,C. secundus,E7P4,DSM28864/177,"C. secundus
(DSM28864/177)",24.545454545454547,0.17770222163064187,WCA,NA,NA,NA,FALSE
WCA,With mucin,C. secundus,E7P4,DSM28864/177,"C. secundus
(DSM28864/177)",24.848484848484848,0.1758961455410357,WCA,NA,NA,NA,FALSE
WCA,With mucin,C. secundus,E7P4,DSM28864/177,"C. secundus
(DSM28864/177)",25.151515151515152,0.17469549062387296,WCA,NA,NA,NA,FALSE
WCA,With mucin,C. secundus,E7P4,DSM28864/177,"C. secundus
(DSM28864/177)",25.454545454545457,0.1740880599026741,WCA,NA,NA,NA,FALSE
WCA,With mucin,C. secundus,E7P4,DSM28864/177,"C. secundus
(DSM28864/177)",25.757575757575758,0.17348274042254308,WCA,NA,NA,NA,FALSE
WCA,With mucin,C. secundus,E7P4,DSM28864/177,"C. secundus
(DSM28864/177)",26.060606060606062,0.1723768497244889,WCA,NA,NA,NA,FALSE
WCA,With mucin,C. secundus,E7P4,DSM28864/177,"C. secundus
(DSM28864/177)",26.363636363636363,0.1692945926337001,WCA,NA,NA,NA,FALSE
WCA,With mucin,C. secundus,E7P4,DSM28864/177,"C. secundus
(DSM28864/177)",26.666666666666668,0.1662674267712456,WCA,NA,NA,NA,FALSE
WCA,With mucin,C. secundus,E7P4,DSM28864/177,"C. secundus
(DSM28864/177)",26.96969696969697,0.16329436745500792,WCA,NA,NA,NA,FALSE
WCA,With mucin,C. secundus,E7P4,DSM28864/177,"C. secundus
(DSM28864/177)",27.272727272727273,0.15905635703795185,WCA,NA,NA,NA,FALSE
WCA,With mucin,C. secundus,E7P4,DSM28864/177,"C. secundus
(DSM28864/177)",27.575757575757578,0.15478628689757512,WCA,NA,NA,NA,FALSE
WCA,With mucin,C. secundus,E7P4,DSM28864/177,"C. secundus
(DSM28864/177)",27.87878787878788,0.15063080179102403,WCA,NA,NA,NA,FALSE
WCA,With mucin,C. secundus,E7P4,DSM28864/177,"C. secundus
(DSM28864/177)",28.181818181818183,0.13729391470091842,WCA,NA,NA,NA,FALSE
WCA,With mucin,C. secundus,E7P4,DSM28864/177,"C. secundus
(DSM28864/177)",28.484848484848484,0.11979066200946926,WCA,NA,NA,NA,FALSE
WCA,With mucin,C. secundus,E7P4,DSM28864/177,"C. secundus
(DSM28864/177)",28.78787878787879,0.10451771744113782,WCA,NA,NA,NA,FALSE
WCA,With mucin,C. secundus,E7P4,DSM28864/177,"C. secundus
(DSM28864/177)",29.090909090909093,0.09635390174173208,WCA,NA,NA,NA,FALSE
WCA,With mucin,C. secundus,E7P4,DSM28864/177,"C. secundus
(DSM28864/177)",29.393939393939394,0.10100770935585443,WCA,NA,NA,NA,FALSE
WCA,With mucin,C. secundus,E7P4,DSM28864/177,"C. secundus
(DSM28864/177)",29.6969696969697,0.1058861285540141,WCA,NA,NA,NA,FALSE
WCA,With mucin,C. secundus,E7P4,DSM28864/177,"C. secundus
(DSM28864/177)",30,0.111,WCA,NA,NA,NA,FALSE
WCA,With mucin,C. secundus,E8P4,DSM28864/177,"C. secundus
(DSM28864/177)",0,7.000000000000005e-5,WCA,NA,NA,NA,TRUE
WCA,With mucin,C. secundus,E8P4,DSM28864/177,"C. secundus
(DSM28864/177)",0.30303030303030304,1.354085480569219e-4,WCA,NA,NA,NA,TRUE
WCA,With mucin,C. secundus,E8P4,DSM28864/177,"C. secundus
(DSM28864/177)",0.6060606060606061,2.3137622582037695e-4,WCA,NA,NA,NA,TRUE
WCA,With mucin,C. secundus,E8P4,DSM28864/177,"C. secundus
(DSM28864/177)",0.9090909090909092,3.7218037831884723e-4,WCA,NA,NA,NA,TRUE
WCA,With mucin,C. secundus,E8P4,DSM28864/177,"C. secundus
(DSM28864/177)",1.2121212121212122,5.787687820695344e-4,WCA,NA,NA,NA,TRUE
WCA,With mucin,C. secundus,E8P4,DSM28864/177,"C. secundus
(DSM28864/177)",1.5151515151515151,8.818760967825765e-4,WCA,NA,NA,NA,TRUE
WCA,With mucin,C. secundus,E8P4,DSM28864/177,"C. secundus
(DSM28864/177)",1.8181818181818183,0.0013265963355014215,WCA,NA,NA,NA,TRUE
WCA,With mucin,C. secundus,E8P4,DSM28864/177,"C. secundus
(DSM28864/177)",2.121212121212121,0.0019790916106926042,WCA,NA,NA,NA,TRUE
WCA,With mucin,C. secundus,E8P4,DSM28864/177,"C. secundus
(DSM28864/177)",2.4242424242424243,0.0029364352327713368,WCA,NA,NA,NA,TRUE
WCA,With mucin,C. secundus,E8P4,DSM28864/177,"C. secundus
(DSM28864/177)",2.7272727272727275,0.004341053542790958,WCA,NA,NA,NA,TRUE
WCA,With mucin,C. secundus,E8P4,DSM28864/177,"C. secundus
(DSM28864/177)",3.0303030303030303,0.006401915025900227,WCA,NA,NA,NA,TRUE
WCA,With mucin,C. secundus,E8P4,DSM28864/177,"C. secundus
(DSM28864/177)",3.3333333333333335,0.009425619061556721,WCA,NA,NA,NA,TRUE
WCA,With mucin,C. secundus,E8P4,DSM28864/177,"C. secundus
(DSM28864/177)",3.6363636363636367,0.01386200945954284,WCA,NA,NA,NA,FALSE
WCA,With mucin,C. secundus,E8P4,DSM28864/177,"C. secundus
(DSM28864/177)",3.9393939393939394,0.020371098818571378,WCA,NA,NA,NA,FALSE
WCA,With mucin,C. secundus,E8P4,DSM28864/177,"C. secundus
(DSM28864/177)",4.242424242424242,0.024273316981152242,WCA,NA,NA,NA,FALSE
WCA,With mucin,C. secundus,E8P4,DSM28864/177,"C. secundus
(DSM28864/177)",4.545454545454546,0.02744702829964815,WCA,NA,NA,NA,FALSE
WCA,With mucin,C. secundus,E8P4,DSM28864/177,"C. secundus
(DSM28864/177)",4.848484848484849,0.0310345058908729,WCA,NA,NA,NA,FALSE
WCA,With mucin,C. secundus,E8P4,DSM28864/177,"C. secundus
(DSM28864/177)",5.151515151515151,0.03447056808340428,WCA,NA,NA,NA,FALSE
WCA,With mucin,C. secundus,E8P4,DSM28864/177,"C. secundus
(DSM28864/177)",5.454545454545455,0.03761079337596793,WCA,NA,NA,NA,FALSE
WCA,With mucin,C. secundus,E8P4,DSM28864/177,"C. secundus
(DSM28864/177)",5.757575757575758,0.04103650948223921,WCA,NA,NA,NA,FALSE
WCA,With mucin,C. secundus,E8P4,DSM28864/177,"C. secundus
(DSM28864/177)",6.0606060606060606,0.04469586483929562,WCA,NA,NA,NA,FALSE
WCA,With mucin,C. secundus,E8P4,DSM28864/177,"C. secundus
(DSM28864/177)",6.363636363636364,0.048343515779383006,WCA,NA,NA,NA,FALSE
WCA,With mucin,C. secundus,E8P4,DSM28864/177,"C. secundus
(DSM28864/177)",6.666666666666667,0.0522883877701188,WCA,NA,NA,NA,FALSE
WCA,With mucin,C. secundus,E8P4,DSM28864/177,"C. secundus
(DSM28864/177)",6.96969696969697,0.05655469923437284,WCA,NA,NA,NA,FALSE
WCA,With mucin,C. secundus,E8P4,DSM28864/177,"C. secundus
(DSM28864/177)",7.272727272727273,0.06004902667578621,WCA,NA,NA,NA,FALSE
WCA,With mucin,C. secundus,E8P4,DSM28864/177,"C. secundus
(DSM28864/177)",7.575757575757576,0.06362826042987423,WCA,NA,NA,NA,FALSE
WCA,With mucin,C. secundus,E8P4,DSM28864/177,"C. secundus
(DSM28864/177)",7.878787878787879,0.06742058669351812,WCA,NA,NA,NA,FALSE
WCA,With mucin,C. secundus,E8P4,DSM28864/177,"C. secundus
(DSM28864/177)",8.181818181818182,0.0708810153173121,WCA,NA,NA,NA,FALSE
WCA,With mucin,C. secundus,E8P4,DSM28864/177,"C. secundus
(DSM28864/177)",8.484848484848484,0.07413056502469047,WCA,NA,NA,NA,FALSE
WCA,With mucin,C. secundus,E8P4,DSM28864/177,"C. secundus
(DSM28864/177)",8.787878787878789,0.07752894379749513,WCA,NA,NA,NA,FALSE
WCA,With mucin,C. secundus,E8P4,DSM28864/177,"C. secundus
(DSM28864/177)",9.090909090909092,0.08110266751538162,WCA,NA,NA,NA,FALSE
WCA,With mucin,C. secundus,E8P4,DSM28864/177,"C. secundus
(DSM28864/177)",9.393939393939394,0.08488907656955244,WCA,NA,NA,NA,FALSE
WCA,With mucin,C. secundus,E8P4,DSM28864/177,"C. secundus
(DSM28864/177)",9.696969696969697,0.08885210780412399,WCA,NA,NA,NA,FALSE
WCA,With mucin,C. secundus,E8P4,DSM28864/177,"C. secundus
(DSM28864/177)",10,0.093,WCA,NA,NA,NA,FALSE
WCA,With mucin,C. secundus,E8P4,DSM28864/177,"C. secundus
(DSM28864/177)",10.303030303030303,0.09592327159752657,WCA,NA,NA,NA,FALSE
WCA,With mucin,C. secundus,E8P4,DSM28864/177,"C. secundus
(DSM28864/177)",10.606060606060606,0.09893836136237776,WCA,NA,NA,NA,FALSE
WCA,With mucin,C. secundus,E8P4,DSM28864/177,"C. secundus
(DSM28864/177)",10.90909090909091,0.1020481532468549,WCA,NA,NA,NA,FALSE
WCA,With mucin,C. secundus,E8P4,DSM28864/177,"C. secundus
(DSM28864/177)",11.212121212121213,0.1054362042885775,WCA,NA,NA,NA,FALSE
WCA,With mucin,C. secundus,E8P4,DSM28864/177,"C. secundus
(DSM28864/177)",11.515151515151516,0.10901672135877932,WCA,NA,NA,NA,FALSE
WCA,With mucin,C. secundus,E8P4,DSM28864/177,"C. secundus
(DSM28864/177)",11.818181818181818,0.11271874884229242,WCA,NA,NA,NA,FALSE
WCA,With mucin,C. secundus,E8P4,DSM28864/177,"C. secundus
(DSM28864/177)",12.121212121212121,0.11605515733407808,WCA,NA,NA,NA,FALSE
WCA,With mucin,C. secundus,E8P4,DSM28864/177,"C. secundus
(DSM28864/177)",12.424242424242424,0.11873557517576379,WCA,NA,NA,NA,FALSE
WCA,With mucin,C. secundus,E8P4,DSM28864/177,"C. secundus
(DSM28864/177)",12.727272727272728,0.12147786281354687,WCA,NA,NA,NA,FALSE
WCA,With mucin,C. secundus,E8P4,DSM28864/177,"C. secundus
(DSM28864/177)",13.030303030303031,0.1242917797131616,WCA,NA,NA,NA,FALSE
WCA,With mucin,C. secundus,E8P4,DSM28864/177,"C. secundus
(DSM28864/177)",13.333333333333334,0.12724758473200987,WCA,NA,NA,NA,FALSE
WCA,With mucin,C. secundus,E8P4,DSM28864/177,"C. secundus
(DSM28864/177)",13.636363636363637,0.13027364271225506,WCA,NA,NA,NA,FALSE
WCA,With mucin,C. secundus,E8P4,DSM28864/177,"C. secundus
(DSM28864/177)",13.93939393939394,0.13337162341173092,WCA,NA,NA,NA,FALSE
WCA,With mucin,C. secundus,E8P4,DSM28864/177,"C. secundus
(DSM28864/177)",14.242424242424242,0.13543051547990403,WCA,NA,NA,NA,FALSE
WCA,With mucin,C. secundus,E8P4,DSM28864/177,"C. secundus
(DSM28864/177)",14.545454545454547,0.1372401431432882,WCA,NA,NA,NA,FALSE
WCA,With mucin,C. secundus,E8P4,DSM28864/177,"C. secundus
(DSM28864/177)",14.84848484848485,0.13907393862823736,WCA,NA,NA,NA,FALSE
WCA,With mucin,C. secundus,E8P4,DSM28864/177,"C. secundus
(DSM28864/177)",15.151515151515152,0.14203643942373922,WCA,NA,NA,NA,FALSE
WCA,With mucin,C. secundus,E8P4,DSM28864/177,"C. secundus
(DSM28864/177)",15.454545454545455,0.14619857043029535,WCA,NA,NA,NA,FALSE
WCA,With mucin,C. secundus,E8P4,DSM28864/177,"C. secundus
(DSM28864/177)",15.757575757575758,0.15048260537439281,WCA,NA,NA,NA,FALSE
WCA,With mucin,C. secundus,E8P4,DSM28864/177,"C. secundus
(DSM28864/177)",16.060606060606062,0.15435714768912304,WCA,NA,NA,NA,FALSE
WCA,With mucin,C. secundus,E8P4,DSM28864/177,"C. secundus
(DSM28864/177)",16.363636363636363,0.15615534307649295,WCA,NA,NA,NA,FALSE
WCA,With mucin,C. secundus,E8P4,DSM28864/177,"C. secundus
(DSM28864/177)",16.666666666666668,0.15797447718286112,WCA,NA,NA,NA,FALSE
WCA,With mucin,C. secundus,E8P4,DSM28864/177,"C. secundus
(DSM28864/177)",16.96969696969697,0.1598147938248651,WCA,NA,NA,NA,FALSE
WCA,With mucin,C. secundus,E8P4,DSM28864/177,"C. secundus
(DSM28864/177)",17.272727272727273,0.162405925606921,WCA,NA,NA,NA,FALSE
WCA,With mucin,C. secundus,E8P4,DSM28864/177,"C. secundus
(DSM28864/177)",17.575757575757578,0.16512161223091393,WCA,NA,NA,NA,FALSE
WCA,With mucin,C. secundus,E8P4,DSM28864/177,"C. secundus
(DSM28864/177)",17.87878787878788,0.16788268991091823,WCA,NA,NA,NA,FALSE
WCA,With mucin,C. secundus,E8P4,DSM28864/177,"C. secundus
(DSM28864/177)",18.181818181818183,0.17094877496475694,WCA,NA,NA,NA,FALSE
WCA,With mucin,C. secundus,E8P4,DSM28864/177,"C. secundus
(DSM28864/177)",18.484848484848484,0.17424677749656228,WCA,NA,NA,NA,FALSE
WCA,With mucin,C. secundus,E8P4,DSM28864/177,"C. secundus
(DSM28864/177)",18.78787878787879,0.1776083801839765,WCA,NA,NA,NA,FALSE
WCA,With mucin,C. secundus,E8P4,DSM28864/177,"C. secundus
(DSM28864/177)",19.09090909090909,0.18,WCA,NA,NA,NA,FALSE
WCA,With mucin,C. secundus,E8P4,DSM28864/177,"C. secundus
(DSM28864/177)",19.393939393939394,0.18,WCA,NA,NA,NA,FALSE
WCA,With mucin,C. secundus,E8P4,DSM28864/177,"C. secundus
(DSM28864/177)",19.6969696969697,0.18,WCA,NA,NA,NA,FALSE
WCA,With mucin,C. secundus,E8P4,DSM28864/177,"C. secundus
(DSM28864/177)",20,0.18,WCA,NA,NA,NA,FALSE
WCA,With mucin,C. secundus,E8P4,DSM28864/177,"C. secundus
(DSM28864/177)",20.303030303030305,0.18297343430348184,WCA,NA,NA,NA,FALSE
WCA,With mucin,C. secundus,E8P4,DSM28864/177,"C. secundus
(DSM28864/177)",20.606060606060606,0.18599596791032963,WCA,NA,NA,NA,FALSE
WCA,With mucin,C. secundus,E8P4,DSM28864/177,"C. secundus
(DSM28864/177)",20.90909090909091,0.18906841158054194,WCA,NA,NA,NA,FALSE
WCA,With mucin,C. secundus,E8P4,DSM28864/177,"C. secundus
(DSM28864/177)",21.21212121212121,0.18487031089216854,WCA,NA,NA,NA,FALSE
WCA,With mucin,C. secundus,E8P4,DSM28864/177,"C. secundus
(DSM28864/177)",21.515151515151516,0.1777814089298924,WCA,NA,NA,NA,FALSE
WCA,With mucin,C. secundus,E8P4,DSM28864/177,"C. secundus
(DSM28864/177)",21.81818181818182,0.17096422994022475,WCA,NA,NA,NA,FALSE
WCA,With mucin,C. secundus,E8P4,DSM28864/177,"C. secundus
(DSM28864/177)",22.12121212121212,0.16974045113125272,WCA,NA,NA,NA,FALSE
WCA,With mucin,C. secundus,E8P4,DSM28864/177,"C. secundus
(DSM28864/177)",22.424242424242426,0.17678985867269353,WCA,NA,NA,NA,FALSE
WCA,With mucin,C. secundus,E8P4,DSM28864/177,"C. secundus
(DSM28864/177)",22.727272727272727,0.18413191102106036,WCA,NA,NA,NA,FALSE
WCA,With mucin,C. secundus,E8P4,DSM28864/177,"C. secundus
(DSM28864/177)",23.03030303030303,0.1914380868678834,WCA,NA,NA,NA,FALSE
WCA,With mucin,C. secundus,E8P4,DSM28864/177,"C. secundus
(DSM28864/177)",23.333333333333336,0.19587458199599092,WCA,NA,NA,NA,FALSE
WCA,With mucin,C. secundus,E8P4,DSM28864/177,"C. secundus
(DSM28864/177)",23.636363636363637,0.20041385340547443,WCA,NA,NA,NA,FALSE
WCA,With mucin,C. secundus,E8P4,DSM28864/177,"C. secundus
(DSM28864/177)",23.93939393939394,0.2050582820217511,WCA,NA,NA,NA,FALSE
WCA,With mucin,C. secundus,E8P4,DSM28864/177,"C. secundus
(DSM28864/177)",24.242424242424242,0.204776577417654,WCA,NA,NA,NA,FALSE
WCA,With mucin,C. secundus,E8P4,DSM28864/177,"C. secundus
(DSM28864/177)",24.545454545454547,0.20325750824586125,WCA,NA,NA,NA,FALSE
WCA,With mucin,C. secundus,E8P4,DSM28864/177,"C. secundus
(DSM28864/177)",24.848484848484848,0.20174970394936095,WCA,NA,NA,NA,FALSE
WCA,With mucin,C. secundus,E8P4,DSM28864/177,"C. secundus
(DSM28864/177)",25.151515151515152,0.20099999999999998,WCA,NA,NA,NA,FALSE
WCA,With mucin,C. secundus,E8P4,DSM28864/177,"C. secundus
(DSM28864/177)",25.454545454545457,0.20099999999999998,WCA,NA,NA,NA,FALSE
WCA,With mucin,C. secundus,E8P4,DSM28864/177,"C. secundus
(DSM28864/177)",25.757575757575758,0.20099999999999998,WCA,NA,NA,NA,FALSE
WCA,With mucin,C. secundus,E8P4,DSM28864/177,"C. secundus
(DSM28864/177)",26.060606060606062,0.2011805561636205,WCA,NA,NA,NA,FALSE
WCA,With mucin,C. secundus,E8P4,DSM28864/177,"C. secundus
(DSM28864/177)",26.363636363636363,0.20208577192382296,WCA,NA,NA,NA,FALSE
WCA,With mucin,C. secundus,E8P4,DSM28864/177,"C. secundus
(DSM28864/177)",26.666666666666668,0.20299505930294728,WCA,NA,NA,NA,FALSE
WCA,With mucin,C. secundus,E8P4,DSM28864/177,"C. secundus
(DSM28864/177)",26.96969696969697,0.20390843661494848,WCA,NA,NA,NA,FALSE
WCA,With mucin,C. secundus,E8P4,DSM28864/177,"C. secundus
(DSM28864/177)",27.272727272727273,0.198339303278947,WCA,NA,NA,NA,FALSE
WCA,With mucin,C. secundus,E8P4,DSM28864/177,"C. secundus
(DSM28864/177)",27.575757575757578,0.19223361152462054,WCA,NA,NA,NA,FALSE
WCA,With mucin,C. secundus,E8P4,DSM28864/177,"C. secundus
(DSM28864/177)",27.87878787878788,0.18631581152326523,WCA,NA,NA,NA,FALSE
WCA,With mucin,C. secundus,E8P4,DSM28864/177,"C. secundus
(DSM28864/177)",28.181818181818183,0.17345590230128258,WCA,NA,NA,NA,FALSE
WCA,With mucin,C. secundus,E8P4,DSM28864/177,"C. secundus
(DSM28864/177)",28.484848484848484,0.15720745622383225,WCA,NA,NA,NA,FALSE
WCA,With mucin,C. secundus,E8P4,DSM28864/177,"C. secundus
(DSM28864/177)",28.78787878787879,0.14248046600069814,WCA,NA,NA,NA,FALSE
WCA,With mucin,C. secundus,E8P4,DSM28864/177,"C. secundus
(DSM28864/177)",29.090909090909093,0.1326312979774246,WCA,NA,NA,NA,FALSE
WCA,With mucin,C. secundus,E8P4,DSM28864/177,"C. secundus
(DSM28864/177)",29.393939393939394,0.13140965340266875,WCA,NA,NA,NA,FALSE
WCA,With mucin,C. secundus,E8P4,DSM28864/177,"C. secundus
(DSM28864/177)",29.6969696969697,0.13019925525496204,WCA,NA,NA,NA,FALSE
WCA,With mucin,C. secundus,E8P4,DSM28864/177,"C. secundus
(DSM28864/177)",30,0.129,WCA,NA,NA,NA,FALSE
WCA,Without mucin,C. secundus,E1P4,DSM28864/177,"C. secundus
(DSM28864/177)",0,7.000000000000005e-5,WCA,WCA,0.1259059864969003,-3.5998273510921064,TRUE
WCA,Without mucin,C. secundus,E1P4,DSM28864/177,"C. secundus
(DSM28864/177)",0.30303030303030304,8.469097024338241e-5,WCA,WCA,0.1259059864969003,-3.5998273510921064,TRUE
WCA,Without mucin,C. secundus,E1P4,DSM28864/177,"C. secundus
(DSM28864/177)",0.6060606060606061,1.009235448202787e-4,WCA,WCA,0.1259059864969003,-3.5998273510921064,TRUE
WCA,Without mucin,C. secundus,E1P4,DSM28864/177,"C. secundus
(DSM28864/177)",0.9090909090909092,1.1885949275490832e-4,WCA,WCA,0.1259059864969003,-3.5998273510921064,TRUE
WCA,Without mucin,C. secundus,E1P4,DSM28864/177,"C. secundus
(DSM28864/177)",1.2121212121212122,1.3867755838521312e-4,WCA,WCA,0.1259059864969003,-3.5998273510921064,TRUE
WCA,Without mucin,C. secundus,E1P4,DSM28864/177,"C. secundus
(DSM28864/177)",1.5151515151515151,1.6057524267591922e-4,WCA,WCA,0.1259059864969003,-3.5998273510921064,TRUE
WCA,Without mucin,C. secundus,E1P4,DSM28864/177,"C. secundus
(DSM28864/177)",1.8181818181818183,1.8477077145458064e-4,WCA,WCA,0.1259059864969003,-3.5998273510921064,TRUE
WCA,Without mucin,C. secundus,E1P4,DSM28864/177,"C. secundus
(DSM28864/177)",2.121212121212121,2.1150527018545787e-4,WCA,WCA,0.1259059864969003,-3.5998273510921064,TRUE
WCA,Without mucin,C. secundus,E1P4,DSM28864/177,"C. secundus
(DSM28864/177)",2.4242424242424243,2.4104516695438552e-4,WCA,WCA,0.1259059864969003,-3.5998273510921064,TRUE
WCA,Without mucin,C. secundus,E1P4,DSM28864/177,"C. secundus
(DSM28864/177)",2.7272727272727275,2.736848476120625e-4,WCA,WCA,0.1259059864969003,-3.5998273510921064,TRUE
WCA,Without mucin,C. secundus,E1P4,DSM28864/177,"C. secundus
(DSM28864/177)",3.0303030303030303,3.0974958953613584e-4,WCA,WCA,0.1259059864969003,-3.5998273510921064,TRUE
WCA,Without mucin,C. secundus,E1P4,DSM28864/177,"C. secundus
(DSM28864/177)",3.3333333333333335,3.49598803249079e-4,WCA,WCA,0.1259059864969003,-3.5998273510921064,TRUE
WCA,Without mucin,C. secundus,E1P4,DSM28864/177,"C. secundus
(DSM28864/177)",3.6363636363636367,3.9362961419687234e-4,WCA,WCA,0.1259059864969003,-3.5998273510921064,TRUE
WCA,Without mucin,C. secundus,E1P4,DSM28864/177,"C. secundus
(DSM28864/177)",3.9393939393939394,4.4228082038342306e-4,WCA,WCA,0.1259059864969003,-3.5998273510921064,TRUE
WCA,Without mucin,C. secundus,E1P4,DSM28864/177,"C. secundus
(DSM28864/177)",4.242424242424242,4.9603726530134e-4,WCA,WCA,0.1259059864969003,-3.5998273510921064,TRUE
WCA,Without mucin,C. secundus,E1P4,DSM28864/177,"C. secundus
(DSM28864/177)",4.545454545454546,5.554346697383937e-4,WCA,WCA,0.1259059864969003,-3.5998273510921064,TRUE
WCA,Without mucin,C. secundus,E1P4,DSM28864/177,"C. secundus
(DSM28864/177)",4.848484848484849,6.21064970612011e-4,WCA,WCA,0.1259059864969003,-3.5998273510921064,TRUE
WCA,Without mucin,C. secundus,E1P4,DSM28864/177,"C. secundus
(DSM28864/177)",5.151515151515151,6.935822200370464e-4,WCA,WCA,0.1259059864969003,-3.5998273510921064,TRUE
WCA,Without mucin,C. secundus,E1P4,DSM28864/177,"C. secundus
(DSM28864/177)",5.454545454545455,7.737091034151908e-4,WCA,WCA,0.1259059864969003,-3.5998273510921064,TRUE
WCA,Without mucin,C. secundus,E1P4,DSM28864/177,"C. secundus
(DSM28864/177)",5.757575757575758,8.622441415033578e-4,WCA,WCA,0.1259059864969003,-3.5998273510921064,TRUE
WCA,Without mucin,C. secundus,E1P4,DSM28864/177,"C. secundus
(DSM28864/177)",6.0606060606060606,9.600696482347389e-4,WCA,WCA,0.1259059864969003,-3.5998273510921064,TRUE
WCA,Without mucin,C. secundus,E1P4,DSM28864/177,"C. secundus
(DSM28864/177)",6.363636363636364,0.0010681605235977954,WCA,WCA,0.1259059864969003,-3.5998273510921064,TRUE
WCA,Without mucin,C. secundus,E1P4,DSM28864/177,"C. secundus
(DSM28864/177)",6.666666666666667,0.0011875939692004218,WCA,WCA,0.1259059864969003,-3.5998273510921064,TRUE
WCA,Without mucin,C. secundus,E1P4,DSM28864/177,"C. secundus
(DSM28864/177)",6.96969696969697,0.0013195602233417125,WCA,WCA,0.1259059864969003,-3.5998273510921064,TRUE
WCA,Without mucin,C. secundus,E1P4,DSM28864/177,"C. secundus
(DSM28864/177)",7.272727272727273,0.0014653744225738615,WCA,WCA,0.1259059864969003,-3.5998273510921064,TRUE
WCA,Without mucin,C. secundus,E1P4,DSM28864/177,"C. secundus
(DSM28864/177)",7.575757575757576,0.0016264897079630257,WCA,WCA,0.1259059864969003,-3.5998273510921064,TRUE
WCA,Without mucin,C. secundus,E1P4,DSM28864/177,"C. secundus
(DSM28864/177)",7.878787878787879,0.0018045117066622346,WCA,WCA,0.1259059864969003,-3.5998273510921064,TRUE
WCA,Without mucin,C. secundus,E1P4,DSM28864/177,"C. secundus
(DSM28864/177)",8.181818181818182,0.002001214533115426,WCA,WCA,0.1259059864969003,-3.5998273510921064,TRUE
WCA,Without mucin,C. secundus,E1P4,DSM28864/177,"C. secundus
(DSM28864/177)",8.484848484848484,0.002218558469355853,WCA,WCA,0.1259059864969003,-3.5998273510921064,TRUE
WCA,Without mucin,C. secundus,E1P4,DSM28864/177,"C. secundus
(DSM28864/177)",8.787878787878789,0.002458709500595478,WCA,WCA,0.1259059864969003,-3.5998273510921064,TRUE
WCA,Without mucin,C. secundus,E1P4,DSM28864/177,"C. secundus
(DSM28864/177)",9.090909090909092,0.0027240609007912414,WCA,WCA,0.1259059864969003,-3.5998273510921064,TRUE
WCA,Without mucin,C. secundus,E1P4,DSM28864/177,"C. secundus
(DSM28864/177)",9.393939393939394,0.00301725708330354,WCA,WCA,0.1259059864969003,-3.5998273510921064,TRUE
WCA,Without mucin,C. secundus,E1P4,DSM28864/177,"C. secundus
(DSM28864/177)",9.696969696969697,0.0033412199543355666,WCA,WCA,0.1259059864969003,-3.5998273510921064,TRUE
WCA,Without mucin,C. secundus,E1P4,DSM28864/177,"C. secundus
(DSM28864/177)",10,0.0036991780317839704,WCA,WCA,0.1259059864969003,-3.5998273510921064,TRUE
WCA,Without mucin,C. secundus,E1P4,DSM28864/177,"C. secundus
(DSM28864/177)",10.303030303030303,0.004094698619690748,WCA,WCA,0.1259059864969003,-3.5998273510921064,TRUE
WCA,Without mucin,C. secundus,E1P4,DSM28864/177,"C. secundus
(DSM28864/177)",10.606060606060606,0.004531723358937408,WCA,WCA,0.1259059864969003,-3.5998273510921064,TRUE
WCA,Without mucin,C. secundus,E1P4,DSM28864/177,"C. secundus
(DSM28864/177)",10.90909090909091,0.005014607508469034,WCA,WCA,0.1259059864969003,-3.5998273510921064,TRUE
WCA,Without mucin,C. secundus,E1P4,DSM28864/177,"C. secundus
(DSM28864/177)",11.212121212121213,0.0055481633485133,WCA,WCA,0.1259059864969003,-3.5998273510921064,TRUE
WCA,Without mucin,C. secundus,E1P4,DSM28864/177,"C. secundus
(DSM28864/177)",11.515151515151516,0.006137708138338088,WCA,WCA,0.1259059864969003,-3.5998273510921064,TRUE
WCA,Without mucin,C. secundus,E1P4,DSM28864/177,"C. secundus
(DSM28864/177)",11.818181818181818,0.006789117106480426,WCA,WCA,0.1259059864969003,-3.5998273510921064,TRUE
WCA,Without mucin,C. secundus,E1P4,DSM28864/177,"C. secundus
(DSM28864/177)",12.121212121212121,0.007508882001531704,WCA,WCA,0.1259059864969003,-3.5998273510921064,TRUE
WCA,Without mucin,C. secundus,E1P4,DSM28864/177,"C. secundus
(DSM28864/177)",12.424242424242424,0.008304175786978906,WCA,WCA,0.1259059864969003,-3.5998273510921064,TRUE
WCA,Without mucin,C. secundus,E1P4,DSM28864/177,"C. secundus
(DSM28864/177)",12.727272727272728,0.009182924124831479,WCA,WCA,0.1259059864969003,-3.5998273510921064,TRUE
WCA,Without mucin,C. secundus,E1P4,DSM28864/177,"C. secundus
(DSM28864/177)",13.030303030303031,0.010153884360418442,WCA,WCA,0.1259059864969003,-3.5998273510921064,FALSE
WCA,Without mucin,C. secundus,E1P4,DSM28864/177,"C. secundus
(DSM28864/177)",13.333333333333334,0.011226732795494796,WCA,WCA,0.1259059864969003,-3.5998273510921064,FALSE
WCA,Without mucin,C. secundus,E1P4,DSM28864/177,"C. secundus
(DSM28864/177)",13.636363636363637,0.012412161119395195,WCA,WCA,0.1259059864969003,-3.5998273510921064,FALSE
WCA,Without mucin,C. secundus,E1P4,DSM28864/177,"C. secundus
(DSM28864/177)",13.93939393939394,0.013721982959239053,WCA,WCA,0.1259059864969003,-3.5998273510921064,FALSE
WCA,Without mucin,C. secundus,E1P4,DSM28864/177,"C. secundus
(DSM28864/177)",14.242424242424242,0.015447013681458614,WCA,WCA,0.1259059864969003,-3.5998273510921064,FALSE
WCA,Without mucin,C. secundus,E1P4,DSM28864/177,"C. secundus
(DSM28864/177)",14.545454545454547,0.017466814174100887,WCA,WCA,0.1259059864969003,-3.5998273510921064,FALSE
WCA,Without mucin,C. secundus,E1P4,DSM28864/177,"C. secundus
(DSM28864/177)",14.84848484848485,0.01974952569549042,WCA,WCA,0.1259059864969003,-3.5998273510921064,FALSE
WCA,Without mucin,C. secundus,E1P4,DSM28864/177,"C. secundus
(DSM28864/177)",15.151515151515152,0.021562284393383764,WCA,WCA,0.1259059864969003,-3.5998273510921064,FALSE
WCA,Without mucin,C. secundus,E1P4,DSM28864/177,"C. secundus
(DSM28864/177)",15.454545454545455,0.022732269816047136,WCA,WCA,0.1259059864969003,-3.5998273510921064,FALSE
WCA,Without mucin,C. secundus,E1P4,DSM28864/177,"C. secundus
(DSM28864/177)",15.757575757575758,0.023965534079925403,WCA,WCA,0.1259059864969003,-3.5998273510921064,FALSE
WCA,Without mucin,C. secundus,E1P4,DSM28864/177,"C. secundus
(DSM28864/177)",16.060606060606062,0.025470426189285966,WCA,WCA,0.1259059864969003,-3.5998273510921064,FALSE
WCA,Without mucin,C. secundus,E1P4,DSM28864/177,"C. secundus
(DSM28864/177)",16.363636363636363,0.027958326646054778,WCA,WCA,0.1259059864969003,-3.5998273510921064,FALSE
WCA,Without mucin,C. secundus,E1P4,DSM28864/177,"C. secundus
(DSM28864/177)",16.666666666666668,0.03068857422095383,WCA,WCA,0.1259059864969003,-3.5998273510921064,FALSE
WCA,Without mucin,C. secundus,E1P4,DSM28864/177,"C. secundus
(DSM28864/177)",16.96969696969697,0.03368477601832126,WCA,WCA,0.1259059864969003,-3.5998273510921064,FALSE
WCA,Without mucin,C. secundus,E1P4,DSM28864/177,"C. secundus
(DSM28864/177)",17.272727272727273,0.03504725151460186,WCA,WCA,0.1259059864969003,-3.5998273510921064,FALSE
WCA,Without mucin,C. secundus,E1P4,DSM28864/177,"C. secundus
(DSM28864/177)",17.575757575757578,0.036248661476073224,WCA,WCA,0.1259059864969003,-3.5998273510921064,FALSE
WCA,Without mucin,C. secundus,E1P4,DSM28864/177,"C. secundus
(DSM28864/177)",17.87878787878788,0.037491173341402916,WCA,WCA,0.1259059864969003,-3.5998273510921064,FALSE
WCA,Without mucin,C. secundus,E1P4,DSM28864/177,"C. secundus
(DSM28864/177)",18.181818181818183,0.038863807376789995,WCA,WCA,0.1259059864969003,-3.5998273510921064,FALSE
WCA,Without mucin,C. secundus,E1P4,DSM28864/177,"C. secundus
(DSM28864/177)",18.484848484848484,0.040347260580264464,WCA,WCA,0.1259059864969003,-3.5998273510921064,FALSE
WCA,Without mucin,C. secundus,E1P4,DSM28864/177,"C. secundus
(DSM28864/177)",18.78787878787879,0.04188723621386249,WCA,WCA,0.1259059864969003,-3.5998273510921064,FALSE
WCA,Without mucin,C. secundus,E1P4,DSM28864/177,"C. secundus
(DSM28864/177)",19.09090909090909,0.04351369738927346,WCA,WCA,0.1259059864969003,-3.5998273510921064,FALSE
WCA,Without mucin,C. secundus,E1P4,DSM28864/177,"C. secundus
(DSM28864/177)",19.393939393939394,0.04527068387665453,WCA,WCA,0.1259059864969003,-3.5998273510921064,FALSE
WCA,Without mucin,C. secundus,E1P4,DSM28864/177,"C. secundus
(DSM28864/177)",19.6969696969697,0.047098499635110716,WCA,WCA,0.1259059864969003,-3.5998273510921064,FALSE
WCA,Without mucin,C. secundus,E1P4,DSM28864/177,"C. secundus
(DSM28864/177)",20,0.049,WCA,WCA,0.1259059864969003,-3.5998273510921064,FALSE
WCA,Without mucin,C. secundus,E1P4,DSM28864/177,"C. secundus
(DSM28864/177)",20.303030303030305,0.050464252889807416,WCA,WCA,0.1259059864969003,-3.5998273510921064,FALSE
WCA,Without mucin,C. secundus,E1P4,DSM28864/177,"C. secundus
(DSM28864/177)",20.606060606060606,0.05197219920788688,WCA,WCA,0.1259059864969003,-3.5998273510921064,FALSE
WCA,Without mucin,C. secundus,E1P4,DSM28864/177,"C. secundus
(DSM28864/177)",20.90909090909091,0.05352514276977972,WCA,WCA,0.1259059864969003,-3.5998273510921064,FALSE
WCA,Without mucin,C. secundus,E1P4,DSM28864/177,"C. secundus
(DSM28864/177)",21.21212121212121,0.055414483417641186,WCA,WCA,0.1259059864969003,-3.5998273510921064,FALSE
WCA,Without mucin,C. secundus,E1P4,DSM28864/177,"C. secundus
(DSM28864/177)",21.515151515151516,0.05749960224606352,WCA,WCA,0.1259059864969003,-3.5998273510921064,FALSE
WCA,Without mucin,C. secundus,E1P4,DSM28864/177,"C. secundus
(DSM28864/177)",21.81818181818182,0.059663080288825394,WCA,WCA,0.1259059864969003,-3.5998273510921064,FALSE
WCA,Without mucin,C. secundus,E1P4,DSM28864/177,"C. secundus
(DSM28864/177)",22.12121212121212,0.06147144139062012,WCA,WCA,0.1259059864969003,-3.5998273510921064,FALSE
WCA,Without mucin,C. secundus,E1P4,DSM28864/177,"C. secundus
(DSM28864/177)",22.424242424242426,0.06266602867494614,WCA,WCA,0.1259059864969003,-3.5998273510921064,FALSE
WCA,Without mucin,C. secundus,E1P4,DSM28864/177,"C. secundus
(DSM28864/177)",22.727272727272727,0.0638838042166094,WCA,WCA,0.1259059864969003,-3.5998273510921064,FALSE
WCA,Without mucin,C. secundus,E1P4,DSM28864/177,"C. secundus
(DSM28864/177)",23.03030303030303,0.06525594513650983,WCA,WCA,0.1259059864969003,-3.5998273510921064,FALSE
WCA,Without mucin,C. secundus,E1P4,DSM28864/177,"C. secundus
(DSM28864/177)",23.333333333333336,0.06787142518874237,WCA,WCA,0.1259059864969003,-3.5998273510921064,FALSE
WCA,Without mucin,C. secundus,E1P4,DSM28864/177,"C. secundus
(DSM28864/177)",23.636363636363637,0.07059162222423986,WCA,WCA,0.1259059864969003,-3.5998273510921064,FALSE
WCA,Without mucin,C. secundus,E1P4,DSM28864/177,"C. secundus
(DSM28864/177)",23.93939393939394,0.07342072883723551,WCA,WCA,0.1259059864969003,-3.5998273510921064,FALSE
WCA,Without mucin,C. secundus,E1P4,DSM28864/177,"C. secundus
(DSM28864/177)",24.242424242424242,0.07424119422020492,WCA,WCA,0.1259059864969003,-3.5998273510921064,FALSE
WCA,Without mucin,C. secundus,E1P4,DSM28864/177,"C. secundus
(DSM28864/177)",24.545454545454547,0.07454379176513778,WCA,WCA,0.1259059864969003,-3.5998273510921064,FALSE
WCA,Without mucin,C. secundus,E1P4,DSM28864/177,"C. secundus
(DSM28864/177)",24.848484848484848,0.07484762149689203,WCA,WCA,0.1259059864969003,-3.5998273510921064,FALSE
WCA,Without mucin,C. secundus,E1P4,DSM28864/177,"C. secundus
(DSM28864/177)",25.151515151515152,0.07515066585729657,WCA,WCA,0.1259059864969003,-3.5998273510921064,FALSE
WCA,Without mucin,C. secundus,E1P4,DSM28864/177,"C. secundus
(DSM28864/177)",25.454545454545457,0.07545290534012046,WCA,WCA,0.1259059864969003,-3.5998273510921064,FALSE
WCA,Without mucin,C. secundus,E1P4,DSM28864/177,"C. secundus
(DSM28864/177)",25.757575757575758,0.07575635923262732,WCA,WCA,0.1259059864969003,-3.5998273510921064,FALSE
WCA,Without mucin,C. secundus,E1P4,DSM28864/177,"C. secundus
(DSM28864/177)",26.060606060606062,0.07606023499606433,WCA,WCA,0.1259059864969003,-3.5998273510921064,FALSE
WCA,Without mucin,C. secundus,E1P4,DSM28864/177,"C. secundus
(DSM28864/177)",26.363636363636363,0.07636212617613711,WCA,WCA,0.1259059864969003,-3.5998273510921064,FALSE
WCA,Without mucin,C. secundus,E1P4,DSM28864/177,"C. secundus
(DSM28864/177)",26.666666666666668,0.07666521449273013,WCA,WCA,0.1259059864969003,-3.5998273510921064,FALSE
WCA,Without mucin,C. secundus,E1P4,DSM28864/177,"C. secundus
(DSM28864/177)",26.96969696969697,0.07696950469303686,WCA,WCA,0.1259059864969003,-3.5998273510921064,FALSE
WCA,Without mucin,C. secundus,E1P4,DSM28864/177,"C. secundus
(DSM28864/177)",27.272727272727273,0.07672597622985335,WCA,WCA,0.1259059864969003,-3.5998273510921064,FALSE
WCA,Without mucin,C. secundus,E1P4,DSM28864/177,"C. secundus
(DSM28864/177)",27.575757575757578,0.07642264791689439,WCA,WCA,0.1259059864969003,-3.5998273510921064,FALSE
WCA,Without mucin,C. secundus,E1P4,DSM28864/177,"C. secundus
(DSM28864/177)",27.87878787878788,0.07612051768839193,WCA,WCA,0.1259059864969003,-3.5998273510921064,FALSE
WCA,Without mucin,C. secundus,E1P4,DSM28864/177,"C. secundus
(DSM28864/177)",28.181818181818183,0.0752565648847456,WCA,WCA,0.1259059864969003,-3.5998273510921064,FALSE
WCA,Without mucin,C. secundus,E1P4,DSM28864/177,"C. secundus
(DSM28864/177)",28.484848484848484,0.07403361708929863,WCA,WCA,0.1259059864969003,-3.5998273510921064,FALSE
WCA,Without mucin,C. secundus,E1P4,DSM28864/177,"C. secundus
(DSM28864/177)",28.78787878787879,0.07283052419248777,WCA,WCA,0.1259059864969003,-3.5998273510921064,FALSE
WCA,Without mucin,C. secundus,E1P4,DSM28864/177,"C. secundus
(DSM28864/177)",29.090909090909093,0.07153045385328624,WCA,WCA,0.1259059864969003,-3.5998273510921064,FALSE
WCA,Without mucin,C. secundus,E1P4,DSM28864/177,"C. secundus
(DSM28864/177)",29.393939393939394,0.06998728224228866,WCA,WCA,0.1259059864969003,-3.5998273510921064,FALSE
WCA,Without mucin,C. secundus,E1P4,DSM28864/177,"C. secundus
(DSM28864/177)",29.6969696969697,0.06847736989841623,WCA,WCA,0.1259059864969003,-3.5998273510921064,FALSE
WCA,Without mucin,C. secundus,E1P4,DSM28864/177,"C. secundus
(DSM28864/177)",30,0.06699999999999999,WCA,WCA,0.1259059864969003,-3.5998273510921064,FALSE
WCA,Without mucin,C. secundus,E2P3,DSM28864/177,"C. secundus
(DSM28864/177)",0,7.000000000000005e-5,WCA,WCA,0.12151902434314803,-3.613070824550252,TRUE
WCA,Without mucin,C. secundus,E2P3,DSM28864/177,"C. secundus
(DSM28864/177)",0.30303030303030304,8.407846084752517e-5,WCA,WCA,0.12151902434314803,-3.613070824550252,TRUE
WCA,Without mucin,C. secundus,E2P3,DSM28864/177,"C. secundus
(DSM28864/177)",0.6060606060606061,9.957265783673094e-5,WCA,WCA,0.12151902434314803,-3.613070824550252,TRUE
WCA,Without mucin,C. secundus,E2P3,DSM28864/177,"C. secundus
(DSM28864/177)",0.9090909090909092,1.1662495800933943e-4,WCA,WCA,0.12151902434314803,-3.613070824550252,TRUE
WCA,Without mucin,C. secundus,E2P3,DSM28864/177,"C. secundus
(DSM28864/177)",1.2121212121212122,1.3539204489866442e-4,WCA,WCA,0.12151902434314803,-3.613070824550252,TRUE
WCA,Without mucin,C. secundus,E2P3,DSM28864/177,"C. secundus
(DSM28864/177)",1.5151515151515151,1.5604635820222823e-4,WCA,WCA,0.12151902434314803,-3.613070824550252,TRUE
WCA,Without mucin,C. secundus,E2P3,DSM28864/177,"C. secundus
(DSM28864/177)",1.8181818181818183,1.7877767822848325e-4,WCA,WCA,0.12151902434314803,-3.613070824550252,TRUE
WCA,Without mucin,C. secundus,E2P3,DSM28864/177,"C. secundus
(DSM28864/177)",2.121212121212121,2.0379486967618253e-4,WCA,WCA,0.12151902434314803,-3.613070824550252,TRUE
WCA,Without mucin,C. secundus,E2P3,DSM28864/177,"C. secundus
(DSM28864/177)",2.4242424242424243,2.3132780076896378e-4,WCA,WCA,0.12151902434314803,-3.613070824550252,TRUE
WCA,Without mucin,C. secundus,E2P3,DSM28864/177,"C. secundus
(DSM28864/177)",2.7272727272727275,2.6162945537894016e-4,WCA,WCA,0.12151902434314803,-3.613070824550252,TRUE
WCA,Without mucin,C. secundus,E2P3,DSM28864/177,"C. secundus
(DSM28864/177)",3.0303030303030303,2.9497825754635793e-4,WCA,WCA,0.12151902434314803,-3.613070824550252,TRUE
WCA,Without mucin,C. secundus,E2P3,DSM28864/177,"C. secundus
(DSM28864/177)",3.3333333333333335,3.3168062975396024e-4,WCA,WCA,0.12151902434314803,-3.613070824550252,TRUE
WCA,Without mucin,C. secundus,E2P3,DSM28864/177,"C. secundus
(DSM28864/177)",3.6363636363636367,3.720738084625342e-4,WCA,WCA,0.12151902434314803,-3.613070824550252,TRUE
WCA,Without mucin,C. secundus,E2P3,DSM28864/177,"C. secundus
(DSM28864/177)",3.9393939393939394,4.165289427779349e-4,WCA,WCA,0.12151902434314803,-3.613070824550252,TRUE
WCA,Without mucin,C. secundus,E2P3,DSM28864/177,"C. secundus
(DSM28864/177)",4.242424242424242,4.654545047214126e-4,WCA,WCA,0.12151902434314803,-3.613070824550252,TRUE
WCA,Without mucin,C. secundus,E2P3,DSM28864/177,"C. secundus
(DSM28864/177)",4.545454545454546,5.193000424382079e-4,WCA,WCA,0.12151902434314803,-3.613070824550252,TRUE
WCA,Without mucin,C. secundus,E2P3,DSM28864/177,"C. secundus
(DSM28864/177)",4.848484848484849,5.785603108304307e-4,WCA,WCA,0.12151902434314803,-3.613070824550252,TRUE
WCA,Without mucin,C. secundus,E2P3,DSM28864/177,"C. secundus
(DSM28864/177)",5.151515151515151,6.437798175681802e-4,WCA,WCA,0.12151902434314803,-3.613070824550252,TRUE
WCA,Without mucin,C. secundus,E2P3,DSM28864/177,"C. secundus
(DSM28864/177)",5.454545454545455,7.155578262495175e-4,WCA,WCA,0.12151902434314803,-3.613070824550252,TRUE
WCA,Without mucin,C. secundus,E2P3,DSM28864/177,"C. secundus
(DSM28864/177)",5.757575757575758,7.945538626803801e-4,WCA,WCA,0.12151902434314803,-3.613070824550252,TRUE
WCA,Without mucin,C. secundus,E2P3,DSM28864/177,"C. secundus
(DSM28864/177)",6.0606060606060606,8.814937748683966e-4,WCA,WCA,0.12151902434314803,-3.613070824550252,TRUE
WCA,Without mucin,C. secundus,E2P3,DSM28864/177,"C. secundus
(DSM28864/177)",6.363636363636364,9.77176402412315e-4,WCA,WCA,0.12151902434314803,-3.613070824550252,TRUE
WCA,Without mucin,C. secundus,E2P3,DSM28864/177,"C. secundus
(DSM28864/177)",6.666666666666667,0.0010824809165681292,WCA,WCA,0.12151902434314803,-3.613070824550252,TRUE
WCA,Without mucin,C. secundus,E2P3,DSM28864/177,"C. secundus
(DSM28864/177)",6.96969696969697,0.0011983748984354438,WCA,WCA,0.12151902434314803,-3.613070824550252,TRUE
WCA,Without mucin,C. secundus,E2P3,DSM28864/177,"C. secundus
(DSM28864/177)",7.272727272727273,0.001325923229489781,WCA,WCA,0.12151902434314803,-3.613070824550252,TRUE
WCA,Without mucin,C. secundus,E2P3,DSM28864/177,"C. secundus
(DSM28864/177)",7.575757575757576,0.0014662978761506558,WCA,WCA,0.12151902434314803,-3.613070824550252,TRUE
WCA,Without mucin,C. secundus,E2P3,DSM28864/177,"C. secundus
(DSM28864/177)",7.878787878787879,0.0016207886582901073,WCA,WCA,0.12151902434314803,-3.613070824550252,TRUE
WCA,Without mucin,C. secundus,E2P3,DSM28864/177,"C. secundus
(DSM28864/177)",8.181818181818182,0.0017908151006270823,WCA,WCA,0.12151902434314803,-3.613070824550252,TRUE
WCA,Without mucin,C. secundus,E2P3,DSM28864/177,"C. secundus
(DSM28864/177)",8.484848484848484,0.001977939475903238,WCA,WCA,0.12151902434314803,-3.613070824550252,TRUE
WCA,Without mucin,C. secundus,E2P3,DSM28864/177,"C. secundus
(DSM28864/177)",8.787878787878789,0.0021838811596861297,WCA,WCA,0.12151902434314803,-3.613070824550252,TRUE
WCA,Without mucin,C. secundus,E2P3,DSM28864/177,"C. secundus
(DSM28864/177)",9.090909090909092,0.0024105324286976676,WCA,WCA,0.12151902434314803,-3.613070824550252,TRUE
WCA,Without mucin,C. secundus,E2P3,DSM28864/177,"C. secundus
(DSM28864/177)",9.393939393939394,0.0026599758478293594,WCA,WCA,0.12151902434314803,-3.613070824550252,TRUE
WCA,Without mucin,C. secundus,E2P3,DSM28864/177,"C. secundus
(DSM28864/177)",9.696969696969697,0.002934503405603319,WCA,WCA,0.12151902434314803,-3.613070824550252,TRUE
WCA,Without mucin,C. secundus,E2P3,DSM28864/177,"C. secundus
(DSM28864/177)",10,0.00323663757390362,WCA,WCA,0.12151902434314803,-3.613070824550252,TRUE
WCA,Without mucin,C. secundus,E2P3,DSM28864/177,"C. secundus
(DSM28864/177)",10.303030303030303,0.003569154485483316,WCA,WCA,0.12151902434314803,-3.613070824550252,TRUE
WCA,Without mucin,C. secundus,E2P3,DSM28864/177,"C. secundus
(DSM28864/177)",10.606060606060606,0.00393510944221169,WCA,WCA,0.12151902434314803,-3.613070824550252,TRUE
WCA,Without mucin,C. secundus,E2P3,DSM28864/177,"C. secundus
(DSM28864/177)",10.90909090909091,0.004337864988441907,WCA,WCA,0.12151902434314803,-3.613070824550252,TRUE
WCA,Without mucin,C. secundus,E2P3,DSM28864/177,"C. secundus
(DSM28864/177)",11.212121212121213,0.004781121807448736,WCA,WCA,0.12151902434314803,-3.613070824550252,TRUE
WCA,Without mucin,C. secundus,E2P3,DSM28864/177,"C. secundus
(DSM28864/177)",11.515151515151516,0.005268952724825466,WCA,WCA,0.12151902434314803,-3.613070824550252,TRUE
WCA,Without mucin,C. secundus,E2P3,DSM28864/177,"C. secundus
(DSM28864/177)",11.818181818181818,0.005805840131277194,WCA,WCA,0.12151902434314803,-3.613070824550252,TRUE
WCA,Without mucin,C. secundus,E2P3,DSM28864/177,"C. secundus
(DSM28864/177)",12.121212121212121,0.006396717168666505,WCA,WCA,0.12151902434314803,-3.613070824550252,TRUE
WCA,Without mucin,C. secundus,E2P3,DSM28864/177,"C. secundus
(DSM28864/177)",12.424242424242424,0.00704701305774571,WCA,WCA,0.12151902434314803,-3.613070824550252,TRUE
WCA,Without mucin,C. secundus,E2P3,DSM28864/177,"C. secundus
(DSM28864/177)",12.727272727272728,0.007762702984065703,WCA,WCA,0.12151902434314803,-3.613070824550252,TRUE
WCA,Without mucin,C. secundus,E2P3,DSM28864/177,"C. secundus
(DSM28864/177)",13.030303030303031,0.008550363000433278,WCA,WCA,0.12151902434314803,-3.613070824550252,TRUE
WCA,Without mucin,C. secundus,E2P3,DSM28864/177,"C. secundus
(DSM28864/177)",13.333333333333334,0.009417230450383673,WCA,WCA,0.12151902434314803,-3.613070824550252,TRUE
WCA,Without mucin,C. secundus,E2P3,DSM28864/177,"C. secundus
(DSM28864/177)",13.636363636363637,0.01037127046786348,WCA,WCA,0.12151902434314803,-3.613070824550252,FALSE
WCA,Without mucin,C. secundus,E2P3,DSM28864/177,"C. secundus
(DSM28864/177)",13.93939393939394,0.011421249164150882,WCA,WCA,0.12151902434314803,-3.613070824550252,FALSE
WCA,Without mucin,C. secundus,E2P3,DSM28864/177,"C. secundus
(DSM28864/177)",14.242424242424242,0.012576814174484122,WCA,WCA,0.12151902434314803,-3.613070824550252,FALSE
WCA,Without mucin,C. secundus,E2P3,DSM28864/177,"C. secundus
(DSM28864/177)",14.545454545454547,0.01384858330449413,WCA,WCA,0.12151902434314803,-3.613070824550252,FALSE
WCA,Without mucin,C. secundus,E2P3,DSM28864/177,"C. secundus
(DSM28864/177)",14.84848484848485,0.015248242090960816,WCA,WCA,0.12151902434314803,-3.613070824550252,FALSE
WCA,Without mucin,C. secundus,E2P3,DSM28864/177,"C. secundus
(DSM28864/177)",15.151515151515152,0.016791360452212318,WCA,WCA,0.12151902434314803,-3.613070824550252,FALSE
WCA,Without mucin,C. secundus,E2P3,DSM28864/177,"C. secundus
(DSM28864/177)",15.454545454545455,0.01849291107558208,WCA,WCA,0.12151902434314803,-3.613070824550252,FALSE
WCA,Without mucin,C. secundus,E2P3,DSM28864/177,"C. secundus
(DSM28864/177)",15.757575757575758,0.02036617231104009,WCA,WCA,0.12151902434314803,-3.613070824550252,FALSE
WCA,Without mucin,C. secundus,E2P3,DSM28864/177,"C. secundus
(DSM28864/177)",16.060606060606062,0.022324018618529604,WCA,WCA,0.12151902434314803,-3.613070824550252,FALSE
WCA,Without mucin,C. secundus,E2P3,DSM28864/177,"C. secundus
(DSM28864/177)",16.363636363636363,0.024016879715950196,WCA,WCA,0.12151902434314803,-3.613070824550252,FALSE
WCA,Without mucin,C. secundus,E2P3,DSM28864/177,"C. secundus
(DSM28864/177)",16.666666666666668,0.025837711533766163,WCA,WCA,0.12151902434314803,-3.613070824550252,FALSE
WCA,Without mucin,C. secundus,E2P3,DSM28864/177,"C. secundus
(DSM28864/177)",16.96969696969697,0.02779618793435367,WCA,WCA,0.12151902434314803,-3.613070824550252,FALSE
WCA,Without mucin,C. secundus,E2P3,DSM28864/177,"C. secundus
(DSM28864/177)",17.272727272727273,0.030432488109663838,WCA,WCA,0.12151902434314803,-3.613070824550252,FALSE
WCA,Without mucin,C. secundus,E2P3,DSM28864/177,"C. secundus
(DSM28864/177)",17.575757575757578,0.03338325935018558,WCA,WCA,0.12151902434314803,-3.613070824550252,FALSE
WCA,Without mucin,C. secundus,E2P3,DSM28864/177,"C. secundus
(DSM28864/177)",17.87878787878788,0.03661948438328268,WCA,WCA,0.12151902434314803,-3.613070824550252,FALSE
WCA,Without mucin,C. secundus,E2P3,DSM28864/177,"C. secundus
(DSM28864/177)",18.181818181818183,0.03817989494716472,WCA,WCA,0.12151902434314803,-3.613070824550252,FALSE
WCA,Without mucin,C. secundus,E2P3,DSM28864/177,"C. secundus
(DSM28864/177)",18.484848484848484,0.03848161088800784,WCA,WCA,0.12151902434314803,-3.613070824550252,FALSE
WCA,Without mucin,C. secundus,E2P3,DSM28864/177,"C. secundus
(DSM28864/177)",18.78787878787879,0.03878570677026219,WCA,WCA,0.12151902434314803,-3.613070824550252,FALSE
WCA,Without mucin,C. secundus,E2P3,DSM28864/177,"C. secundus
(DSM28864/177)",19.09090909090909,0.039589771831662825,WCA,WCA,0.12151902434314803,-3.613070824550252,FALSE
WCA,Without mucin,C. secundus,E2P3,DSM28864/177,"C. secundus
(DSM28864/177)",19.393939393939394,0.041620734350806134,WCA,WCA,0.12151902434314803,-3.613070824550252,FALSE
WCA,Without mucin,C. secundus,E2P3,DSM28864/177,"C. secundus
(DSM28864/177)",19.6969696969697,0.04375570172332257,WCA,WCA,0.12151902434314803,-3.613070824550252,FALSE
WCA,Without mucin,C. secundus,E2P3,DSM28864/177,"C. secundus
(DSM28864/177)",20,0.046000000000000006,WCA,WCA,0.12151902434314803,-3.613070824550252,FALSE
WCA,Without mucin,C. secundus,E2P3,DSM28864/177,"C. secundus
(DSM28864/177)",20.303030303030305,0.04801765830665724,WCA,WCA,0.12151902434314803,-3.613070824550252,FALSE
WCA,Without mucin,C. secundus,E2P3,DSM28864/177,"C. secundus
(DSM28864/177)",20.606060606060606,0.05012368095111392,WCA,WCA,0.12151902434314803,-3.613070824550252,FALSE
WCA,Without mucin,C. secundus,E2P3,DSM28864/177,"C. secundus
(DSM28864/177)",20.90909090909091,0.05232193789300057,WCA,WCA,0.12151902434314803,-3.613070824550252,FALSE
WCA,Without mucin,C. secundus,E2P3,DSM28864/177,"C. secundus
(DSM28864/177)",21.21212121212121,0.05460439568206709,WCA,WCA,0.12151902434314803,-3.613070824550252,FALSE
WCA,Without mucin,C. secundus,E2P3,DSM28864/177,"C. secundus
(DSM28864/177)",21.515151515151516,0.05698089021906262,WCA,WCA,0.12151902434314803,-3.613070824550252,FALSE
WCA,Without mucin,C. secundus,E2P3,DSM28864/177,"C. secundus
(DSM28864/177)",21.81818181818182,0.05946068221758309,WCA,WCA,0.12151902434314803,-3.613070824550252,FALSE
WCA,Without mucin,C. secundus,E2P3,DSM28864/177,"C. secundus
(DSM28864/177)",22.12121212121212,0.06112034884863642,WCA,WCA,0.12151902434314803,-3.613070824550252,FALSE
WCA,Without mucin,C. secundus,E2P3,DSM28864/177,"C. secundus
(DSM28864/177)",22.424242424242426,0.061422259602558045,WCA,WCA,0.12151902434314803,-3.613070824550252,FALSE
WCA,Without mucin,C. secundus,E2P3,DSM28864/177,"C. secundus
(DSM28864/177)",22.727272727272727,0.061725659972163296,WCA,WCA,0.12151902434314803,-3.613070824550252,FALSE
WCA,Without mucin,C. secundus,E2P3,DSM28864/177,"C. secundus
(DSM28864/177)",23.03030303030303,0.06225520304751151,WCA,WCA,0.12151902434314803,-3.613070824550252,FALSE
WCA,Without mucin,C. secundus,E2P3,DSM28864/177,"C. secundus
(DSM28864/177)",23.333333333333336,0.06486566145300543,WCA,WCA,0.12151902434314803,-3.613070824550252,FALSE
WCA,Without mucin,C. secundus,E2P3,DSM28864/177,"C. secundus
(DSM28864/177)",23.636363636363637,0.06758545753817954,WCA,WCA,0.12151902434314803,-3.613070824550252,FALSE
WCA,Without mucin,C. secundus,E2P3,DSM28864/177,"C. secundus
(DSM28864/177)",23.93939393939394,0.07041917085433909,WCA,WCA,0.12151902434314803,-3.613070824550252,FALSE
WCA,Without mucin,C. secundus,E2P3,DSM28864/177,"C. secundus
(DSM28864/177)",24.242424242424242,0.07171592357009168,WCA,WCA,0.12151902434314803,-3.613070824550252,FALSE
WCA,Without mucin,C. secundus,E2P3,DSM28864/177,"C. secundus
(DSM28864/177)",24.545454545454547,0.07262097820174836,WCA,WCA,0.12151902434314803,-3.613070824550252,FALSE
WCA,Without mucin,C. secundus,E2P3,DSM28864/177,"C. secundus
(DSM28864/177)",24.848484848484848,0.07353744348114136,WCA,WCA,0.12151902434314803,-3.613070824550252,FALSE
WCA,Without mucin,C. secundus,E2P3,DSM28864/177,"C. secundus
(DSM28864/177)",25.151515151515152,0.07444692456989022,WCA,WCA,0.12151902434314803,-3.613070824550252,FALSE
WCA,Without mucin,C. secundus,E2P3,DSM28864/177,"C. secundus
(DSM28864/177)",25.454545454545457,0.0753488799593927,WCA,WCA,0.12151902434314803,-3.613070824550252,FALSE
WCA,Without mucin,C. secundus,E2P3,DSM28864/177,"C. secundus
(DSM28864/177)",25.757575757575758,0.07626175264760746,WCA,WCA,0.12151902434314803,-3.613070824550252,FALSE
WCA,Without mucin,C. secundus,E2P3,DSM28864/177,"C. secundus
(DSM28864/177)",26.060606060606062,0.07740714031763082,WCA,WCA,0.12151902434314803,-3.613070824550252,FALSE
WCA,Without mucin,C. secundus,E2P3,DSM28864/177,"C. secundus
(DSM28864/177)",26.363636363636363,0.07947533226224808,WCA,WCA,0.12151902434314803,-3.613070824550252,FALSE
WCA,Without mucin,C. secundus,E2P3,DSM28864/177,"C. secundus
(DSM28864/177)",26.666666666666668,0.08159873298073396,WCA,WCA,0.12151902434314803,-3.613070824550252,FALSE
WCA,Without mucin,C. secundus,E2P3,DSM28864/177,"C. secundus
(DSM28864/177)",26.96969696969697,0.08377881622832666,WCA,WCA,0.12151902434314803,-3.613070824550252,FALSE
WCA,Without mucin,C. secundus,E2P3,DSM28864/177,"C. secundus
(DSM28864/177)",27.272727272727273,0.0831709777079476,WCA,WCA,0.12151902434314803,-3.613070824550252,FALSE
WCA,Without mucin,C. secundus,E2P3,DSM28864/177,"C. secundus
(DSM28864/177)",27.575757575757578,0.08225942636101863,WCA,WCA,0.12151902434314803,-3.613070824550252,FALSE
WCA,Without mucin,C. secundus,E2P3,DSM28864/177,"C. secundus
(DSM28864/177)",27.87878787878788,0.08135785718730489,WCA,WCA,0.12151902434314803,-3.613070824550252,FALSE
WCA,Without mucin,C. secundus,E2P3,DSM28864/177,"C. secundus
(DSM28864/177)",28.181818181818183,0.08136002037548425,WCA,WCA,0.12151902434314803,-3.613070824550252,FALSE
WCA,Without mucin,C. secundus,E2P3,DSM28864/177,"C. secundus
(DSM28864/177)",28.484848484848484,0.08196361072717093,WCA,WCA,0.12151902434314803,-3.613070824550252,FALSE
WCA,Without mucin,C. secundus,E2P3,DSM28864/177,"C. secundus
(DSM28864/177)",28.78787878787879,0.08257167512062957,WCA,WCA,0.12151902434314803,-3.613070824550252,FALSE
WCA,Without mucin,C. secundus,E2P3,DSM28864/177,"C. secundus
(DSM28864/177)",29.090909090909093,0.08290858962506162,WCA,WCA,0.12151902434314803,-3.613070824550252,FALSE
WCA,Without mucin,C. secundus,E2P3,DSM28864/177,"C. secundus
(DSM28864/177)",29.393939393939394,0.08260461422362028,WCA,WCA,0.12151902434314803,-3.613070824550252,FALSE
WCA,Without mucin,C. secundus,E2P3,DSM28864/177,"C. secundus
(DSM28864/177)",29.6969696969697,0.08230175237502549,WCA,WCA,0.12151902434314803,-3.613070824550252,FALSE
WCA,Without mucin,C. secundus,E2P3,DSM28864/177,"C. secundus
(DSM28864/177)",30,0.08199999999999999,WCA,WCA,0.12151902434314803,-3.613070824550252,FALSE
WCA,Without mucin,C. secundus,E3P4,DSM28864/177,"C. secundus
(DSM28864/177)",0,7.000000000000005e-5,WCA,WCA,0.15051499783199151,-4.195210674950619,TRUE
WCA,Without mucin,C. secundus,E3P4,DSM28864/177,"C. secundus
(DSM28864/177)",0.30303030303030304,7.14706150815523e-5,WCA,WCA,0.15051499783199151,-4.195210674950619,TRUE
WCA,Without mucin,C. secundus,E3P4,DSM28864/177,"C. secundus
(DSM28864/177)",0.6060606060606061,8.47772388968397e-5,WCA,WCA,0.15051499783199151,-4.195210674950619,TRUE
WCA,Without mucin,C. secundus,E3P4,DSM28864/177,"C. secundus
(DSM28864/177)",0.9090909090909092,9.933547413163991e-5,WCA,WCA,0.15051499783199151,-4.195210674950619,TRUE
WCA,Without mucin,C. secundus,E3P4,DSM28864/177,"C. secundus
(DSM28864/177)",1.2121212121212122,1.1526304645154608e-4,WCA,WCA,0.15051499783199151,-4.195210674950619,TRUE
WCA,Without mucin,C. secundus,E3P4,DSM28864/177,"C. secundus
(DSM28864/177)",1.5151515151515151,1.3268875471317856e-4,WCA,WCA,0.15051499783199151,-4.195210674950619,TRUE
WCA,Without mucin,C. secundus,E3P4,DSM28864/177,"C. secundus
(DSM28864/177)",1.8181818181818183,1.517535125005291e-4,WCA,WCA,0.15051499783199151,-4.195210674950619,TRUE
WCA,Without mucin,C. secundus,E3P4,DSM28864/177,"C. secundus
(DSM28864/177)",2.121212121212121,1.726114876274638e-4,WCA,WCA,0.15051499783199151,-4.195210674950619,TRUE
WCA,Without mucin,C. secundus,E3P4,DSM28864/177,"C. secundus
(DSM28864/177)",2.4242424242424243,1.954313488210047e-4,WCA,WCA,0.15051499783199151,-4.195210674950619,TRUE
WCA,Without mucin,C. secundus,E3P4,DSM28864/177,"C. secundus
(DSM28864/177)",2.7272727272727275,2.203976296667434e-4,WCA,WCA,0.15051499783199151,-4.195210674950619,TRUE
WCA,Without mucin,C. secundus,E3P4,DSM28864/177,"C. secundus
(DSM28864/177)",3.0303030303030303,2.477122208459708e-4,WCA,WCA,0.15051499783199151,-4.195210674950619,TRUE
WCA,Without mucin,C. secundus,E3P4,DSM28864/177,"C. secundus
(DSM28864/177)",3.3333333333333335,2.7759600273155713e-4,WCA,WCA,0.15051499783199151,-4.195210674950619,TRUE
WCA,Without mucin,C. secundus,E3P4,DSM28864/177,"C. secundus
(DSM28864/177)",3.6363636363636367,3.102906315446153e-4,WCA,WCA,0.15051499783199151,-4.195210674950619,TRUE
WCA,Without mucin,C. secundus,E3P4,DSM28864/177,"C. secundus
(DSM28864/177)",3.9393939393939394,3.460604935157755e-4,WCA,WCA,0.15051499783199151,-4.195210674950619,TRUE
WCA,Without mucin,C. secundus,E3P4,DSM28864/177,"C. secundus
(DSM28864/177)",4.242424242424242,3.8519484285345017e-4,WCA,WCA,0.15051499783199151,-4.195210674950619,TRUE
WCA,Without mucin,C. secundus,E3P4,DSM28864/177,"C. secundus
(DSM28864/177)",4.545454545454546,4.28010140807856e-4,WCA,WCA,0.15051499783199151,-4.195210674950619,TRUE
WCA,Without mucin,C. secundus,E3P4,DSM28864/177,"C. secundus
(DSM28864/177)",4.848484848484849,4.748526147457e-4,WCA,WCA,0.15051499783199151,-4.195210674950619,TRUE
WCA,Without mucin,C. secundus,E3P4,DSM28864/177,"C. secundus
(DSM28864/177)",5.151515151515151,5.261010579295887e-4,WCA,WCA,0.15051499783199151,-4.195210674950619,TRUE
WCA,Without mucin,C. secundus,E3P4,DSM28864/177,"C. secundus
(DSM28864/177)",5.454545454545455,5.821698926426585e-4,WCA,WCA,0.15051499783199151,-4.195210674950619,TRUE
WCA,Without mucin,C. secundus,E3P4,DSM28864/177,"C. secundus
(DSM28864/177)",5.757575757575758,6.435125214284985e-4,WCA,WCA,0.15051499783199151,-4.195210674950619,TRUE
WCA,Without mucin,C. secundus,E3P4,DSM28864/177,"C. secundus
(DSM28864/177)",6.0606060606060606,7.106249935462809e-4,WCA,WCA,0.15051499783199151,-4.195210674950619,TRUE
WCA,Without mucin,C. secundus,E3P4,DSM28864/177,"C. secundus
(DSM28864/177)",6.363636363636364,7.840500162900034e-4,WCA,WCA,0.15051499783199151,-4.195210674950619,TRUE
WCA,Without mucin,C. secundus,E3P4,DSM28864/177,"C. secundus
(DSM28864/177)",6.666666666666667,8.643813436095315e-4,WCA,WCA,0.15051499783199151,-4.195210674950619,TRUE
WCA,Without mucin,C. secundus,E3P4,DSM28864/177,"C. secundus
(DSM28864/177)",6.96969696969697,9.522685775221519e-4,WCA,WCA,0.15051499783199151,-4.195210674950619,TRUE
WCA,Without mucin,C. secundus,E3P4,DSM28864/177,"C. secundus
(DSM28864/177)",7.272727272727273,0.001048422421141441,WCA,WCA,0.15051499783199151,-4.195210674950619,TRUE
WCA,Without mucin,C. secundus,E3P4,DSM28864/177,"C. secundus
(DSM28864/177)",7.575757575757576,0.0011536204258022177,WCA,WCA,0.15051499783199151,-4.195210674950619,TRUE
WCA,Without mucin,C. secundus,E3P4,DSM28864/177,"C. secundus
(DSM28864/177)",7.878787878787879,0.0012687132787559253,WCA,WCA,0.15051499783199151,-4.195210674950619,TRUE
WCA,Without mucin,C. secundus,E3P4,DSM28864/177,"C. secundus
(DSM28864/177)",8.181818181818182,0.0013946316822820988,WCA,WCA,0.15051499783199151,-4.195210674950619,TRUE
WCA,Without mucin,C. secundus,E3P4,DSM28864/177,"C. secundus
(DSM28864/177)",8.484848484848484,0.0015323938798440788,WCA,WCA,0.15051499783199151,-4.195210674950619,TRUE
WCA,Without mucin,C. secundus,E3P4,DSM28864/177,"C. secundus
(DSM28864/177)",8.787878787878789,0.001683113890149485,WCA,WCA,0.15051499783199151,-4.195210674950619,TRUE
WCA,Without mucin,C. secundus,E3P4,DSM28864/177,"C. secundus
(DSM28864/177)",9.090909090909092,0.0018480105157004983,WCA,WCA,0.15051499783199151,-4.195210674950619,TRUE
WCA,Without mucin,C. secundus,E3P4,DSM28864/177,"C. secundus
(DSM28864/177)",9.393939393939394,0.0020284171986818295,WCA,WCA,0.15051499783199151,-4.195210674950619,TRUE
WCA,Without mucin,C. secundus,E3P4,DSM28864/177,"C. secundus
(DSM28864/177)",9.696969696969697,0.0022257928038864287,WCA,WCA,0.15051499783199151,-4.195210674950619,TRUE
WCA,Without mucin,C. secundus,E3P4,DSM28864/177,"C. secundus
(DSM28864/177)",10,0.0024417334158753547,WCA,WCA,0.15051499783199151,-4.195210674950619,TRUE
WCA,Without mucin,C. secundus,E3P4,DSM28864/177,"C. secundus
(DSM28864/177)",10.303030303030303,0.0026779852457700145,WCA,WCA,0.15051499783199151,-4.195210674950619,TRUE
WCA,Without mucin,C. secundus,E3P4,DSM28864/177,"C. secundus
(DSM28864/177)",10.606060606060606,0.002936458752047926,WCA,WCA,0.15051499783199151,-4.195210674950619,TRUE
WCA,Without mucin,C. secundus,E3P4,DSM28864/177,"C. secundus
(DSM28864/177)",10.90909090909091,0.0032192440895303306,WCA,WCA,0.15051499783199151,-4.195210674950619,TRUE
WCA,Without mucin,C. secundus,E3P4,DSM28864/177,"C. secundus
(DSM28864/177)",11.212121212121213,0.003528628011490422,WCA,WCA,0.15051499783199151,-4.195210674950619,TRUE
WCA,Without mucin,C. secundus,E3P4,DSM28864/177,"C. secundus
(DSM28864/177)",11.515151515151516,0.003867112361561669,WCA,WCA,0.15051499783199151,-4.195210674950619,TRUE
WCA,Without mucin,C. secundus,E3P4,DSM28864/177,"C. secundus
(DSM28864/177)",11.818181818181818,0.004237434304981634,WCA,WCA,0.15051499783199151,-4.195210674950619,TRUE
WCA,Without mucin,C. secundus,E3P4,DSM28864/177,"C. secundus
(DSM28864/177)",12.121212121212121,0.0046425884627720225,WCA,WCA,0.15051499783199151,-4.195210674950619,TRUE
WCA,Without mucin,C. secundus,E3P4,DSM28864/177,"C. secundus
(DSM28864/177)",12.424242424242424,0.005085851127843641,WCA,WCA,0.15051499783199151,-4.195210674950619,TRUE
WCA,Without mucin,C. secundus,E3P4,DSM28864/177,"C. secundus
(DSM28864/177)",12.727272727272728,0.005570806758850768,WCA,WCA,0.15051499783199151,-4.195210674950619,TRUE
WCA,Without mucin,C. secundus,E3P4,DSM28864/177,"C. secundus
(DSM28864/177)",13.030303030303031,0.006101376966038235,WCA,WCA,0.15051499783199151,-4.195210674950619,TRUE
WCA,Without mucin,C. secundus,E3P4,DSM28864/177,"C. secundus
(DSM28864/177)",13.333333333333334,0.006681852223476399,WCA,WCA,0.15051499783199151,-4.195210674950619,TRUE
WCA,Without mucin,C. secundus,E3P4,DSM28864/177,"C. secundus
(DSM28864/177)",13.636363636363637,0.007316926564126013,WCA,WCA,0.15051499783199151,-4.195210674950619,TRUE
WCA,Without mucin,C. secundus,E3P4,DSM28864/177,"C. secundus
(DSM28864/177)",13.93939393939394,0.008011735538295763,WCA,WCA,0.15051499783199151,-4.195210674950619,TRUE
WCA,Without mucin,C. secundus,E3P4,DSM28864/177,"C. secundus
(DSM28864/177)",14.242424242424242,0.008771897742444999,WCA,WCA,0.15051499783199151,-4.195210674950619,TRUE
WCA,Without mucin,C. secundus,E3P4,DSM28864/177,"C. secundus
(DSM28864/177)",14.545454545454547,0.009603560254155498,WCA,WCA,0.15051499783199151,-4.195210674950619,TRUE
WCA,Without mucin,C. secundus,E3P4,DSM28864/177,"C. secundus
(DSM28864/177)",14.84848484848485,0.010513448340683995,WCA,WCA,0.15051499783199151,-4.195210674950619,FALSE
WCA,Without mucin,C. secundus,E3P4,DSM28864/177,"C. secundus
(DSM28864/177)",15.151515151515152,0.011853167383115162,WCA,WCA,0.15051499783199151,-4.195210674950619,FALSE
WCA,Without mucin,C. secundus,E3P4,DSM28864/177,"C. secundus
(DSM28864/177)",15.454545454545455,0.013761831214356122,WCA,WCA,0.15051499783199151,-4.195210674950619,FALSE
WCA,Without mucin,C. secundus,E3P4,DSM28864/177,"C. secundus
(DSM28864/177)",15.757575757575758,0.015976034463407025,WCA,WCA,0.15051499783199151,-4.195210674950619,FALSE
WCA,Without mucin,C. secundus,E3P4,DSM28864/177,"C. secundus
(DSM28864/177)",16.060606060606062,0.018220325578185165,WCA,WCA,0.15051499783199151,-4.195210674950619,FALSE
WCA,Without mucin,C. secundus,E3P4,DSM28864/177,"C. secundus
(DSM28864/177)",16.363636363636363,0.01936291068365568,WCA,WCA,0.15051499783199151,-4.195210674950619,FALSE
WCA,Without mucin,C. secundus,E3P4,DSM28864/177,"C. secundus
(DSM28864/177)",16.666666666666668,0.020576872360180805,WCA,WCA,0.15051499783199151,-4.195210674950619,FALSE
WCA,Without mucin,C. secundus,E3P4,DSM28864/177,"C. secundus
(DSM28864/177)",16.96969696969697,0.021866669457146104,WCA,WCA,0.15051499783199151,-4.195210674950619,FALSE
WCA,Without mucin,C. secundus,E3P4,DSM28864/177,"C. secundus
(DSM28864/177)",17.272727272727273,0.023496006395101784,WCA,WCA,0.15051499783199151,-4.195210674950619,FALSE
WCA,Without mucin,C. secundus,E3P4,DSM28864/177,"C. secundus
(DSM28864/177)",17.575757575757578,0.025277463137074106,WCA,WCA,0.15051499783199151,-4.195210674950619,FALSE
WCA,Without mucin,C. secundus,E3P4,DSM28864/177,"C. secundus
(DSM28864/177)",17.87878787878788,0.02719358792887677,WCA,WCA,0.15051499783199151,-4.195210674950619,FALSE
WCA,Without mucin,C. secundus,E3P4,DSM28864/177,"C. secundus
(DSM28864/177)",18.181818181818183,0.02900627217606279,WCA,WCA,0.15051499783199151,-4.195210674950619,FALSE
WCA,Without mucin,C. secundus,E3P4,DSM28864/177,"C. secundus
(DSM28864/177)",18.484848484848484,0.030764192567584996,WCA,WCA,0.15051499783199151,-4.195210674950619,FALSE
WCA,Without mucin,C. secundus,E3P4,DSM28864/177,"C. secundus
(DSM28864/177)",18.78787878787879,0.03262839495028606,WCA,WCA,0.15051499783199151,-4.195210674950619,FALSE
WCA,Without mucin,C. secundus,E3P4,DSM28864/177,"C. secundus
(DSM28864/177)",19.09090909090909,0.034089718407103495,WCA,WCA,0.15051499783199151,-4.195210674950619,FALSE
WCA,Without mucin,C. secundus,E3P4,DSM28864/177,"C. secundus
(DSM28864/177)",19.393939393939394,0.03439048958728832,WCA,WCA,0.15051499783199151,-4.195210674950619,FALSE
WCA,Without mucin,C. secundus,E3P4,DSM28864/177,"C. secundus
(DSM28864/177)",19.6969696969697,0.03469390901245429,WCA,WCA,0.15051499783199151,-4.195210674950619,FALSE
WCA,Without mucin,C. secundus,E3P4,DSM28864/177,"C. secundus
(DSM28864/177)",20,0.03499999999999999,WCA,WCA,0.15051499783199151,-4.195210674950619,FALSE
WCA,Without mucin,C. secundus,E3P4,DSM28864/177,"C. secundus
(DSM28864/177)",20.303030303030305,0.0369883684562016,WCA,WCA,0.15051499783199151,-4.195210674950619,FALSE
WCA,Without mucin,C. secundus,E3P4,DSM28864/177,"C. secundus
(DSM28864/177)",20.606060606060606,0.03908947170332471,WCA,WCA,0.15051499783199151,-4.195210674950619,FALSE
WCA,Without mucin,C. secundus,E3P4,DSM28864/177,"C. secundus
(DSM28864/177)",20.90909090909091,0.04130970148081004,WCA,WCA,0.15051499783199151,-4.195210674950619,FALSE
WCA,Without mucin,C. secundus,E3P4,DSM28864/177,"C. secundus
(DSM28864/177)",21.21212121212121,0.042619210978597576,WCA,WCA,0.15051499783199151,-4.195210674950619,FALSE
WCA,Without mucin,C. secundus,E3P4,DSM28864/177,"C. secundus
(DSM28864/177)",21.515151515151516,0.04351964110958238,WCA,WCA,0.15051499783199151,-4.195210674950619,FALSE
WCA,Without mucin,C. secundus,E3P4,DSM28864/177,"C. secundus
(DSM28864/177)",21.81818181818182,0.04443906373075852,WCA,WCA,0.15051499783199151,-4.195210674950619,FALSE
WCA,Without mucin,C. secundus,E3P4,DSM28864/177,"C. secundus
(DSM28864/177)",22.12121212121212,0.04557841934408804,WCA,WCA,0.15051499783199151,-4.195210674950619,FALSE
WCA,Without mucin,C. secundus,E3P4,DSM28864/177,"C. secundus
(DSM28864/177)",22.424242424242426,0.04705715345575766,WCA,WCA,0.15051499783199151,-4.195210674950619,FALSE
WCA,Without mucin,C. secundus,E3P4,DSM28864/177,"C. secundus
(DSM28864/177)",22.727272727272727,0.048583789654825564,WCA,WCA,0.15051499783199151,-4.195210674950619,FALSE
WCA,Without mucin,C. secundus,E3P4,DSM28864/177,"C. secundus
(DSM28864/177)",23.03030303030303,0.05019893925819366,WCA,WCA,0.15051499783199151,-4.195210674950619,FALSE
WCA,Without mucin,C. secundus,E3P4,DSM28864/177,"C. secundus
(DSM28864/177)",23.333333333333336,0.05223232782054624,WCA,WCA,0.15051499783199151,-4.195210674950619,FALSE
WCA,Without mucin,C. secundus,E3P4,DSM28864/177,"C. secundus
(DSM28864/177)",23.636363636363637,0.05434796735350851,WCA,WCA,0.15051499783199151,-4.195210674950619,FALSE
WCA,Without mucin,C. secundus,E3P4,DSM28864/177,"C. secundus
(DSM28864/177)",23.93939393939394,0.05654918492515369,WCA,WCA,0.15051499783199151,-4.195210674950619,FALSE
WCA,Without mucin,C. secundus,E3P4,DSM28864/177,"C. secundus
(DSM28864/177)",24.242424242424242,0.05771322188223539,WCA,WCA,0.15051499783199151,-4.195210674950619,FALSE
WCA,Without mucin,C. secundus,E3P4,DSM28864/177,"C. secundus
(DSM28864/177)",24.545454545454547,0.058617296670904574,WCA,WCA,0.15051499783199151,-4.195210674950619,FALSE
WCA,Without mucin,C. secundus,E3P4,DSM28864/177,"C. secundus
(DSM28864/177)",24.848484848484848,0.05953551659023419,WCA,WCA,0.15051499783199151,-4.195210674950619,FALSE
WCA,Without mucin,C. secundus,E3P4,DSM28864/177,"C. secundus
(DSM28864/177)",25.151515151515152,0.06044520102241129,WCA,WCA,0.15051499783199151,-4.195210674950619,FALSE
WCA,Without mucin,C. secundus,E3P4,DSM28864/177,"C. secundus
(DSM28864/177)",25.454545454545457,0.061345526170512865,WCA,WCA,0.15051499783199151,-4.195210674950619,FALSE
WCA,Without mucin,C. secundus,E3P4,DSM28864/177,"C. secundus
(DSM28864/177)",25.757575757575758,0.06225924605842539,WCA,WCA,0.15051499783199151,-4.195210674950619,FALSE
WCA,Without mucin,C. secundus,E3P4,DSM28864/177,"C. secundus
(DSM28864/177)",26.060606060606062,0.06351194990882958,WCA,WCA,0.15051499783199151,-4.195210674950619,FALSE
WCA,Without mucin,C. secundus,E3P4,DSM28864/177,"C. secundus
(DSM28864/177)",26.363636363636363,0.06613471197135273,WCA,WCA,0.15051499783199151,-4.195210674950619,FALSE
WCA,Without mucin,C. secundus,E3P4,DSM28864/177,"C. secundus
(DSM28864/177)",26.666666666666668,0.06886566324239302,WCA,WCA,0.15051499783199151,-4.195210674950619,FALSE
WCA,Without mucin,C. secundus,E3P4,DSM28864/177,"C. secundus
(DSM28864/177)",26.96969696969697,0.07170926653808106,WCA,WCA,0.15051499783199151,-4.195210674950619,FALSE
WCA,Without mucin,C. secundus,E3P4,DSM28864/177,"C. secundus
(DSM28864/177)",27.272727272727273,0.07116912801580312,WCA,WCA,0.15051499783199151,-4.195210674950619,FALSE
WCA,Without mucin,C. secundus,E3P4,DSM28864/177,"C. secundus
(DSM28864/177)",27.575757575757578,0.07025716657532921,WCA,WCA,0.15051499783199151,-4.195210674950619,FALSE
WCA,Without mucin,C. secundus,E3P4,DSM28864/177,"C. secundus
(DSM28864/177)",27.87878787878788,0.06935687952913938,WCA,WCA,0.15051499783199151,-4.195210674950619,FALSE
WCA,Without mucin,C. secundus,E3P4,DSM28864/177,"C. secundus
(DSM28864/177)",28.181818181818183,0.0697106237482507,WCA,WCA,0.15051499783199151,-4.195210674950619,FALSE
WCA,Without mucin,C. secundus,E3P4,DSM28864/177,"C. secundus
(DSM28864/177)",28.484848484848484,0.07091128093676938,WCA,WCA,0.15051499783199151,-4.195210674950619,FALSE
WCA,Without mucin,C. secundus,E3P4,DSM28864/177,"C. secundus
(DSM28864/177)",28.78787878787879,0.0721325968354988,WCA,WCA,0.15051499783199151,-4.195210674950619,FALSE
WCA,Without mucin,C. secundus,E3P4,DSM28864/177,"C. secundus
(DSM28864/177)",29.090909090909093,0.07243305513314305,WCA,WCA,0.15051499783199151,-4.195210674950619,FALSE
WCA,Without mucin,C. secundus,E3P4,DSM28864/177,"C. secundus
(DSM28864/177)",29.393939393939394,0.07057481740501961,WCA,WCA,0.15051499783199151,-4.195210674950619,FALSE
WCA,Without mucin,C. secundus,E3P4,DSM28864/177,"C. secundus
(DSM28864/177)",29.6969696969697,0.0687642059106856,WCA,WCA,0.15051499783199151,-4.195210674950619,FALSE
WCA,Without mucin,C. secundus,E3P4,DSM28864/177,"C. secundus
(DSM28864/177)",30,0.06699999999999999,WCA,WCA,0.15051499783199151,-4.195210674950619,FALSE
WCA,With mucin,E. tayi,F3P1,DSM26961,"E. tayi
(DSM26961)",0,7.000000000000005e-5,WCA,NA,NA,NA,TRUE
WCA,With mucin,E. tayi,F3P1,DSM26961,"E. tayi
(DSM26961)",0.30303030303030304,1.2622883531092767e-4,WCA,NA,NA,NA,TRUE
WCA,With mucin,E. tayi,F3P1,DSM26961,"E. tayi
(DSM26961)",0.6060606060606061,2.0504111291059425e-4,WCA,NA,NA,NA,TRUE
WCA,With mucin,E. tayi,F3P1,DSM26961,"E. tayi
(DSM26961)",0.9090909090909092,3.1550712320762317e-4,WCA,NA,NA,NA,TRUE
WCA,With mucin,E. tayi,F3P1,DSM26961,"E. tayi
(DSM26961)",1.2121212121212122,4.7034009850784454e-4,WCA,NA,NA,NA,TRUE
WCA,With mucin,E. tayi,F3P1,DSM26961,"E. tayi
(DSM26961)",1.5151515151515151,6.873593442999016e-4,WCA,NA,NA,NA,TRUE
WCA,With mucin,E. tayi,F3P1,DSM26961,"E. tayi
(DSM26961)",1.8181818181818183,9.915410145986965e-4,WCA,NA,NA,NA,TRUE
WCA,With mucin,E. tayi,F3P1,DSM26961,"E. tayi
(DSM26961)",2.121212121212121,0.0014178925494963057,WCA,NA,NA,NA,TRUE
WCA,With mucin,E. tayi,F3P1,DSM26961,"E. tayi
(DSM26961)",2.4242424242424243,0.0020154815861104765,WCA,NA,NA,NA,TRUE
WCA,With mucin,E. tayi,F3P1,DSM26961,"E. tayi
(DSM26961)",2.7272727272727275,0.00285308301932032,WCA,NA,NA,NA,TRUE
WCA,With mucin,E. tayi,F3P1,DSM26961,"E. tayi
(DSM26961)",3.0303030303030303,0.004027094117131262,WCA,NA,NA,NA,TRUE
WCA,With mucin,E. tayi,F3P1,DSM26961,"E. tayi
(DSM26961)",3.3333333333333335,0.00567262861974229,WCA,NA,NA,NA,TRUE
WCA,With mucin,E. tayi,F3P1,DSM26961,"E. tayi
(DSM26961)",3.6363636363636367,0.007979066611965924,WCA,NA,NA,NA,TRUE
WCA,With mucin,E. tayi,F3P1,DSM26961,"E. tayi
(DSM26961)",3.9393939393939394,0.011211849761472485,WCA,NA,NA,NA,FALSE
WCA,With mucin,E. tayi,F3P1,DSM26961,"E. tayi
(DSM26961)",4.242424242424242,0.014052480544365706,WCA,NA,NA,NA,FALSE
WCA,With mucin,E. tayi,F3P1,DSM26961,"E. tayi
(DSM26961)",4.545454545454546,0.017115636786883364,WCA,NA,NA,NA,FALSE
WCA,With mucin,E. tayi,F3P1,DSM26961,"E. tayi
(DSM26961)",4.848484848484849,0.02084318949548913,WCA,NA,NA,NA,FALSE
WCA,With mucin,E. tayi,F3P1,DSM26961,"E. tayi
(DSM26961)",5.151515151515151,0.024064457595748316,WCA,NA,NA,NA,FALSE
WCA,With mucin,E. tayi,F3P1,DSM26961,"E. tayi
(DSM26961)",5.454545454545455,0.026342982243286732,WCA,NA,NA,NA,FALSE
WCA,With mucin,E. tayi,F3P1,DSM26961,"E. tayi
(DSM26961)",5.757575757575758,0.028836621506467222,WCA,NA,NA,NA,FALSE
WCA,With mucin,E. tayi,F3P1,DSM26961,"E. tayi
(DSM26961)",6.0606060606060606,0.031434434396466114,WCA,NA,NA,NA,FALSE
WCA,With mucin,E. tayi,F3P1,DSM26961,"E. tayi
(DSM26961)",6.363636363636364,0.03369943979635887,WCA,NA,NA,NA,FALSE
WCA,With mucin,E. tayi,F3P1,DSM26961,"E. tayi
(DSM26961)",6.666666666666667,0.036127287334503703,WCA,NA,NA,NA,FALSE
WCA,With mucin,E. tayi,F3P1,DSM26961,"E. tayi
(DSM26961)",6.96969696969697,0.0387296845158769,WCA,NA,NA,NA,FALSE
WCA,With mucin,E. tayi,F3P1,DSM26961,"E. tayi
(DSM26961)",7.272727272727273,0.04173473361155664,WCA,NA,NA,NA,FALSE
WCA,With mucin,E. tayi,F3P1,DSM26961,"E. tayi
(DSM26961)",7.575757575757576,0.04499840429928857,WCA,NA,NA,NA,FALSE
WCA,With mucin,E. tayi,F3P1,DSM26961,"E. tayi
(DSM26961)",7.878787878787879,0.048516867816390814,WCA,NA,NA,NA,FALSE
WCA,With mucin,E. tayi,F3P1,DSM26961,"E. tayi
(DSM26961)",8.181818181818182,0.051841008872707824,WCA,NA,NA,NA,FALSE
WCA,With mucin,E. tayi,F3P1,DSM26961,"E. tayi
(DSM26961)",8.484848484848484,0.05506100793215876,WCA,NA,NA,NA,FALSE
WCA,With mucin,E. tayi,F3P1,DSM26961,"E. tayi
(DSM26961)",8.787878787878789,0.05848074100117775,WCA,NA,NA,NA,FALSE
WCA,With mucin,E. tayi,F3P1,DSM26961,"E. tayi
(DSM26961)",9.090909090909092,0.06168726573517328,WCA,NA,NA,NA,FALSE
WCA,With mucin,E. tayi,F3P1,DSM26961,"E. tayi
(DSM26961)",9.393939393939394,0.0640345011734647,WCA,NA,NA,NA,FALSE
WCA,With mucin,E. tayi,F3P1,DSM26961,"E. tayi
(DSM26961)",9.696969696969697,0.06647094901676115,WCA,NA,NA,NA,FALSE
WCA,With mucin,E. tayi,F3P1,DSM26961,"E. tayi
(DSM26961)",10,0.069,WCA,NA,NA,NA,FALSE
WCA,With mucin,E. tayi,F3P1,DSM26961,"E. tayi
(DSM26961)",10.303030303030303,0.07161182753018451,WCA,NA,NA,NA,FALSE
WCA,With mucin,E. tayi,F3P1,DSM26961,"E. tayi
(DSM26961)",10.606060606060606,0.07432241925679912,WCA,NA,NA,NA,FALSE
WCA,With mucin,E. tayi,F3P1,DSM26961,"E. tayi
(DSM26961)",10.90909090909091,0.07713550986997324,WCA,NA,NA,NA,FALSE
WCA,With mucin,E. tayi,F3P1,DSM26961,"E. tayi
(DSM26961)",11.212121212121213,0.08021372973953653,WCA,NA,NA,NA,FALSE
WCA,With mucin,E. tayi,F3P1,DSM26961,"E. tayi
(DSM26961)",11.515151515151516,0.08348553008481295,WCA,NA,NA,NA,FALSE
WCA,With mucin,E. tayi,F3P1,DSM26961,"E. tayi
(DSM26961)",11.818181818181818,0.08689066600797148,WCA,NA,NA,NA,FALSE
WCA,With mucin,E. tayi,F3P1,DSM26961,"E. tayi
(DSM26961)",12.121212121212121,0.09080158272778001,WCA,NA,NA,NA,FALSE
WCA,With mucin,E. tayi,F3P1,DSM26961,"E. tayi
(DSM26961)",12.424242424242424,0.09546658040811612,WCA,NA,NA,NA,FALSE
WCA,With mucin,E. tayi,F3P1,DSM26961,"E. tayi
(DSM26961)",12.727272727272728,0.10037106113369348,WCA,NA,NA,NA,FALSE
WCA,With mucin,E. tayi,F3P1,DSM26961,"E. tayi
(DSM26961)",13.030303030303031,0.10555625849298142,WCA,NA,NA,NA,FALSE
WCA,With mucin,E. tayi,F3P1,DSM26961,"E. tayi
(DSM26961)",13.333333333333334,0.11128341437190581,WCA,NA,NA,NA,FALSE
WCA,With mucin,E. tayi,F3P1,DSM26961,"E. tayi
(DSM26961)",13.636363636363637,0.11732110207245748,WCA,NA,NA,NA,FALSE
WCA,With mucin,E. tayi,F3P1,DSM26961,"E. tayi
(DSM26961)",13.93939393939394,0.12368615892441787,WCA,NA,NA,NA,FALSE
WCA,With mucin,E. tayi,F3P1,DSM26961,"E. tayi
(DSM26961)",14.242424242424242,0.12979569795393728,WCA,NA,NA,NA,FALSE
WCA,With mucin,E. tayi,F3P1,DSM26961,"E. tayi
(DSM26961)",14.545454545454547,0.13604973159662911,WCA,NA,NA,NA,FALSE
WCA,With mucin,E. tayi,F3P1,DSM26961,"E. tayi
(DSM26961)",14.84848484848485,0.14260494513070215,WCA,NA,NA,NA,FALSE
WCA,With mucin,E. tayi,F3P1,DSM26961,"E. tayi
(DSM26961)",15.151515151515152,0.14615107694158977,WCA,NA,NA,NA,FALSE
WCA,With mucin,E. tayi,F3P1,DSM26961,"E. tayi
(DSM26961)",15.454545454545455,0.14645369975290953,WCA,NA,NA,NA,FALSE
WCA,With mucin,E. tayi,F3P1,DSM26961,"E. tayi
(DSM26961)",15.757575757575758,0.14675694887999616,WCA,NA,NA,NA,FALSE
WCA,With mucin,E. tayi,F3P1,DSM26961,"E. tayi
(DSM26961)",16.060606060606062,0.14797821943247672,WCA,NA,NA,NA,FALSE
WCA,With mucin,E. tayi,F3P1,DSM26961,"E. tayi
(DSM26961)",16.363636363636363,0.15296778420609866,WCA,NA,NA,NA,FALSE
WCA,With mucin,E. tayi,F3P1,DSM26961,"E. tayi
(DSM26961)",16.666666666666668,0.15812550876391535,WCA,NA,NA,NA,FALSE
WCA,With mucin,E. tayi,F3P1,DSM26961,"E. tayi
(DSM26961)",16.96969696969697,0.16345706047658987,WCA,NA,NA,NA,FALSE
WCA,With mucin,E. tayi,F3P1,DSM26961,"E. tayi
(DSM26961)",17.272727272727273,0.16692956084317553,WCA,NA,NA,NA,FALSE
WCA,With mucin,E. tayi,F3P1,DSM26961,"E. tayi
(DSM26961)",17.575757575757578,0.17024601884241142,WCA,NA,NA,NA,FALSE
WCA,With mucin,E. tayi,F3P1,DSM26961,"E. tayi
(DSM26961)",17.87878787878788,0.17362833865352964,WCA,NA,NA,NA,FALSE
WCA,With mucin,E. tayi,F3P1,DSM26961,"E. tayi
(DSM26961)",18.181818181818183,0.1788087632444526,WCA,NA,NA,NA,FALSE
WCA,With mucin,E. tayi,F3P1,DSM26961,"E. tayi
(DSM26961)",18.484848484848484,0.1853417287349409,WCA,NA,NA,NA,FALSE
WCA,With mucin,E. tayi,F3P1,DSM26961,"E. tayi
(DSM26961)",18.78787878787879,0.19211328955852416,WCA,NA,NA,NA,FALSE
WCA,With mucin,E. tayi,F3P1,DSM26961,"E. tayi
(DSM26961)",19.09090909090909,0.19539039653345794,WCA,NA,NA,NA,FALSE
WCA,With mucin,E. tayi,F3P1,DSM26961,"E. tayi
(DSM26961)",19.393939393939394,0.1901193986174067,WCA,NA,NA,NA,FALSE
WCA,With mucin,E. tayi,F3P1,DSM26961,"E. tayi
(DSM26961)",19.6969696969697,0.1849905441714587,WCA,NA,NA,NA,FALSE
WCA,With mucin,E. tayi,F3P1,DSM26961,"E. tayi
(DSM26961)",20,0.18,WCA,NA,NA,NA,FALSE
WCA,With mucin,E. tayi,F3P1,DSM26961,"E. tayi
(DSM26961)",20.303030303030305,0.13861802257297035,WCA,NA,NA,NA,FALSE
WCA,With mucin,E. tayi,F3P1,DSM26961,"E. tayi
(DSM26961)",20.606060606060606,0.10674605822847108,WCA,NA,NA,NA,FALSE
WCA,With mucin,E. tayi,F3P1,DSM26961,"E. tayi
(DSM26961)",20.90909090909091,0.08219860606845067,WCA,NA,NA,NA,FALSE
WCA,With mucin,E. tayi,F3P1,DSM26961,"E. tayi
(DSM26961)",21.21212121212121,0.07914351179468491,WCA,NA,NA,NA,FALSE
WCA,With mucin,E. tayi,F3P1,DSM26961,"E. tayi
(DSM26961)",21.515151515151516,0.08386090614653216,WCA,NA,NA,NA,FALSE
WCA,With mucin,E. tayi,F3P1,DSM26961,"E. tayi
(DSM26961)",21.81818181818182,0.08885923501279058,WCA,NA,NA,NA,FALSE
WCA,With mucin,E. tayi,F3P1,DSM26961,"E. tayi
(DSM26961)",22.12121212121212,0.09879426974413295,WCA,NA,NA,NA,FALSE
WCA,With mucin,E. tayi,F3P1,DSM26961,"E. tayi
(DSM26961)",22.424242424242426,0.11805516059886033,WCA,NA,NA,NA,FALSE
WCA,With mucin,E. tayi,F3P1,DSM26961,"E. tayi
(DSM26961)",22.727272727272727,0.14106848817797576,WCA,NA,NA,NA,FALSE
WCA,With mucin,E. tayi,F3P1,DSM26961,"E. tayi
(DSM26961)",23.03030303030303,0.16856530804255127,WCA,NA,NA,NA,FALSE
WCA,With mucin,E. tayi,F3P1,DSM26961,"E. tayi
(DSM26961)",23.333333333333336,0.20141910113551717,WCA,NA,NA,NA,FALSE
WCA,With mucin,E. tayi,F3P1,DSM26961,"E. tayi
(DSM26961)",23.636363636363637,0.24067352131615657,WCA,NA,NA,NA,FALSE
WCA,With mucin,E. tayi,F3P1,DSM26961,"E. tayi
(DSM26961)",23.93939393939394,0.28757554871244345,WCA,NA,NA,NA,FALSE
WCA,With mucin,E. tayi,F3P1,DSM26961,"E. tayi
(DSM26961)",24.242424242424242,0.35006580306154034,WCA,NA,NA,NA,FALSE
WCA,With mucin,E. tayi,F3P1,DSM26961,"E. tayi
(DSM26961)",24.545454545454547,0.4281178495587112,WCA,NA,NA,NA,FALSE
WCA,With mucin,E. tayi,F3P1,DSM26961,"E. tayi
(DSM26961)",24.848484848484848,0.523569207720463,WCA,NA,NA,NA,FALSE
WCA,With mucin,E. tayi,F3P1,DSM26961,"E. tayi
(DSM26961)",25.151515151515152,0.5882710132051919,WCA,NA,NA,NA,FALSE
WCA,With mucin,E. tayi,F3P1,DSM26961,"E. tayi
(DSM26961)",25.454545454545457,0.6072607077027811,WCA,NA,NA,NA,FALSE
WCA,With mucin,E. tayi,F3P1,DSM26961,"E. tayi
(DSM26961)",25.757575757575758,0.626863326489206,WCA,NA,NA,NA,FALSE
WCA,With mucin,E. tayi,F3P1,DSM26961,"E. tayi
(DSM26961)",26.060606060606062,0.6483925117194751,WCA,NA,NA,NA,FALSE
WCA,With mucin,E. tayi,F3P1,DSM26961,"E. tayi
(DSM26961)",26.363636363636363,0.676040991643968,WCA,NA,NA,NA,FALSE
WCA,With mucin,E. tayi,F3P1,DSM26961,"E. tayi
(DSM26961)",26.666666666666668,0.7048683191168077,WCA,NA,NA,NA,FALSE
WCA,With mucin,E. tayi,F3P1,DSM26961,"E. tayi
(DSM26961)",26.96969696969697,0.7349247566314846,WCA,NA,NA,NA,FALSE
WCA,With mucin,E. tayi,F3P1,DSM26961,"E. tayi
(DSM26961)",27.272727272727273,0.7528688532913943,WCA,NA,NA,NA,FALSE
WCA,With mucin,E. tayi,F3P1,DSM26961,"E. tayi
(DSM26961)",27.575757575757578,0.769741376783521,WCA,NA,NA,NA,FALSE
WCA,With mucin,E. tayi,F3P1,DSM26961,"E. tayi
(DSM26961)",27.87878787878788,0.7869919947885655,WCA,NA,NA,NA,FALSE
WCA,With mucin,E. tayi,F3P1,DSM26961,"E. tayi
(DSM26961)",28.181818181818183,0.8071377606385683,WCA,NA,NA,NA,FALSE
WCA,With mucin,E. tayi,F3P1,DSM26961,"E. tayi
(DSM26961)",28.484848484848484,0.8295188288217068,WCA,NA,NA,NA,FALSE
WCA,With mucin,E. tayi,F3P1,DSM26961,"E. tayi
(DSM26961)",28.78787878787879,0.8525204463075703,WCA,NA,NA,NA,FALSE
WCA,With mucin,E. tayi,F3P1,DSM26961,"E. tayi
(DSM26961)",29.090909090909093,0.875395749248505,WCA,NA,NA,NA,FALSE
WCA,With mucin,E. tayi,F3P1,DSM26961,"E. tayi
(DSM26961)",29.393939393939394,0.8970568013519561,WCA,NA,NA,NA,FALSE
WCA,With mucin,E. tayi,F3P1,DSM26961,"E. tayi
(DSM26961)",29.6969696969697,0.9192537980981661,WCA,NA,NA,NA,FALSE
WCA,With mucin,E. tayi,F3P1,DSM26961,"E. tayi
(DSM26961)",30,0.9420000000000001,WCA,NA,NA,NA,FALSE
WCA,With mucin,E. tayi,G3P1,DSM26961,"E. tayi
(DSM26961)",0,7.000000000000005e-5,WCA,NA,NA,NA,TRUE
WCA,With mucin,E. tayi,G3P1,DSM26961,"E. tayi
(DSM26961)",0.30303030303030304,1.2741567726403454e-4,WCA,NA,NA,NA,TRUE
WCA,With mucin,E. tayi,G3P1,DSM26961,"E. tayi
(DSM26961)",0.6060606060606061,2.0837821164012424e-4,WCA,NA,NA,NA,TRUE
WCA,With mucin,E. tayi,G3P1,DSM26961,"E. tayi
(DSM26961)",0.9090909090909092,3.2254445133204175e-4,WCA,NA,NA,NA,TRUE
WCA,With mucin,E. tayi,G3P1,DSM26961,"E. tayi
(DSM26961)",1.2121212121212122,4.8353163368538405e-4,WCA,NA,NA,NA,TRUE
WCA,With mucin,E. tayi,G3P1,DSM26961,"E. tayi
(DSM26961)",1.5151515151515151,7.105415882219108e-4,WCA,NA,NA,NA,TRUE
WCA,With mucin,E. tayi,G3P1,DSM26961,"E. tayi
(DSM26961)",1.8181818181818183,0.0010306510447969535,WCA,NA,NA,NA,TRUE
WCA,With mucin,E. tayi,G3P1,DSM26961,"E. tayi
(DSM26961)",2.121212121212121,0.0014820412245711248,WCA,NA,NA,NA,TRUE
WCA,With mucin,E. tayi,G3P1,DSM26961,"E. tayi
(DSM26961)",2.4242424242424243,0.0021185519249315,WCA,NA,NA,NA,TRUE
WCA,With mucin,E. tayi,G3P1,DSM26961,"E. tayi
(DSM26961)",2.7272727272727275,0.0030161032891989886,WCA,NA,NA,NA,TRUE
WCA,With mucin,E. tayi,G3P1,DSM26961,"E. tayi
(DSM26961)",3.0303030303030303,0.004281751221028444,WCA,NA,NA,NA,TRUE
WCA,With mucin,E. tayi,G3P1,DSM26961,"E. tayi
(DSM26961)",3.3333333333333335,0.006066456532742274,WCA,NA,NA,NA,TRUE
WCA,With mucin,E. tayi,G3P1,DSM26961,"E. tayi
(DSM26961)",3.6363636363636367,0.008583090874375891,WCA,NA,NA,NA,TRUE
WCA,With mucin,E. tayi,G3P1,DSM26961,"E. tayi
(DSM26961)",3.9393939393939394,0.01213182710994394,WCA,NA,NA,NA,FALSE
WCA,With mucin,E. tayi,G3P1,DSM26961,"E. tayi
(DSM26961)",4.242424242424242,0.015381485567437535,WCA,NA,NA,NA,FALSE
WCA,With mucin,E. tayi,G3P1,DSM26961,"E. tayi
(DSM26961)",4.545454545454546,0.018977525199578325,WCA,NA,NA,NA,FALSE
WCA,With mucin,E. tayi,G3P1,DSM26961,"E. tayi
(DSM26961)",4.848484848484849,0.02341047471844088,WCA,NA,NA,NA,FALSE
WCA,With mucin,E. tayi,G3P1,DSM26961,"E. tayi
(DSM26961)",5.151515151515151,0.027754388193475015,WCA,NA,NA,NA,FALSE
WCA,With mucin,E. tayi,G3P1,DSM26961,"E. tayi
(DSM26961)",5.454545454545455,0.031625295784350686,WCA,NA,NA,NA,FALSE
WCA,With mucin,E. tayi,G3P1,DSM26961,"E. tayi
(DSM26961)",5.757575757575758,0.03603472107678045,WCA,NA,NA,NA,FALSE
WCA,With mucin,E. tayi,G3P1,DSM26961,"E. tayi
(DSM26961)",6.0606060606060606,0.04059342725853953,WCA,NA,NA,NA,FALSE
WCA,With mucin,E. tayi,G3P1,DSM26961,"E. tayi
(DSM26961)",6.363636363636364,0.04369502352228605,WCA,NA,NA,NA,FALSE
WCA,With mucin,E. tayi,G3P1,DSM26961,"E. tayi
(DSM26961)",6.666666666666667,0.04703319353379179,WCA,NA,NA,NA,FALSE
WCA,With mucin,E. tayi,G3P1,DSM26961,"E. tayi
(DSM26961)",6.96969696969697,0.05062598191697602,WCA,NA,NA,NA,FALSE
WCA,With mucin,E. tayi,G3P1,DSM26961,"E. tayi
(DSM26961)",7.272727272727273,0.05471570479349161,WCA,NA,NA,NA,FALSE
WCA,With mucin,E. tayi,G3P1,DSM26961,"E. tayi
(DSM26961)",7.575757575757576,0.05916217662492154,WCA,NA,NA,NA,FALSE
WCA,With mucin,E. tayi,G3P1,DSM26961,"E. tayi
(DSM26961)",7.878787878787879,0.0639695293069716,WCA,NA,NA,NA,FALSE
WCA,With mucin,E. tayi,G3P1,DSM26961,"E. tayi
(DSM26961)",8.181818181818182,0.06819333097241866,WCA,NA,NA,NA,FALSE
WCA,With mucin,E. tayi,G3P1,DSM26961,"E. tayi
(DSM26961)",8.484848484848484,0.07201187782014715,WCA,NA,NA,NA,FALSE
WCA,With mucin,E. tayi,G3P1,DSM26961,"E. tayi
(DSM26961)",8.787878787878789,0.07604402836726427,WCA,NA,NA,NA,FALSE
WCA,With mucin,E. tayi,G3P1,DSM26961,"E. tayi
(DSM26961)",9.090909090909092,0.08018053167197906,WCA,NA,NA,NA,FALSE
WCA,With mucin,E. tayi,G3P1,DSM26961,"E. tayi
(DSM26961)",9.393939393939394,0.08424441871189668,WCA,NA,NA,NA,FALSE
WCA,With mucin,E. tayi,G3P1,DSM26961,"E. tayi
(DSM26961)",9.696969696969697,0.08851410099739243,WCA,NA,NA,NA,FALSE
WCA,With mucin,E. tayi,G3P1,DSM26961,"E. tayi
(DSM26961)",10,0.093,WCA,NA,NA,NA,FALSE
WCA,With mucin,E. tayi,G3P1,DSM26961,"E. tayi
(DSM26961)",10.303030303030303,0.09592327159752657,WCA,NA,NA,NA,FALSE
WCA,With mucin,E. tayi,G3P1,DSM26961,"E. tayi
(DSM26961)",10.606060606060606,0.09893836136237776,WCA,NA,NA,NA,FALSE
WCA,With mucin,E. tayi,G3P1,DSM26961,"E. tayi
(DSM26961)",10.90909090909091,0.1020481532468549,WCA,NA,NA,NA,FALSE
WCA,With mucin,E. tayi,G3P1,DSM26961,"E. tayi
(DSM26961)",11.212121212121213,0.104846643290137,WCA,NA,NA,NA,FALSE
WCA,With mucin,E. tayi,G3P1,DSM26961,"E. tayi
(DSM26961)",11.515151515151516,0.10754224434689098,WCA,NA,NA,NA,FALSE
WCA,With mucin,E. tayi,G3P1,DSM26961,"E. tayi
(DSM26961)",11.818181818181818,0.11030710290969267,WCA,NA,NA,NA,FALSE
WCA,With mucin,E. tayi,G3P1,DSM26961,"E. tayi
(DSM26961)",12.121212121212121,0.11259450132607912,WCA,NA,NA,NA,FALSE
WCA,With mucin,E. tayi,G3P1,DSM26961,"E. tayi
(DSM26961)",12.424242424242424,0.11409458856845364,WCA,NA,NA,NA,FALSE
WCA,With mucin,E. tayi,G3P1,DSM26961,"E. tayi
(DSM26961)",12.727272727272728,0.11561464893198213,WCA,NA,NA,NA,FALSE
WCA,With mucin,E. tayi,G3P1,DSM26961,"E. tayi
(DSM26961)",13.030303030303031,0.11731902373113613,WCA,NA,NA,NA,FALSE
WCA,With mucin,E. tayi,G3P1,DSM26961,"E. tayi
(DSM26961)",13.333333333333334,0.1205574689553988,WCA,NA,NA,NA,FALSE
WCA,With mucin,E. tayi,G3P1,DSM26961,"E. tayi
(DSM26961)",13.636363636363637,0.12388525411228213,WCA,NA,NA,NA,FALSE
WCA,With mucin,E. tayi,G3P1,DSM26961,"E. tayi
(DSM26961)",13.93939393939394,0.12730484384855584,WCA,NA,NA,NA,FALSE
WCA,With mucin,E. tayi,G3P1,DSM26961,"E. tayi
(DSM26961)",14.242424242424242,0.12848200640871776,WCA,NA,NA,NA,FALSE
WCA,With mucin,E. tayi,G3P1,DSM26961,"E. tayi
(DSM26961)",14.545454545454547,0.12908706627961045,WCA,NA,NA,NA,FALSE
WCA,With mucin,E. tayi,G3P1,DSM26961,"E. tayi
(DSM26961)",14.84848484848485,0.12969497400529428,WCA,NA,NA,NA,FALSE
WCA,With mucin,E. tayi,G3P1,DSM26961,"E. tayi
(DSM26961)",15.151515151515152,0.1311816416064815,WCA,NA,NA,NA,FALSE
WCA,With mucin,E. tayi,G3P1,DSM26961,"E. tayi
(DSM26961)",15.454545454545455,0.1335772267749914,WCA,NA,NA,NA,FALSE
WCA,With mucin,E. tayi,G3P1,DSM26961,"E. tayi
(DSM26961)",15.757575757575758,0.13601653580271822,WCA,NA,NA,NA,FALSE
WCA,With mucin,E. tayi,G3P1,DSM26961,"E. tayi
(DSM26961)",16.060606060606062,0.1386429336540108,WCA,NA,NA,NA,FALSE
WCA,With mucin,E. tayi,G3P1,DSM26961,"E. tayi
(DSM26961)",16.363636363636363,0.14190278977915186,WCA,NA,NA,NA,FALSE
WCA,With mucin,E. tayi,G3P1,DSM26961,"E. tayi
(DSM26961)",16.666666666666668,0.1452392549246394,WCA,NA,NA,NA,FALSE
WCA,With mucin,E. tayi,G3P1,DSM26961,"E. tayi
(DSM26961)",16.96969696969697,0.14865412945888637,WCA,NA,NA,NA,FALSE
WCA,With mucin,E. tayi,G3P1,DSM26961,"E. tayi
(DSM26961)",17.272727272727273,0.15192275783717799,WCA,NA,NA,NA,FALSE
WCA,With mucin,E. tayi,G3P1,DSM26961,"E. tayi
(DSM26961)",17.575757575757578,0.15523752515657638,WCA,NA,NA,NA,FALSE
WCA,With mucin,E. tayi,G3P1,DSM26961,"E. tayi
(DSM26961)",17.87878787878788,0.15862458330442017,WCA,NA,NA,NA,FALSE
WCA,With mucin,E. tayi,G3P1,DSM26961,"E. tayi
(DSM26961)",18.181818181818183,0.16476102504738474,WCA,NA,NA,NA,FALSE
WCA,With mucin,E. tayi,G3P1,DSM26961,"E. tayi
(DSM26961)",18.484848484848484,0.1730128284072527,WCA,NA,NA,NA,FALSE
WCA,With mucin,E. tayi,G3P1,DSM26961,"E. tayi
(DSM26961)",18.78787878787879,0.1816777351781465,WCA,NA,NA,NA,FALSE
WCA,With mucin,E. tayi,G3P1,DSM26961,"E. tayi
(DSM26961)",19.09090909090909,0.1844021456622678,WCA,NA,NA,NA,FALSE
WCA,With mucin,E. tayi,G3P1,DSM26961,"E. tayi
(DSM26961)",19.393939393939394,0.17289904256242766,WCA,NA,NA,NA,FALSE
WCA,With mucin,E. tayi,G3P1,DSM26961,"E. tayi
(DSM26961)",19.6969696969697,0.1621132368109243,WCA,NA,NA,NA,FALSE
WCA,With mucin,E. tayi,G3P1,DSM26961,"E. tayi
(DSM26961)",20,0.152,WCA,NA,NA,NA,FALSE
WCA,With mucin,E. tayi,G3P1,DSM26961,"E. tayi
(DSM26961)",20.303030303030305,0.1492145170640899,WCA,NA,NA,NA,FALSE
WCA,With mucin,E. tayi,G3P1,DSM26961,"E. tayi
(DSM26961)",20.606060606060606,0.14648005612585357,WCA,NA,NA,NA,FALSE
WCA,With mucin,E. tayi,G3P1,DSM26961,"E. tayi
(DSM26961)",20.90909090909091,0.14379568260974107,WCA,NA,NA,NA,FALSE
WCA,With mucin,E. tayi,G3P1,DSM26961,"E. tayi
(DSM26961)",21.21212121212121,0.1631239565999765,WCA,NA,NA,NA,FALSE
WCA,With mucin,E. tayi,G3P1,DSM26961,"E. tayi
(DSM26961)",21.515151515151516,0.1968794528966595,WCA,NA,NA,NA,FALSE
WCA,With mucin,E. tayi,G3P1,DSM26961,"E. tayi
(DSM26961)",21.81818181818182,0.2376170308462089,WCA,NA,NA,NA,FALSE
WCA,With mucin,E. tayi,G3P1,DSM26961,"E. tayi
(DSM26961)",22.12121212121212,0.2860900887784814,WCA,NA,NA,NA,FALSE
WCA,With mucin,E. tayi,G3P1,DSM26961,"E. tayi
(DSM26961)",22.424242424242426,0.3432048155999254,WCA,NA,NA,NA,FALSE
WCA,With mucin,E. tayi,G3P1,DSM26961,"E. tayi
(DSM26961)",22.727272727272727,0.4117190776738661,WCA,NA,NA,NA,FALSE
WCA,With mucin,E. tayi,G3P1,DSM26961,"E. tayi
(DSM26961)",23.03030303030303,0.48367059542248797,WCA,NA,NA,NA,FALSE
WCA,With mucin,E. tayi,G3P1,DSM26961,"E. tayi
(DSM26961)",23.333333333333336,0.47057529947975346,WCA,NA,NA,NA,FALSE
WCA,With mucin,E. tayi,G3P1,DSM26961,"E. tayi
(DSM26961)",23.636363636363637,0.4578345050559128,WCA,NA,NA,NA,FALSE
WCA,With mucin,E. tayi,G3P1,DSM26961,"E. tayi
(DSM26961)",23.93939393939394,0.4454386154738498,WCA,NA,NA,NA,FALSE
WCA,With mucin,E. tayi,G3P1,DSM26961,"E. tayi
(DSM26961)",24.242424242424242,0.4553040232659068,WCA,NA,NA,NA,FALSE
WCA,With mucin,E. tayi,G3P1,DSM26961,"E. tayi
(DSM26961)",24.545454545454547,0.471165648682938,WCA,NA,NA,NA,FALSE
WCA,With mucin,E. tayi,G3P1,DSM26961,"E. tayi
(DSM26961)",24.848484848484848,0.4875797675405606,WCA,NA,NA,NA,FALSE
WCA,With mucin,E. tayi,G3P1,DSM26961,"E. tayi
(DSM26961)",25.151515151515152,0.5038275021739529,WCA,NA,NA,NA,FALSE
WCA,With mucin,E. tayi,G3P1,DSM26961,"E. tayi
(DSM26961)",25.454545454545457,0.5198549865116903,WCA,NA,NA,NA,FALSE
WCA,With mucin,E. tayi,G3P1,DSM26961,"E. tayi
(DSM26961)",25.757575757575758,0.5363922575681317,WCA,NA,NA,NA,FALSE
WCA,With mucin,E. tayi,G3P1,DSM26961,"E. tayi
(DSM26961)",26.060606060606062,0.5557002670716202,WCA,NA,NA,NA,FALSE
WCA,With mucin,E. tayi,G3P1,DSM26961,"E. tayi
(DSM26961)",26.363636363636363,0.5851000019214063,WCA,NA,NA,NA,FALSE
WCA,With mucin,E. tayi,G3P1,DSM26961,"E. tayi
(DSM26961)",26.666666666666668,0.6160549556456963,WCA,NA,NA,NA,FALSE
WCA,With mucin,E. tayi,G3P1,DSM26961,"E. tayi
(DSM26961)",26.96969696969697,0.6486473978894363,WCA,NA,NA,NA,FALSE
WCA,With mucin,E. tayi,G3P1,DSM26961,"E. tayi
(DSM26961)",27.272727272727273,0.6721550261574335,WCA,NA,NA,NA,FALSE
WCA,With mucin,E. tayi,G3P1,DSM26961,"E. tayi
(DSM26961)",27.575757575757578,0.6952809833067756,WCA,NA,NA,NA,FALSE
WCA,With mucin,E. tayi,G3P1,DSM26961,"E. tayi
(DSM26961)",27.87878787878788,0.7192025221040221,WCA,NA,NA,NA,FALSE
WCA,With mucin,E. tayi,G3P1,DSM26961,"E. tayi
(DSM26961)",28.181818181818183,0.74343300144144,WCA,NA,NA,NA,FALSE
WCA,With mucin,E. tayi,G3P1,DSM26961,"E. tayi
(DSM26961)",28.484848484848484,0.7681257308517921,WCA,NA,NA,NA,FALSE
WCA,With mucin,E. tayi,G3P1,DSM26961,"E. tayi
(DSM26961)",28.78787878787879,0.793638538842259,WCA,NA,NA,NA,FALSE
WCA,With mucin,E. tayi,G3P1,DSM26961,"E. tayi
(DSM26961)",29.090909090909093,0.8156443859221791,WCA,NA,NA,NA,FALSE
WCA,With mucin,E. tayi,G3P1,DSM26961,"E. tayi
(DSM26961)",29.393939393939394,0.8279108726365249,WCA,NA,NA,NA,FALSE
WCA,With mucin,E. tayi,G3P1,DSM26961,"E. tayi
(DSM26961)",29.6969696969697,0.8403618193762302,WCA,NA,NA,NA,FALSE
WCA,With mucin,E. tayi,G3P1,DSM26961,"E. tayi
(DSM26961)",30,0.853,WCA,NA,NA,NA,FALSE
WCA,With mucin,E. tayi,E3P1,DSM26961,"E. tayi
(DSM26961)",0,7.000000000000005e-5,WCA,NA,NA,NA,TRUE
WCA,With mucin,E. tayi,E3P1,DSM26961,"E. tayi
(DSM26961)",0.30303030303030304,1.1341542989615696e-4,WCA,NA,NA,NA,TRUE
WCA,With mucin,E. tayi,E3P1,DSM26961,"E. tayi
(DSM26961)",0.6060606060606061,1.702944280285147e-4,WCA,NA,NA,NA,TRUE
WCA,With mucin,E. tayi,E3P1,DSM26961,"E. tayi
(DSM26961)",0.9090909090909092,2.448121844178654e-4,WCA,NA,NA,NA,TRUE
WCA,With mucin,E. tayi,E3P1,DSM26961,"E. tayi
(DSM26961)",1.2121212121212122,3.424386581539358e-4,WCA,NA,NA,NA,TRUE
WCA,With mucin,E. tayi,E3P1,DSM26961,"E. tayi
(DSM26961)",1.5151515151515151,4.7034009850784454e-4,WCA,NA,NA,NA,TRUE
WCA,With mucin,E. tayi,E3P1,DSM26961,"E. tayi
(DSM26961)",1.8181818181818183,6.379050818424856e-4,WCA,NA,NA,NA,TRUE
WCA,With mucin,E. tayi,E3P1,DSM26961,"E. tayi
(DSM26961)",2.121212121212121,8.574336779415259e-4,WCA,NA,NA,NA,TRUE
WCA,With mucin,E. tayi,E3P1,DSM26961,"E. tayi
(DSM26961)",2.4242424242424243,0.0011450403338558494,WCA,NA,NA,NA,TRUE
WCA,With mucin,E. tayi,E3P1,DSM26961,"E. tayi
(DSM26961)",2.7272727272727275,0.0015218367512524328,WCA,NA,NA,NA,TRUE
WCA,With mucin,E. tayi,E3P1,DSM26961,"E. tayi
(DSM26961)",3.0303030303030303,0.0020154815861104765,WCA,NA,NA,NA,TRUE
WCA,With mucin,E. tayi,E3P1,DSM26961,"E. tayi
(DSM26961)",3.3333333333333335,0.0026622107261212303,WCA,NA,NA,NA,TRUE
WCA,With mucin,E. tayi,E3P1,DSM26961,"E. tayi
(DSM26961)",3.6363636363636367,0.0035094971778458282,WCA,NA,NA,NA,TRUE
WCA,With mucin,E. tayi,E3P1,DSM26961,"E. tayi
(DSM26961)",3.9393939393939394,0.0046195358120476645,WCA,NA,NA,NA,TRUE
WCA,With mucin,E. tayi,E3P1,DSM26961,"E. tayi
(DSM26961)",4.242424242424242,0.0060738087641438974,WCA,NA,NA,NA,TRUE
WCA,With mucin,E. tayi,E3P1,DSM26961,"E. tayi
(DSM26961)",4.545454545454546,0.007979066611965924,WCA,NA,NA,NA,TRUE
WCA,With mucin,E. tayi,E3P1,DSM26961,"E. tayi
(DSM26961)",4.848484848484849,0.010475164377832379,WCA,NA,NA,NA,FALSE
WCA,With mucin,E. tayi,E3P1,DSM26961,"E. tayi
(DSM26961)",5.151515151515151,0.01306310637146078,WCA,NA,NA,NA,FALSE
WCA,With mucin,E. tayi,E3P1,DSM26961,"E. tayi
(DSM26961)",5.454545454545455,0.015478476633856795,WCA,NA,NA,NA,FALSE
WCA,With mucin,E. tayi,E3P1,DSM26961,"E. tayi
(DSM26961)",5.757575757575758,0.018338068799240256,WCA,NA,NA,NA,FALSE
WCA,With mucin,E. tayi,E3P1,DSM26961,"E. tayi
(DSM26961)",6.0606060606060606,0.02141503575819948,WCA,NA,NA,NA,FALSE
WCA,With mucin,E. tayi,E3P1,DSM26961,"E. tayi
(DSM26961)",6.363636363636364,0.023616113550317695,WCA,NA,NA,NA,FALSE
WCA,With mucin,E. tayi,E3P1,DSM26961,"E. tayi
(DSM26961)",6.666666666666667,0.026042685193201635,WCA,NA,NA,NA,FALSE
WCA,With mucin,E. tayi,E3P1,DSM26961,"E. tayi
(DSM26961)",6.96969696969697,0.028717851858884043,WCA,NA,NA,NA,FALSE
WCA,With mucin,E. tayi,E3P1,DSM26961,"E. tayi
(DSM26961)",7.272727272727273,0.03165898704735433,WCA,NA,NA,NA,FALSE
WCA,With mucin,E. tayi,E3P1,DSM26961,"E. tayi
(DSM26961)",7.575757575757576,0.03489961468233743,WCA,NA,NA,NA,FALSE
WCA,With mucin,E. tayi,E3P1,DSM26961,"E. tayi
(DSM26961)",7.878787878787879,0.03847122254851866,WCA,NA,NA,NA,FALSE
WCA,With mucin,E. tayi,E3P1,DSM26961,"E. tayi
(DSM26961)",8.181818181818182,0.0426611449645803,WCA,NA,NA,NA,FALSE
WCA,With mucin,E. tayi,E3P1,DSM26961,"E. tayi
(DSM26961)",8.484848484848484,0.04749489129545792,WCA,NA,NA,NA,FALSE
WCA,With mucin,E. tayi,E3P1,DSM26961,"E. tayi
(DSM26961)",8.787878787878789,0.05287543092220064,WCA,NA,NA,NA,FALSE
WCA,With mucin,E. tayi,E3P1,DSM26961,"E. tayi
(DSM26961)",9.090909090909092,0.05864897229288542,WCA,NA,NA,NA,FALSE
WCA,With mucin,E. tayi,E3P1,DSM26961,"E. tayi
(DSM26961)",9.393939393939394,0.06449745824928708,WCA,NA,NA,NA,FALSE
WCA,With mucin,E. tayi,E3P1,DSM26961,"E. tayi
(DSM26961)",9.696969696969697,0.07092846100812215,WCA,NA,NA,NA,FALSE
WCA,With mucin,E. tayi,E3P1,DSM26961,"E. tayi
(DSM26961)",10,0.07799999999999999,WCA,NA,NA,NA,FALSE
WCA,With mucin,E. tayi,E3P1,DSM26961,"E. tayi
(DSM26961)",10.303030303030303,0.08332712970254426,WCA,NA,NA,NA,FALSE
WCA,With mucin,E. tayi,E3P1,DSM26961,"E. tayi
(DSM26961)",10.606060606060606,0.08901775768698593,WCA,NA,NA,NA,FALSE
WCA,With mucin,E. tayi,E3P1,DSM26961,"E. tayi
(DSM26961)",10.90909090909091,0.09509668736685545,WCA,NA,NA,NA,FALSE
WCA,With mucin,E. tayi,E3P1,DSM26961,"E. tayi
(DSM26961)",11.212121212121213,0.10038044019872287,WCA,NA,NA,NA,FALSE
WCA,With mucin,E. tayi,E3P1,DSM26961,"E. tayi
(DSM26961)",11.515151515151516,0.10541486488256292,WCA,NA,NA,NA,FALSE
WCA,With mucin,E. tayi,E3P1,DSM26961,"E. tayi
(DSM26961)",11.818181818181818,0.11070160734467369,WCA,NA,NA,NA,FALSE
WCA,With mucin,E. tayi,E3P1,DSM26961,"E. tayi
(DSM26961)",12.121212121212121,0.11550205782425184,WCA,NA,NA,NA,FALSE
WCA,With mucin,E. tayi,E3P1,DSM26961,"E. tayi
(DSM26961)",12.424242424242424,0.11934430567942675,WCA,NA,NA,NA,FALSE
WCA,With mucin,E. tayi,E3P1,DSM26961,"E. tayi
(DSM26961)",12.727272727272728,0.1233142908861599,WCA,NA,NA,NA,FALSE
WCA,With mucin,E. tayi,E3P1,DSM26961,"E. tayi
(DSM26961)",13.030303030303031,0.12756409357750934,WCA,NA,NA,NA,FALSE
WCA,With mucin,E. tayi,E3P1,DSM26961,"E. tayi
(DSM26961)",13.333333333333334,0.13334460787299798,WCA,NA,NA,NA,FALSE
WCA,With mucin,E. tayi,E3P1,DSM26961,"E. tayi
(DSM26961)",13.636363636363637,0.13938692013001683,WCA,NA,NA,NA,FALSE
WCA,With mucin,E. tayi,E3P1,DSM26961,"E. tayi
(DSM26961)",13.93939393939394,0.14570288710890897,WCA,NA,NA,NA,FALSE
WCA,With mucin,E. tayi,E3P1,DSM26961,"E. tayi
(DSM26961)",14.242424242424242,0.149132983567955,WCA,NA,NA,NA,FALSE
WCA,With mucin,E. tayi,E3P1,DSM26961,"E. tayi
(DSM26961)",14.545454545454547,0.15184276788718254,WCA,NA,NA,NA,FALSE
WCA,With mucin,E. tayi,E3P1,DSM26961,"E. tayi
(DSM26961)",14.84848484848485,0.15460176657787325,WCA,NA,NA,NA,FALSE
WCA,With mucin,E. tayi,E3P1,DSM26961,"E. tayi
(DSM26961)",15.151515151515152,0.15761889266216053,WCA,NA,NA,NA,FALSE
WCA,With mucin,E. tayi,E3P1,DSM26961,"E. tayi
(DSM26961)",15.454545454545455,0.16090722982663377,WCA,NA,NA,NA,FALSE
WCA,With mucin,E. tayi,E3P1,DSM26961,"E. tayi
(DSM26961)",15.757575757575758,0.16426413974296483,WCA,NA,NA,NA,FALSE
WCA,With mucin,E. tayi,E3P1,DSM26961,"E. tayi
(DSM26961)",16.060606060606062,0.16814881683363517,WCA,NA,NA,NA,FALSE
WCA,With mucin,E. tayi,E3P1,DSM26961,"E. tayi
(DSM26961)",16.363636363636363,0.17401248646550474,WCA,NA,NA,NA,FALSE
WCA,With mucin,E. tayi,E3P1,DSM26961,"E. tayi
(DSM26961)",16.666666666666668,0.18008054834194537,WCA,NA,NA,NA,FALSE
WCA,With mucin,E. tayi,E3P1,DSM26961,"E. tayi
(DSM26961)",16.96969696969697,0.18636012704402372,WCA,NA,NA,NA,FALSE
WCA,With mucin,E. tayi,E3P1,DSM26961,"E. tayi
(DSM26961)",17.272727272727273,0.19449926354232464,WCA,NA,NA,NA,FALSE
WCA,With mucin,E. tayi,E3P1,DSM26961,"E. tayi
(DSM26961)",17.575757575757578,0.2031848888669169,WCA,NA,NA,NA,FALSE
WCA,With mucin,E. tayi,E3P1,DSM26961,"E. tayi
(DSM26961)",17.87878787878788,0.21225824288979234,WCA,NA,NA,NA,FALSE
WCA,With mucin,E. tayi,E3P1,DSM26961,"E. tayi
(DSM26961)",18.181818181818183,0.2083197644747519,WCA,NA,NA,NA,FALSE
WCA,With mucin,E. tayi,E3P1,DSM26961,"E. tayi
(DSM26961)",18.484848484848484,0.1961212211140725,WCA,NA,NA,NA,FALSE
WCA,With mucin,E. tayi,E3P1,DSM26961,"E. tayi
(DSM26961)",18.78787878787879,0.1846367457427562,WCA,NA,NA,NA,FALSE
WCA,With mucin,E. tayi,E3P1,DSM26961,"E. tayi
(DSM26961)",19.09090909090909,0.18336126000483835,WCA,NA,NA,NA,FALSE
WCA,With mucin,E. tayi,E3P1,DSM26961,"E. tayi
(DSM26961)",19.393939393939394,0.20626261828068454,WCA,NA,NA,NA,FALSE
WCA,With mucin,E. tayi,E3P1,DSM26961,"E. tayi
(DSM26961)",19.6969696969697,0.23202320682548724,WCA,NA,NA,NA,FALSE
WCA,With mucin,E. tayi,E3P1,DSM26961,"E. tayi
(DSM26961)",20,0.261,WCA,NA,NA,NA,FALSE
WCA,With mucin,E. tayi,E3P1,DSM26961,"E. tayi
(DSM26961)",20.303030303030305,0.2399918608145508,WCA,NA,NA,NA,FALSE
WCA,With mucin,E. tayi,E3P1,DSM26961,"E. tayi
(DSM26961)",20.606060606060606,0.22067423341534753,WCA,NA,NA,NA,FALSE
WCA,With mucin,E. tayi,E3P1,DSM26961,"E. tayi
(DSM26961)",20.90909090909091,0.2029110833790549,WCA,NA,NA,NA,FALSE
WCA,With mucin,E. tayi,E3P1,DSM26961,"E. tayi
(DSM26961)",21.21212121212121,0.18657732288707796,WCA,NA,NA,NA,FALSE
WCA,With mucin,E. tayi,E3P1,DSM26961,"E. tayi
(DSM26961)",21.515151515151516,0.171557929859142,WCA,NA,NA,NA,FALSE
WCA,With mucin,E. tayi,E3P1,DSM26961,"E. tayi
(DSM26961)",21.81818181818182,0.15774713796964349,WCA,NA,NA,NA,FALSE
WCA,With mucin,E. tayi,E3P1,DSM26961,"E. tayi
(DSM26961)",22.12121212121212,0.1641797503624056,WCA,NA,NA,NA,FALSE
WCA,With mucin,E. tayi,E3P1,DSM26961,"E. tayi
(DSM26961)",22.424242424242426,0.20577096405527365,WCA,NA,NA,NA,FALSE
WCA,With mucin,E. tayi,E3P1,DSM26961,"E. tayi
(DSM26961)",22.727272727272727,0.25789387750798276,WCA,NA,NA,NA,FALSE
WCA,With mucin,E. tayi,E3P1,DSM26961,"E. tayi
(DSM26961)",23.03030303030303,0.32175095464280795,WCA,NA,NA,NA,FALSE
WCA,With mucin,E. tayi,E3P1,DSM26961,"E. tayi
(DSM26961)",23.333333333333336,0.3853415649286726,WCA,NA,NA,NA,FALSE
WCA,With mucin,E. tayi,E3P1,DSM26961,"E. tayi
(DSM26961)",23.636363636363637,0.46149744064610815,WCA,NA,NA,NA,FALSE
WCA,With mucin,E. tayi,E3P1,DSM26961,"E. tayi
(DSM26961)",23.93939393939394,0.5527014309870976,WCA,NA,NA,NA,FALSE
WCA,With mucin,E. tayi,E3P1,DSM26961,"E. tayi
(DSM26961)",24.242424242424242,0.4071952542275017,WCA,NA,NA,NA,FALSE
WCA,With mucin,E. tayi,E3P1,DSM26961,"E. tayi
(DSM26961)",24.545454545454547,0.2656746116828401,WCA,NA,NA,NA,FALSE
WCA,With mucin,E. tayi,E3P1,DSM26961,"E. tayi
(DSM26961)",24.848484848484848,0.17333099089085274,WCA,NA,NA,NA,FALSE
WCA,With mucin,E. tayi,E3P1,DSM26961,"E. tayi
(DSM26961)",25.151515151515152,0.15927864305351042,WCA,NA,NA,NA,FALSE
WCA,With mucin,E. tayi,E3P1,DSM26961,"E. tayi
(DSM26961)",25.454545454545457,0.20616142914460595,WCA,NA,NA,NA,FALSE
WCA,With mucin,E. tayi,E3P1,DSM26961,"E. tayi
(DSM26961)",25.757575757575758,0.26683784152296885,WCA,NA,NA,NA,FALSE
WCA,With mucin,E. tayi,E3P1,DSM26961,"E. tayi
(DSM26961)",26.060606060606062,0.3414968535198004,WCA,NA,NA,NA,FALSE
WCA,With mucin,E. tayi,E3P1,DSM26961,"E. tayi
(DSM26961)",26.363636363636363,0.4177812650084783,WCA,NA,NA,NA,FALSE
WCA,With mucin,E. tayi,E3P1,DSM26961,"E. tayi
(DSM26961)",26.666666666666668,0.5111027846831734,WCA,NA,NA,NA,FALSE
WCA,With mucin,E. tayi,E3P1,DSM26961,"E. tayi
(DSM26961)",26.96969696969697,0.6252664239436908,WCA,NA,NA,NA,FALSE
WCA,With mucin,E. tayi,E3P1,DSM26961,"E. tayi
(DSM26961)",27.272727272727273,0.6608837923019816,WCA,NA,NA,NA,FALSE
WCA,With mucin,E. tayi,E3P1,DSM26961,"E. tayi
(DSM26961)",27.575757575757578,0.6872740532553804,WCA,NA,NA,NA,FALSE
WCA,With mucin,E. tayi,E3P1,DSM26961,"E. tayi
(DSM26961)",27.87878787878788,0.7147180124873875,WCA,NA,NA,NA,FALSE
WCA,With mucin,E. tayi,E3P1,DSM26961,"E. tayi
(DSM26961)",28.181818181818183,0.7447012906759485,WCA,NA,NA,NA,FALSE
WCA,With mucin,E. tayi,E3P1,DSM26961,"E. tayi
(DSM26961)",28.484848484848484,0.7769466371158673,WCA,NA,NA,NA,FALSE
WCA,With mucin,E. tayi,E3P1,DSM26961,"E. tayi
(DSM26961)",28.78787878787879,0.8105880663264943,WCA,NA,NA,NA,FALSE
WCA,With mucin,E. tayi,E3P1,DSM26961,"E. tayi
(DSM26961)",29.090909090909093,0.8277873582940147,WCA,NA,NA,NA,FALSE
WCA,With mucin,E. tayi,E3P1,DSM26961,"E. tayi
(DSM26961)",29.393939393939394,0.8041921269228568,WCA,NA,NA,NA,FALSE
WCA,With mucin,E. tayi,E3P1,DSM26961,"E. tayi
(DSM26961)",29.6969696969697,0.7812693966026113,WCA,NA,NA,NA,FALSE
WCA,With mucin,E. tayi,E3P1,DSM26961,"E. tayi
(DSM26961)",30,0.7589999999999999,WCA,NA,NA,NA,FALSE
WCA,Without mucin,E. tayi,B3P1,DSM26961,"E. tayi
(DSM26961)",0,7.000000000000005e-5,WCA,WCA,0.08804562952784063,-3.0990675025218035,TRUE
WCA,Without mucin,E. tayi,B3P1,DSM26961,"E. tayi
(DSM26961)",0.30303030303030304,9.915832872363446e-5,WCA,WCA,0.08804562952784063,-3.0990675025218035,TRUE
WCA,Without mucin,E. tayi,B3P1,DSM26961,"E. tayi
(DSM26961)",0.6060606060606061,1.343895726898081e-4,WCA,WCA,0.08804562952784063,-3.0990675025218035,TRUE
WCA,Without mucin,E. tayi,B3P1,DSM26961,"E. tayi
(DSM26961)",0.9090909090909092,1.769585608910409e-4,WCA,WCA,0.08804562952784063,-3.0990675025218035,TRUE
WCA,Without mucin,E. tayi,B3P1,DSM26961,"E. tayi
(DSM26961)",1.2121212121212122,2.283935530308738e-4,WCA,WCA,0.08804562952784063,-3.0990675025218035,TRUE
WCA,Without mucin,E. tayi,B3P1,DSM26961,"E. tayi
(DSM26961)",1.5151515151515151,2.9054110523292704e-4,WCA,WCA,0.08804562952784063,-3.0990675025218035,TRUE
WCA,Without mucin,E. tayi,B3P1,DSM26961,"E. tayi
(DSM26961)",1.8181818181818183,3.6563236283838473e-4,WCA,WCA,0.08804562952784063,-3.0990675025218035,TRUE
WCA,Without mucin,E. tayi,B3P1,DSM26961,"E. tayi
(DSM26961)",2.121212121212121,4.5636316025477906e-4,WCA,WCA,0.08804562952784063,-3.0990675025218035,TRUE
WCA,Without mucin,E. tayi,B3P1,DSM26961,"E. tayi
(DSM26961)",2.4242424242424243,5.659908035027777e-4,WCA,WCA,0.08804562952784063,-3.0990675025218035,TRUE
WCA,Without mucin,E. tayi,B3P1,DSM26961,"E. tayi
(DSM26961)",2.7272727272727275,6.984510100295088e-4,WCA,WCA,0.08804562952784063,-3.0990675025218035,TRUE
WCA,Without mucin,E. tayi,B3P1,DSM26961,"E. tayi
(DSM26961)",3.0303030303030303,8.584992040184314e-4,WCA,WCA,0.08804562952784063,-3.0990675025218035,TRUE
WCA,Without mucin,E. tayi,B3P1,DSM26961,"E. tayi
(DSM26961)",3.3333333333333335,0.001051881239807019,WCA,WCA,0.08804562952784063,-3.0990675025218035,TRUE
WCA,Without mucin,E. tayi,B3P1,DSM26961,"E. tayi
(DSM26961)",3.6363636363636367,0.0012855396825153876,WCA,WCA,0.08804562952784063,-3.0990675025218035,TRUE
WCA,Without mucin,E. tayi,B3P1,DSM26961,"E. tayi
(DSM26961)",3.9393939393939394,0.0015678630515204906,WCA,WCA,0.08804562952784063,-3.0990675025218035,TRUE
WCA,Without mucin,E. tayi,B3P1,DSM26961,"E. tayi
(DSM26961)",4.242424242424242,0.001908986974809986,WCA,WCA,0.08804562952784063,-3.0990675025218035,TRUE
WCA,Without mucin,E. tayi,B3P1,DSM26961,"E. tayi
(DSM26961)",4.545454545454546,0.0023211580658907003,WCA,WCA,0.08804562952784063,-3.0990675025218035,TRUE
WCA,Without mucin,E. tayi,B3P1,DSM26961,"E. tayi
(DSM26961)",4.848484848484849,0.002819173586715061,WCA,WCA,0.08804562952784063,-3.0990675025218035,TRUE
WCA,Without mucin,E. tayi,B3P1,DSM26961,"E. tayi
(DSM26961)",5.151515151515151,0.0034209126808656294,WCA,WCA,0.08804562952784063,-3.0990675025218035,TRUE
WCA,Without mucin,E. tayi,B3P1,DSM26961,"E. tayi
(DSM26961)",5.454545454545455,0.0041479782486812285,WCA,WCA,0.08804562952784063,-3.0990675025218035,TRUE
WCA,Without mucin,E. tayi,B3P1,DSM26961,"E. tayi
(DSM26961)",5.757575757575758,0.005026472508139702,WCA,WCA,0.08804562952784063,-3.0990675025218035,TRUE
WCA,Without mucin,E. tayi,B3P1,DSM26961,"E. tayi
(DSM26961)",6.0606060606060606,0.0060879340847347155,WCA,WCA,0.08804562952784063,-3.0990675025218035,TRUE
WCA,Without mucin,E. tayi,B3P1,DSM26961,"E. tayi
(DSM26961)",6.363636363636364,0.007370470272600206,WCA,WCA,0.08804562952784063,-3.0990675025218035,TRUE
WCA,Without mucin,E. tayi,B3P1,DSM26961,"E. tayi
(DSM26961)",6.666666666666667,0.008920125115935242,WCA,WCA,0.08804562952784063,-3.0990675025218035,TRUE
WCA,Without mucin,E. tayi,B3P1,DSM26961,"E. tayi
(DSM26961)",6.96969696969697,0.010792532425914103,WCA,WCA,0.08804562952784063,-3.0990675025218035,FALSE
WCA,Without mucin,E. tayi,B3P1,DSM26961,"E. tayi
(DSM26961)",7.272727272727273,0.011748196465123213,WCA,WCA,0.08804562952784063,-3.0990675025218035,FALSE
WCA,Without mucin,E. tayi,B3P1,DSM26961,"E. tayi
(DSM26961)",7.575757575757576,0.012638981389720224,WCA,WCA,0.08804562952784063,-3.0990675025218035,FALSE
WCA,Without mucin,E. tayi,B3P1,DSM26961,"E. tayi
(DSM26961)",7.878787878787879,0.013596908351110326,WCA,WCA,0.08804562952784063,-3.0990675025218035,FALSE
WCA,Without mucin,E. tayi,B3P1,DSM26961,"E. tayi
(DSM26961)",8.181818181818182,0.014344147650055206,WCA,WCA,0.08804562952784063,-3.0990675025218035,FALSE
WCA,Without mucin,E. tayi,B3P1,DSM26961,"E. tayi
(DSM26961)",8.484848484848484,0.01493653462694909,WCA,WCA,0.08804562952784063,-3.0990675025218035,FALSE
WCA,Without mucin,E. tayi,B3P1,DSM26961,"E. tayi
(DSM26961)",8.787878787878789,0.015553267291074235,WCA,WCA,0.08804562952784063,-3.0990675025218035,FALSE
WCA,Without mucin,E. tayi,B3P1,DSM26961,"E. tayi
(DSM26961)",9.090909090909092,0.01625200803575137,WCA,WCA,0.08804562952784063,-3.0990675025218035,FALSE
WCA,Without mucin,E. tayi,B3P1,DSM26961,"E. tayi
(DSM26961)",9.393939393939394,0.017120926727420452,WCA,WCA,0.08804562952784063,-3.0990675025218035,FALSE
WCA,Without mucin,E. tayi,B3P1,DSM26961,"E. tayi
(DSM26961)",9.696969696969697,0.018036103189032923,WCA,WCA,0.08804562952784063,-3.0990675025218035,FALSE
WCA,Without mucin,E. tayi,B3P1,DSM26961,"E. tayi
(DSM26961)",10,0.019000000000000006,WCA,WCA,0.08804562952784063,-3.0990675025218035,FALSE
WCA,Without mucin,E. tayi,B3P1,DSM26961,"E. tayi
(DSM26961)",10.303030303030303,0.019585138113435433,WCA,WCA,0.08804562952784063,-3.0990675025218035,FALSE
WCA,Without mucin,E. tayi,B3P1,DSM26961,"E. tayi
(DSM26961)",10.606060606060606,0.02018823042780399,WCA,WCA,0.08804562952784063,-3.0990675025218035,FALSE
WCA,Without mucin,E. tayi,B3P1,DSM26961,"E. tayi
(DSM26961)",10.90909090909091,0.020809827844377963,WCA,WCA,0.08804562952784063,-3.0990675025218035,FALSE
WCA,Without mucin,E. tayi,B3P1,DSM26961,"E. tayi
(DSM26961)",11.212121212121213,0.021208263840447914,WCA,WCA,0.08804562952784063,-3.0990675025218035,FALSE
WCA,Without mucin,E. tayi,B3P1,DSM26961,"E. tayi
(DSM26961)",11.515151515151516,0.021509359616616056,WCA,WCA,0.08804562952784063,-3.0990675025218035,FALSE
WCA,Without mucin,E. tayi,B3P1,DSM26961,"E. tayi
(DSM26961)",11.818181818181818,0.02181471601607123,WCA,WCA,0.08804562952784063,-3.0990675025218035,FALSE
WCA,Without mucin,E. tayi,B3P1,DSM26961,"E. tayi
(DSM26961)",12.121212121212121,0.022450117917494437,WCA,WCA,0.08804562952784063,-3.0990675025218035,FALSE
WCA,Without mucin,E. tayi,B3P1,DSM26961,"E. tayi
(DSM26961)",12.424242424242424,0.023615986519413355,WCA,WCA,0.08804562952784063,-3.0990675025218035,FALSE
WCA,Without mucin,E. tayi,B3P1,DSM26961,"E. tayi
(DSM26961)",12.727272727272728,0.024842212247432605,WCA,WCA,0.08804562952784063,-3.0990675025218035,FALSE
WCA,Without mucin,E. tayi,B3P1,DSM26961,"E. tayi
(DSM26961)",13.030303030303031,0.026058459214798664,WCA,WCA,0.08804562952784063,-3.0990675025218035,FALSE
WCA,Without mucin,E. tayi,B3P1,DSM26961,"E. tayi
(DSM26961)",13.333333333333334,0.02665030995610704,WCA,WCA,0.08804562952784063,-3.0990675025218035,FALSE
WCA,Without mucin,E. tayi,B3P1,DSM26961,"E. tayi
(DSM26961)",13.636363636363637,0.02725556704859394,WCA,WCA,0.08804562952784063,-3.0990675025218035,FALSE
WCA,Without mucin,E. tayi,B3P1,DSM26961,"E. tayi
(DSM26961)",13.93939393939394,0.027874534167222267,WCA,WCA,0.08804562952784063,-3.0990675025218035,FALSE
WCA,Without mucin,E. tayi,B3P1,DSM26961,"E. tayi
(DSM26961)",14.242424242424242,0.02995772671567939,WCA,WCA,0.08804562952784063,-3.0990675025218035,FALSE
WCA,Without mucin,E. tayi,B3P1,DSM26961,"E. tayi
(DSM26961)",14.545454545454547,0.03259799701351676,WCA,WCA,0.08804562952784063,-3.0990675025218035,FALSE
WCA,Without mucin,E. tayi,B3P1,DSM26961,"E. tayi
(DSM26961)",14.84848484848485,0.035470420324855534,WCA,WCA,0.08804562952784063,-3.0990675025218035,FALSE
WCA,Without mucin,E. tayi,B3P1,DSM26961,"E. tayi
(DSM26961)",15.151515151515152,0.0337090595155188,WCA,WCA,0.08804562952784063,-3.0990675025218035,FALSE
WCA,Without mucin,E. tayi,B3P1,DSM26961,"E. tayi
(DSM26961)",15.454545454545455,0.027977715204729695,WCA,WCA,0.08804562952784063,-3.0990675025218035,FALSE
WCA,Without mucin,E. tayi,B3P1,DSM26961,"E. tayi
(DSM26961)",15.757575757575758,0.0232188167843812,WCA,WCA,0.08804562952784063,-3.0990675025218035,FALSE
WCA,Without mucin,E. tayi,B3P1,DSM26961,"E. tayi
(DSM26961)",16.060606060606062,0.020320685987734732,WCA,WCA,0.08804562952784063,-3.0990675025218035,FALSE
WCA,Without mucin,E. tayi,B3P1,DSM26961,"E. tayi
(DSM26961)",16.363636363636363,0.022002633767199315,WCA,WCA,0.08804562952784063,-3.0990675025218035,FALSE
WCA,Without mucin,E. tayi,B3P1,DSM26961,"E. tayi
(DSM26961)",16.666666666666668,0.023823318827721925,WCA,WCA,0.08804562952784063,-3.0990675025218035,FALSE
WCA,Without mucin,E. tayi,B3P1,DSM26961,"E. tayi
(DSM26961)",16.96969696969697,0.02579418506392896,WCA,WCA,0.08804562952784063,-3.0990675025218035,FALSE
WCA,Without mucin,E. tayi,B3P1,DSM26961,"E. tayi
(DSM26961)",17.272727272727273,0.02703491492672778,WCA,WCA,0.08804562952784063,-3.0990675025218035,FALSE
WCA,Without mucin,E. tayi,B3P1,DSM26961,"E. tayi
(DSM26961)",17.575757575757578,0.028233075074245155,WCA,WCA,0.08804562952784063,-3.0990675025218035,FALSE
WCA,Without mucin,E. tayi,B3P1,DSM26961,"E. tayi
(DSM26961)",17.87878787878788,0.029484199333362937,WCA,WCA,0.08804562952784063,-3.0990675025218035,FALSE
WCA,Without mucin,E. tayi,B3P1,DSM26961,"E. tayi
(DSM26961)",18.181818181818183,0.032164207393068446,WCA,WCA,0.08804562952784063,-3.0990675025218035,FALSE
WCA,Without mucin,E. tayi,B3P1,DSM26961,"E. tayi
(DSM26961)",18.484848484848484,0.03612286325843249,WCA,WCA,0.08804562952784063,-3.0990675025218035,FALSE
WCA,Without mucin,E. tayi,B3P1,DSM26961,"E. tayi
(DSM26961)",18.78787878787879,0.040567678317019074,WCA,WCA,0.08804562952784063,-3.0990675025218035,FALSE
WCA,Without mucin,E. tayi,B3P1,DSM26961,"E. tayi
(DSM26961)",19.09090909090909,0.04624214560096531,WCA,WCA,0.08804562952784063,-3.0990675025218035,FALSE
WCA,Without mucin,E. tayi,B3P1,DSM26961,"E. tayi
(DSM26961)",19.393939393939394,0.054572983873409954,WCA,WCA,0.08804562952784063,-3.0990675025218035,FALSE
WCA,Without mucin,E. tayi,B3P1,DSM26961,"E. tayi
(DSM26961)",19.6969696969697,0.064402411024021,WCA,WCA,0.08804562952784063,-3.0990675025218035,FALSE
WCA,Without mucin,E. tayi,B3P1,DSM26961,"E. tayi
(DSM26961)",20,0.07600000000000003,WCA,WCA,0.08804562952784063,-3.0990675025218035,FALSE
WCA,Without mucin,E. tayi,B3P1,DSM26961,"E. tayi
(DSM26961)",20.303030303030305,0.0750781288126097,WCA,WCA,0.08804562952784063,-3.0990675025218035,FALSE
WCA,Without mucin,E. tayi,B3P1,DSM26961,"E. tayi
(DSM26961)",20.606060606060606,0.07416742952591797,WCA,WCA,0.08804562952784063,-3.0990675025218035,FALSE
WCA,Without mucin,E. tayi,B3P1,DSM26961,"E. tayi
(DSM26961)",20.90909090909091,0.0732677667507653,WCA,WCA,0.08804562952784063,-3.0990675025218035,FALSE
WCA,Without mucin,E. tayi,B3P1,DSM26961,"E. tayi
(DSM26961)",21.21212121212121,0.07558255823689783,WCA,WCA,0.08804562952784063,-3.0990675025218035,FALSE
WCA,Without mucin,E. tayi,B3P1,DSM26961,"E. tayi
(DSM26961)",21.515151515151516,0.07943106018848356,WCA,WCA,0.08804562952784063,-3.0990675025218035,FALSE
WCA,Without mucin,E. tayi,B3P1,DSM26961,"E. tayi
(DSM26961)",21.81818181818182,0.08347533829908532,WCA,WCA,0.08804562952784063,-3.0990675025218035,FALSE
WCA,Without mucin,E. tayi,B3P1,DSM26961,"E. tayi
(DSM26961)",22.12121212121212,0.08830809812484491,WCA,WCA,0.08804562952784063,-3.0990675025218035,FALSE
WCA,Without mucin,E. tayi,B3P1,DSM26961,"E. tayi
(DSM26961)",22.424242424242426,0.09435277776867664,WCA,WCA,0.08804562952784063,-3.0990675025218035,FALSE
WCA,Without mucin,E. tayi,B3P1,DSM26961,"E. tayi
(DSM26961)",22.727272727272727,0.10081088735467492,WCA,WCA,0.08804562952784063,-3.0990675025218035,FALSE
WCA,Without mucin,E. tayi,B3P1,DSM26961,"E. tayi
(DSM26961)",23.03030303030303,0.10753132502284517,WCA,WCA,0.08804562952784063,-3.0990675025218035,FALSE
WCA,Without mucin,E. tayi,B3P1,DSM26961,"E. tayi
(DSM26961)",23.333333333333336,0.11299177154506845,WCA,WCA,0.08804562952784063,-3.0990675025218035,FALSE
WCA,Without mucin,E. tayi,B3P1,DSM26961,"E. tayi
(DSM26961)",23.636363636363637,0.11872931945257417,WCA,WCA,0.08804562952784063,-3.0990675025218035,FALSE
WCA,Without mucin,E. tayi,B3P1,DSM26961,"E. tayi
(DSM26961)",23.93939393939394,0.12475803081472119,WCA,WCA,0.08804562952784063,-3.0990675025218035,FALSE
WCA,Without mucin,E. tayi,B3P1,DSM26961,"E. tayi
(DSM26961)",24.242424242424242,0.135874508664472,WCA,WCA,0.08804562952784063,-3.0990675025218035,FALSE
WCA,Without mucin,E. tayi,B3P1,DSM26961,"E. tayi
(DSM26961)",24.545454545454547,0.14931227360246951,WCA,WCA,0.08804562952784063,-3.0990675025218035,FALSE
WCA,Without mucin,E. tayi,B3P1,DSM26961,"E. tayi
(DSM26961)",24.848484848484848,0.16407832703334413,WCA,WCA,0.08804562952784063,-3.0990675025218035,FALSE
WCA,Without mucin,E. tayi,B3P1,DSM26961,"E. tayi
(DSM26961)",25.151515151515152,0.17230154666078662,WCA,WCA,0.08804562952784063,-3.0990675025218035,FALSE
WCA,Without mucin,E. tayi,B3P1,DSM26961,"E. tayi
(DSM26961)",25.454545454545457,0.17290622625839994,WCA,WCA,0.08804562952784063,-3.0990675025218035,FALSE
WCA,Without mucin,E. tayi,B3P1,DSM26961,"E. tayi
(DSM26961)",25.757575757575758,0.17351302707278518,WCA,WCA,0.08804562952784063,-3.0990675025218035,FALSE
WCA,Without mucin,E. tayi,B3P1,DSM26961,"E. tayi
(DSM26961)",26.060606060606062,0.17710665649942248,WCA,WCA,0.08804562952784063,-3.0990675025218035,FALSE
WCA,Without mucin,E. tayi,B3P1,DSM26961,"E. tayi
(DSM26961)",26.363636363636363,0.1934916718288919,WCA,WCA,0.08804562952784063,-3.0990675025218035,FALSE
WCA,Without mucin,E. tayi,B3P1,DSM26961,"E. tayi
(DSM26961)",26.666666666666668,0.21139194730973376,WCA,WCA,0.08804562952784063,-3.0990675025218035,FALSE
WCA,Without mucin,E. tayi,B3P1,DSM26961,"E. tayi
(DSM26961)",26.96969696969697,0.23094761179017698,WCA,WCA,0.08804562952784063,-3.0990675025218035,FALSE
WCA,Without mucin,E. tayi,B3P1,DSM26961,"E. tayi
(DSM26961)",27.272727272727273,0.2652921080684472,WCA,WCA,0.08804562952784063,-3.0990675025218035,FALSE
WCA,Without mucin,E. tayi,B3P1,DSM26961,"E. tayi
(DSM26961)",27.575757575757578,0.3064457770619662,WCA,WCA,0.08804562952784063,-3.0990675025218035,FALSE
WCA,Without mucin,E. tayi,B3P1,DSM26961,"E. tayi
(DSM26961)",27.87878787878788,0.35398176071207166,WCA,WCA,0.08804562952784063,-3.0990675025218035,FALSE
WCA,Without mucin,E. tayi,B3P1,DSM26961,"E. tayi
(DSM26961)",28.181818181818183,0.3589917871354331,WCA,WCA,0.08804562952784063,-3.0990675025218035,FALSE
WCA,Without mucin,E. tayi,B3P1,DSM26961,"E. tayi
(DSM26961)",28.484848484848484,0.333815291427799,WCA,WCA,0.08804562952784063,-3.0990675025218035,FALSE
WCA,Without mucin,E. tayi,B3P1,DSM26961,"E. tayi
(DSM26961)",28.78787878787879,0.31040410731506685,WCA,WCA,0.08804562952784063,-3.0990675025218035,FALSE
WCA,Without mucin,E. tayi,B3P1,DSM26961,"E. tayi
(DSM26961)",29.090909090909093,0.31280247747813755,WCA,WCA,0.08804562952784063,-3.0990675025218035,FALSE
WCA,Without mucin,E. tayi,B3P1,DSM26961,"E. tayi
(DSM26961)",29.393939393939394,0.3802726628170509,WCA,WCA,0.08804562952784063,-3.0990675025218035,FALSE
WCA,Without mucin,E. tayi,B3P1,DSM26961,"E. tayi
(DSM26961)",29.6969696969697,0.46229262877700256,WCA,WCA,0.08804562952784063,-3.0990675025218035,FALSE
WCA,Without mucin,E. tayi,B3P1,DSM26961,"E. tayi
(DSM26961)",30,0.5619999999999999,WCA,WCA,0.08804562952784063,-3.0990675025218035,FALSE
WCA,Without mucin,E. tayi,A3P1,DSM26961,"E. tayi
(DSM26961)",0,7.000000000000005e-5,WCA,WCA,0.11092437480817881,-3.112939621455574,TRUE
WCA,Without mucin,E. tayi,A3P1,DSM26961,"E. tayi
(DSM26961)",0.30303030303030304,9.915832872363446e-5,WCA,WCA,0.11092437480817881,-3.112939621455574,TRUE
WCA,Without mucin,E. tayi,A3P1,DSM26961,"E. tayi
(DSM26961)",0.6060606060606061,1.343895726898081e-4,WCA,WCA,0.11092437480817881,-3.112939621455574,TRUE
WCA,Without mucin,E. tayi,A3P1,DSM26961,"E. tayi
(DSM26961)",0.9090909090909092,1.769585608910409e-4,WCA,WCA,0.11092437480817881,-3.112939621455574,TRUE
WCA,Without mucin,E. tayi,A3P1,DSM26961,"E. tayi
(DSM26961)",1.2121212121212122,2.283935530308738e-4,WCA,WCA,0.11092437480817881,-3.112939621455574,TRUE
WCA,Without mucin,E. tayi,A3P1,DSM26961,"E. tayi
(DSM26961)",1.5151515151515151,2.9054110523292704e-4,WCA,WCA,0.11092437480817881,-3.112939621455574,TRUE
WCA,Without mucin,E. tayi,A3P1,DSM26961,"E. tayi
(DSM26961)",1.8181818181818183,3.6563236283838473e-4,WCA,WCA,0.11092437480817881,-3.112939621455574,TRUE
WCA,Without mucin,E. tayi,A3P1,DSM26961,"E. tayi
(DSM26961)",2.121212121212121,4.5636316025477906e-4,WCA,WCA,0.11092437480817881,-3.112939621455574,TRUE
WCA,Without mucin,E. tayi,A3P1,DSM26961,"E. tayi
(DSM26961)",2.4242424242424243,5.659908035027777e-4,WCA,WCA,0.11092437480817881,-3.112939621455574,TRUE
WCA,Without mucin,E. tayi,A3P1,DSM26961,"E. tayi
(DSM26961)",2.7272727272727275,6.984510100295088e-4,WCA,WCA,0.11092437480817881,-3.112939621455574,TRUE
WCA,Without mucin,E. tayi,A3P1,DSM26961,"E. tayi
(DSM26961)",3.0303030303030303,8.584992040184314e-4,WCA,WCA,0.11092437480817881,-3.112939621455574,TRUE
WCA,Without mucin,E. tayi,A3P1,DSM26961,"E. tayi
(DSM26961)",3.3333333333333335,0.001051881239807019,WCA,WCA,0.11092437480817881,-3.112939621455574,TRUE
WCA,Without mucin,E. tayi,A3P1,DSM26961,"E. tayi
(DSM26961)",3.6363636363636367,0.0012855396825153876,WCA,WCA,0.11092437480817881,-3.112939621455574,TRUE
WCA,Without mucin,E. tayi,A3P1,DSM26961,"E. tayi
(DSM26961)",3.9393939393939394,0.0015678630515204906,WCA,WCA,0.11092437480817881,-3.112939621455574,TRUE
WCA,Without mucin,E. tayi,A3P1,DSM26961,"E. tayi
(DSM26961)",4.242424242424242,0.001908986974809986,WCA,WCA,0.11092437480817881,-3.112939621455574,TRUE
WCA,Without mucin,E. tayi,A3P1,DSM26961,"E. tayi
(DSM26961)",4.545454545454546,0.0023211580658907003,WCA,WCA,0.11092437480817881,-3.112939621455574,TRUE
WCA,Without mucin,E. tayi,A3P1,DSM26961,"E. tayi
(DSM26961)",4.848484848484849,0.002819173586715061,WCA,WCA,0.11092437480817881,-3.112939621455574,TRUE
WCA,Without mucin,E. tayi,A3P1,DSM26961,"E. tayi
(DSM26961)",5.151515151515151,0.0034209126808656294,WCA,WCA,0.11092437480817881,-3.112939621455574,TRUE
WCA,Without mucin,E. tayi,A3P1,DSM26961,"E. tayi
(DSM26961)",5.454545454545455,0.0041479782486812285,WCA,WCA,0.11092437480817881,-3.112939621455574,TRUE
WCA,Without mucin,E. tayi,A3P1,DSM26961,"E. tayi
(DSM26961)",5.757575757575758,0.005026472508139702,WCA,WCA,0.11092437480817881,-3.112939621455574,TRUE
WCA,Without mucin,E. tayi,A3P1,DSM26961,"E. tayi
(DSM26961)",6.0606060606060606,0.0060879340847347155,WCA,WCA,0.11092437480817881,-3.112939621455574,TRUE
WCA,Without mucin,E. tayi,A3P1,DSM26961,"E. tayi
(DSM26961)",6.363636363636364,0.007370470272600206,WCA,WCA,0.11092437480817881,-3.112939621455574,TRUE
WCA,Without mucin,E. tayi,A3P1,DSM26961,"E. tayi
(DSM26961)",6.666666666666667,0.008920125115935242,WCA,WCA,0.11092437480817881,-3.112939621455574,TRUE
WCA,Without mucin,E. tayi,A3P1,DSM26961,"E. tayi
(DSM26961)",6.96969696969697,0.010792532425914103,WCA,WCA,0.11092437480817881,-3.112939621455574,FALSE
WCA,Without mucin,E. tayi,A3P1,DSM26961,"E. tayi
(DSM26961)",7.272727272727273,0.011748196465123213,WCA,WCA,0.11092437480817881,-3.112939621455574,FALSE
WCA,Without mucin,E. tayi,A3P1,DSM26961,"E. tayi
(DSM26961)",7.575757575757576,0.012638981389720224,WCA,WCA,0.11092437480817881,-3.112939621455574,FALSE
WCA,Without mucin,E. tayi,A3P1,DSM26961,"E. tayi
(DSM26961)",7.878787878787879,0.013596908351110326,WCA,WCA,0.11092437480817881,-3.112939621455574,FALSE
WCA,Without mucin,E. tayi,A3P1,DSM26961,"E. tayi
(DSM26961)",8.181818181818182,0.014344147650055206,WCA,WCA,0.11092437480817881,-3.112939621455574,FALSE
WCA,Without mucin,E. tayi,A3P1,DSM26961,"E. tayi
(DSM26961)",8.484848484848484,0.01493653462694909,WCA,WCA,0.11092437480817881,-3.112939621455574,FALSE
WCA,Without mucin,E. tayi,A3P1,DSM26961,"E. tayi
(DSM26961)",8.787878787878789,0.015553267291074235,WCA,WCA,0.11092437480817881,-3.112939621455574,FALSE
WCA,Without mucin,E. tayi,A3P1,DSM26961,"E. tayi
(DSM26961)",9.090909090909092,0.016172279990331016,WCA,WCA,0.11092437480817881,-3.112939621455574,FALSE
WCA,Without mucin,E. tayi,A3P1,DSM26961,"E. tayi
(DSM26961)",9.393939393939394,0.016759997288918055,WCA,WCA,0.11092437480817881,-3.112939621455574,FALSE
WCA,Without mucin,E. tayi,A3P1,DSM26961,"E. tayi
(DSM26961)",9.696969696969697,0.017368980790480538,WCA,WCA,0.11092437480817881,-3.112939621455574,FALSE
WCA,Without mucin,E. tayi,A3P1,DSM26961,"E. tayi
(DSM26961)",10,0.018000000000000002,WCA,WCA,0.11092437480817881,-3.112939621455574,FALSE
WCA,Without mucin,E. tayi,A3P1,DSM26961,"E. tayi
(DSM26961)",10.303030303030303,0.018297362662325952,WCA,WCA,0.11092437480817881,-3.112939621455574,FALSE
WCA,Without mucin,E. tayi,A3P1,DSM26961,"E. tayi
(DSM26961)",10.606060606060606,0.018599618769751258,WCA,WCA,0.11092437480817881,-3.112939621455574,FALSE
WCA,Without mucin,E. tayi,A3P1,DSM26961,"E. tayi
(DSM26961)",10.90909090909091,0.018906848849551135,WCA,WCA,0.11092437480817881,-3.112939621455574,FALSE
WCA,Without mucin,E. tayi,A3P1,DSM26961,"E. tayi
(DSM26961)",11.212121212121213,0.019407736120835472,WCA,WCA,0.11092437480817881,-3.112939621455574,FALSE
WCA,Without mucin,E. tayi,A3P1,DSM26961,"E. tayi
(DSM26961)",11.515151515151516,0.020005385086107563,WCA,WCA,0.11092437480817881,-3.112939621455574,FALSE
WCA,Without mucin,E. tayi,A3P1,DSM26961,"E. tayi
(DSM26961)",11.818181818181818,0.02062137213150739,WCA,WCA,0.11092437480817881,-3.112939621455574,FALSE
WCA,Without mucin,E. tayi,A3P1,DSM26961,"E. tayi
(DSM26961)",12.121212121212121,0.02123287601416584,WCA,WCA,0.11092437480817881,-3.112939621455574,FALSE
WCA,Without mucin,E. tayi,A3P1,DSM26961,"E. tayi
(DSM26961)",12.424242424242424,0.021826389003636988,WCA,WCA,0.11092437480817881,-3.112939621455574,FALSE
WCA,Without mucin,E. tayi,A3P1,DSM26961,"E. tayi
(DSM26961)",12.727272727272728,0.022436437679108318,WCA,WCA,0.11092437480817881,-3.112939621455574,FALSE
WCA,Without mucin,E. tayi,A3P1,DSM26961,"E. tayi
(DSM26961)",13.030303030303031,0.023112051002683796,WCA,WCA,0.11092437480817881,-3.112939621455574,FALSE
WCA,Without mucin,E. tayi,A3P1,DSM26961,"E. tayi
(DSM26961)",13.333333333333334,0.024262934193344514,WCA,WCA,0.11092437480817881,-3.112939621455574,FALSE
WCA,Without mucin,E. tayi,A3P1,DSM26961,"E. tayi
(DSM26961)",13.636363636363637,0.02547095348979639,WCA,WCA,0.11092437480817881,-3.112939621455574,FALSE
WCA,Without mucin,E. tayi,A3P1,DSM26961,"E. tayi
(DSM26961)",13.93939393939394,0.026738945439320233,WCA,WCA,0.11092437480817881,-3.112939621455574,FALSE
WCA,Without mucin,E. tayi,A3P1,DSM26961,"E. tayi
(DSM26961)",14.242424242424242,0.029143762035952498,WCA,WCA,0.11092437480817881,-3.112939621455574,FALSE
WCA,Without mucin,E. tayi,A3P1,DSM26961,"E. tayi
(DSM26961)",14.545454545454547,0.03206375860233625,WCA,WCA,0.11092437480817881,-3.112939621455574,FALSE
WCA,Without mucin,E. tayi,A3P1,DSM26961,"E. tayi
(DSM26961)",14.84848484848485,0.03527561692679139,WCA,WCA,0.11092437480817881,-3.112939621455574,FALSE
WCA,Without mucin,E. tayi,A3P1,DSM26961,"E. tayi
(DSM26961)",15.151515151515152,0.03811395549119123,WCA,WCA,0.11092437480817881,-3.112939621455574,FALSE
WCA,Without mucin,E. tayi,A3P1,DSM26961,"E. tayi
(DSM26961)",15.454545454545455,0.040443295648800386,WCA,WCA,0.11092437480817881,-3.112939621455574,FALSE
WCA,Without mucin,E. tayi,A3P1,DSM26961,"E. tayi
(DSM26961)",15.757575757575758,0.04291473280762518,WCA,WCA,0.11092437480817881,-3.112939621455574,FALSE
WCA,Without mucin,E. tayi,A3P1,DSM26961,"E. tayi
(DSM26961)",16.060606060606062,0.04312272360945747,WCA,WCA,0.11092437480817881,-3.112939621455574,FALSE
WCA,Without mucin,E. tayi,A3P1,DSM26961,"E. tayi
(DSM26961)",16.363636363636363,0.034846101822060604,WCA,WCA,0.11092437480817881,-3.112939621455574,FALSE
WCA,Without mucin,E. tayi,A3P1,DSM26961,"E. tayi
(DSM26961)",16.666666666666668,0.02815545245055024,WCA,WCA,0.11092437480817881,-3.112939621455574,FALSE
WCA,Without mucin,E. tayi,A3P1,DSM26961,"E. tayi
(DSM26961)",16.96969696969697,0.022746870282321183,WCA,WCA,0.11092437480817881,-3.112939621455574,FALSE
WCA,Without mucin,E. tayi,A3P1,DSM26961,"E. tayi
(DSM26961)",17.272727272727273,0.018374684647388916,WCA,WCA,0.11092437480817881,-3.112939621455574,FALSE
WCA,Without mucin,E. tayi,A3P1,DSM26961,"E. tayi
(DSM26961)",17.575757575757578,0.014840300472068732,WCA,WCA,0.11092437480817881,-3.112939621455574,FALSE
WCA,Without mucin,E. tayi,A3P1,DSM26961,"E. tayi
(DSM26961)",17.87878787878788,0.011983177618238399,WCA,WCA,0.11092437480817881,-3.112939621455574,FALSE
WCA,Without mucin,E. tayi,A3P1,DSM26961,"E. tayi
(DSM26961)",18.181818181818183,0.012150631088791443,WCA,WCA,0.11092437480817881,-3.112939621455574,FALSE
WCA,Without mucin,E. tayi,A3P1,DSM26961,"E. tayi
(DSM26961)",18.484848484848484,0.014340210421451916,WCA,WCA,0.11092437480817881,-3.112939621455574,FALSE
WCA,Without mucin,E. tayi,A3P1,DSM26961,"E. tayi
(DSM26961)",18.78787878787879,0.01692209827068413,WCA,WCA,0.11092437480817881,-3.112939621455574,FALSE
WCA,Without mucin,E. tayi,A3P1,DSM26961,"E. tayi
(DSM26961)",19.09090909090909,0.020033039828734604,WCA,WCA,0.11092437480817881,-3.112939621455574,FALSE
WCA,Without mucin,E. tayi,A3P1,DSM26961,"E. tayi
(DSM26961)",19.393939393939394,0.023898003894397397,WCA,WCA,0.11092437480817881,-3.112939621455574,FALSE
WCA,Without mucin,E. tayi,A3P1,DSM26961,"E. tayi
(DSM26961)",19.6969696969697,0.02850603703598735,WCA,WCA,0.11092437480817881,-3.112939621455574,FALSE
WCA,Without mucin,E. tayi,A3P1,DSM26961,"E. tayi
(DSM26961)",20,0.03399999999999999,WCA,WCA,0.11092437480817881,-3.112939621455574,FALSE
WCA,Without mucin,E. tayi,A3P1,DSM26961,"E. tayi
(DSM26961)",20.303030303030305,0.041380166266786714,WCA,WCA,0.11092437480817881,-3.112939621455574,FALSE
WCA,Without mucin,E. tayi,A3P1,DSM26961,"E. tayi
(DSM26961)",20.606060606060606,0.050359007441862634,WCA,WCA,0.11092437480817881,-3.112939621455574,FALSE
WCA,Without mucin,E. tayi,A3P1,DSM26961,"E. tayi
(DSM26961)",20.90909090909091,0.061282824864520996,WCA,WCA,0.11092437480817881,-3.112939621455574,FALSE
WCA,Without mucin,E. tayi,A3P1,DSM26961,"E. tayi
(DSM26961)",21.21212121212121,0.06719196366590563,WCA,WCA,0.11092437480817881,-3.112939621455574,FALSE
WCA,Without mucin,E. tayi,A3P1,DSM26961,"E. tayi
(DSM26961)",21.515151515151516,0.07045204188441968,WCA,WCA,0.11092437480817881,-3.112939621455574,FALSE
WCA,Without mucin,E. tayi,A3P1,DSM26961,"E. tayi
(DSM26961)",21.81818181818182,0.07387013080335901,WCA,WCA,0.11092437480817881,-3.112939621455574,FALSE
WCA,Without mucin,E. tayi,A3P1,DSM26961,"E. tayi
(DSM26961)",22.12121212121212,0.07414753860670738,WCA,WCA,0.11092437480817881,-3.112939621455574,FALSE
WCA,Without mucin,E. tayi,A3P1,DSM26961,"E. tayi
(DSM26961)",22.424242424242426,0.06971135111690781,WCA,WCA,0.11092437480817881,-3.112939621455574,FALSE
WCA,Without mucin,E. tayi,A3P1,DSM26961,"E. tayi
(DSM26961)",22.727272727272727,0.0655403268191799,WCA,WCA,0.11092437480817881,-3.112939621455574,FALSE
WCA,Without mucin,E. tayi,A3P1,DSM26961,"E. tayi
(DSM26961)",23.03030303030303,0.061559528587532296,WCA,WCA,0.11092437480817881,-3.112939621455574,FALSE
WCA,Without mucin,E. tayi,A3P1,DSM26961,"E. tayi
(DSM26961)",23.333333333333336,0.05732312199746199,WCA,WCA,0.11092437480817881,-3.112939621455574,FALSE
WCA,Without mucin,E. tayi,A3P1,DSM26961,"E. tayi
(DSM26961)",23.636363636363637,0.05337792550111978,WCA,WCA,0.11092437480817881,-3.112939621455574,FALSE
WCA,Without mucin,E. tayi,A3P1,DSM26961,"E. tayi
(DSM26961)",23.93939393939394,0.049703921350707725,WCA,WCA,0.11092437480817881,-3.112939621455574,FALSE
WCA,Without mucin,E. tayi,A3P1,DSM26961,"E. tayi
(DSM26961)",24.242424242424242,0.052078514584041474,WCA,WCA,0.11092437480817881,-3.112939621455574,FALSE
WCA,Without mucin,E. tayi,A3P1,DSM26961,"E. tayi
(DSM26961)",24.545454545454547,0.05619966088048185,WCA,WCA,0.11092437480817881,-3.112939621455574,FALSE
WCA,Without mucin,E. tayi,A3P1,DSM26961,"E. tayi
(DSM26961)",24.848484848484848,0.060646489450561884,WCA,WCA,0.11092437480817881,-3.112939621455574,FALSE
WCA,Without mucin,E. tayi,A3P1,DSM26961,"E. tayi
(DSM26961)",25.151515151515152,0.06725802753155734,WCA,WCA,0.11092437480817881,-3.112939621455574,FALSE
WCA,Without mucin,E. tayi,A3P1,DSM26961,"E. tayi
(DSM26961)",25.454545454545457,0.0766559036661656,WCA,WCA,0.11092437480817881,-3.112939621455574,FALSE
WCA,Without mucin,E. tayi,A3P1,DSM26961,"E. tayi
(DSM26961)",25.757575757575758,0.08736556746305216,WCA,WCA,0.11092437480817881,-3.112939621455574,FALSE
WCA,Without mucin,E. tayi,A3P1,DSM26961,"E. tayi
(DSM26961)",26.060606060606062,0.09878284370187487,WCA,WCA,0.11092437480817881,-3.112939621455574,FALSE
WCA,Without mucin,E. tayi,A3P1,DSM26961,"E. tayi
(DSM26961)",26.363636363636363,0.10820042835677021,WCA,WCA,0.11092437480817881,-3.112939621455574,FALSE
WCA,Without mucin,E. tayi,A3P1,DSM26961,"E. tayi
(DSM26961)",26.666666666666668,0.1185152143203058,WCA,WCA,0.11092437480817881,-3.112939621455574,FALSE
WCA,Without mucin,E. tayi,A3P1,DSM26961,"E. tayi
(DSM26961)",26.96969696969697,0.12981267681969982,WCA,WCA,0.11092437480817881,-3.112939621455574,FALSE
WCA,Without mucin,E. tayi,A3P1,DSM26961,"E. tayi
(DSM26961)",27.272727272727273,0.1430758356522211,WCA,WCA,0.11092437480817881,-3.112939621455574,FALSE
WCA,Without mucin,E. tayi,A3P1,DSM26961,"E. tayi
(DSM26961)",27.575757575757578,0.15780267265513154,WCA,WCA,0.11092437480817881,-3.112939621455574,FALSE
WCA,Without mucin,E. tayi,A3P1,DSM26961,"E. tayi
(DSM26961)",27.87878787878788,0.17404460597308383,WCA,WCA,0.11092437480817881,-3.112939621455574,FALSE
WCA,Without mucin,E. tayi,A3P1,DSM26961,"E. tayi
(DSM26961)",28.181818181818183,0.18242893821750186,WCA,WCA,0.11092437480817881,-3.112939621455574,FALSE
WCA,Without mucin,E. tayi,A3P1,DSM26961,"E. tayi
(DSM26961)",28.484848484848484,0.18483560507037422,WCA,WCA,0.11092437480817881,-3.112939621455574,FALSE
WCA,Without mucin,E. tayi,A3P1,DSM26961,"E. tayi
(DSM26961)",28.78787878787879,0.18727400934263808,WCA,WCA,0.11092437480817881,-3.112939621455574,FALSE
WCA,Without mucin,E. tayi,A3P1,DSM26961,"E. tayi
(DSM26961)",29.090909090909093,0.19516324581011668,WCA,WCA,0.11092437480817881,-3.112939621455574,FALSE
WCA,Without mucin,E. tayi,A3P1,DSM26961,"E. tayi
(DSM26961)",29.393939393939394,0.21719558669800967,WCA,WCA,0.11092437480817881,-3.112939621455574,FALSE
WCA,Without mucin,E. tayi,A3P1,DSM26961,"E. tayi
(DSM26961)",29.6969696969697,0.2417143076232069,WCA,WCA,0.11092437480817881,-3.112939621455574,FALSE
WCA,Without mucin,E. tayi,A3P1,DSM26961,"E. tayi
(DSM26961)",30,0.269,WCA,WCA,0.11092437480817881,-3.112939621455574,FALSE
WCA,Without mucin,E. tayi,C3P1,DSM26961,"E. tayi
(DSM26961)",0,7.000000000000005e-5,WCA,WCA,0.10942161973831617,-3.2856932582542573,TRUE
WCA,Without mucin,E. tayi,C3P1,DSM26961,"E. tayi
(DSM26961)",0.30303030303030304,9.979282905780304e-5,WCA,WCA,0.10942161973831617,-3.2856932582542573,TRUE
WCA,Without mucin,E. tayi,C3P1,DSM26961,"E. tayi
(DSM26961)",0.6060606060606061,1.3592574856751655e-4,WCA,WCA,0.10942161973831617,-3.2856932582542573,TRUE
WCA,Without mucin,E. tayi,C3P1,DSM26961,"E. tayi
(DSM26961)",0.9090909090909092,1.7974796732231777e-4,WCA,WCA,0.10942161973831617,-3.2856932582542573,TRUE
WCA,Without mucin,E. tayi,C3P1,DSM26961,"E. tayi
(DSM26961)",1.2121212121212122,2.3289581373637193e-4,WCA,WCA,0.10942161973831617,-3.2856932582542573,TRUE
WCA,Without mucin,E. tayi,C3P1,DSM26961,"E. tayi
(DSM26961)",1.5151515151515151,2.9735383660045665e-4,WCA,WCA,0.10942161973831617,-3.2856932582542573,TRUE
WCA,Without mucin,E. tayi,C3P1,DSM26961,"E. tayi
(DSM26961)",1.8181818181818183,3.755289084402102e-4,WCA,WCA,0.10942161973831617,-3.2856932582542573,TRUE
WCA,Without mucin,E. tayi,C3P1,DSM26961,"E. tayi
(DSM26961)",2.121212121212121,4.7034009850784454e-4,WCA,WCA,0.10942161973831617,-3.2856932582542573,TRUE
WCA,Without mucin,E. tayi,C3P1,DSM26961,"E. tayi
(DSM26961)",2.4242424242424243,5.853276712787063e-4,WCA,WCA,0.10942161973831617,-3.2856932582542573,TRUE
WCA,Without mucin,E. tayi,C3P1,DSM26961,"E. tayi
(DSM26961)",2.7272727272727275,7.24785280473382e-4,WCA,WCA,0.10942161973831617,-3.2856932582542573,TRUE
WCA,Without mucin,E. tayi,C3P1,DSM26961,"E. tayi
(DSM26961)",3.0303030303030303,8.939202947505354e-4,WCA,WCA,0.10942161973831617,-3.2856932582542573,TRUE
WCA,Without mucin,E. tayi,C3P1,DSM26961,"E. tayi
(DSM26961)",3.3333333333333335,0.0010990482416566051,WCA,WCA,0.10942161973831617,-3.2856932582542573,TRUE
WCA,Without mucin,E. tayi,C3P1,DSM26961,"E. tayi
(DSM26961)",3.6363636363636367,0.001347828630399465,WCA,WCA,0.10942161973831617,-3.2856932582542573,TRUE
WCA,Without mucin,E. tayi,C3P1,DSM26961,"E. tayi
(DSM26961)",3.9393939393939394,0.0016495509591048251,WCA,WCA,0.10942161973831617,-3.2856932582542573,TRUE
WCA,Without mucin,E. tayi,C3P1,DSM26961,"E. tayi
(DSM26961)",4.242424242424242,0.0020154815861104765,WCA,WCA,0.10942161973831617,-3.2856932582542573,TRUE
WCA,Without mucin,E. tayi,C3P1,DSM26961,"E. tayi
(DSM26961)",4.545454545454546,0.0024592844175260883,WCA,WCA,0.10942161973831617,-3.2856932582542573,TRUE
WCA,Without mucin,E. tayi,C3P1,DSM26961,"E. tayi
(DSM26961)",4.848484848484849,0.002997531119596939,WCA,WCA,0.10942161973831617,-3.2856932582542573,TRUE
WCA,Without mucin,E. tayi,C3P1,DSM26961,"E. tayi
(DSM26961)",5.151515151515151,0.0036503199072801004,WCA,WCA,0.10942161973831617,-3.2856932582542573,TRUE
WCA,Without mucin,E. tayi,C3P1,DSM26961,"E. tayi
(DSM26961)",5.454545454545455,0.004442026014693945,WCA,WCA,0.10942161973831617,-3.2856932582542573,TRUE
WCA,Without mucin,E. tayi,C3P1,DSM26961,"E. tayi
(DSM26961)",5.757575757575758,0.005402211870123493,WCA,WCA,0.10942161973831617,-3.2856932582542573,TRUE
WCA,Without mucin,E. tayi,C3P1,DSM26961,"E. tayi
(DSM26961)",6.0606060606060606,0.006566730961656847,WCA,WCA,0.10942161973831617,-3.2856932582542573,TRUE
WCA,Without mucin,E. tayi,C3P1,DSM26961,"E. tayi
(DSM26961)",6.363636363636364,0.007979066611965924,WCA,WCA,0.10942161973831617,-3.2856932582542573,TRUE
WCA,Without mucin,E. tayi,C3P1,DSM26961,"E. tayi
(DSM26961)",6.666666666666667,0.009691955652288567,WCA,WCA,0.10942161973831617,-3.2856932582542573,TRUE
WCA,Without mucin,E. tayi,C3P1,DSM26961,"E. tayi
(DSM26961)",6.96969696969697,0.011769357623849194,WCA,WCA,0.10942161973831617,-3.2856932582542573,FALSE
WCA,Without mucin,E. tayi,C3P1,DSM26961,"E. tayi
(DSM26961)",7.272727272727273,0.01251540842396463,WCA,WCA,0.10942161973831617,-3.2856932582542573,FALSE
WCA,Without mucin,E. tayi,C3P1,DSM26961,"E. tayi
(DSM26961)",7.575757575757576,0.013113937647185315,WCA,WCA,0.10942161973831617,-3.2856932582542573,FALSE
WCA,Without mucin,E. tayi,C3P1,DSM26961,"E. tayi
(DSM26961)",7.878787878787879,0.013740931360312186,WCA,WCA,0.10942161973831617,-3.2856932582542573,FALSE
WCA,Without mucin,E. tayi,C3P1,DSM26961,"E. tayi
(DSM26961)",8.181818181818182,0.014344147650055206,WCA,WCA,0.10942161973831617,-3.2856932582542573,FALSE
WCA,Without mucin,E. tayi,C3P1,DSM26961,"E. tayi
(DSM26961)",8.484848484848484,0.01493653462694909,WCA,WCA,0.10942161973831617,-3.2856932582542573,FALSE
WCA,Without mucin,E. tayi,C3P1,DSM26961,"E. tayi
(DSM26961)",8.787878787878789,0.015553267291074235,WCA,WCA,0.10942161973831617,-3.2856932582542573,FALSE
WCA,Without mucin,E. tayi,C3P1,DSM26961,"E. tayi
(DSM26961)",9.090909090909092,0.015999999999999997,WCA,WCA,0.10942161973831617,-3.2856932582542573,FALSE
WCA,Without mucin,E. tayi,C3P1,DSM26961,"E. tayi
(DSM26961)",9.393939393939394,0.015999999999999997,WCA,WCA,0.10942161973831617,-3.2856932582542573,FALSE
WCA,Without mucin,E. tayi,C3P1,DSM26961,"E. tayi
(DSM26961)",9.696969696969697,0.015999999999999997,WCA,WCA,0.10942161973831617,-3.2856932582542573,FALSE
WCA,Without mucin,E. tayi,C3P1,DSM26961,"E. tayi
(DSM26961)",10,0.015999999999999997,WCA,WCA,0.10942161973831617,-3.2856932582542573,FALSE
WCA,Without mucin,E. tayi,C3P1,DSM26961,"E. tayi
(DSM26961)",10.303030303030303,0.015999999999999997,WCA,WCA,0.10942161973831617,-3.2856932582542573,FALSE
WCA,Without mucin,E. tayi,C3P1,DSM26961,"E. tayi
(DSM26961)",10.606060606060606,0.015999999999999997,WCA,WCA,0.10942161973831617,-3.2856932582542573,FALSE
WCA,Without mucin,E. tayi,C3P1,DSM26961,"E. tayi
(DSM26961)",10.90909090909091,0.015999999999999997,WCA,WCA,0.10942161973831617,-3.2856932582542573,FALSE
WCA,Without mucin,E. tayi,C3P1,DSM26961,"E. tayi
(DSM26961)",11.212121212121213,0.016404863084777416,WCA,WCA,0.10942161973831617,-3.2856932582542573,FALSE
WCA,Without mucin,E. tayi,C3P1,DSM26961,"E. tayi
(DSM26961)",11.515151515151516,0.01700099626512775,WCA,WCA,0.10942161973831617,-3.2856932582542573,FALSE
WCA,Without mucin,E. tayi,C3P1,DSM26961,"E. tayi
(DSM26961)",11.818181818181818,0.017618700172159454,WCA,WCA,0.10942161973831617,-3.2856932582542573,FALSE
WCA,Without mucin,E. tayi,C3P1,DSM26961,"E. tayi
(DSM26961)",12.121212121212121,0.01823139180107987,WCA,WCA,0.10942161973831617,-3.2856932582542573,FALSE
WCA,Without mucin,E. tayi,C3P1,DSM26961,"E. tayi
(DSM26961)",12.424242424242424,0.01882291774394164,WCA,WCA,0.10942161973831617,-3.2856932582542573,FALSE
WCA,Without mucin,E. tayi,C3P1,DSM26961,"E. tayi
(DSM26961)",12.727272727272728,0.019433562612013122,WCA,WCA,0.10942161973831617,-3.2856932582542573,FALSE
WCA,Without mucin,E. tayi,C3P1,DSM26961,"E. tayi
(DSM26961)",13.030303030303031,0.020159707555321614,WCA,WCA,0.10942161973831617,-3.2856932582542573,FALSE
WCA,Without mucin,E. tayi,C3P1,DSM26961,"E. tayi
(DSM26961)",13.333333333333334,0.02182837685474381,WCA,WCA,0.10942161973831617,-3.2856932582542573,FALSE
WCA,Without mucin,E. tayi,C3P1,DSM26961,"E. tayi
(DSM26961)",13.636363636363637,0.02363468814544144,WCA,WCA,0.10942161973831617,-3.2856932582542573,FALSE
WCA,Without mucin,E. tayi,C3P1,DSM26961,"E. tayi
(DSM26961)",13.93939393939394,0.02558999497587904,WCA,WCA,0.10942161973831617,-3.2856932582542573,FALSE
WCA,Without mucin,E. tayi,C3P1,DSM26961,"E. tayi
(DSM26961)",14.242424242424242,0.025999999999999985,WCA,WCA,0.10942161973831617,-3.2856932582542573,FALSE
WCA,Without mucin,E. tayi,C3P1,DSM26961,"E. tayi
(DSM26961)",14.545454545454547,0.025999999999999985,WCA,WCA,0.10942161973831617,-3.2856932582542573,FALSE
WCA,Without mucin,E. tayi,C3P1,DSM26961,"E. tayi
(DSM26961)",14.84848484848485,0.025999999999999985,WCA,WCA,0.10942161973831617,-3.2856932582542573,FALSE
WCA,Without mucin,E. tayi,C3P1,DSM26961,"E. tayi
(DSM26961)",15.151515151515152,0.026433809662130978,WCA,WCA,0.10942161973831617,-3.2856932582542573,FALSE
WCA,Without mucin,E. tayi,C3P1,DSM26961,"E. tayi
(DSM26961)",15.454545454545455,0.027323205127523245,WCA,WCA,0.10942161973831617,-3.2856932582542573,FALSE
WCA,Without mucin,E. tayi,C3P1,DSM26961,"E. tayi
(DSM26961)",15.757575757575758,0.02824244627562846,WCA,WCA,0.10942161973831617,-3.2856932582542573,FALSE
WCA,Without mucin,E. tayi,C3P1,DSM26961,"E. tayi
(DSM26961)",16.060606060606062,0.029479102540158744,WCA,WCA,0.10942161973831617,-3.2856932582542573,FALSE
WCA,Without mucin,E. tayi,C3P1,DSM26961,"E. tayi
(DSM26961)",16.363636363636363,0.031995691634829224,WCA,WCA,0.10942161973831617,-3.2856932582542573,FALSE
WCA,Without mucin,E. tayi,C3P1,DSM26961,"E. tayi
(DSM26961)",16.666666666666668,0.03472660942739529,WCA,WCA,0.10942161973831617,-3.2856932582542573,FALSE
WCA,Without mucin,E. tayi,C3P1,DSM26961,"E. tayi
(DSM26961)",16.96969696969697,0.03769010950992675,WCA,WCA,0.10942161973831617,-3.2856932582542573,FALSE
WCA,Without mucin,E. tayi,C3P1,DSM26961,"E. tayi
(DSM26961)",17.272727272727273,0.0405002572864282,WCA,WCA,0.10942161973831617,-3.2856932582542573,FALSE
WCA,Without mucin,E. tayi,C3P1,DSM26961,"E. tayi
(DSM26961)",17.575757575757578,0.04347136889289152,WCA,WCA,0.10942161973831617,-3.2856932582542573,FALSE
WCA,Without mucin,E. tayi,C3P1,DSM26961,"E. tayi
(DSM26961)",17.87878787878788,0.04666006610931873,WCA,WCA,0.10942161973831617,-3.2856932582542573,FALSE
WCA,Without mucin,E. tayi,C3P1,DSM26961,"E. tayi
(DSM26961)",18.181818181818183,0.04763001352169969,WCA,WCA,0.10942161973831617,-3.2856932582542573,FALSE
WCA,Without mucin,E. tayi,C3P1,DSM26961,"E. tayi
(DSM26961)",18.484848484848484,0.04701968683132904,WCA,WCA,0.10942161973831617,-3.2856932582542573,FALSE
WCA,Without mucin,E. tayi,C3P1,DSM26961,"E. tayi
(DSM26961)",18.78787878787879,0.04641716933515933,WCA,WCA,0.10942161973831617,-3.2856932582542573,FALSE
WCA,Without mucin,E. tayi,C3P1,DSM26961,"E. tayi
(DSM26961)",19.09090909090909,0.04791275163108716,WCA,WCA,0.10942161973831617,-3.2856932582542573,FALSE
WCA,Without mucin,E. tayi,C3P1,DSM26961,"E. tayi
(DSM26961)",19.393939393939394,0.05488091651884527,WCA,WCA,0.10942161973831617,-3.2856932582542573,FALSE
WCA,Without mucin,E. tayi,C3P1,DSM26961,"E. tayi
(DSM26961)",19.6969696969697,0.06286101424189176,WCA,WCA,0.10942161973831617,-3.2856932582542573,FALSE
WCA,Without mucin,E. tayi,C3P1,DSM26961,"E. tayi
(DSM26961)",20,0.07200000000000001,WCA,WCA,0.10942161973831617,-3.2856932582542573,FALSE
WCA,Without mucin,E. tayi,C3P1,DSM26961,"E. tayi
(DSM26961)",20.303030303030305,0.05932680908047919,WCA,WCA,0.10942161973831617,-3.2856932582542573,FALSE
WCA,Without mucin,E. tayi,C3P1,DSM26961,"E. tayi
(DSM26961)",20.606060606060606,0.04888214276318721,WCA,WCA,0.10942161973831617,-3.2856932582542573,FALSE
WCA,Without mucin,E. tayi,C3P1,DSM26961,"E. tayi
(DSM26961)",20.90909090909091,0.040274124847861685,WCA,WCA,0.10942161973831617,-3.2856932582542573,FALSE
WCA,Without mucin,E. tayi,C3P1,DSM26961,"E. tayi
(DSM26961)",21.21212121212121,0.04312764091072495,WCA,WCA,0.10942161973831617,-3.2856932582542573,FALSE
WCA,Without mucin,E. tayi,C3P1,DSM26961,"E. tayi
(DSM26961)",21.515151515151516,0.05167351923305029,WCA,WCA,0.10942161973831617,-3.2856932582542573,FALSE
WCA,Without mucin,E. tayi,C3P1,DSM26961,"E. tayi
(DSM26961)",21.81818181818182,0.06191004627508052,WCA,WCA,0.10942161973831617,-3.2856932582542573,FALSE
WCA,Without mucin,E. tayi,C3P1,DSM26961,"E. tayi
(DSM26961)",22.12121212121212,0.073252265035658,WCA,WCA,0.10942161973831617,-3.2856932582542573,FALSE
WCA,Without mucin,E. tayi,C3P1,DSM26961,"E. tayi
(DSM26961)",22.424242424242426,0.08506377940601902,WCA,WCA,0.10942161973831617,-3.2856932582542573,FALSE
WCA,Without mucin,E. tayi,C3P1,DSM26961,"E. tayi
(DSM26961)",22.727272727272727,0.09877801557109524,WCA,WCA,0.10942161973831617,-3.2856932582542573,FALSE
WCA,Without mucin,E. tayi,C3P1,DSM26961,"E. tayi
(DSM26961)",23.03030303030303,0.11477532161340483,WCA,WCA,0.10942161973831617,-3.2856932582542573,FALSE
WCA,Without mucin,E. tayi,C3P1,DSM26961,"E. tayi
(DSM26961)",23.333333333333336,0.13413616596697225,WCA,WCA,0.10942161973831617,-3.2856932582542573,FALSE
WCA,Without mucin,E. tayi,C3P1,DSM26961,"E. tayi
(DSM26961)",23.636363636363637,0.15676089855575076,WCA,WCA,0.10942161973831617,-3.2856932582542573,FALSE
WCA,Without mucin,E. tayi,C3P1,DSM26961,"E. tayi
(DSM26961)",23.93939393939394,0.18319975191182514,WCA,WCA,0.10942161973831617,-3.2856932582542573,FALSE
WCA,Without mucin,E. tayi,C3P1,DSM26961,"E. tayi
(DSM26961)",24.242424242424242,0.169634228993803,WCA,WCA,0.10942161973831617,-3.2856932582542573,FALSE
WCA,Without mucin,E. tayi,C3P1,DSM26961,"E. tayi
(DSM26961)",24.545454545454547,0.14819212346370259,WCA,WCA,0.10942161973831617,-3.2856932582542573,FALSE
WCA,Without mucin,E. tayi,C3P1,DSM26961,"E. tayi
(DSM26961)",24.848484848484848,0.12945922495979117,WCA,WCA,0.10942161973831617,-3.2856932582542573,FALSE
WCA,Without mucin,E. tayi,C3P1,DSM26961,"E. tayi
(DSM26961)",25.151515151515152,0.1275105940858318,WCA,WCA,0.10942161973831617,-3.2856932582542573,FALSE
WCA,Without mucin,E. tayi,C3P1,DSM26961,"E. tayi
(DSM26961)",25.454545454545457,0.1416009400265211,WCA,WCA,0.10942161973831617,-3.2856932582542573,FALSE
WCA,Without mucin,E. tayi,C3P1,DSM26961,"E. tayi
(DSM26961)",25.757575757575758,0.1572474618899742,WCA,WCA,0.10942161973831617,-3.2856932582542573,FALSE
WCA,Without mucin,E. tayi,C3P1,DSM26961,"E. tayi
(DSM26961)",26.060606060606062,0.17031231999363233,WCA,WCA,0.10942161973831617,-3.2856932582542573,FALSE
WCA,Without mucin,E. tayi,C3P1,DSM26961,"E. tayi
(DSM26961)",26.363636363636363,0.16691516419531707,WCA,WCA,0.10942161973831617,-3.2856932582542573,FALSE
WCA,Without mucin,E. tayi,C3P1,DSM26961,"E. tayi
(DSM26961)",26.666666666666668,0.1635857423468533,WCA,WCA,0.10942161973831617,-3.2856932582542573,FALSE
WCA,Without mucin,E. tayi,C3P1,DSM26961,"E. tayi
(DSM26961)",26.96969696969697,0.16032270393968773,WCA,WCA,0.10942161973831617,-3.2856932582542573,FALSE
WCA,Without mucin,E. tayi,C3P1,DSM26961,"E. tayi
(DSM26961)",27.272727272727273,0.17027136641162618,WCA,WCA,0.10942161973831617,-3.2856932582542573,FALSE
WCA,Without mucin,E. tayi,C3P1,DSM26961,"E. tayi
(DSM26961)",27.575757575757578,0.18245881725904248,WCA,WCA,0.10942161973831617,-3.2856932582542573,FALSE
WCA,Without mucin,E. tayi,C3P1,DSM26961,"E. tayi
(DSM26961)",27.87878787878788,0.1955182463069813,WCA,WCA,0.10942161973831617,-3.2856932582542573,FALSE
WCA,Without mucin,E. tayi,C3P1,DSM26961,"E. tayi
(DSM26961)",28.181818181818183,0.20988745357467162,WCA,WCA,0.10942161973831617,-3.2856932582542573,FALSE
WCA,Without mucin,E. tayi,C3P1,DSM26961,"E. tayi
(DSM26961)",28.484848484848484,0.22558138066762617,WCA,WCA,0.10942161973831617,-3.2856932582542573,FALSE
WCA,Without mucin,E. tayi,C3P1,DSM26961,"E. tayi
(DSM26961)",28.78787878787879,0.24244839946752234,WCA,WCA,0.10942161973831617,-3.2856932582542573,FALSE
WCA,Without mucin,E. tayi,C3P1,DSM26961,"E. tayi
(DSM26961)",29.090909090909093,0.2592618578785027,WCA,WCA,0.10942161973831617,-3.2856932582542573,FALSE
WCA,Without mucin,E. tayi,C3P1,DSM26961,"E. tayi
(DSM26961)",29.393939393939394,0.2739890631335349,WCA,WCA,0.10942161973831617,-3.2856932582542573,FALSE
WCA,Without mucin,E. tayi,C3P1,DSM26961,"E. tayi
(DSM26961)",29.6969696969697,0.28955261212357203,WCA,WCA,0.10942161973831617,-3.2856932582542573,FALSE
WCA,Without mucin,E. tayi,C3P1,DSM26961,"E. tayi
(DSM26961)",30,0.306,WCA,WCA,0.10942161973831617,-3.2856932582542573,FALSE
WCA,With mucin,H. hathewayi,E6P1,DSM13479,"H. hathewayi
(DSM13479)",0,7.000000000000005e-5,WCA,NA,NA,NA,TRUE
WCA,With mucin,H. hathewayi,E6P1,DSM13479,"H. hathewayi
(DSM13479)",0.30303030303030304,1.2125098269789882e-4,WCA,NA,NA,NA,TRUE
WCA,With mucin,H. hathewayi,E6P1,DSM13479,"H. hathewayi
(DSM13479)",0.6060606060606061,1.9126384559222843e-4,WCA,NA,NA,NA,TRUE
WCA,With mucin,H. hathewayi,E6P1,DSM13479,"H. hathewayi
(DSM13479)",0.9090909090909092,2.8690690866389876e-4,WCA,NA,NA,NA,TRUE
WCA,With mucin,H. hathewayi,E6P1,DSM13479,"H. hathewayi
(DSM13479)",1.2121212121212122,4.1756283581171304e-4,WCA,NA,NA,NA,TRUE
WCA,With mucin,H. hathewayi,E6P1,DSM13479,"H. hathewayi
(DSM13479)",1.5151515151515151,5.960490819711741e-4,WCA,NA,NA,NA,TRUE
WCA,With mucin,H. hathewayi,E6P1,DSM13479,"H. hathewayi
(DSM13479)",1.8181818181818183,8.398752960858606e-4,WCA,NA,NA,NA,TRUE
WCA,With mucin,H. hathewayi,E6P1,DSM13479,"H. hathewayi
(DSM13479)",2.121212121212121,0.0011729610322068745,WCA,NA,NA,NA,TRUE
WCA,With mucin,H. hathewayi,E6P1,DSM13479,"H. hathewayi
(DSM13479)",2.4242424242424243,0.0016279822776054237,WCA,NA,NA,NA,TRUE
WCA,With mucin,H. hathewayi,E6P1,DSM13479,"H. hathewayi
(DSM13479)",2.7272727272727275,0.002249576994254671,WCA,NA,NA,NA,TRUE
WCA,With mucin,H. hathewayi,E6P1,DSM13479,"H. hathewayi
(DSM13479)",3.0303030303030303,0.003098724139961743,WCA,NA,NA,NA,TRUE
WCA,With mucin,H. hathewayi,E6P1,DSM13479,"H. hathewayi
(DSM13479)",3.3333333333333335,0.004258725754758839,WCA,NA,NA,NA,TRUE
WCA,With mucin,H. hathewayi,E6P1,DSM13479,"H. hathewayi
(DSM13479)",3.6363636363636367,0.00584337896019523,WCA,NA,NA,NA,TRUE
WCA,With mucin,H. hathewayi,E6P1,DSM13479,"H. hathewayi
(DSM13479)",3.9393939393939394,0.008008139551445822,WCA,NA,NA,NA,TRUE
WCA,With mucin,H. hathewayi,E6P1,DSM13479,"H. hathewayi
(DSM13479)",4.242424242424242,0.010965372339891267,WCA,NA,NA,NA,FALSE
WCA,With mucin,H. hathewayi,E6P1,DSM13479,"H. hathewayi
(DSM13479)",4.545454545454546,0.015005184317438688,WCA,NA,NA,NA,FALSE
WCA,With mucin,H. hathewayi,E6P1,DSM13479,"H. hathewayi
(DSM13479)",4.848484848484849,0.02052388439330072,WCA,NA,NA,NA,FALSE
WCA,With mucin,H. hathewayi,E6P1,DSM13479,"H. hathewayi
(DSM13479)",5.151515151515151,0.025069598840743314,WCA,NA,NA,NA,FALSE
WCA,With mucin,H. hathewayi,E6P1,DSM13479,"H. hathewayi
(DSM13479)",5.454545454545455,0.0273534979278143,WCA,NA,NA,NA,FALSE
WCA,With mucin,H. hathewayi,E6P1,DSM13479,"H. hathewayi
(DSM13479)",5.757575757575758,0.0298448862064578,WCA,NA,NA,NA,FALSE
WCA,With mucin,H. hathewayi,E6P1,DSM13479,"H. hathewayi
(DSM13479)",6.0606060606060606,0.03243579568632703,WCA,NA,NA,NA,FALSE
WCA,With mucin,H. hathewayi,E6P1,DSM13479,"H. hathewayi
(DSM13479)",6.363636363636364,0.03470522976431519,WCA,NA,NA,NA,FALSE
WCA,With mucin,H. hathewayi,E6P1,DSM13479,"H. hathewayi
(DSM13479)",6.666666666666667,0.03713310731140138,WCA,NA,NA,NA,FALSE
WCA,With mucin,H. hathewayi,E6P1,DSM13479,"H. hathewayi
(DSM13479)",6.96969696969697,0.03973049026286867,WCA,NA,NA,NA,FALSE
WCA,With mucin,H. hathewayi,E6P1,DSM13479,"H. hathewayi
(DSM13479)",7.272727272727273,0.042039466274406204,WCA,NA,NA,NA,FALSE
WCA,With mucin,H. hathewayi,E6P1,DSM13479,"H. hathewayi
(DSM13479)",7.575757575757576,0.04442751219402217,WCA,NA,NA,NA,FALSE
WCA,With mucin,H. hathewayi,E6P1,DSM13479,"H. hathewayi
(DSM13479)",7.878787878787879,0.04695098522347211,WCA,NA,NA,NA,FALSE
WCA,With mucin,H. hathewayi,E6P1,DSM13479,"H. hathewayi
(DSM13479)",8.181818181818182,0.04936446488512773,WCA,NA,NA,NA,FALSE
WCA,With mucin,H. hathewayi,E6P1,DSM13479,"H. hathewayi
(DSM13479)",8.484848484848484,0.051725181927489775,WCA,NA,NA,NA,FALSE
WCA,With mucin,H. hathewayi,E6P1,DSM13479,"H. hathewayi
(DSM13479)",8.787878787878789,0.05419863377879635,WCA,NA,NA,NA,FALSE
WCA,With mucin,H. hathewayi,E6P1,DSM13479,"H. hathewayi
(DSM13479)",9.090909090909092,0.056842804638566974,WCA,NA,NA,NA,FALSE
WCA,With mucin,H. hathewayi,E6P1,DSM13479,"H. hathewayi
(DSM13479)",9.393939393939394,0.05974472277751259,WCA,NA,NA,NA,FALSE
WCA,With mucin,H. hathewayi,E6P1,DSM13479,"H. hathewayi
(DSM13479)",9.696969696969697,0.06279460636884843,WCA,NA,NA,NA,FALSE
WCA,With mucin,H. hathewayi,E6P1,DSM13479,"H. hathewayi
(DSM13479)",10,0.06600000000000002,WCA,NA,NA,NA,FALSE
WCA,With mucin,H. hathewayi,E6P1,DSM13479,"H. hathewayi
(DSM13479)",10.303030303030303,0.06915632745030487,WCA,NA,NA,NA,FALSE
WCA,With mucin,H. hathewayi,E6P1,DSM13479,"H. hathewayi
(DSM13479)",10.606060606060606,0.0724634404761137,WCA,NA,NA,NA,FALSE
WCA,With mucin,H. hathewayi,E6P1,DSM13479,"H. hathewayi
(DSM13479)",10.90909090909091,0.07592854247762437,WCA,NA,NA,NA,FALSE
WCA,With mucin,H. hathewayi,E6P1,DSM13479,"H. hathewayi
(DSM13479)",11.212121212121213,0.07959083655325867,WCA,NA,NA,NA,FALSE
WCA,With mucin,H. hathewayi,E6P1,DSM13479,"H. hathewayi
(DSM13479)",11.515151515151516,0.08344383740990238,WCA,NA,NA,NA,FALSE
WCA,With mucin,H. hathewayi,E6P1,DSM13479,"H. hathewayi
(DSM13479)",11.818181818181818,0.08748319854398776,WCA,NA,NA,NA,FALSE
WCA,With mucin,H. hathewayi,E6P1,DSM13479,"H. hathewayi
(DSM13479)",12.121212121212121,0.09169753798702115,WCA,NA,NA,NA,FALSE
WCA,With mucin,H. hathewayi,E6P1,DSM13479,"H. hathewayi
(DSM13479)",12.424242424242424,0.09608267568421679,WCA,NA,NA,NA,FALSE
WCA,With mucin,H. hathewayi,E6P1,DSM13479,"H. hathewayi
(DSM13479)",12.727272727272728,0.1006773584236482,WCA,NA,NA,NA,FALSE
WCA,With mucin,H. hathewayi,E6P1,DSM13479,"H. hathewayi
(DSM13479)",13.030303030303031,0.10570634775533619,WCA,NA,NA,NA,FALSE
WCA,With mucin,H. hathewayi,E6P1,DSM13479,"H. hathewayi
(DSM13479)",13.333333333333334,0.11303633270911505,WCA,NA,NA,NA,FALSE
WCA,With mucin,H. hathewayi,E6P1,DSM13479,"H. hathewayi
(DSM13479)",13.636363636363637,0.12087426372609983,WCA,NA,NA,NA,FALSE
WCA,With mucin,H. hathewayi,E6P1,DSM13479,"H. hathewayi
(DSM13479)",13.93939393939394,0.12925533995127567,WCA,NA,NA,NA,FALSE
WCA,With mucin,H. hathewayi,E6P1,DSM13479,"H. hathewayi
(DSM13479)",14.242424242424242,0.13471127248435819,WCA,NA,NA,NA,FALSE
WCA,With mucin,H. hathewayi,E6P1,DSM13479,"H. hathewayi
(DSM13479)",14.545454545454547,0.139498486294218,WCA,NA,NA,NA,FALSE
WCA,With mucin,H. hathewayi,E6P1,DSM13479,"H. hathewayi
(DSM13479)",14.84848484848485,0.14445573423151165,WCA,NA,NA,NA,FALSE
WCA,With mucin,H. hathewayi,E6P1,DSM13479,"H. hathewayi
(DSM13479)",15.151515151515152,0.14875823560698834,WCA,NA,NA,NA,FALSE
WCA,With mucin,H. hathewayi,E6P1,DSM13479,"H. hathewayi
(DSM13479)",15.454545454545455,0.15233801772893377,WCA,NA,NA,NA,FALSE
WCA,With mucin,H. hathewayi,E6P1,DSM13479,"H. hathewayi
(DSM13479)",15.757575757575758,0.15600390474883982,WCA,NA,NA,NA,FALSE
WCA,With mucin,H. hathewayi,E6P1,DSM13479,"H. hathewayi
(DSM13479)",16.060606060606062,0.15947375444977674,WCA,NA,NA,NA,FALSE
WCA,With mucin,H. hathewayi,E6P1,DSM13479,"H. hathewayi
(DSM13479)",16.363636363636363,0.16186377550837636,WCA,NA,NA,NA,FALSE
WCA,With mucin,H. hathewayi,E6P1,DSM13479,"H. hathewayi
(DSM13479)",16.666666666666668,0.16428959991559494,WCA,NA,NA,NA,FALSE
WCA,With mucin,H. hathewayi,E6P1,DSM13479,"H. hathewayi
(DSM13479)",16.96969696969697,0.1667517640180759,WCA,NA,NA,NA,FALSE
WCA,With mucin,H. hathewayi,E6P1,DSM13479,"H. hathewayi
(DSM13479)",17.272727272727273,0.16834904685010715,WCA,NA,NA,NA,FALSE
WCA,With mucin,H. hathewayi,E6P1,DSM13479,"H. hathewayi
(DSM13479)",17.575757575757578,0.16986076758735327,WCA,NA,NA,NA,FALSE
WCA,With mucin,H. hathewayi,E6P1,DSM13479,"H. hathewayi
(DSM13479)",17.87878787878788,0.17138605745249888,WCA,NA,NA,NA,FALSE
WCA,With mucin,H. hathewayi,E6P1,DSM13479,"H. hathewayi
(DSM13479)",18.181818181818183,0.172,WCA,NA,NA,NA,FALSE
WCA,With mucin,H. hathewayi,E6P1,DSM13479,"H. hathewayi
(DSM13479)",18.484848484848484,0.172,WCA,NA,NA,NA,FALSE
WCA,With mucin,H. hathewayi,E6P1,DSM13479,"H. hathewayi
(DSM13479)",18.78787878787879,0.172,WCA,NA,NA,NA,FALSE
WCA,With mucin,H. hathewayi,E6P1,DSM13479,"H. hathewayi
(DSM13479)",19.09090909090909,0.1733964759154447,WCA,NA,NA,NA,FALSE
WCA,With mucin,H. hathewayi,E6P1,DSM13479,"H. hathewayi
(DSM13479)",19.393939393939394,0.17813376632645633,WCA,NA,NA,NA,FALSE
WCA,With mucin,H. hathewayi,E6P1,DSM13479,"H. hathewayi
(DSM13479)",19.6969696969697,0.18300042997987595,WCA,NA,NA,NA,FALSE
WCA,With mucin,H. hathewayi,E6P1,DSM13479,"H. hathewayi
(DSM13479)",20,0.188,WCA,NA,NA,NA,FALSE
WCA,With mucin,H. hathewayi,E6P1,DSM13479,"H. hathewayi
(DSM13479)",20.303030303030305,0.19497081266991828,WCA,NA,NA,NA,FALSE
WCA,With mucin,H. hathewayi,E6P1,DSM13479,"H. hathewayi
(DSM13479)",20.606060606060606,0.20219999844176179,WCA,NA,NA,NA,FALSE
WCA,With mucin,H. hathewayi,E6P1,DSM13479,"H. hathewayi
(DSM13479)",20.90909090909091,0.20969713391197065,WCA,NA,NA,NA,FALSE
WCA,With mucin,H. hathewayi,E6P1,DSM13479,"H. hathewayi
(DSM13479)",21.21212121212121,0.21991710296144584,WCA,NA,NA,NA,FALSE
WCA,With mucin,H. hathewayi,E6P1,DSM13479,"H. hathewayi
(DSM13479)",21.515151515151516,0.23174268525721653,WCA,NA,NA,NA,FALSE
WCA,With mucin,H. hathewayi,E6P1,DSM13479,"H. hathewayi
(DSM13479)",21.81818181818182,0.24420396116752863,WCA,NA,NA,NA,FALSE
WCA,With mucin,H. hathewayi,E6P1,DSM13479,"H. hathewayi
(DSM13479)",22.12121212121212,0.2573824865390963,WCA,NA,NA,NA,FALSE
WCA,With mucin,H. hathewayi,E6P1,DSM13479,"H. hathewayi
(DSM13479)",22.424242424242426,0.27134691758158674,WCA,NA,NA,NA,FALSE
WCA,With mucin,H. hathewayi,E6P1,DSM13479,"H. hathewayi
(DSM13479)",22.727272727272727,0.28606879065527246,WCA,NA,NA,NA,FALSE
WCA,With mucin,H. hathewayi,E6P1,DSM13479,"H. hathewayi
(DSM13479)",23.03030303030303,0.3014826372549456,WCA,NA,NA,NA,FALSE
WCA,With mucin,H. hathewayi,E6P1,DSM13479,"H. hathewayi
(DSM13479)",23.333333333333336,0.3167179533050146,WCA,NA,NA,NA,FALSE
WCA,With mucin,H. hathewayi,E6P1,DSM13479,"H. hathewayi
(DSM13479)",23.636363636363637,0.3327230018212242,WCA,NA,NA,NA,FALSE
WCA,With mucin,H. hathewayi,E6P1,DSM13479,"H. hathewayi
(DSM13479)",23.93939393939394,0.34953667192589316,WCA,NA,NA,NA,FALSE
WCA,With mucin,H. hathewayi,E6P1,DSM13479,"H. hathewayi
(DSM13479)",24.242424242424242,0.3696682080783978,WCA,NA,NA,NA,FALSE
WCA,With mucin,H. hathewayi,E6P1,DSM13479,"H. hathewayi
(DSM13479)",24.545454545454547,0.3916143553056971,WCA,NA,NA,NA,FALSE
WCA,With mucin,H. hathewayi,E6P1,DSM13479,"H. hathewayi
(DSM13479)",24.848484848484848,0.4148631360385389,WCA,NA,NA,NA,FALSE
WCA,With mucin,H. hathewayi,E6P1,DSM13479,"H. hathewayi
(DSM13479)",25.151515151515152,0.4340864923622282,WCA,NA,NA,NA,FALSE
WCA,With mucin,H. hathewayi,E6P1,DSM13479,"H. hathewayi
(DSM13479)",25.454545454545457,0.4486141927294896,WCA,NA,NA,NA,FALSE
WCA,With mucin,H. hathewayi,E6P1,DSM13479,"H. hathewayi
(DSM13479)",25.757575757575758,0.46362801752808797,WCA,NA,NA,NA,FALSE
WCA,With mucin,H. hathewayi,E6P1,DSM13479,"H. hathewayi
(DSM13479)",26.060606060606062,0.48957444106335185,WCA,NA,NA,NA,FALSE
WCA,With mucin,H. hathewayi,E6P1,DSM13479,"H. hathewayi
(DSM13479)",26.363636363636363,0.5634779776732046,WCA,NA,NA,NA,FALSE
WCA,With mucin,H. hathewayi,E6P1,DSM13479,"H. hathewayi
(DSM13479)",26.666666666666668,0.6485360016322514,WCA,NA,NA,NA,FALSE
WCA,With mucin,H. hathewayi,E6P1,DSM13479,"H. hathewayi
(DSM13479)",26.96969696969697,0.7464320939128077,WCA,NA,NA,NA,FALSE
WCA,With mucin,H. hathewayi,E6P1,DSM13479,"H. hathewayi
(DSM13479)",27.272727272727273,0.7897068271203561,WCA,NA,NA,NA,FALSE
WCA,With mucin,H. hathewayi,E6P1,DSM13479,"H. hathewayi
(DSM13479)",27.575757575757578,0.8277075897558452,WCA,NA,NA,NA,FALSE
WCA,With mucin,H. hathewayi,E6P1,DSM13479,"H. hathewayi
(DSM13479)",27.87878787878788,0.8675367903896278,WCA,NA,NA,NA,FALSE
WCA,With mucin,H. hathewayi,E6P1,DSM13479,"H. hathewayi
(DSM13479)",28.181818181818183,0.8886713914616436,WCA,NA,NA,NA,FALSE
WCA,With mucin,H. hathewayi,E6P1,DSM13479,"H. hathewayi
(DSM13479)",28.484848484848484,0.8965119603899746,WCA,NA,NA,NA,FALSE
WCA,With mucin,H. hathewayi,E6P1,DSM13479,"H. hathewayi
(DSM13479)",28.78787878787879,0.9044216996323143,WCA,NA,NA,NA,FALSE
WCA,With mucin,H. hathewayi,E6P1,DSM13479,"H. hathewayi
(DSM13479)",29.090909090909093,0.9039870631421878,WCA,NA,NA,NA,FALSE
WCA,With mucin,H. hathewayi,E6P1,DSM13479,"H. hathewayi
(DSM13479)",29.393939393939394,0.8842293946805843,WCA,NA,NA,NA,FALSE
WCA,With mucin,H. hathewayi,E6P1,DSM13479,"H. hathewayi
(DSM13479)",29.6969696969697,0.8649035191654146,WCA,NA,NA,NA,FALSE
WCA,With mucin,H. hathewayi,E6P1,DSM13479,"H. hathewayi
(DSM13479)",30,0.8460000000000001,WCA,NA,NA,NA,FALSE
WCA,With mucin,H. hathewayi,G6P1,DSM13479,"H. hathewayi
(DSM13479)",0,7.000000000000005e-5,WCA,NA,NA,NA,TRUE
WCA,With mucin,H. hathewayi,G6P1,DSM13479,"H. hathewayi
(DSM13479)",0.30303030303030304,1.5742895794849048e-4,WCA,NA,NA,NA,TRUE
WCA,With mucin,H. hathewayi,G6P1,DSM13479,"H. hathewayi
(DSM13479)",0.6060606060606061,2.994566493824016e-4,WCA,NA,NA,NA,TRUE
WCA,With mucin,H. hathewayi,G6P1,DSM13479,"H. hathewayi
(DSM13479)",0.9090909090909092,5.30179576972717e-4,WCA,NA,NA,NA,TRUE
WCA,With mucin,H. hathewayi,G6P1,DSM13479,"H. hathewayi
(DSM13479)",1.2121212121212122,9.049872555205057e-4,WCA,NA,NA,NA,TRUE
WCA,With mucin,H. hathewayi,G6P1,DSM13479,"H. hathewayi
(DSM13479)",1.5151515151515151,0.0015138595395434796,WCA,NA,NA,NA,TRUE
WCA,With mucin,H. hathewayi,G6P1,DSM13479,"H. hathewayi
(DSM13479)",1.8181818181818183,0.002502968032965352,WCA,NA,NA,NA,TRUE
WCA,With mucin,H. hathewayi,G6P1,DSM13479,"H. hathewayi
(DSM13479)",2.121212121212121,0.004109767418372052,WCA,NA,NA,NA,TRUE
WCA,With mucin,H. hathewayi,G6P1,DSM13479,"H. hathewayi
(DSM13479)",2.4242424242424243,0.006720001060195768,WCA,NA,NA,NA,TRUE
WCA,With mucin,H. hathewayi,G6P1,DSM13479,"H. hathewayi
(DSM13479)",2.7272727272727275,0.010960306182781923,WCA,NA,NA,NA,FALSE
WCA,With mucin,H. hathewayi,G6P1,DSM13479,"H. hathewayi
(DSM13479)",3.0303030303030303,0.017295409676931158,WCA,NA,NA,NA,FALSE
WCA,With mucin,H. hathewayi,G6P1,DSM13479,"H. hathewayi
(DSM13479)",3.3333333333333335,0.020545798311655112,WCA,NA,NA,NA,FALSE
WCA,With mucin,H. hathewayi,G6P1,DSM13479,"H. hathewayi
(DSM13479)",3.6363636363636367,0.024404581822935166,WCA,NA,NA,NA,FALSE
WCA,With mucin,H. hathewayi,G6P1,DSM13479,"H. hathewayi
(DSM13479)",3.9393939393939394,0.028985637155166662,WCA,NA,NA,NA,FALSE
WCA,With mucin,H. hathewayi,G6P1,DSM13479,"H. hathewayi
(DSM13479)",4.242424242424242,0.03197051474609626,WCA,NA,NA,NA,FALSE
WCA,With mucin,H. hathewayi,G6P1,DSM13479,"H. hathewayi
(DSM13479)",4.545454545454546,0.03461622646497656,WCA,NA,NA,NA,FALSE
WCA,With mucin,H. hathewayi,G6P1,DSM13479,"H. hathewayi
(DSM13479)",4.848484848484849,0.03748040503917704,WCA,NA,NA,NA,FALSE
WCA,With mucin,H. hathewayi,G6P1,DSM13479,"H. hathewayi
(DSM13479)",5.151515151515151,0.040118436093483034,WCA,NA,NA,NA,FALSE
WCA,With mucin,H. hathewayi,G6P1,DSM13479,"H. hathewayi
(DSM13479)",5.454545454545455,0.042452275434631356,WCA,NA,NA,NA,FALSE
WCA,With mucin,H. hathewayi,G6P1,DSM13479,"H. hathewayi
(DSM13479)",5.757575757575758,0.04492164645105119,WCA,NA,NA,NA,FALSE
WCA,With mucin,H. hathewayi,G6P1,DSM13479,"H. hathewayi
(DSM13479)",6.0606060606060606,0.04734350598896653,WCA,NA,NA,NA,FALSE
WCA,With mucin,H. hathewayi,G6P1,DSM13479,"H. hathewayi
(DSM13479)",6.363636363636364,0.04909900623780193,WCA,NA,NA,NA,FALSE
WCA,With mucin,H. hathewayi,G6P1,DSM13479,"H. hathewayi
(DSM13479)",6.666666666666667,0.050919504445750025,WCA,NA,NA,NA,FALSE
WCA,With mucin,H. hathewayi,G6P1,DSM13479,"H. hathewayi
(DSM13479)",6.96969696969697,0.05280740718307,WCA,NA,NA,NA,FALSE
WCA,With mucin,H. hathewayi,G6P1,DSM13479,"H. hathewayi
(DSM13479)",7.272727272727273,0.055558387622135094,WCA,NA,NA,NA,FALSE
WCA,With mucin,H. hathewayi,G6P1,DSM13479,"H. hathewayi
(DSM13479)",7.575757575757576,0.05854594733850341,WCA,NA,NA,NA,FALSE
WCA,With mucin,H. hathewayi,G6P1,DSM13479,"H. hathewayi
(DSM13479)",7.878787878787879,0.06169395594509473,WCA,NA,NA,NA,FALSE
WCA,With mucin,H. hathewayi,G6P1,DSM13479,"H. hathewayi
(DSM13479)",8.181818181818182,0.0643843978461079,WCA,NA,NA,NA,FALSE
WCA,With mucin,H. hathewayi,G6P1,DSM13479,"H. hathewayi
(DSM13479)",8.484848484848484,0.06675958478578516,WCA,NA,NA,NA,FALSE
WCA,With mucin,H. hathewayi,G6P1,DSM13479,"H. hathewayi
(DSM13479)",8.787878787878789,0.06922229892588531,WCA,NA,NA,NA,FALSE
WCA,With mucin,H. hathewayi,G6P1,DSM13479,"H. hathewayi
(DSM13479)",9.090909090909092,0.07201520271206323,WCA,NA,NA,NA,FALSE
WCA,With mucin,H. hathewayi,G6P1,DSM13479,"H. hathewayi
(DSM13479)",9.393939393939394,0.0755051154944367,WCA,NA,NA,NA,FALSE
WCA,With mucin,H. hathewayi,G6P1,DSM13479,"H. hathewayi
(DSM13479)",9.696969696969697,0.07916398793524695,WCA,NA,NA,NA,FALSE
WCA,With mucin,H. hathewayi,G6P1,DSM13479,"H. hathewayi
(DSM13479)",10,0.083,WCA,NA,NA,NA,FALSE
WCA,With mucin,H. hathewayi,G6P1,DSM13479,"H. hathewayi
(DSM13479)",10.303030303030303,0.0844844106436902,WCA,NA,NA,NA,FALSE
WCA,With mucin,H. hathewayi,G6P1,DSM13479,"H. hathewayi
(DSM13479)",10.606060606060606,0.08599534680753324,WCA,NA,NA,NA,FALSE
WCA,With mucin,H. hathewayi,G6P1,DSM13479,"H. hathewayi
(DSM13479)",10.90909090909091,0.08753328248652673,WCA,NA,NA,NA,FALSE
WCA,With mucin,H. hathewayi,G6P1,DSM13479,"H. hathewayi
(DSM13479)",11.212121212121213,0.08923989383801677,WCA,NA,NA,NA,FALSE
WCA,With mucin,H. hathewayi,G6P1,DSM13479,"H. hathewayi
(DSM13479)",11.515151515151516,0.09104151208474567,WCA,NA,NA,NA,FALSE
WCA,With mucin,H. hathewayi,G6P1,DSM13479,"H. hathewayi
(DSM13479)",11.818181818181818,0.09287947376631098,WCA,NA,NA,NA,FALSE
WCA,With mucin,H. hathewayi,G6P1,DSM13479,"H. hathewayi
(DSM13479)",12.121212121212121,0.09493528093876591,WCA,NA,NA,NA,FALSE
WCA,With mucin,H. hathewayi,G6P1,DSM13479,"H. hathewayi
(DSM13479)",12.424242424242424,0.09731436860199506,WCA,NA,NA,NA,FALSE
WCA,With mucin,H. hathewayi,G6P1,DSM13479,"H. hathewayi
(DSM13479)",12.727272727272728,0.09975303251249601,WCA,NA,NA,NA,FALSE
WCA,With mucin,H. hathewayi,G6P1,DSM13479,"H. hathewayi
(DSM13479)",13.030303030303031,0.10226170148983582,WCA,NA,NA,NA,FALSE
WCA,With mucin,H. hathewayi,G6P1,DSM13479,"H. hathewayi
(DSM13479)",13.333333333333334,0.10491590600979664,WCA,NA,NA,NA,FALSE
WCA,With mucin,H. hathewayi,G6P1,DSM13479,"H. hathewayi
(DSM13479)",13.636363636363637,0.10763895333732552,WCA,NA,NA,NA,FALSE
WCA,With mucin,H. hathewayi,G6P1,DSM13479,"H. hathewayi
(DSM13479)",13.93939393939394,0.11043262906660646,WCA,NA,NA,NA,FALSE
WCA,With mucin,H. hathewayi,G6P1,DSM13479,"H. hathewayi
(DSM13479)",14.242424242424242,0.1126578925561432,WCA,NA,NA,NA,FALSE
WCA,With mucin,H. hathewayi,G6P1,DSM13479,"H. hathewayi
(DSM13479)",14.545454545454547,0.1147651013602755,WCA,NA,NA,NA,FALSE
WCA,With mucin,H. hathewayi,G6P1,DSM13479,"H. hathewayi
(DSM13479)",14.84848484848485,0.11691169996265137,WCA,NA,NA,NA,FALSE
WCA,With mucin,H. hathewayi,G6P1,DSM13479,"H. hathewayi
(DSM13479)",15.151515151515152,0.11932150364158509,WCA,NA,NA,NA,FALSE
WCA,With mucin,H. hathewayi,G6P1,DSM13479,"H. hathewayi
(DSM13479)",15.454545454545455,0.12200904943553519,WCA,NA,NA,NA,FALSE
WCA,With mucin,H. hathewayi,G6P1,DSM13479,"H. hathewayi
(DSM13479)",15.757575757575758,0.1247570928543101,WCA,NA,NA,NA,FALSE
WCA,With mucin,H. hathewayi,G6P1,DSM13479,"H. hathewayi
(DSM13479)",16.060606060606062,0.12791662244870725,WCA,NA,NA,NA,FALSE
WCA,With mucin,H. hathewayi,G6P1,DSM13479,"H. hathewayi
(DSM13479)",16.363636363636363,0.13259987496112866,WCA,NA,NA,NA,FALSE
WCA,With mucin,H. hathewayi,G6P1,DSM13479,"H. hathewayi
(DSM13479)",16.666666666666668,0.13745449580623578,WCA,NA,NA,NA,FALSE
WCA,With mucin,H. hathewayi,G6P1,DSM13479,"H. hathewayi
(DSM13479)",16.96969696969697,0.1424867556485655,WCA,NA,NA,NA,FALSE
WCA,With mucin,H. hathewayi,G6P1,DSM13479,"H. hathewayi
(DSM13479)",17.272727272727273,0.14461199492407,WCA,NA,NA,NA,FALSE
WCA,With mucin,H. hathewayi,G6P1,DSM13479,"H. hathewayi
(DSM13479)",17.575757575757578,0.14642441111373963,WCA,NA,NA,NA,FALSE
WCA,With mucin,H. hathewayi,G6P1,DSM13479,"H. hathewayi
(DSM13479)",17.87878787878788,0.14825953125110017,WCA,NA,NA,NA,FALSE
WCA,With mucin,H. hathewayi,G6P1,DSM13479,"H. hathewayi
(DSM13479)",18.181818181818183,0.1505973664672153,WCA,NA,NA,NA,FALSE
WCA,With mucin,H. hathewayi,G6P1,DSM13479,"H. hathewayi
(DSM13479)",18.484848484848484,0.1532977714160552,WCA,NA,NA,NA,FALSE
WCA,With mucin,H. hathewayi,G6P1,DSM13479,"H. hathewayi
(DSM13479)",18.78787878787879,0.1560465756105891,WCA,NA,NA,NA,FALSE
WCA,With mucin,H. hathewayi,G6P1,DSM13479,"H. hathewayi
(DSM13479)",19.09090909090909,0.15947470219932908,WCA,NA,NA,NA,FALSE
WCA,With mucin,H. hathewayi,G6P1,DSM13479,"H. hathewayi
(DSM13479)",19.393939393939394,0.1644904636743533,WCA,NA,NA,NA,FALSE
WCA,With mucin,H. hathewayi,G6P1,DSM13479,"H. hathewayi
(DSM13479)",19.6969696969697,0.16966391050544094,WCA,NA,NA,NA,FALSE
WCA,With mucin,H. hathewayi,G6P1,DSM13479,"H. hathewayi
(DSM13479)",20,0.175,WCA,NA,NA,NA,FALSE
WCA,With mucin,H. hathewayi,G6P1,DSM13479,"H. hathewayi
(DSM13479)",20.303030303030305,0.1844053394847917,WCA,NA,NA,NA,FALSE
WCA,With mucin,H. hathewayi,G6P1,DSM13479,"H. hathewayi
(DSM13479)",20.606060606060606,0.19431596491705688,WCA,NA,NA,NA,FALSE
WCA,With mucin,H. hathewayi,G6P1,DSM13479,"H. hathewayi
(DSM13479)",20.90909090909091,0.20475902192924475,WCA,NA,NA,NA,FALSE
WCA,With mucin,H. hathewayi,G6P1,DSM13479,"H. hathewayi
(DSM13479)",21.21212121212121,0.21590727470610402,WCA,NA,NA,NA,FALSE
WCA,With mucin,H. hathewayi,G6P1,DSM13479,"H. hathewayi
(DSM13479)",21.515151515151516,0.22772747140745236,WCA,NA,NA,NA,FALSE
WCA,With mucin,H. hathewayi,G6P1,DSM13479,"H. hathewayi
(DSM13479)",21.81818181818182,0.24019457436432545,WCA,NA,NA,NA,FALSE
WCA,With mucin,H. hathewayi,G6P1,DSM13479,"H. hathewayi
(DSM13479)",22.12121212121212,0.2541966005032122,WCA,NA,NA,NA,FALSE
WCA,With mucin,H. hathewayi,G6P1,DSM13479,"H. hathewayi
(DSM13479)",22.424242424242426,0.27037377637764265,WCA,NA,NA,NA,FALSE
WCA,With mucin,H. hathewayi,G6P1,DSM13479,"H. hathewayi
(DSM13479)",22.727272727272727,0.2875801909281489,WCA,NA,NA,NA,FALSE
WCA,With mucin,H. hathewayi,G6P1,DSM13479,"H. hathewayi
(DSM13479)",23.03030303030303,0.304868229353066,WCA,NA,NA,NA,FALSE
WCA,With mucin,H. hathewayi,G6P1,DSM13479,"H. hathewayi
(DSM13479)",23.333333333333336,0.3136880484844625,WCA,NA,NA,NA,FALSE
WCA,With mucin,H. hathewayi,G6P1,DSM13479,"H. hathewayi
(DSM13479)",23.636363636363637,0.3227629658686283,WCA,NA,NA,NA,FALSE
WCA,With mucin,H. hathewayi,G6P1,DSM13479,"H. hathewayi
(DSM13479)",23.93939393939394,0.33210035978822394,WCA,NA,NA,NA,FALSE
WCA,With mucin,H. hathewayi,G6P1,DSM13479,"H. hathewayi
(DSM13479)",24.242424242424242,0.37742784523592904,WCA,NA,NA,NA,FALSE
WCA,With mucin,H. hathewayi,G6P1,DSM13479,"H. hathewayi
(DSM13479)",24.545454545454547,0.43973557168927535,WCA,NA,NA,NA,FALSE
WCA,With mucin,H. hathewayi,G6P1,DSM13479,"H. hathewayi
(DSM13479)",24.848484848484848,0.5123274701578509,WCA,NA,NA,NA,FALSE
WCA,With mucin,H. hathewayi,G6P1,DSM13479,"H. hathewayi
(DSM13479)",25.151515151515152,0.5667085927318533,WCA,NA,NA,NA,FALSE
WCA,With mucin,H. hathewayi,G6P1,DSM13479,"H. hathewayi
(DSM13479)",25.454545454545457,0.5951535586460088,WCA,NA,NA,NA,FALSE
WCA,With mucin,H. hathewayi,G6P1,DSM13479,"H. hathewayi
(DSM13479)",25.757575757575758,0.6250260945076413,WCA,NA,NA,NA,FALSE
WCA,With mucin,H. hathewayi,G6P1,DSM13479,"H. hathewayi
(DSM13479)",26.060606060606062,0.6599419617691472,WCA,NA,NA,NA,FALSE
WCA,With mucin,H. hathewayi,G6P1,DSM13479,"H. hathewayi
(DSM13479)",26.363636363636363,0.7119795527138166,WCA,NA,NA,NA,FALSE
WCA,With mucin,H. hathewayi,G6P1,DSM13479,"H. hathewayi
(DSM13479)",26.666666666666668,0.768119964558984,WCA,NA,NA,NA,FALSE
WCA,With mucin,H. hathewayi,G6P1,DSM13479,"H. hathewayi
(DSM13479)",26.96969696969697,0.8286866776778933,WCA,NA,NA,NA,FALSE
WCA,With mucin,H. hathewayi,G6P1,DSM13479,"H. hathewayi
(DSM13479)",27.272727272727273,0.8593977177280843,WCA,NA,NA,NA,FALSE
WCA,With mucin,H. hathewayi,G6P1,DSM13479,"H. hathewayi
(DSM13479)",27.575757575757578,0.887343206890029,WCA,NA,NA,NA,FALSE
WCA,With mucin,H. hathewayi,G6P1,DSM13479,"H. hathewayi
(DSM13479)",27.87878787878788,0.9161973402609317,WCA,NA,NA,NA,FALSE
WCA,With mucin,H. hathewayi,G6P1,DSM13479,"H. hathewayi
(DSM13479)",28.181818181818183,0.9360241366893873,WCA,NA,NA,NA,FALSE
WCA,With mucin,H. hathewayi,G6P1,DSM13479,"H. hathewayi
(DSM13479)",28.484848484848484,0.9495521650895163,WCA,NA,NA,NA,FALSE
WCA,With mucin,H. hathewayi,G6P1,DSM13479,"H. hathewayi
(DSM13479)",28.78787878787879,0.9632756947167357,WCA,NA,NA,NA,FALSE
WCA,With mucin,H. hathewayi,G6P1,DSM13479,"H. hathewayi
(DSM13479)",29.090909090909093,0.9727268897824609,WCA,NA,NA,NA,FALSE
WCA,With mucin,H. hathewayi,G6P1,DSM13479,"H. hathewayi
(DSM13479)",29.393939393939394,0.9718170758782094,WCA,NA,NA,NA,FALSE
WCA,With mucin,H. hathewayi,G6P1,DSM13479,"H. hathewayi
(DSM13479)",29.6969696969697,0.9709081128826615,WCA,NA,NA,NA,FALSE
WCA,With mucin,H. hathewayi,G6P1,DSM13479,"H. hathewayi
(DSM13479)",30,0.97,WCA,NA,NA,NA,FALSE
WCA,With mucin,H. hathewayi,F6P1,DSM13479,"H. hathewayi
(DSM13479)",0,7.000000000000005e-5,WCA,NA,NA,NA,TRUE
WCA,With mucin,H. hathewayi,F6P1,DSM13479,"H. hathewayi
(DSM13479)",0.30303030303030304,1.5998847941377792e-4,WCA,NA,NA,NA,TRUE
WCA,With mucin,H. hathewayi,F6P1,DSM13479,"H. hathewayi
(DSM13479)",0.6060606060606061,3.0781929045044134e-4,WCA,NA,NA,NA,TRUE
WCA,With mucin,H. hathewayi,F6P1,DSM13479,"H. hathewayi
(DSM13479)",0.9090909090909092,5.506720293134962e-4,WCA,NA,NA,NA,TRUE
WCA,With mucin,H. hathewayi,F6P1,DSM13479,"H. hathewayi
(DSM13479)",1.2121212121212122,9.496244016891063e-4,WCA,NA,NA,NA,TRUE
WCA,With mucin,H. hathewayi,F6P1,DSM13479,"H. hathewayi
(DSM13479)",1.5151515151515151,0.0016050133265547199,WCA,NA,NA,NA,TRUE
WCA,With mucin,H. hathewayi,F6P1,DSM13479,"H. hathewayi
(DSM13479)",1.8181818181818183,0.0026816697712295262,WCA,NA,NA,NA,TRUE
WCA,With mucin,H. hathewayi,F6P1,DSM13479,"H. hathewayi
(DSM13479)",2.121212121212121,0.004450373903813834,WCA,NA,NA,NA,TRUE
WCA,With mucin,H. hathewayi,F6P1,DSM13479,"H. hathewayi
(DSM13479)",2.4242424242424243,0.007355956575141911,WCA,NA,NA,NA,TRUE
WCA,With mucin,H. hathewayi,F6P1,DSM13479,"H. hathewayi
(DSM13479)",2.7272727272727275,0.012129174720783101,WCA,NA,NA,NA,FALSE
WCA,With mucin,H. hathewayi,F6P1,DSM13479,"H. hathewayi
(DSM13479)",3.0303030303030303,0.01935533076663859,WCA,NA,NA,NA,FALSE
WCA,With mucin,H. hathewayi,F6P1,DSM13479,"H. hathewayi
(DSM13479)",3.3333333333333335,0.023293920366609527,WCA,NA,NA,NA,FALSE
WCA,With mucin,H. hathewayi,F6P1,DSM13479,"H. hathewayi
(DSM13479)",3.6363636363636367,0.028031080051350417,WCA,NA,NA,NA,FALSE
WCA,With mucin,H. hathewayi,F6P1,DSM13479,"H. hathewayi
(DSM13479)",3.9393939393939394,0.033728724172205266,WCA,NA,NA,NA,FALSE
WCA,With mucin,H. hathewayi,F6P1,DSM13479,"H. hathewayi
(DSM13479)",4.242424242424242,0.037593409160948534,WCA,NA,NA,NA,FALSE
WCA,With mucin,H. hathewayi,F6P1,DSM13479,"H. hathewayi
(DSM13479)",4.545454545454546,0.041106502602503175,WCA,NA,NA,NA,FALSE
WCA,With mucin,H. hathewayi,F6P1,DSM13479,"H. hathewayi
(DSM13479)",4.848484848484849,0.04494728346811314,WCA,NA,NA,NA,FALSE
WCA,With mucin,H. hathewayi,F6P1,DSM13479,"H. hathewayi
(DSM13479)",5.151515151515151,0.04799923986729423,WCA,NA,NA,NA,FALSE
WCA,With mucin,H. hathewayi,F6P1,DSM13479,"H. hathewayi
(DSM13479)",5.454545454545455,0.05006180792738423,WCA,NA,NA,NA,FALSE
WCA,With mucin,H. hathewayi,F6P1,DSM13479,"H. hathewayi
(DSM13479)",5.757575757575758,0.05221287722057565,WCA,NA,NA,NA,FALSE
WCA,With mucin,H. hathewayi,F6P1,DSM13479,"H. hathewayi
(DSM13479)",6.0606060606060606,0.054400417742970705,WCA,NA,NA,NA,FALSE
WCA,With mucin,H. hathewayi,F6P1,DSM13479,"H. hathewayi
(DSM13479)",6.363636363636364,0.05644742776508775,WCA,NA,NA,NA,FALSE
WCA,With mucin,H. hathewayi,F6P1,DSM13479,"H. hathewayi
(DSM13479)",6.666666666666667,0.058571364864401454,WCA,NA,NA,NA,FALSE
WCA,With mucin,H. hathewayi,F6P1,DSM13479,"H. hathewayi
(DSM13479)",6.96969696969697,0.06077511997702937,WCA,NA,NA,NA,FALSE
WCA,With mucin,H. hathewayi,F6P1,DSM13479,"H. hathewayi
(DSM13479)",7.272727272727273,0.06333315699026015,WCA,NA,NA,NA,FALSE
WCA,With mucin,H. hathewayi,F6P1,DSM13479,"H. hathewayi
(DSM13479)",7.575757575757576,0.06603024421041624,WCA,NA,NA,NA,FALSE
WCA,With mucin,H. hathewayi,F6P1,DSM13479,"H. hathewayi
(DSM13479)",7.878787878787879,0.06884206198687956,WCA,NA,NA,NA,FALSE
WCA,With mucin,H. hathewayi,F6P1,DSM13479,"H. hathewayi
(DSM13479)",8.181818181818182,0.07105456550871758,WCA,NA,NA,NA,FALSE
WCA,With mucin,H. hathewayi,F6P1,DSM13479,"H. hathewayi
(DSM13479)",8.484848484848484,0.07284756226085393,WCA,NA,NA,NA,FALSE
WCA,With mucin,H. hathewayi,F6P1,DSM13479,"H. hathewayi
(DSM13479)",8.787878787878789,0.07468575911129922,WCA,NA,NA,NA,FALSE
WCA,With mucin,H. hathewayi,F6P1,DSM13479,"H. hathewayi
(DSM13479)",9.090909090909092,0.07693974771474227,WCA,NA,NA,NA,FALSE
WCA,With mucin,H. hathewayi,F6P1,DSM13479,"H. hathewayi
(DSM13479)",9.393939393939394,0.08015689458739528,WCA,NA,NA,NA,FALSE
WCA,With mucin,H. hathewayi,F6P1,DSM13479,"H. hathewayi
(DSM13479)",9.696969696969697,0.08350844047195727,WCA,NA,NA,NA,FALSE
WCA,With mucin,H. hathewayi,F6P1,DSM13479,"H. hathewayi
(DSM13479)",10,0.08699999999999998,WCA,NA,NA,NA,FALSE
WCA,With mucin,H. hathewayi,F6P1,DSM13479,"H. hathewayi
(DSM13479)",10.303030303030303,0.08991633628733259,WCA,NA,NA,NA,FALSE
WCA,With mucin,H. hathewayi,F6P1,DSM13479,"H. hathewayi
(DSM13479)",10.606060606060606,0.09293035280138863,WCA,NA,NA,NA,FALSE
WCA,With mucin,H. hathewayi,F6P1,DSM13479,"H. hathewayi
(DSM13479)",10.90909090909091,0.09604532125905976,WCA,NA,NA,NA,FALSE
WCA,With mucin,H. hathewayi,F6P1,DSM13479,"H. hathewayi
(DSM13479)",11.212121212121213,0.09942990486894583,WCA,NA,NA,NA,FALSE
WCA,With mucin,H. hathewayi,F6P1,DSM13479,"H. hathewayi
(DSM13479)",11.515151515151516,0.1030070890547179,WCA,NA,NA,NA,FALSE
WCA,With mucin,H. hathewayi,F6P1,DSM13479,"H. hathewayi
(DSM13479)",11.818181818181818,0.10671287885791036,WCA,NA,NA,NA,FALSE
WCA,With mucin,H. hathewayi,F6P1,DSM13479,"H. hathewayi
(DSM13479)",12.121212121212121,0.11093188045665094,WCA,NA,NA,NA,FALSE
WCA,With mucin,H. hathewayi,F6P1,DSM13479,"H. hathewayi
(DSM13479)",12.424242424242424,0.1159126142730796,WCA,NA,NA,NA,FALSE
WCA,With mucin,H. hathewayi,F6P1,DSM13479,"H. hathewayi
(DSM13479)",12.727272727272728,0.12111683718039626,WCA,NA,NA,NA,FALSE
WCA,With mucin,H. hathewayi,F6P1,DSM13479,"H. hathewayi
(DSM13479)",13.030303030303031,0.12626370768130663,WCA,NA,NA,NA,FALSE
WCA,With mucin,H. hathewayi,F6P1,DSM13479,"H. hathewayi
(DSM13479)",13.333333333333334,0.1289313143435782,WCA,NA,NA,NA,FALSE
WCA,With mucin,H. hathewayi,F6P1,DSM13479,"H. hathewayi
(DSM13479)",13.636363636363637,0.13165524900757797,WCA,NA,NA,NA,FALSE
WCA,With mucin,H. hathewayi,F6P1,DSM13479,"H. hathewayi
(DSM13479)",13.93939393939394,0.1344367010704623,WCA,NA,NA,NA,FALSE
WCA,With mucin,H. hathewayi,F6P1,DSM13479,"H. hathewayi
(DSM13479)",14.242424242424242,0.1347568929434431,WCA,NA,NA,NA,FALSE
WCA,With mucin,H. hathewayi,F6P1,DSM13479,"H. hathewayi
(DSM13479)",14.545454545454547,0.13445362434721558,WCA,NA,NA,NA,FALSE
WCA,With mucin,H. hathewayi,F6P1,DSM13479,"H. hathewayi
(DSM13479)",14.84848484848485,0.13415103789858823,WCA,NA,NA,NA,FALSE
WCA,With mucin,H. hathewayi,F6P1,DSM13479,"H. hathewayi
(DSM13479)",15.151515151515152,0.1335410790853107,WCA,NA,NA,NA,FALSE
WCA,With mucin,H. hathewayi,F6P1,DSM13479,"H. hathewayi
(DSM13479)",15.454545454545455,0.1326279445305375,WCA,NA,NA,NA,FALSE
WCA,With mucin,H. hathewayi,F6P1,DSM13479,"H. hathewayi
(DSM13479)",15.757575757575758,0.1317210505863546,WCA,NA,NA,NA,FALSE
WCA,With mucin,H. hathewayi,F6P1,DSM13479,"H. hathewayi
(DSM13479)",16.060606060606062,0.13075403065965863,WCA,NA,NA,NA,FALSE
WCA,With mucin,H. hathewayi,F6P1,DSM13479,"H. hathewayi
(DSM13479)",16.363636363636363,0.1295310905436528,WCA,NA,NA,NA,FALSE
WCA,With mucin,H. hathewayi,F6P1,DSM13479,"H. hathewayi
(DSM13479)",16.666666666666668,0.12831958244453104,WCA,NA,NA,NA,FALSE
WCA,With mucin,H. hathewayi,F6P1,DSM13479,"H. hathewayi
(DSM13479)",16.96969696969697,0.12711939949605486,WCA,NA,NA,NA,FALSE
WCA,With mucin,H. hathewayi,F6P1,DSM13479,"H. hathewayi
(DSM13479)",17.272727272727273,0.12645139500113173,WCA,NA,NA,NA,FALSE
WCA,With mucin,H. hathewayi,F6P1,DSM13479,"H. hathewayi
(DSM13479)",17.575757575757578,0.1258446113368745,WCA,NA,NA,NA,FALSE
WCA,With mucin,H. hathewayi,F6P1,DSM13479,"H. hathewayi
(DSM13479)",17.87878787878788,0.1252407377449826,WCA,NA,NA,NA,FALSE
WCA,With mucin,H. hathewayi,F6P1,DSM13479,"H. hathewayi
(DSM13479)",18.181818181818183,0.1255401786887168,WCA,NA,NA,NA,FALSE
WCA,With mucin,H. hathewayi,F6P1,DSM13479,"H. hathewayi
(DSM13479)",18.484848484848484,0.12644566600551854,WCA,NA,NA,NA,FALSE
WCA,With mucin,H. hathewayi,F6P1,DSM13479,"H. hathewayi
(DSM13479)",18.78787878787879,0.1273576807175477,WCA,NA,NA,NA,FALSE
WCA,With mucin,H. hathewayi,F6P1,DSM13479,"H. hathewayi
(DSM13479)",19.09090909090909,0.12862108252601115,WCA,NA,NA,NA,FALSE
WCA,With mucin,H. hathewayi,F6P1,DSM13479,"H. hathewayi
(DSM13479)",19.393939393939394,0.13071319294077807,WCA,NA,NA,NA,FALSE
WCA,With mucin,H. hathewayi,F6P1,DSM13479,"H. hathewayi
(DSM13479)",19.6969696969697,0.13283931446106736,WCA,NA,NA,NA,FALSE
WCA,With mucin,H. hathewayi,F6P1,DSM13479,"H. hathewayi
(DSM13479)",20,0.13499999999999995,WCA,NA,NA,NA,FALSE
WCA,With mucin,H. hathewayi,F6P1,DSM13479,"H. hathewayi
(DSM13479)",20.303030303030305,0.1402187658024329,WCA,NA,NA,NA,FALSE
WCA,With mucin,H. hathewayi,F6P1,DSM13479,"H. hathewayi
(DSM13479)",20.606060606060606,0.14563917161745654,WCA,NA,NA,NA,FALSE
WCA,With mucin,H. hathewayi,F6P1,DSM13479,"H. hathewayi
(DSM13479)",20.90909090909091,0.15126900830908319,WCA,NA,NA,NA,FALSE
WCA,With mucin,H. hathewayi,F6P1,DSM13479,"H. hathewayi
(DSM13479)",21.21212121212121,0.15873824890928764,WCA,NA,NA,NA,FALSE
WCA,With mucin,H. hathewayi,F6P1,DSM13479,"H. hathewayi
(DSM13479)",21.515151515151516,0.16731089211988137,WCA,NA,NA,NA,FALSE
WCA,With mucin,H. hathewayi,F6P1,DSM13479,"H. hathewayi
(DSM13479)",21.81818181818182,0.17634629600015617,WCA,NA,NA,NA,FALSE
WCA,With mucin,H. hathewayi,F6P1,DSM13479,"H. hathewayi
(DSM13479)",22.12121212121212,0.1866389333619697,WCA,NA,NA,NA,FALSE
WCA,With mucin,H. hathewayi,F6P1,DSM13479,"H. hathewayi
(DSM13479)",22.424242424242426,0.19875997693217337,WCA,NA,NA,NA,FALSE
WCA,With mucin,H. hathewayi,F6P1,DSM13479,"H. hathewayi
(DSM13479)",22.727272727272727,0.2116679121341015,WCA,NA,NA,NA,FALSE
WCA,With mucin,H. hathewayi,F6P1,DSM13479,"H. hathewayi
(DSM13479)",23.03030303030303,0.22514387044376122,WCA,NA,NA,NA,FALSE
WCA,With mucin,H. hathewayi,F6P1,DSM13479,"H. hathewayi
(DSM13479)",23.333333333333336,0.2369087124087119,WCA,NA,NA,NA,FALSE
WCA,With mucin,H. hathewayi,F6P1,DSM13479,"H. hathewayi
(DSM13479)",23.636363636363637,0.24928813244644066,WCA,NA,NA,NA,FALSE
WCA,With mucin,H. hathewayi,F6P1,DSM13479,"H. hathewayi
(DSM13479)",23.93939393939394,0.2623142352132335,WCA,NA,NA,NA,FALSE
WCA,With mucin,H. hathewayi,F6P1,DSM13479,"H. hathewayi
(DSM13479)",24.242424242424242,0.2765523667880404,WCA,NA,NA,NA,FALSE
WCA,With mucin,H. hathewayi,F6P1,DSM13479,"H. hathewayi
(DSM13479)",24.545454545454547,0.2917033933377519,WCA,NA,NA,NA,FALSE
WCA,With mucin,H. hathewayi,F6P1,DSM13479,"H. hathewayi
(DSM13479)",24.848484848484848,0.30768426458937753,WCA,NA,NA,NA,FALSE
WCA,With mucin,H. hathewayi,F6P1,DSM13479,"H. hathewayi
(DSM13479)",25.151515151515152,0.32598235109680773,WCA,NA,NA,NA,FALSE
WCA,With mucin,H. hathewayi,F6P1,DSM13479,"H. hathewayi
(DSM13479)",25.454545454545457,0.34690281984320553,WCA,NA,NA,NA,FALSE
WCA,With mucin,H. hathewayi,F6P1,DSM13479,"H. hathewayi
(DSM13479)",25.757575757575758,0.369165606812725,WCA,NA,NA,NA,FALSE
WCA,With mucin,H. hathewayi,F6P1,DSM13479,"H. hathewayi
(DSM13479)",26.060606060606062,0.39663932621766057,WCA,NA,NA,NA,FALSE
WCA,With mucin,H. hathewayi,F6P1,DSM13479,"H. hathewayi
(DSM13479)",26.363636363636363,0.4428080021060229,WCA,NA,NA,NA,FALSE
WCA,With mucin,H. hathewayi,F6P1,DSM13479,"H. hathewayi
(DSM13479)",26.666666666666668,0.49434974712186874,WCA,NA,NA,NA,FALSE
WCA,With mucin,H. hathewayi,F6P1,DSM13479,"H. hathewayi
(DSM13479)",26.96969696969697,0.55188987423537,WCA,NA,NA,NA,FALSE
WCA,With mucin,H. hathewayi,F6P1,DSM13479,"H. hathewayi
(DSM13479)",27.272727272727273,0.5877337455858279,WCA,NA,NA,NA,FALSE
WCA,With mucin,H. hathewayi,F6P1,DSM13479,"H. hathewayi
(DSM13479)",27.575757575757578,0.622632879303324,WCA,NA,NA,NA,FALSE
WCA,With mucin,H. hathewayi,F6P1,DSM13479,"H. hathewayi
(DSM13479)",27.87878787878788,0.6596040473407401,WCA,NA,NA,NA,FALSE
WCA,With mucin,H. hathewayi,F6P1,DSM13479,"H. hathewayi
(DSM13479)",28.181818181818183,0.6873866411804468,WCA,NA,NA,NA,FALSE
WCA,With mucin,H. hathewayi,F6P1,DSM13479,"H. hathewayi
(DSM13479)",28.484848484848484,0.7085381626780302,WCA,NA,NA,NA,FALSE
WCA,With mucin,H. hathewayi,F6P1,DSM13479,"H. hathewayi
(DSM13479)",28.78787878787879,0.7303404697450057,WCA,NA,NA,NA,FALSE
WCA,With mucin,H. hathewayi,F6P1,DSM13479,"H. hathewayi
(DSM13479)",29.090909090909093,0.7511800124047967,WCA,NA,NA,NA,FALSE
WCA,With mucin,H. hathewayi,F6P1,DSM13479,"H. hathewayi
(DSM13479)",29.393939393939394,0.768707874745078,WCA,NA,NA,NA,FALSE
WCA,With mucin,H. hathewayi,F6P1,DSM13479,"H. hathewayi
(DSM13479)",29.6969696969697,0.7866446901011954,WCA,NA,NA,NA,FALSE
WCA,With mucin,H. hathewayi,F6P1,DSM13479,"H. hathewayi
(DSM13479)",30,0.8049999999999999,WCA,NA,NA,NA,FALSE
WCA,Without mucin,H. hathewayi,C8P1,DSM13479,"H. hathewayi
(DSM13479)",0,7.000000000000005e-5,WCA,WCA,0.31753012571544553,-7.735342525271616,TRUE
WCA,Without mucin,H. hathewayi,C8P1,DSM13479,"H. hathewayi
(DSM13479)",0.30303030303030304,7.000000000000005e-5,WCA,WCA,0.31753012571544553,-7.735342525271616,TRUE
WCA,Without mucin,H. hathewayi,C8P1,DSM13479,"H. hathewayi
(DSM13479)",0.6060606060606061,7.000000000000005e-5,WCA,WCA,0.31753012571544553,-7.735342525271616,TRUE
WCA,Without mucin,H. hathewayi,C8P1,DSM13479,"H. hathewayi
(DSM13479)",0.9090909090909092,7.000000000000005e-5,WCA,WCA,0.31753012571544553,-7.735342525271616,TRUE
WCA,Without mucin,H. hathewayi,C8P1,DSM13479,"H. hathewayi
(DSM13479)",1.2121212121212122,7.000000000000005e-5,WCA,WCA,0.31753012571544553,-7.735342525271616,TRUE
WCA,Without mucin,H. hathewayi,C8P1,DSM13479,"H. hathewayi
(DSM13479)",1.5151515151515151,7.000000000000005e-5,WCA,WCA,0.31753012571544553,-7.735342525271616,TRUE
WCA,Without mucin,H. hathewayi,C8P1,DSM13479,"H. hathewayi
(DSM13479)",1.8181818181818183,7.000000000000005e-5,WCA,WCA,0.31753012571544553,-7.735342525271616,TRUE
WCA,Without mucin,H. hathewayi,C8P1,DSM13479,"H. hathewayi
(DSM13479)",2.121212121212121,7.000000000000005e-5,WCA,WCA,0.31753012571544553,-7.735342525271616,TRUE
WCA,Without mucin,H. hathewayi,C8P1,DSM13479,"H. hathewayi
(DSM13479)",2.4242424242424243,7.000000000000005e-5,WCA,WCA,0.31753012571544553,-7.735342525271616,TRUE
WCA,Without mucin,H. hathewayi,C8P1,DSM13479,"H. hathewayi
(DSM13479)",2.7272727272727275,7.000000000000005e-5,WCA,WCA,0.31753012571544553,-7.735342525271616,TRUE
WCA,Without mucin,H. hathewayi,C8P1,DSM13479,"H. hathewayi
(DSM13479)",3.0303030303030303,7.000000000000005e-5,WCA,WCA,0.31753012571544553,-7.735342525271616,TRUE
WCA,Without mucin,H. hathewayi,C8P1,DSM13479,"H. hathewayi
(DSM13479)",3.3333333333333335,7.000000000000005e-5,WCA,WCA,0.31753012571544553,-7.735342525271616,TRUE
WCA,Without mucin,H. hathewayi,C8P1,DSM13479,"H. hathewayi
(DSM13479)",3.6363636363636367,7.000000000000005e-5,WCA,WCA,0.31753012571544553,-7.735342525271616,TRUE
WCA,Without mucin,H. hathewayi,C8P1,DSM13479,"H. hathewayi
(DSM13479)",3.9393939393939394,7.000000000000005e-5,WCA,WCA,0.31753012571544553,-7.735342525271616,TRUE
WCA,Without mucin,H. hathewayi,C8P1,DSM13479,"H. hathewayi
(DSM13479)",4.242424242424242,7.000000000000005e-5,WCA,WCA,0.31753012571544553,-7.735342525271616,TRUE
WCA,Without mucin,H. hathewayi,C8P1,DSM13479,"H. hathewayi
(DSM13479)",4.545454545454546,7.000000000000005e-5,WCA,WCA,0.31753012571544553,-7.735342525271616,TRUE
WCA,Without mucin,H. hathewayi,C8P1,DSM13479,"H. hathewayi
(DSM13479)",4.848484848484849,7.000000000000005e-5,WCA,WCA,0.31753012571544553,-7.735342525271616,TRUE
WCA,Without mucin,H. hathewayi,C8P1,DSM13479,"H. hathewayi
(DSM13479)",5.151515151515151,7.000000000000005e-5,WCA,WCA,0.31753012571544553,-7.735342525271616,TRUE
WCA,Without mucin,H. hathewayi,C8P1,DSM13479,"H. hathewayi
(DSM13479)",5.454545454545455,7.000000000000005e-5,WCA,WCA,0.31753012571544553,-7.735342525271616,TRUE
WCA,Without mucin,H. hathewayi,C8P1,DSM13479,"H. hathewayi
(DSM13479)",5.757575757575758,7.000000000000005e-5,WCA,WCA,0.31753012571544553,-7.735342525271616,TRUE
WCA,Without mucin,H. hathewayi,C8P1,DSM13479,"H. hathewayi
(DSM13479)",6.0606060606060606,7.000000000000005e-5,WCA,WCA,0.31753012571544553,-7.735342525271616,TRUE
WCA,Without mucin,H. hathewayi,C8P1,DSM13479,"H. hathewayi
(DSM13479)",6.363636363636364,7.000000000000005e-5,WCA,WCA,0.31753012571544553,-7.735342525271616,TRUE
WCA,Without mucin,H. hathewayi,C8P1,DSM13479,"H. hathewayi
(DSM13479)",6.666666666666667,7.000000000000005e-5,WCA,WCA,0.31753012571544553,-7.735342525271616,TRUE
WCA,Without mucin,H. hathewayi,C8P1,DSM13479,"H. hathewayi
(DSM13479)",6.96969696969697,7.000000000000005e-5,WCA,WCA,0.31753012571544553,-7.735342525271616,TRUE
WCA,Without mucin,H. hathewayi,C8P1,DSM13479,"H. hathewayi
(DSM13479)",7.272727272727273,7.000000000000005e-5,WCA,WCA,0.31753012571544553,-7.735342525271616,TRUE
WCA,Without mucin,H. hathewayi,C8P1,DSM13479,"H. hathewayi
(DSM13479)",7.575757575757576,7.000000000000005e-5,WCA,WCA,0.31753012571544553,-7.735342525271616,TRUE
WCA,Without mucin,H. hathewayi,C8P1,DSM13479,"H. hathewayi
(DSM13479)",7.878787878787879,7.000000000000005e-5,WCA,WCA,0.31753012571544553,-7.735342525271616,TRUE
WCA,Without mucin,H. hathewayi,C8P1,DSM13479,"H. hathewayi
(DSM13479)",8.181818181818182,7.000000000000005e-5,WCA,WCA,0.31753012571544553,-7.735342525271616,TRUE
WCA,Without mucin,H. hathewayi,C8P1,DSM13479,"H. hathewayi
(DSM13479)",8.484848484848484,7.000000000000005e-5,WCA,WCA,0.31753012571544553,-7.735342525271616,TRUE
WCA,Without mucin,H. hathewayi,C8P1,DSM13479,"H. hathewayi
(DSM13479)",8.787878787878789,7.000000000000005e-5,WCA,WCA,0.31753012571544553,-7.735342525271616,TRUE
WCA,Without mucin,H. hathewayi,C8P1,DSM13479,"H. hathewayi
(DSM13479)",9.090909090909092,7.000000000000005e-5,WCA,WCA,0.31753012571544553,-7.735342525271616,TRUE
WCA,Without mucin,H. hathewayi,C8P1,DSM13479,"H. hathewayi
(DSM13479)",9.393939393939394,7.000000000000005e-5,WCA,WCA,0.31753012571544553,-7.735342525271616,TRUE
WCA,Without mucin,H. hathewayi,C8P1,DSM13479,"H. hathewayi
(DSM13479)",9.696969696969697,7.000000000000005e-5,WCA,WCA,0.31753012571544553,-7.735342525271616,TRUE
WCA,Without mucin,H. hathewayi,C8P1,DSM13479,"H. hathewayi
(DSM13479)",10,7.000000000000005e-5,WCA,WCA,0.31753012571544553,-7.735342525271616,TRUE
WCA,Without mucin,H. hathewayi,C8P1,DSM13479,"H. hathewayi
(DSM13479)",10.303030303030303,7.000000000000005e-5,WCA,WCA,0.31753012571544553,-7.735342525271616,TRUE
WCA,Without mucin,H. hathewayi,C8P1,DSM13479,"H. hathewayi
(DSM13479)",10.606060606060606,7.000000000000005e-5,WCA,WCA,0.31753012571544553,-7.735342525271616,TRUE
WCA,Without mucin,H. hathewayi,C8P1,DSM13479,"H. hathewayi
(DSM13479)",10.90909090909091,7.000000000000005e-5,WCA,WCA,0.31753012571544553,-7.735342525271616,TRUE
WCA,Without mucin,H. hathewayi,C8P1,DSM13479,"H. hathewayi
(DSM13479)",11.212121212121213,7.000000000000005e-5,WCA,WCA,0.31753012571544553,-7.735342525271616,TRUE
WCA,Without mucin,H. hathewayi,C8P1,DSM13479,"H. hathewayi
(DSM13479)",11.515151515151516,9.301692124202295e-5,WCA,WCA,0.31753012571544553,-7.735342525271616,TRUE
WCA,Without mucin,H. hathewayi,C8P1,DSM13479,"H. hathewayi
(DSM13479)",11.818181818181818,1.2767973976959176e-4,WCA,WCA,0.31753012571544553,-7.735342525271616,TRUE
WCA,Without mucin,H. hathewayi,C8P1,DSM13479,"H. hathewayi
(DSM13479)",12.121212121212121,1.6971302621620105e-4,WCA,WCA,0.31753012571544553,-7.735342525271616,TRUE
WCA,Without mucin,H. hathewayi,C8P1,DSM13479,"H. hathewayi
(DSM13479)",12.424242424242424,2.2068398716380955e-4,WCA,WCA,0.31753012571544553,-7.735342525271616,TRUE
WCA,Without mucin,H. hathewayi,C8P1,DSM13479,"H. hathewayi
(DSM13479)",12.727272727272728,2.8249306943061326e-4,WCA,WCA,0.31753012571544553,-7.735342525271616,TRUE
WCA,Without mucin,H. hathewayi,C8P1,DSM13479,"H. hathewayi
(DSM13479)",13.030303030303031,3.5744481802706075e-4,WCA,WCA,0.31753012571544553,-7.735342525271616,TRUE
WCA,Without mucin,H. hathewayi,C8P1,DSM13479,"H. hathewayi
(DSM13479)",13.333333333333334,4.483338008696723e-4,WCA,WCA,0.31753012571544553,-7.735342525271616,TRUE
WCA,Without mucin,H. hathewayi,C8P1,DSM13479,"H. hathewayi
(DSM13479)",13.636363636363637,5.585488039464129e-4,WCA,WCA,0.31753012571544553,-7.735342525271616,TRUE
WCA,Without mucin,H. hathewayi,C8P1,DSM13479,"H. hathewayi
(DSM13479)",13.93939393939394,6.921991818391982e-4,WCA,WCA,0.31753012571544553,-7.735342525271616,TRUE
WCA,Without mucin,H. hathewayi,C8P1,DSM13479,"H. hathewayi
(DSM13479)",14.242424242424242,8.542680745692295e-4,WCA,WCA,0.31753012571544553,-7.735342525271616,TRUE
WCA,Without mucin,H. hathewayi,C8P1,DSM13479,"H. hathewayi
(DSM13479)",14.545454545454547,0.0010507982034388197,WCA,WCA,0.31753012571544553,-7.735342525271616,TRUE
WCA,Without mucin,H. hathewayi,C8P1,DSM13479,"H. hathewayi
(DSM13479)",14.84848484848485,0.001289117173247764,WCA,WCA,0.31753012571544553,-7.735342525271616,TRUE
WCA,Without mucin,H. hathewayi,C8P1,DSM13479,"H. hathewayi
(DSM13479)",15.151515151515152,0.0015781106812532684,WCA,WCA,0.31753012571544553,-7.735342525271616,TRUE
WCA,Without mucin,H. hathewayi,C8P1,DSM13479,"H. hathewayi
(DSM13479)",15.454545454545455,0.001928553819440219,WCA,WCA,0.31753012571544553,-7.735342525271616,TRUE
WCA,Without mucin,H. hathewayi,C8P1,DSM13479,"H. hathewayi
(DSM13479)",15.757575757575758,0.0023535128226714595,WCA,WCA,0.31753012571544553,-7.735342525271616,TRUE
WCA,Without mucin,H. hathewayi,C8P1,DSM13479,"H. hathewayi
(DSM13479)",16.060606060606062,0.0028688322418548074,WCA,WCA,0.31753012571544553,-7.735342525271616,TRUE
WCA,Without mucin,H. hathewayi,C8P1,DSM13479,"H. hathewayi
(DSM13479)",16.363636363636363,0.0034937257063261526,WCA,WCA,0.31753012571544553,-7.735342525271616,TRUE
WCA,Without mucin,H. hathewayi,C8P1,DSM13479,"H. hathewayi
(DSM13479)",16.666666666666668,0.004251492301960838,WCA,WCA,0.31753012571544553,-7.735342525271616,TRUE
WCA,Without mucin,H. hathewayi,C8P1,DSM13479,"H. hathewayi
(DSM13479)",16.96969696969697,0.005170385275094339,WCA,WCA,0.31753012571544553,-7.735342525271616,TRUE
WCA,Without mucin,H. hathewayi,C8P1,DSM13479,"H. hathewayi
(DSM13479)",17.272727272727273,0.006284665451785061,WCA,WCA,0.31753012571544553,-7.735342525271616,TRUE
WCA,Without mucin,H. hathewayi,C8P1,DSM13479,"H. hathewayi
(DSM13479)",17.575757575757578,0.00763587864904335,WCA,WCA,0.31753012571544553,-7.735342525271616,TRUE
WCA,Without mucin,H. hathewayi,C8P1,DSM13479,"H. hathewayi
(DSM13479)",17.87878787878788,0.009274404706167765,WCA,WCA,0.31753012571544553,-7.735342525271616,TRUE
WCA,Without mucin,H. hathewayi,C8P1,DSM13479,"H. hathewayi
(DSM13479)",18.181818181818183,0.01126133589165599,WCA,WCA,0.31753012571544553,-7.735342525271616,FALSE
WCA,Without mucin,H. hathewayi,C8P1,DSM13479,"H. hathewayi
(DSM13479)",18.484848484848484,0.013670754721890546,WCA,WCA,0.31753012571544553,-7.735342525271616,FALSE
WCA,Without mucin,H. hathewayi,C8P1,DSM13479,"H. hathewayi
(DSM13479)",18.78787878787879,0.016592496119825533,WCA,WCA,0.31753012571544553,-7.735342525271616,FALSE
WCA,Without mucin,H. hathewayi,C8P1,DSM13479,"H. hathewayi
(DSM13479)",19.09090909090909,0.020550946232924205,WCA,WCA,0.31753012571544553,-7.735342525271616,FALSE
WCA,Without mucin,H. hathewayi,C8P1,DSM13479,"H. hathewayi
(DSM13479)",19.393939393939394,0.02669095324531661,WCA,WCA,0.31753012571544553,-7.735342525271616,FALSE
WCA,Without mucin,H. hathewayi,C8P1,DSM13479,"H. hathewayi
(DSM13479)",19.6969696969697,0.03465918315720114,WCA,WCA,0.31753012571544553,-7.735342525271616,FALSE
WCA,Without mucin,H. hathewayi,C8P1,DSM13479,"H. hathewayi
(DSM13479)",20,0.045,WCA,WCA,0.31753012571544553,-7.735342525271616,FALSE
WCA,Without mucin,H. hathewayi,C8P1,DSM13479,"H. hathewayi
(DSM13479)",20.303030303030305,0.053976229252643,WCA,WCA,0.31753012571544553,-7.735342525271616,FALSE
WCA,Without mucin,H. hathewayi,C8P1,DSM13479,"H. hathewayi
(DSM13479)",20.606060606060606,0.06474018185997862,WCA,WCA,0.31753012571544553,-7.735342525271616,FALSE
WCA,Without mucin,H. hathewayi,C8P1,DSM13479,"H. hathewayi
(DSM13479)",20.90909090909091,0.07764790429797845,WCA,WCA,0.31753012571544553,-7.735342525271616,FALSE
WCA,Without mucin,H. hathewayi,C8P1,DSM13479,"H. hathewayi
(DSM13479)",21.21212121212121,0.09240504479709975,WCA,WCA,0.31753012571544553,-7.735342525271616,FALSE
WCA,Without mucin,H. hathewayi,C8P1,DSM13479,"H. hathewayi
(DSM13479)",21.515151515151516,0.10959848911185406,WCA,WCA,0.31753012571544553,-7.735342525271616,FALSE
WCA,Without mucin,H. hathewayi,C8P1,DSM13479,"H. hathewayi
(DSM13479)",21.81818181818182,0.12998862857883206,WCA,WCA,0.31753012571544553,-7.735342525271616,FALSE
WCA,Without mucin,H. hathewayi,C8P1,DSM13479,"H. hathewayi
(DSM13479)",22.12121212121212,0.15099832176885208,WCA,WCA,0.31753012571544553,-7.735342525271616,FALSE
WCA,Without mucin,H. hathewayi,C8P1,DSM13479,"H. hathewayi
(DSM13479)",22.424242424242426,0.17001774593060054,WCA,WCA,0.31753012571544553,-7.735342525271616,FALSE
WCA,Without mucin,H. hathewayi,C8P1,DSM13479,"H. hathewayi
(DSM13479)",22.727272727272727,0.19143170583093988,WCA,WCA,0.31753012571544553,-7.735342525271616,FALSE
WCA,Without mucin,H. hathewayi,C8P1,DSM13479,"H. hathewayi
(DSM13479)",23.03030303030303,0.21504601778638738,WCA,WCA,0.31753012571544553,-7.735342525271616,FALSE
WCA,Without mucin,H. hathewayi,C8P1,DSM13479,"H. hathewayi
(DSM13479)",23.333333333333336,0.23661851641834708,WCA,WCA,0.31753012571544553,-7.735342525271616,FALSE
WCA,Without mucin,H. hathewayi,C8P1,DSM13479,"H. hathewayi
(DSM13479)",23.636363636363637,0.2603543718380284,WCA,WCA,0.31753012571544553,-7.735342525271616,FALSE
WCA,Without mucin,H. hathewayi,C8P1,DSM13479,"H. hathewayi
(DSM13479)",23.93939393939394,0.2864705321454564,WCA,WCA,0.31753012571544553,-7.735342525271616,FALSE
WCA,Without mucin,H. hathewayi,C8P1,DSM13479,"H. hathewayi
(DSM13479)",24.242424242424242,0.31610072032528475,WCA,WCA,0.31753012571544553,-7.735342525271616,FALSE
WCA,Without mucin,H. hathewayi,C8P1,DSM13479,"H. hathewayi
(DSM13479)",24.545454545454547,0.3490421962651228,WCA,WCA,0.31753012571544553,-7.735342525271616,FALSE
WCA,Without mucin,H. hathewayi,C8P1,DSM13479,"H. hathewayi
(DSM13479)",24.848484848484848,0.3854158079700258,WCA,WCA,0.31753012571544553,-7.735342525271616,FALSE
WCA,Without mucin,H. hathewayi,C8P1,DSM13479,"H. hathewayi
(DSM13479)",25.151515151515152,0.42160589881531274,WCA,WCA,0.31753012571544553,-7.735342525271616,FALSE
WCA,Without mucin,H. hathewayi,C8P1,DSM13479,"H. hathewayi
(DSM13479)",25.454545454545457,0.45688788746324765,WCA,WCA,0.31753012571544553,-7.735342525271616,FALSE
WCA,Without mucin,H. hathewayi,C8P1,DSM13479,"H. hathewayi
(DSM13479)",25.757575757575758,0.4951219507411297,WCA,WCA,0.31753012571544553,-7.735342525271616,FALSE
WCA,Without mucin,H. hathewayi,C8P1,DSM13479,"H. hathewayi
(DSM13479)",26.060606060606062,0.5325339083827755,WCA,WCA,0.31753012571544553,-7.735342525271616,FALSE
WCA,Without mucin,H. hathewayi,C8P1,DSM13479,"H. hathewayi
(DSM13479)",26.363636363636363,0.5557940870310442,WCA,WCA,0.31753012571544553,-7.735342525271616,FALSE
WCA,Without mucin,H. hathewayi,C8P1,DSM13479,"H. hathewayi
(DSM13479)",26.666666666666668,0.580070097336261,WCA,WCA,0.31753012571544553,-7.735342525271616,FALSE
WCA,Without mucin,H. hathewayi,C8P1,DSM13479,"H. hathewayi
(DSM13479)",26.96969696969697,0.6054063032721878,WCA,WCA,0.31753012571544553,-7.735342525271616,FALSE
WCA,Without mucin,H. hathewayi,C8P1,DSM13479,"H. hathewayi
(DSM13479)",27.272727272727273,0.6248242938001612,WCA,WCA,0.31753012571544553,-7.735342525271616,FALSE
WCA,Without mucin,H. hathewayi,C8P1,DSM13479,"H. hathewayi
(DSM13479)",27.575757575757578,0.6440644669696303,WCA,WCA,0.31753012571544553,-7.735342525271616,FALSE
WCA,Without mucin,H. hathewayi,C8P1,DSM13479,"H. hathewayi
(DSM13479)",27.87878787878788,0.663897035152566,WCA,WCA,0.31753012571544553,-7.735342525271616,FALSE
WCA,Without mucin,H. hathewayi,C8P1,DSM13479,"H. hathewayi
(DSM13479)",28.181818181818183,0.6821915115353364,WCA,WCA,0.31753012571544553,-7.735342525271616,FALSE
WCA,Without mucin,H. hathewayi,C8P1,DSM13479,"H. hathewayi
(DSM13479)",28.484848484848484,0.6995219594275456,WCA,WCA,0.31753012571544553,-7.735342525271616,FALSE
WCA,Without mucin,H. hathewayi,C8P1,DSM13479,"H. hathewayi
(DSM13479)",28.78787878787879,0.7172926262373789,WCA,WCA,0.31753012571544553,-7.735342525271616,FALSE
WCA,Without mucin,H. hathewayi,C8P1,DSM13479,"H. hathewayi
(DSM13479)",29.090909090909093,0.7340666439550636,WCA,WCA,0.31753012571544553,-7.735342525271616,FALSE
WCA,Without mucin,H. hathewayi,C8P1,DSM13479,"H. hathewayi
(DSM13479)",29.393939393939394,0.7477864321394283,WCA,WCA,0.31753012571544553,-7.735342525271616,FALSE
WCA,Without mucin,H. hathewayi,C8P1,DSM13479,"H. hathewayi
(DSM13479)",29.6969696969697,0.7617626202588376,WCA,WCA,0.31753012571544553,-7.735342525271616,FALSE
WCA,Without mucin,H. hathewayi,C8P1,DSM13479,"H. hathewayi
(DSM13479)",30,0.776,WCA,WCA,0.31753012571544553,-7.735342525271616,FALSE
WCA,Without mucin,H. hathewayi,B8P1,DSM13479,"H. hathewayi
(DSM13479)",0,7.000000000000005e-5,WCA,WCA,0.277440456816248,-7.302222507422433,TRUE
WCA,Without mucin,H. hathewayi,B8P1,DSM13479,"H. hathewayi
(DSM13479)",0.30303030303030304,7.000000000000005e-5,WCA,WCA,0.277440456816248,-7.302222507422433,TRUE
WCA,Without mucin,H. hathewayi,B8P1,DSM13479,"H. hathewayi
(DSM13479)",0.6060606060606061,7.000000000000005e-5,WCA,WCA,0.277440456816248,-7.302222507422433,TRUE
WCA,Without mucin,H. hathewayi,B8P1,DSM13479,"H. hathewayi
(DSM13479)",0.9090909090909092,7.000000000000005e-5,WCA,WCA,0.277440456816248,-7.302222507422433,TRUE
WCA,Without mucin,H. hathewayi,B8P1,DSM13479,"H. hathewayi
(DSM13479)",1.2121212121212122,7.000000000000005e-5,WCA,WCA,0.277440456816248,-7.302222507422433,TRUE
WCA,Without mucin,H. hathewayi,B8P1,DSM13479,"H. hathewayi
(DSM13479)",1.5151515151515151,7.000000000000005e-5,WCA,WCA,0.277440456816248,-7.302222507422433,TRUE
WCA,Without mucin,H. hathewayi,B8P1,DSM13479,"H. hathewayi
(DSM13479)",1.8181818181818183,7.000000000000005e-5,WCA,WCA,0.277440456816248,-7.302222507422433,TRUE
WCA,Without mucin,H. hathewayi,B8P1,DSM13479,"H. hathewayi
(DSM13479)",2.121212121212121,7.000000000000005e-5,WCA,WCA,0.277440456816248,-7.302222507422433,TRUE
WCA,Without mucin,H. hathewayi,B8P1,DSM13479,"H. hathewayi
(DSM13479)",2.4242424242424243,7.000000000000005e-5,WCA,WCA,0.277440456816248,-7.302222507422433,TRUE
WCA,Without mucin,H. hathewayi,B8P1,DSM13479,"H. hathewayi
(DSM13479)",2.7272727272727275,7.000000000000005e-5,WCA,WCA,0.277440456816248,-7.302222507422433,TRUE
WCA,Without mucin,H. hathewayi,B8P1,DSM13479,"H. hathewayi
(DSM13479)",3.0303030303030303,7.000000000000005e-5,WCA,WCA,0.277440456816248,-7.302222507422433,TRUE
WCA,Without mucin,H. hathewayi,B8P1,DSM13479,"H. hathewayi
(DSM13479)",3.3333333333333335,7.000000000000005e-5,WCA,WCA,0.277440456816248,-7.302222507422433,TRUE
WCA,Without mucin,H. hathewayi,B8P1,DSM13479,"H. hathewayi
(DSM13479)",3.6363636363636367,7.000000000000005e-5,WCA,WCA,0.277440456816248,-7.302222507422433,TRUE
WCA,Without mucin,H. hathewayi,B8P1,DSM13479,"H. hathewayi
(DSM13479)",3.9393939393939394,7.000000000000005e-5,WCA,WCA,0.277440456816248,-7.302222507422433,TRUE
WCA,Without mucin,H. hathewayi,B8P1,DSM13479,"H. hathewayi
(DSM13479)",4.242424242424242,7.000000000000005e-5,WCA,WCA,0.277440456816248,-7.302222507422433,TRUE
WCA,Without mucin,H. hathewayi,B8P1,DSM13479,"H. hathewayi
(DSM13479)",4.545454545454546,7.000000000000005e-5,WCA,WCA,0.277440456816248,-7.302222507422433,TRUE
WCA,Without mucin,H. hathewayi,B8P1,DSM13479,"H. hathewayi
(DSM13479)",4.848484848484849,7.000000000000005e-5,WCA,WCA,0.277440456816248,-7.302222507422433,TRUE
WCA,Without mucin,H. hathewayi,B8P1,DSM13479,"H. hathewayi
(DSM13479)",5.151515151515151,7.000000000000005e-5,WCA,WCA,0.277440456816248,-7.302222507422433,TRUE
WCA,Without mucin,H. hathewayi,B8P1,DSM13479,"H. hathewayi
(DSM13479)",5.454545454545455,7.000000000000005e-5,WCA,WCA,0.277440456816248,-7.302222507422433,TRUE
WCA,Without mucin,H. hathewayi,B8P1,DSM13479,"H. hathewayi
(DSM13479)",5.757575757575758,7.000000000000005e-5,WCA,WCA,0.277440456816248,-7.302222507422433,TRUE
WCA,Without mucin,H. hathewayi,B8P1,DSM13479,"H. hathewayi
(DSM13479)",6.0606060606060606,7.000000000000005e-5,WCA,WCA,0.277440456816248,-7.302222507422433,TRUE
WCA,Without mucin,H. hathewayi,B8P1,DSM13479,"H. hathewayi
(DSM13479)",6.363636363636364,7.000000000000005e-5,WCA,WCA,0.277440456816248,-7.302222507422433,TRUE
WCA,Without mucin,H. hathewayi,B8P1,DSM13479,"H. hathewayi
(DSM13479)",6.666666666666667,7.000000000000005e-5,WCA,WCA,0.277440456816248,-7.302222507422433,TRUE
WCA,Without mucin,H. hathewayi,B8P1,DSM13479,"H. hathewayi
(DSM13479)",6.96969696969697,7.000000000000005e-5,WCA,WCA,0.277440456816248,-7.302222507422433,TRUE
WCA,Without mucin,H. hathewayi,B8P1,DSM13479,"H. hathewayi
(DSM13479)",7.272727272727273,7.000000000000005e-5,WCA,WCA,0.277440456816248,-7.302222507422433,TRUE
WCA,Without mucin,H. hathewayi,B8P1,DSM13479,"H. hathewayi
(DSM13479)",7.575757575757576,7.000000000000005e-5,WCA,WCA,0.277440456816248,-7.302222507422433,TRUE
WCA,Without mucin,H. hathewayi,B8P1,DSM13479,"H. hathewayi
(DSM13479)",7.878787878787879,7.000000000000005e-5,WCA,WCA,0.277440456816248,-7.302222507422433,TRUE
WCA,Without mucin,H. hathewayi,B8P1,DSM13479,"H. hathewayi
(DSM13479)",8.181818181818182,7.000000000000005e-5,WCA,WCA,0.277440456816248,-7.302222507422433,TRUE
WCA,Without mucin,H. hathewayi,B8P1,DSM13479,"H. hathewayi
(DSM13479)",8.484848484848484,7.000000000000005e-5,WCA,WCA,0.277440456816248,-7.302222507422433,TRUE
WCA,Without mucin,H. hathewayi,B8P1,DSM13479,"H. hathewayi
(DSM13479)",8.787878787878789,7.000000000000005e-5,WCA,WCA,0.277440456816248,-7.302222507422433,TRUE
WCA,Without mucin,H. hathewayi,B8P1,DSM13479,"H. hathewayi
(DSM13479)",9.090909090909092,7.000000000000005e-5,WCA,WCA,0.277440456816248,-7.302222507422433,TRUE
WCA,Without mucin,H. hathewayi,B8P1,DSM13479,"H. hathewayi
(DSM13479)",9.393939393939394,7.000000000000005e-5,WCA,WCA,0.277440456816248,-7.302222507422433,TRUE
WCA,Without mucin,H. hathewayi,B8P1,DSM13479,"H. hathewayi
(DSM13479)",9.696969696969697,7.000000000000005e-5,WCA,WCA,0.277440456816248,-7.302222507422433,TRUE
WCA,Without mucin,H. hathewayi,B8P1,DSM13479,"H. hathewayi
(DSM13479)",10,7.000000000000005e-5,WCA,WCA,0.277440456816248,-7.302222507422433,TRUE
WCA,Without mucin,H. hathewayi,B8P1,DSM13479,"H. hathewayi
(DSM13479)",10.303030303030303,7.000000000000005e-5,WCA,WCA,0.277440456816248,-7.302222507422433,TRUE
WCA,Without mucin,H. hathewayi,B8P1,DSM13479,"H. hathewayi
(DSM13479)",10.606060606060606,7.000000000000005e-5,WCA,WCA,0.277440456816248,-7.302222507422433,TRUE
WCA,Without mucin,H. hathewayi,B8P1,DSM13479,"H. hathewayi
(DSM13479)",10.90909090909091,7.000000000000005e-5,WCA,WCA,0.277440456816248,-7.302222507422433,TRUE
WCA,Without mucin,H. hathewayi,B8P1,DSM13479,"H. hathewayi
(DSM13479)",11.212121212121213,7.000000000000005e-5,WCA,WCA,0.277440456816248,-7.302222507422433,TRUE
WCA,Without mucin,H. hathewayi,B8P1,DSM13479,"H. hathewayi
(DSM13479)",11.515151515151516,8.393773068612881e-5,WCA,WCA,0.277440456816248,-7.302222507422433,TRUE
WCA,Without mucin,H. hathewayi,B8P1,DSM13479,"H. hathewayi
(DSM13479)",11.818181818181818,1.1212803838744873e-4,WCA,WCA,0.277440456816248,-7.302222507422433,TRUE
WCA,Without mucin,H. hathewayi,B8P1,DSM13479,"H. hathewayi
(DSM13479)",12.121212121212121,1.4548078056635257e-4,WCA,WCA,0.277440456816248,-7.302222507422433,TRUE
WCA,Without mucin,H. hathewayi,B8P1,DSM13479,"H. hathewayi
(DSM13479)",12.424242424242424,1.8494134348884784e-4,WCA,WCA,0.277440456816248,-7.302222507422433,TRUE
WCA,Without mucin,H. hathewayi,B8P1,DSM13479,"H. hathewayi
(DSM13479)",12.727272727272728,2.316282401106529e-4,WCA,WCA,0.277440456816248,-7.302222507422433,TRUE
WCA,Without mucin,H. hathewayi,B8P1,DSM13479,"H. hathewayi
(DSM13479)",13.030303030303031,2.868648144204567e-4,WCA,WCA,0.277440456816248,-7.302222507422433,TRUE
WCA,Without mucin,H. hathewayi,B8P1,DSM13479,"H. hathewayi
(DSM13479)",13.333333333333334,3.522167517359369e-4,WCA,WCA,0.277440456816248,-7.302222507422433,TRUE
WCA,Without mucin,H. hathewayi,B8P1,DSM13479,"H. hathewayi
(DSM13479)",13.636363636363637,4.2953645818500947e-4,WCA,WCA,0.277440456816248,-7.302222507422433,TRUE
WCA,Without mucin,H. hathewayi,B8P1,DSM13479,"H. hathewayi
(DSM13479)",13.93939393939394,5.210155673124241e-4,WCA,WCA,0.277440456816248,-7.302222507422433,TRUE
WCA,Without mucin,H. hathewayi,B8P1,DSM13479,"H. hathewayi
(DSM13479)",14.242424242424242,6.292470621158538e-4,WCA,WCA,0.277440456816248,-7.302222507422433,TRUE
WCA,Without mucin,H. hathewayi,B8P1,DSM13479,"H. hathewayi
(DSM13479)",14.545454545454547,7.572987733657862e-4,WCA,WCA,0.277440456816248,-7.302222507422433,TRUE
WCA,Without mucin,H. hathewayi,B8P1,DSM13479,"H. hathewayi
(DSM13479)",14.84848484848485,9.088003375252451e-4,WCA,WCA,0.277440456816248,-7.302222507422433,TRUE
WCA,Without mucin,H. hathewayi,B8P1,DSM13479,"H. hathewayi
(DSM13479)",15.151515151515152,0.0010880460790988473,WCA,WCA,0.277440456816248,-7.302222507422433,TRUE
WCA,Without mucin,H. hathewayi,B8P1,DSM13479,"H. hathewayi
(DSM13479)",15.454545454545455,0.0013001167336199697,WCA,WCA,0.277440456816248,-7.302222507422433,TRUE
WCA,Without mucin,H. hathewayi,B8P1,DSM13479,"H. hathewayi
(DSM13479)",15.757575757575758,0.0015510234615242983,WCA,WCA,0.277440456816248,-7.302222507422433,TRUE
WCA,Without mucin,H. hathewayi,B8P1,DSM13479,"H. hathewayi
(DSM13479)",16.060606060606062,0.0018478782349950283,WCA,WCA,0.277440456816248,-7.302222507422433,TRUE
WCA,Without mucin,H. hathewayi,B8P1,DSM13479,"H. hathewayi
(DSM13479)",16.363636363636363,0.00219909542740909,WCA,WCA,0.277440456816248,-7.302222507422433,TRUE
WCA,Without mucin,H. hathewayi,B8P1,DSM13479,"H. hathewayi
(DSM13479)",16.666666666666668,0.0026146303194541417,WCA,WCA,0.277440456816248,-7.302222507422433,TRUE
WCA,Without mucin,H. hathewayi,B8P1,DSM13479,"H. hathewayi
(DSM13479)",16.96969696969697,0.0031062612823920966,WCA,WCA,0.277440456816248,-7.302222507422433,TRUE
WCA,Without mucin,H. hathewayi,B8P1,DSM13479,"H. hathewayi
(DSM13479)",17.272727272727273,0.0036879236369774665,WCA,WCA,0.277440456816248,-7.302222507422433,TRUE
WCA,Without mucin,H. hathewayi,B8P1,DSM13479,"H. hathewayi
(DSM13479)",17.575757575757578,0.004376104651289414,WCA,WCA,0.277440456816248,-7.302222507422433,TRUE
WCA,Without mucin,H. hathewayi,B8P1,DSM13479,"H. hathewayi
(DSM13479)",17.87878787878788,0.0051903108737240775,WCA,WCA,0.277440456816248,-7.302222507422433,TRUE
WCA,Without mucin,H. hathewayi,B8P1,DSM13479,"H. hathewayi
(DSM13479)",18.181818181818183,0.00615362104774007,WCA,WCA,0.277440456816248,-7.302222507422433,TRUE
WCA,Without mucin,H. hathewayi,B8P1,DSM13479,"H. hathewayi
(DSM13479)",18.484848484848484,0.007293340280771566,WCA,WCA,0.277440456816248,-7.302222507422433,TRUE
WCA,Without mucin,H. hathewayi,B8P1,DSM13479,"H. hathewayi
(DSM13479)",18.78787878787879,0.008641774009781835,WCA,WCA,0.277440456816248,-7.302222507422433,TRUE
WCA,Without mucin,H. hathewayi,B8P1,DSM13479,"H. hathewayi
(DSM13479)",19.09090909090909,0.010237143701575269,WCA,WCA,0.277440456816248,-7.302222507422433,FALSE
WCA,Without mucin,H. hathewayi,B8P1,DSM13479,"H. hathewayi
(DSM13479)",19.393939393939394,0.012124670243470132,WCA,WCA,0.277440456816248,-7.302222507422433,FALSE
WCA,Without mucin,H. hathewayi,B8P1,DSM13479,"H. hathewayi
(DSM13479)",19.6969696969697,0.01435785573313081,WCA,WCA,0.277440456816248,-7.302222507422433,FALSE
WCA,Without mucin,H. hathewayi,B8P1,DSM13479,"H. hathewayi
(DSM13479)",20,0.017000000000000005,WCA,WCA,0.277440456816248,-7.302222507422433,FALSE
WCA,Without mucin,H. hathewayi,B8P1,DSM13479,"H. hathewayi
(DSM13479)",20.303030303030305,0.021343708734210168,WCA,WCA,0.277440456816248,-7.302222507422433,FALSE
WCA,Without mucin,H. hathewayi,B8P1,DSM13479,"H. hathewayi
(DSM13479)",20.606060606060606,0.026792737068165644,WCA,WCA,0.277440456816248,-7.302222507422433,FALSE
WCA,Without mucin,H. hathewayi,B8P1,DSM13479,"H. hathewayi
(DSM13479)",20.90909090909091,0.03362834958297421,WCA,WCA,0.277440456816248,-7.302222507422433,FALSE
WCA,Without mucin,H. hathewayi,B8P1,DSM13479,"H. hathewayi
(DSM13479)",21.21212121212121,0.040262430878743295,WCA,WCA,0.277440456816248,-7.302222507422433,FALSE
WCA,Without mucin,H. hathewayi,B8P1,DSM13479,"H. hathewayi
(DSM13479)",21.515151515151516,0.047239886547060156,WCA,WCA,0.277440456816248,-7.302222507422433,FALSE
WCA,Without mucin,H. hathewayi,B8P1,DSM13479,"H. hathewayi
(DSM13479)",21.81818181818182,0.055424432552919393,WCA,WCA,0.277440456816248,-7.302222507422433,FALSE
WCA,Without mucin,H. hathewayi,B8P1,DSM13479,"H. hathewayi
(DSM13479)",22.12121212121212,0.06573433773614415,WCA,WCA,0.277440456816248,-7.302222507422433,FALSE
WCA,Without mucin,H. hathewayi,B8P1,DSM13479,"H. hathewayi
(DSM13479)",22.424242424242426,0.07923873620662154,WCA,WCA,0.277440456816248,-7.302222507422433,FALSE
WCA,Without mucin,H. hathewayi,B8P1,DSM13479,"H. hathewayi
(DSM13479)",22.727272727272727,0.09551451395578217,WCA,WCA,0.277440456816248,-7.302222507422433,FALSE
WCA,Without mucin,H. hathewayi,B8P1,DSM13479,"H. hathewayi
(DSM13479)",23.03030303030303,0.11504132473522105,WCA,WCA,0.277440456816248,-7.302222507422433,FALSE
WCA,Without mucin,H. hathewayi,B8P1,DSM13479,"H. hathewayi
(DSM13479)",23.333333333333336,0.1375953520139383,WCA,WCA,0.277440456816248,-7.302222507422433,FALSE
WCA,Without mucin,H. hathewayi,B8P1,DSM13479,"H. hathewayi
(DSM13479)",23.636363636363637,0.16456844186238231,WCA,WCA,0.277440456816248,-7.302222507422433,FALSE
WCA,Without mucin,H. hathewayi,B8P1,DSM13479,"H. hathewayi
(DSM13479)",23.93939393939394,0.19682643139930153,WCA,WCA,0.277440456816248,-7.302222507422433,FALSE
WCA,Without mucin,H. hathewayi,B8P1,DSM13479,"H. hathewayi
(DSM13479)",24.242424242424242,0.22326593975806572,WCA,WCA,0.277440456816248,-7.302222507422433,FALSE
WCA,Without mucin,H. hathewayi,B8P1,DSM13479,"H. hathewayi
(DSM13479)",24.545454545454547,0.24992592598393237,WCA,WCA,0.277440456816248,-7.302222507422433,FALSE
WCA,Without mucin,H. hathewayi,B8P1,DSM13479,"H. hathewayi
(DSM13479)",24.848484848484848,0.27976835954153284,WCA,WCA,0.277440456816248,-7.302222507422433,FALSE
WCA,Without mucin,H. hathewayi,B8P1,DSM13479,"H. hathewayi
(DSM13479)",25.151515151515152,0.308750797176537,WCA,WCA,0.277440456816248,-7.302222507422433,FALSE
WCA,Without mucin,H. hathewayi,B8P1,DSM13479,"H. hathewayi
(DSM13479)",25.454545454545457,0.335923450446093,WCA,WCA,0.277440456816248,-7.302222507422433,FALSE
WCA,Without mucin,H. hathewayi,B8P1,DSM13479,"H. hathewayi
(DSM13479)",25.757575757575758,0.3654869824791842,WCA,WCA,0.277440456816248,-7.302222507422433,FALSE
WCA,Without mucin,H. hathewayi,B8P1,DSM13479,"H. hathewayi
(DSM13479)",26.060606060606062,0.3958901454066058,WCA,WCA,0.277440456816248,-7.302222507422433,FALSE
WCA,Without mucin,H. hathewayi,B8P1,DSM13479,"H. hathewayi
(DSM13479)",26.363636363636363,0.4212735436908378,WCA,WCA,0.277440456816248,-7.302222507422433,FALSE
WCA,Without mucin,H. hathewayi,B8P1,DSM13479,"H. hathewayi
(DSM13479)",26.666666666666668,0.4482841686440429,WCA,WCA,0.277440456816248,-7.302222507422433,FALSE
WCA,Without mucin,H. hathewayi,B8P1,DSM13479,"H. hathewayi
(DSM13479)",26.96969696969697,0.4770263351653749,WCA,WCA,0.277440456816248,-7.302222507422433,FALSE
WCA,Without mucin,H. hathewayi,B8P1,DSM13479,"H. hathewayi
(DSM13479)",27.272727272727273,0.5137936339462719,WCA,WCA,0.277440456816248,-7.302222507422433,FALSE
WCA,Without mucin,H. hathewayi,B8P1,DSM13479,"H. hathewayi
(DSM13479)",27.575757575757578,0.5541392766746414,WCA,WCA,0.277440456816248,-7.302222507422433,FALSE
WCA,Without mucin,H. hathewayi,B8P1,DSM13479,"H. hathewayi
(DSM13479)",27.87878787878788,0.5976526292381366,WCA,WCA,0.277440456816248,-7.302222507422433,FALSE
WCA,Without mucin,H. hathewayi,B8P1,DSM13479,"H. hathewayi
(DSM13479)",28.181818181818183,0.6345206584201446,WCA,WCA,0.277440456816248,-7.302222507422433,FALSE
WCA,Without mucin,H. hathewayi,B8P1,DSM13479,"H. hathewayi
(DSM13479)",28.484848484848484,0.6666339541810007,WCA,WCA,0.277440456816248,-7.302222507422433,FALSE
WCA,Without mucin,H. hathewayi,B8P1,DSM13479,"H. hathewayi
(DSM13479)",28.78787878787879,0.7003723349489256,WCA,WCA,0.277440456816248,-7.302222507422433,FALSE
WCA,Without mucin,H. hathewayi,B8P1,DSM13479,"H. hathewayi
(DSM13479)",29.090909090909093,0.7331611980589368,WCA,WCA,0.277440456816248,-7.302222507422433,FALSE
WCA,Without mucin,H. hathewayi,B8P1,DSM13479,"H. hathewayi
(DSM13479)",29.393939393939394,0.7610344569784397,WCA,WCA,0.277440456816248,-7.302222507422433,FALSE
WCA,Without mucin,H. hathewayi,B8P1,DSM13479,"H. hathewayi
(DSM13479)",29.6969696969697,0.789967297875429,WCA,WCA,0.277440456816248,-7.302222507422433,FALSE
WCA,Without mucin,H. hathewayi,B8P1,DSM13479,"H. hathewayi
(DSM13479)",30,0.82,WCA,WCA,0.277440456816248,-7.302222507422433,FALSE
WCA,Without mucin,H. hathewayi,A8P1,DSM13479,"H. hathewayi
(DSM13479)",0,7.000000000000005e-5,WCA,WCA,0.236213066755643,-5.997786204852656,TRUE
WCA,Without mucin,H. hathewayi,A8P1,DSM13479,"H. hathewayi
(DSM13479)",0.30303030303030304,7.000000000000005e-5,WCA,WCA,0.236213066755643,-5.997786204852656,TRUE
WCA,Without mucin,H. hathewayi,A8P1,DSM13479,"H. hathewayi
(DSM13479)",0.6060606060606061,7.000000000000005e-5,WCA,WCA,0.236213066755643,-5.997786204852656,TRUE
WCA,Without mucin,H. hathewayi,A8P1,DSM13479,"H. hathewayi
(DSM13479)",0.9090909090909092,7.000000000000005e-5,WCA,WCA,0.236213066755643,-5.997786204852656,TRUE
WCA,Without mucin,H. hathewayi,A8P1,DSM13479,"H. hathewayi
(DSM13479)",1.2121212121212122,7.000000000000005e-5,WCA,WCA,0.236213066755643,-5.997786204852656,TRUE
WCA,Without mucin,H. hathewayi,A8P1,DSM13479,"H. hathewayi
(DSM13479)",1.5151515151515151,7.000000000000005e-5,WCA,WCA,0.236213066755643,-5.997786204852656,TRUE
WCA,Without mucin,H. hathewayi,A8P1,DSM13479,"H. hathewayi
(DSM13479)",1.8181818181818183,7.000000000000005e-5,WCA,WCA,0.236213066755643,-5.997786204852656,TRUE
WCA,Without mucin,H. hathewayi,A8P1,DSM13479,"H. hathewayi
(DSM13479)",2.121212121212121,7.000000000000005e-5,WCA,WCA,0.236213066755643,-5.997786204852656,TRUE
WCA,Without mucin,H. hathewayi,A8P1,DSM13479,"H. hathewayi
(DSM13479)",2.4242424242424243,7.000000000000005e-5,WCA,WCA,0.236213066755643,-5.997786204852656,TRUE
WCA,Without mucin,H. hathewayi,A8P1,DSM13479,"H. hathewayi
(DSM13479)",2.7272727272727275,7.000000000000005e-5,WCA,WCA,0.236213066755643,-5.997786204852656,TRUE
WCA,Without mucin,H. hathewayi,A8P1,DSM13479,"H. hathewayi
(DSM13479)",3.0303030303030303,7.000000000000005e-5,WCA,WCA,0.236213066755643,-5.997786204852656,TRUE
WCA,Without mucin,H. hathewayi,A8P1,DSM13479,"H. hathewayi
(DSM13479)",3.3333333333333335,7.000000000000005e-5,WCA,WCA,0.236213066755643,-5.997786204852656,TRUE
WCA,Without mucin,H. hathewayi,A8P1,DSM13479,"H. hathewayi
(DSM13479)",3.6363636363636367,7.000000000000005e-5,WCA,WCA,0.236213066755643,-5.997786204852656,TRUE
WCA,Without mucin,H. hathewayi,A8P1,DSM13479,"H. hathewayi
(DSM13479)",3.9393939393939394,7.000000000000005e-5,WCA,WCA,0.236213066755643,-5.997786204852656,TRUE
WCA,Without mucin,H. hathewayi,A8P1,DSM13479,"H. hathewayi
(DSM13479)",4.242424242424242,7.000000000000005e-5,WCA,WCA,0.236213066755643,-5.997786204852656,TRUE
WCA,Without mucin,H. hathewayi,A8P1,DSM13479,"H. hathewayi
(DSM13479)",4.545454545454546,7.000000000000005e-5,WCA,WCA,0.236213066755643,-5.997786204852656,TRUE
WCA,Without mucin,H. hathewayi,A8P1,DSM13479,"H. hathewayi
(DSM13479)",4.848484848484849,7.000000000000005e-5,WCA,WCA,0.236213066755643,-5.997786204852656,TRUE
WCA,Without mucin,H. hathewayi,A8P1,DSM13479,"H. hathewayi
(DSM13479)",5.151515151515151,7.000000000000005e-5,WCA,WCA,0.236213066755643,-5.997786204852656,TRUE
WCA,Without mucin,H. hathewayi,A8P1,DSM13479,"H. hathewayi
(DSM13479)",5.454545454545455,7.000000000000005e-5,WCA,WCA,0.236213066755643,-5.997786204852656,TRUE
WCA,Without mucin,H. hathewayi,A8P1,DSM13479,"H. hathewayi
(DSM13479)",5.757575757575758,7.000000000000005e-5,WCA,WCA,0.236213066755643,-5.997786204852656,TRUE
WCA,Without mucin,H. hathewayi,A8P1,DSM13479,"H. hathewayi
(DSM13479)",6.0606060606060606,7.000000000000005e-5,WCA,WCA,0.236213066755643,-5.997786204852656,TRUE
WCA,Without mucin,H. hathewayi,A8P1,DSM13479,"H. hathewayi
(DSM13479)",6.363636363636364,7.000000000000005e-5,WCA,WCA,0.236213066755643,-5.997786204852656,TRUE
WCA,Without mucin,H. hathewayi,A8P1,DSM13479,"H. hathewayi
(DSM13479)",6.666666666666667,7.000000000000005e-5,WCA,WCA,0.236213066755643,-5.997786204852656,TRUE
WCA,Without mucin,H. hathewayi,A8P1,DSM13479,"H. hathewayi
(DSM13479)",6.96969696969697,7.000000000000005e-5,WCA,WCA,0.236213066755643,-5.997786204852656,TRUE
WCA,Without mucin,H. hathewayi,A8P1,DSM13479,"H. hathewayi
(DSM13479)",7.272727272727273,7.000000000000005e-5,WCA,WCA,0.236213066755643,-5.997786204852656,TRUE
WCA,Without mucin,H. hathewayi,A8P1,DSM13479,"H. hathewayi
(DSM13479)",7.575757575757576,7.000000000000005e-5,WCA,WCA,0.236213066755643,-5.997786204852656,TRUE
WCA,Without mucin,H. hathewayi,A8P1,DSM13479,"H. hathewayi
(DSM13479)",7.878787878787879,7.574418017842834e-5,WCA,WCA,0.236213066755643,-5.997786204852656,TRUE
WCA,Without mucin,H. hathewayi,A8P1,DSM13479,"H. hathewayi
(DSM13479)",8.181818181818182,1.0073276723452038e-4,WCA,WCA,0.236213066755643,-5.997786204852656,TRUE
WCA,Without mucin,H. hathewayi,A8P1,DSM13479,"H. hathewayi
(DSM13479)",8.484848484848484,1.3000577568085563e-4,WCA,WCA,0.236213066755643,-5.997786204852656,TRUE
WCA,Without mucin,H. hathewayi,A8P1,DSM13479,"H. hathewayi
(DSM13479)",8.787878787878789,1.6429779153496137e-4,WCA,WCA,0.236213066755643,-5.997786204852656,TRUE
WCA,Without mucin,H. hathewayi,A8P1,DSM13479,"H. hathewayi
(DSM13479)",9.090909090909092,2.044693493539685e-4,WCA,WCA,0.236213066755643,-5.997786204852656,TRUE
WCA,Without mucin,H. hathewayi,A8P1,DSM13479,"H. hathewayi
(DSM13479)",9.393939393939394,2.5152852675758004e-4,WCA,WCA,0.236213066755643,-5.997786204852656,TRUE
WCA,Without mucin,H. hathewayi,A8P1,DSM13479,"H. hathewayi
(DSM13479)",9.696969696969697,3.066562414427394e-4,WCA,WCA,0.236213066755643,-5.997786204852656,TRUE
WCA,Without mucin,H. hathewayi,A8P1,DSM13479,"H. hathewayi
(DSM13479)",10,3.712358855011812e-4,WCA,WCA,0.236213066755643,-5.997786204852656,TRUE
WCA,Without mucin,H. hathewayi,A8P1,DSM13479,"H. hathewayi
(DSM13479)",10.303030303030303,4.4688804069269357e-4,WCA,WCA,0.236213066755643,-5.997786204852656,TRUE
WCA,Without mucin,H. hathewayi,A8P1,DSM13479,"H. hathewayi
(DSM13479)",10.606060606060606,5.355111458299926e-4,WCA,WCA,0.236213066755643,-5.997786204852656,TRUE
WCA,Without mucin,H. hathewayi,A8P1,DSM13479,"H. hathewayi
(DSM13479)",10.90909090909091,6.393291367952774e-4,WCA,WCA,0.236213066755643,-5.997786204852656,TRUE
WCA,Without mucin,H. hathewayi,A8P1,DSM13479,"H. hathewayi
(DSM13479)",11.212121212121213,7.609472546819147e-4,WCA,WCA,0.236213066755643,-5.997786204852656,TRUE
WCA,Without mucin,H. hathewayi,A8P1,DSM13479,"H. hathewayi
(DSM13479)",11.515151515151516,9.034174225281994e-4,WCA,WCA,0.236213066755643,-5.997786204852656,TRUE
WCA,Without mucin,H. hathewayi,A8P1,DSM13479,"H. hathewayi
(DSM13479)",11.818181818181818,0.0010703148312273556,WCA,WCA,0.236213066755643,-5.997786204852656,TRUE
WCA,Without mucin,H. hathewayi,A8P1,DSM13479,"H. hathewayi
(DSM13479)",12.121212121212121,0.0012658276564845483,WCA,WCA,0.236213066755643,-5.997786204852656,TRUE
WCA,Without mucin,H. hathewayi,A8P1,DSM13479,"H. hathewayi
(DSM13479)",12.424242424242424,0.0014948621582062194,WCA,WCA,0.236213066755643,-5.997786204852656,TRUE
WCA,Without mucin,H. hathewayi,A8P1,DSM13479,"H. hathewayi
(DSM13479)",12.727272727272728,0.0017631657997186794,WCA,WCA,0.236213066755643,-5.997786204852656,TRUE
WCA,Without mucin,H. hathewayi,A8P1,DSM13479,"H. hathewayi
(DSM13479)",13.030303030303031,0.0020774714764080658,WCA,WCA,0.236213066755643,-5.997786204852656,TRUE
WCA,Without mucin,H. hathewayi,A8P1,DSM13479,"H. hathewayi
(DSM13479)",13.333333333333334,0.0024456664731002248,WCA,WCA,0.236213066755643,-5.997786204852656,TRUE
WCA,Without mucin,H. hathewayi,A8P1,DSM13479,"H. hathewayi
(DSM13479)",13.636363636363637,0.0028769903900497493,WCA,WCA,0.236213066755643,-5.997786204852656,TRUE
WCA,Without mucin,H. hathewayi,A8P1,DSM13479,"H. hathewayi
(DSM13479)",13.93939393939394,0.0033822670043548255,WCA,WCA,0.236213066755643,-5.997786204852656,TRUE
WCA,Without mucin,H. hathewayi,A8P1,DSM13479,"H. hathewayi
(DSM13479)",14.242424242424242,0.0039741758852005786,WCA,WCA,0.236213066755643,-5.997786204852656,TRUE
WCA,Without mucin,H. hathewayi,A8P1,DSM13479,"H. hathewayi
(DSM13479)",14.545454545454547,0.00466757057892874,WCA,WCA,0.236213066755643,-5.997786204852656,TRUE
WCA,Without mucin,H. hathewayi,A8P1,DSM13479,"H. hathewayi
(DSM13479)",14.84848484848485,0.0054798513485691345,WCA,WCA,0.236213066755643,-5.997786204852656,TRUE
WCA,Without mucin,H. hathewayi,A8P1,DSM13479,"H. hathewayi
(DSM13479)",15.151515151515152,0.006431401821475195,WCA,WCA,0.236213066755643,-5.997786204852656,TRUE
WCA,Without mucin,H. hathewayi,A8P1,DSM13479,"H. hathewayi
(DSM13479)",15.454545454545455,0.007546100502435727,WCA,WCA,0.236213066755643,-5.997786204852656,TRUE
WCA,Without mucin,H. hathewayi,A8P1,DSM13479,"H. hathewayi
(DSM13479)",15.757575757575758,0.008851919988332641,WCA,WCA,0.236213066755643,-5.997786204852656,TRUE
WCA,Without mucin,H. hathewayi,A8P1,DSM13479,"H. hathewayi
(DSM13479)",16.060606060606062,0.010381628921224484,WCA,WCA,0.236213066755643,-5.997786204852656,FALSE
WCA,Without mucin,H. hathewayi,A8P1,DSM13479,"H. hathewayi
(DSM13479)",16.363636363636363,0.012173614294885686,WCA,WCA,0.236213066755643,-5.997786204852656,FALSE
WCA,Without mucin,H. hathewayi,A8P1,DSM13479,"H. hathewayi
(DSM13479)",16.666666666666668,0.014272844750018809,WCA,WCA,0.236213066755643,-5.997786204852656,FALSE
WCA,Without mucin,H. hathewayi,A8P1,DSM13479,"H. hathewayi
(DSM13479)",16.96969696969697,0.016731999031370386,WCA,WCA,0.236213066755643,-5.997786204852656,FALSE
WCA,Without mucin,H. hathewayi,A8P1,DSM13479,"H. hathewayi
(DSM13479)",17.272727272727273,0.017770623412184744,WCA,WCA,0.236213066755643,-5.997786204852656,FALSE
WCA,Without mucin,H. hathewayi,A8P1,DSM13479,"H. hathewayi
(DSM13479)",17.575757575757578,0.01866774195123311,WCA,WCA,0.236213066755643,-5.997786204852656,FALSE
WCA,Without mucin,H. hathewayi,A8P1,DSM13479,"H. hathewayi
(DSM13479)",17.87878787878788,0.01960997223635166,WCA,WCA,0.236213066755643,-5.997786204852656,FALSE
WCA,Without mucin,H. hathewayi,A8P1,DSM13479,"H. hathewayi
(DSM13479)",18.181818181818183,0.02165978107161445,WCA,WCA,0.236213066755643,-5.997786204852656,FALSE
WCA,Without mucin,H. hathewayi,A8P1,DSM13479,"H. hathewayi
(DSM13479)",18.484848484848484,0.02473668020656803,WCA,WCA,0.236213066755643,-5.997786204852656,FALSE
WCA,Without mucin,H. hathewayi,A8P1,DSM13479,"H. hathewayi
(DSM13479)",18.78787878787879,0.028249262897443204,WCA,WCA,0.236213066755643,-5.997786204852656,FALSE
WCA,Without mucin,H. hathewayi,A8P1,DSM13479,"H. hathewayi
(DSM13479)",19.09090909090909,0.032549577312090044,WCA,WCA,0.236213066755643,-5.997786204852656,FALSE
WCA,Without mucin,H. hathewayi,A8P1,DSM13479,"H. hathewayi
(DSM13479)",19.393939393939394,0.0382950040704556,WCA,WCA,0.236213066755643,-5.997786204852656,FALSE
WCA,Without mucin,H. hathewayi,A8P1,DSM13479,"H. hathewayi
(DSM13479)",19.6969696969697,0.04505239760938111,WCA,WCA,0.236213066755643,-5.997786204852656,FALSE
WCA,Without mucin,H. hathewayi,A8P1,DSM13479,"H. hathewayi
(DSM13479)",20,0.053000000000000005,WCA,WCA,0.236213066755643,-5.997786204852656,FALSE
WCA,Without mucin,H. hathewayi,A8P1,DSM13479,"H. hathewayi
(DSM13479)",20.303030303030305,0.06264260801110655,WCA,WCA,0.236213066755643,-5.997786204852656,FALSE
WCA,Without mucin,H. hathewayi,A8P1,DSM13479,"H. hathewayi
(DSM13479)",20.606060606060606,0.07403723956198786,WCA,WCA,0.236213066755643,-5.997786204852656,FALSE
WCA,Without mucin,H. hathewayi,A8P1,DSM13479,"H. hathewayi
(DSM13479)",20.90909090909091,0.08750223036435108,WCA,WCA,0.236213066755643,-5.997786204852656,FALSE
WCA,Without mucin,H. hathewayi,A8P1,DSM13479,"H. hathewayi
(DSM13479)",21.21212121212121,0.10234056065897561,WCA,WCA,0.236213066755643,-5.997786204852656,FALSE
WCA,Without mucin,H. hathewayi,A8P1,DSM13479,"H. hathewayi
(DSM13479)",21.515151515151516,0.11915923147260073,WCA,WCA,0.236213066755643,-5.997786204852656,FALSE
WCA,Without mucin,H. hathewayi,A8P1,DSM13479,"H. hathewayi
(DSM13479)",21.81818181818182,0.1387399971924243,WCA,WCA,0.236213066755643,-5.997786204852656,FALSE
WCA,Without mucin,H. hathewayi,A8P1,DSM13479,"H. hathewayi
(DSM13479)",22.12121212121212,0.15982669194782367,WCA,WCA,0.236213066755643,-5.997786204852656,FALSE
WCA,Without mucin,H. hathewayi,A8P1,DSM13479,"H. hathewayi
(DSM13479)",22.424242424242426,0.18120140927785428,WCA,WCA,0.236213066755643,-5.997786204852656,FALSE
WCA,Without mucin,H. hathewayi,A8P1,DSM13479,"H. hathewayi
(DSM13479)",22.727272727272727,0.20543346239997085,WCA,WCA,0.236213066755643,-5.997786204852656,FALSE
WCA,Without mucin,H. hathewayi,A8P1,DSM13479,"H. hathewayi
(DSM13479)",23.03030303030303,0.23235721086652286,WCA,WCA,0.236213066755643,-5.997786204852656,FALSE
WCA,Without mucin,H. hathewayi,A8P1,DSM13479,"H. hathewayi
(DSM13479)",23.333333333333336,0.25729930676227014,WCA,WCA,0.236213066755643,-5.997786204852656,FALSE
WCA,Without mucin,H. hathewayi,A8P1,DSM13479,"H. hathewayi
(DSM13479)",23.636363636363637,0.2849179745850017,WCA,WCA,0.236213066755643,-5.997786204852656,FALSE
WCA,Without mucin,H. hathewayi,A8P1,DSM13479,"H. hathewayi
(DSM13479)",23.93939393939394,0.31550044109025077,WCA,WCA,0.236213066755643,-5.997786204852656,FALSE
WCA,Without mucin,H. hathewayi,A8P1,DSM13479,"H. hathewayi
(DSM13479)",24.242424242424242,0.34731902124157654,WCA,WCA,0.236213066755643,-5.997786204852656,FALSE
WCA,Without mucin,H. hathewayi,A8P1,DSM13479,"H. hathewayi
(DSM13479)",24.545454545454547,0.38178489196173654,WCA,WCA,0.236213066755643,-5.997786204852656,FALSE
WCA,Without mucin,H. hathewayi,A8P1,DSM13479,"H. hathewayi
(DSM13479)",24.848484848484848,0.41967026120333234,WCA,WCA,0.236213066755643,-5.997786204852656,FALSE
WCA,Without mucin,H. hathewayi,A8P1,DSM13479,"H. hathewayi
(DSM13479)",25.151515151515152,0.4557553024297755,WCA,WCA,0.236213066755643,-5.997786204852656,FALSE
WCA,Without mucin,H. hathewayi,A8P1,DSM13479,"H. hathewayi
(DSM13479)",25.454545454545457,0.4889783069786,WCA,WCA,0.236213066755643,-5.997786204852656,FALSE
WCA,Without mucin,H. hathewayi,A8P1,DSM13479,"H. hathewayi
(DSM13479)",25.757575757575758,0.524622783142465,WCA,WCA,0.236213066755643,-5.997786204852656,FALSE
WCA,Without mucin,H. hathewayi,A8P1,DSM13479,"H. hathewayi
(DSM13479)",26.060606060606062,0.5598669549663481,WCA,WCA,0.236213066755643,-5.997786204852656,FALSE
WCA,Without mucin,H. hathewayi,A8P1,DSM13479,"H. hathewayi
(DSM13479)",26.363636363636363,0.5848493779411422,WCA,WCA,0.236213066755643,-5.997786204852656,FALSE
WCA,Without mucin,H. hathewayi,A8P1,DSM13479,"H. hathewayi
(DSM13479)",26.666666666666668,0.6109464290042526,WCA,WCA,0.236213066755643,-5.997786204852656,FALSE
WCA,Without mucin,H. hathewayi,A8P1,DSM13479,"H. hathewayi
(DSM13479)",26.96969696969697,0.6382078389514668,WCA,WCA,0.236213066755643,-5.997786204852656,FALSE
WCA,Without mucin,H. hathewayi,A8P1,DSM13479,"H. hathewayi
(DSM13479)",27.272727272727273,0.6666058601818886,WCA,WCA,0.236213066755643,-5.997786204852656,FALSE
WCA,Without mucin,H. hathewayi,A8P1,DSM13479,"H. hathewayi
(DSM13479)",27.575757575757578,0.6962581070402712,WCA,WCA,0.236213066755643,-5.997786204852656,FALSE
WCA,Without mucin,H. hathewayi,A8P1,DSM13479,"H. hathewayi
(DSM13479)",27.87878787878788,0.7272292193267652,WCA,WCA,0.236213066755643,-5.997786204852656,FALSE
WCA,Without mucin,H. hathewayi,A8P1,DSM13479,"H. hathewayi
(DSM13479)",28.181818181818183,0.7575794741790097,WCA,WCA,0.236213066755643,-5.997786204852656,FALSE
WCA,Without mucin,H. hathewayi,A8P1,DSM13479,"H. hathewayi
(DSM13479)",28.484848484848484,0.7878114404934282,WCA,WCA,0.236213066755643,-5.997786204852656,FALSE
WCA,Without mucin,H. hathewayi,A8P1,DSM13479,"H. hathewayi
(DSM13479)",28.78787878787879,0.8192497321844027,WCA,WCA,0.236213066755643,-5.997786204852656,FALSE
WCA,Without mucin,H. hathewayi,A8P1,DSM13479,"H. hathewayi
(DSM13479)",29.090909090909093,0.8504699954839489,WCA,WCA,0.236213066755643,-5.997786204852656,FALSE
WCA,Without mucin,H. hathewayi,A8P1,DSM13479,"H. hathewayi
(DSM13479)",29.393939393939394,0.8793234465871221,WCA,WCA,0.236213066755643,-5.997786204852656,FALSE
WCA,Without mucin,H. hathewayi,A8P1,DSM13479,"H. hathewayi
(DSM13479)",29.6969696969697,0.9091557130840263,WCA,WCA,0.236213066755643,-5.997786204852656,FALSE
WCA,Without mucin,H. hathewayi,A8P1,DSM13479,"H. hathewayi
(DSM13479)",30,0.94,WCA,WCA,0.236213066755643,-5.997786204852656,FALSE
