genus	family	r_squared.LMIS.genus_level	r_squared.LMIS.species_level	r_squared.HIS.genus_level	r_squared.HIS.species_level
Clostridium	CBM2	0.17653732281078457	0.38024267344983903	0.14762349746021294	0.3307300180967703
Clostridium	CBM34	0.16607810087334782	0.4001348921243595	0.02600784842484179	0.2524930762723549
Clostridium	CBM48	0.0036850087203858894	0.26652289680572533	0.05803910194054171	0.3363535463721797
Clostridium	CBM50	0.023731632622727365	0.24038199109016925	0.06741504072260768	0.3587464426312473
Clostridium	CBM51	0.06362995188748004	0.19864211761486764	0.02573089936168428	0.27994899378978033
Clostridium	CE1	0.06341380098528134	0.4060578204251493	0.07112243231059719	0.31489743074417187
Clostridium	CE4	0.09731634214045239	0.4111106557197806	0.17859826241632595	0.4184630615890448
Clostridium	CE9	0.011794487774047893	0.3253256927744469	0.05606719392427167	0.3400687592660832
Clostridium	GH1	0.0025167563350880435	0.4309552855718071	0.008700078638322506	0.24205326987519182
Clostridium	GH112	0.004494895837758451	0.25152270631315654	0.002862971385020779	0.2955598649408401
Clostridium	GH13	0.05502041622750495	0.33188948939062585	0.016430136050389208	0.3109989157304422
Clostridium	GH13_39	0.039113798236187894	0.4706531608600567	0.11456356601642123	0.43046445896487123
Clostridium	GH13_9	0.04787486641131458	0.33967657421668745	0.0314568898808962	0.275618649687914
Clostridium	GH16	0.015327691649965567	0.3162329770083211	0.0034411495096058164	0.12243671558125309
Clostridium	GH18	0.03161358610059464	0.36794370300874757	4.77809129841614e-6	0.27631461080382697
Clostridium	GH2	0.03258667654962963	0.47869917796933836	0.0631182199172085	0.3378500546171101
Clostridium	GH20	0.0064425760062307245	0.47976591724098255	0.021850104396703658	0.2929011088332976
Clostridium	GH23	0.005126699764549525	0.31738028138524815	0.0995241942585217	0.29516290155375763
Clostridium	GH25	0.0037413605878336455	0.40728076271776004	2.5379438550696213e-4	0.25641601544494197
Clostridium	GH27	0.0014051513013688486	0.4428853616904106	0.019838579220309675	0.14312836846885477
Clostridium	GH28	0.010796574295726525	0.5048058904943181	0.06542027308394155	0.3058103324091858
Clostridium	GH29	2.053729547117876e-6	0.3827584643412585	0.038634692005739095	0.29487638968863633
Clostridium	GH3	0.010276341197391662	0.39074946724195886	0.03554459048309255	0.33335915335716654
Clostridium	GH31	0.03635484891444076	0.3952524210029766	0.14331909915733546	0.41175327096496633
Clostridium	GH32	0.06646010969409681	0.497868223468747	0.14925776325863768	0.37286472989829134
Clostridium	GH36	0.006628785236940078	0.39886379792397725	0.0956930026855407	0.2589627301653156
Clostridium	GH38	0.04603759986384838	0.42848548745898873	0.020231940331985103	0.25534815845607256
Clostridium	GH4	2.4989072547775253e-4	0.3507573799668453	0.002655122321745792	0.13777650954166382
Clostridium	GH43_11	0.0034145969774459885	0.3013463868623085	0.011723505529629029	0.23723198533529327
Clostridium	GH43_35	0.13849410295558423	0.2527755424579648	0.07234906199235559	0.313750944342289
Clostridium	GH5	1.84518443863616e-5	0.467642050104251	0.004228747314550287	0.21493140466397434
Clostridium	GH51	0.04658022652841376	0.5307869292421817	0.18004098262859236	0.34210098055493926
Clostridium	GH5_2	0.04797198848650508	0.4253465383583744	0.00521343786847905	0.24070093669946
Clostridium	GH73	0.008059199623990605	0.32865951303816515	0.020089606360881286	0.18928477526777437
Clostridium	GH77	0.04099145511232346	0.3244203323970081	0.007036623635960918	0.29552181868023664
Clostridium	GH94	0.029149219785995824	0.3911090541565721	0.04858188894124421	0.306387794361712
Clostridium	GH95	0.014221605033261323	0.5129944288890057	0.0711317103944494	0.2870405157523189
Clostridium	GT2	0.0017843529450590938	0.48239466927621155	0.014363696818546785	0.2547667114530851
Clostridium	GT26	7.056461827563176e-4	0.27846251103912695	9.308690440537589e-4	0.1157095299314592
Clostridium	GT28	0.002201731404735133	0.4460520049692695	0.22074541387023147	0.4847658082156212
Clostridium	GT35	0.012889954901924622	0.25608530139915003	0.018041043905403363	0.25769756263357646
Clostridium	GT39	0.10379784718250804	0.4162076218787969	0.24471498882378376	0.5048188681009128
Clostridium	GT4	0.019186330802085597	0.40269186085310027	2.3268579412113228e-6	0.18521661266922837
Clostridium	GT5	0.059470807133374624	0.344702830985295	0.00849041827025586	0.2610428293506287
Clostridium	GT51	0.0028826958368117573	0.23782847522703995	0.014317226204320759	0.197415730232696
Clostridium	GT8	0.07150152489073953	0.34230752340396786	0.0072958988826569565	0.13840595513859674
Butyricicoccus	AA4	0.006478480220497056	0.0069851347665288764	0.008519029524800726	0.011072934962062991
Butyricicoccus	AA7	0.022497108979423246	0.010409224729972851	0.07126216698239547	0.06371980132023469
Butyricicoccus	CBM48	4.20107115320033e-5	0.03114718935985585	0.10850187591773162	0.12600964953792798
Butyricicoccus	CBM50	0.00495904649761946	0.024292913893507843	0.02892405701525928	0.041405602875716305
Butyricicoccus	CBM54	0.027805222543620563	0.01389343415924176	0.020948126274407924	0.04991895925514725
Butyricicoccus	CE1	0.0025986515585133887	0.04981854501084317	0.0013647396523161907	0.020598579983169562
Butyricicoccus	CE4	0.037680579841051796	0.03231449728978067	0.12663488776501422	0.1171775048954688
Butyricicoccus	CE9	0.0019636200436692077	0.03358030219503205	0.03559138994113111	0.058738299143829636
Butyricicoccus	GH13	0.0035608707223830226	0.04055599404175278	0.14946674099984875	0.16500110099476353
Butyricicoccus	GH13_39	0.030449705172639143	0.022744005115412982	0.07501002880927994	0.0806971407798737
Butyricicoccus	GH13_9	0.0168066153454973	0.027545753714841928	0.16314319161411192	0.14969762652438315
Butyricicoccus	GH18	0.011058065965651072	0.004403281309906736	4.7546216891204814e-5	0.014743217892274743
Butyricicoccus	GH23	0.07714916387324702	0.06574104598111427	0.010573994786229059	0.04376098419695647
Butyricicoccus	GH27	0.013708234997610168	0.0090067255200607	1.1868825515692194e-5	0.0024335875448011327
Butyricicoccus	GH3	0.01307692764497037	0.06971341548788396	0.05753607274269701	0.0773025409660609
Butyricicoccus	GH36	0.01678599485757219	0.06491872318995656	0.05761545768567484	0.06189958473450861
Butyricicoccus	GH39	0.010617096172190208	0.007074967054058893	0.07322453404822458	0.0753937048140712
Butyricicoccus	GH4	0.009325241980644888	0.014206413817661634	0.058055543562557536	0.05647930259189622
Butyricicoccus	GH77	0.03888497352871617	0.11525776680252538	0.16840604001906892	0.16376480126828794
Butyricicoccus	GT2	0.0017527355637374023	0.1053701665694078	0.023970121450977464	0.03489041879861228
Butyricicoccus	GT26	0.0010146261885460768	0.045081989262208674	0.0014675345469378348	0.004243978009427849
Butyricicoccus	GT28	0.011040689805005076	0.0852533508562222	0.07825050661613936	0.08361197211670958
Butyricicoccus	GT35	0.012226488818125885	0.0610889949877309	0.0820286009453195	0.08607583528559087
Butyricicoccus	GT4	0.003428128236063856	0.1030364439297433	1.736642335425819e-5	0.003297248977313149
Butyricicoccus	GT5	0.00786576018094719	0.018888341324375942	0.09274691640629816	0.08410487898142648
Butyricicoccus	GT51	0.007301490867539656	0.042904993580042794	0.006848257377279973	0.012331905515557748
Hungatella	AA6	2.6930752170031456e-4	0.004296711144941244	0.02050725984536182	0.028422964114381406
Hungatella	AA7	0.004287021663930961	0.021498543019444722	0.027239947733489218	0.03156966628883043
Hungatella	CBM13	0.004907549121305588	0.009609147308847961	0.04539782955252844	0.0527576169118481
Hungatella	CBM34	0.08442868950055171	0.08100179685880757	0.039860112031723134	0.042646711804276
Hungatella	CBM48	0.008474314556577725	0.0026695310751885344	0.012941520673223357	0.004739407210335877
Hungatella	CBM50	0.026886023009843243	0.03682096391136475	0.01128227355465251	0.00968356398051167
Hungatella	CBM67	0.004737028357961849	0.01246395540385562	0.006568435566483867	0.014500451118876953
Hungatella	CE1	1.3856022130854797e-8	0.001530490067798607	0.004315900132652001	0.01873885367787004
Hungatella	CE12	0.018809359342974057	0.00836172579946405	0.005226244951534813	0.01595372170291099
Hungatella	CE14	6.159039154564184e-4	0.015598298409514736	0.00787763918593192	0.02225554428989257
Hungatella	CE4	0.002829443048431675	0.036505658502869465	0.04760225331965068	0.06509643769768245
Hungatella	CE6	0.024225883409681695	0.013315209861338703	2.984519508357021e-4	0.003787913583708382
Hungatella	CE7	0.010266723847162089	0.0022238250545174266	0.005389414648365068	0.014606848235383673
Hungatella	CE8	0.01722538775832413	0.007658370955689431	0.003827864404452169	0.01228891881879845
Hungatella	CE9	0.009067348922731101	0.011664689621438492	0.02499128555978039	0.042231130365007266
Hungatella	GH1	0.022298309203326795	0.007810224423696628	0.0030739766827271447	0.004125538026649224
Hungatella	GH10	0.045856990062350916	0.025856093217942543	0.0271828501650198	0.019399510256577407
Hungatella	GH102	0.025248560383441775	0.007111698330503903	0.0016295871849814395	9.919364793256218e-4
Hungatella	GH105	2.885859084183533e-4	0.005195096680110813	0.03428393424553485	0.05555160276642181
Hungatella	GH106	0.0045375453360770104	0.004479304937746804	0.016673490520411786	0.025766324587491153
Hungatella	GH110	0.004167617959961391	0.0023257456118210614	0.04018025329516554	0.04492486738333219
Hungatella	GH112	3.706074603992365e-4	0.003871139507047694	0.007875613159366076	0.007732315492322088
Hungatella	GH115	0.013649784354066254	0.003611853982589477	0.013155960726179602	0.032020550388317005
Hungatella	GH116	4.192329194887278e-4	0.004063558261807597	0.004449256572129754	0.006231232034973683
Hungatella	GH120	1.3831416216707852e-4	9.049344648022835e-4	0.00687826283777062	0.003725359353689027
Hungatella	GH123	0.006712852732243824	0.0029350243134764883	0.054790191636363055	0.06158801803810581
Hungatella	GH125	0.007981759537545045	0.008144806346128112	0.033022627740089426	0.04979933640485559
Hungatella	GH127	0.005079230997080619	0.014340108849135716	0.010411598947143727	0.03285231833936249
Hungatella	GH13	0.005648452837505833	0.004409428333522116	0.03838412941420475	0.02667328869713377
Hungatella	GH130	0.0016356677747235624	0.0029179774273714386	0.001594082173461121	0.007188586109002727
Hungatella	GH133	0.01261201408128574	0.011174018085906016	1.3774758906334753e-8	0.005385229199006674
Hungatella	GH136	3.347408032195131e-5	4.530284210020106e-4	0.016828451726138317	0.027047036008344197
Hungatella	GH137	4.647058209032136e-4	4.6648247380157355e-4	0.0037815721554773675	0.01054886290017553
Hungatella	GH13_11	0.014364853009301086	0.003826719667909085	0.009127511158917169	0.005368987685057648
Hungatella	GH13_14	0.006847735597617251	0.006343084927929441	0.008126446135205365	0.0017164101865917271
Hungatella	GH13_18	0.008378294199007378	0.0026672756020308347	0.012096631290328076	0.008160298751050747
Hungatella	GH13_29	0.002766520474540234	0.0046785582695877985	0.01024371655059662	0.02014212447042862
Hungatella	GH13_31	0.01134286763953911	0.0060919432450870425	0.015225300148870996	0.011468457877773066
Hungatella	GH13_4	0.0041471774693502645	0.010414980106104404	0.03024152051731207	0.026782371410571815
Hungatella	GH13_9	0.006298803250031056	0.02541888074475141	0.049770236565820636	0.056467325760662594
Hungatella	GH140	4.8615766125387964e-4	0.002827072215847166	0.03163108275274131	0.051884320011332856
Hungatella	GH142	6.176269444932821e-4	0.004232725281955564	0.0225438599583145	0.035829246536335124
Hungatella	GH146	2.0885251107203423e-4	0.004202076191079385	0.019783418962167315	0.03680599479640203
Hungatella	GH154	1.0622307184959287e-4	0.007389677975480643	0.03997868734130338	0.060226015396394224
Hungatella	GH159	0.0010737533804867424	0.0020214975776955252	0.0019332354876959656	0.0024025239754521923
Hungatella	GH16	0.011494129835624702	0.013334524479222374	0.0173750286455576	0.027259465153170452
Hungatella	GH161	0.023684024687114894	0.06732724579937592	0.039504552276641264	0.06393142074285786
Hungatella	GH16_21	0.08637923750814383	0.12588818450791328	0.0918108433424308	0.12068108873466704
Hungatella	GH18	0.02071789863597646	0.004088304194111251	0.04565390885962686	0.057906823834026205
Hungatella	GH2	0.007188781887622343	0.012732926773083322	0.04718029999509149	0.0749783345165708
Hungatella	GH20	0.003077363453720872	0.0021933335123511012	0.07502605997196869	0.09519523863828304
Hungatella	GH23	0.025519642356071785	5.010465705538029e-4	0.004007897042103331	0.023244888247115753
Hungatella	GH25	0.08930472324282496	0.06143129353507423	0.07434017336611921	0.07286624620123112
Hungatella	GH28	0.004971009552931014	0.001186275431841753	0.011246899823897642	0.02538799577226844
Hungatella	GH29	0.0028225917203175592	0.0010410473417875956	0.05683087275364357	0.07901259297557879
Hungatella	GH3	0.003082882574804374	0.005374869006017052	1.6136243484462918e-4	0.0013724188684264582
Hungatella	GH30_1	0.004053897577120865	0.027791490672212912	0.012616886208710628	0.01799510302539134
Hungatella	GH30_5	0.004212681488123777	0.0013796311546657204	0.019376624709673003	0.023581895925654326
Hungatella	GH31	0.0033096698341583968	0.008067732408070752	0.018886316829667505	0.04087018213000513
Hungatella	GH32	0.008881835443151402	0.0024760657862480306	0.003973725547217637	5.54583109466246e-4
Hungatella	GH33	0.012641521091355912	0.002227755312548267	0.06631775546507128	0.08251286686938177
Hungatella	GH35	4.8309119760484964e-4	1.8997372022177297e-4	0.05797248201691477	0.08309065900577313
Hungatella	GH36	0.01449772629327134	0.006968114893544732	0.015489954066506962	0.0054917210522769655
Hungatella	GH38	0.0042357831722318676	0.0011318785245297597	0.009177495734788965	0.010723100949944516
Hungatella	GH39	0.016249379805429797	0.07039101140655829	0.056368125561329	0.07648089095098
Hungatella	GH4	2.7318063598179926e-5	1.503343109015047e-4	0.004022657093442515	0.0037537134480844104
Hungatella	GH42	5.697242204959912e-4	0.0053202335106781315	1.026688646512353e-4	0.0015752363321851156
Hungatella	GH43_10	0.00581326160430033	0.002817803373354759	0.0028702796628027353	0.014857852383638145
Hungatella	GH43_11	0.00907217943897108	0.007103886391723483	0.011656160846917488	0.008484493099617624
Hungatella	GH43_12	0.03279724359264339	0.014644616409796848	1.69008220214149e-4	0.0033506051531115195
Hungatella	GH43_17	0.001249751746657032	0.005514993095670485	0.01043350771728593	0.014213953663932546
Hungatella	GH43_22	0.0015566617546349788	0.001682957698528627	0.014262320361831393	0.011028302039562603
Hungatella	GH43_24	0.0015846619881065354	0.005504707813071452	0.043682433736290646	0.061186000858586394
Hungatella	GH43_26	0.01830159201608781	0.02438729622593278	0.01577194454023242	0.028260863100667513
Hungatella	GH43_28	0.012337513504254018	0.008986498826855325	0.012981171490737249	0.025070121445657158
Hungatella	GH43_35	0.01100836107402909	0.02366816158568855	0.036013863298876764	0.05100911445318489
Hungatella	GH5	0.03576894512059414	0.028705932254071972	0.068290062956179	0.06530047591454706
Hungatella	GH51	0.002857976196793745	0.004487465344257969	0.0012758006101271334	0.01310574909872421
Hungatella	GH57	0.019539674244710096	0.023878522567296834	0.002210765856673416	0.004121026502132096
Hungatella	GH59	0.015088083448668858	0.03527067298856505	0.050357516155267554	0.07370945415952795
Hungatella	GH5_22	3.89095045803972e-5	0.02274048851445711	0.033095279409723496	0.02339046134716689
Hungatella	GH63	3.772701970936406e-4	6.052649368453645e-4	0.04513956871691417	0.05896258040768471
Hungatella	GH65	0.014023264472034126	0.01029305394473152	0.009391610043659064	0.008098235060169058
Hungatella	GH67	0.01675581458455678	0.004734376445535334	0.001381258885770043	3.640610121757148e-5
Hungatella	GH76	0.007098054305206869	9.43256726322103e-4	0.036349541366284044	0.04753586133656377
Hungatella	GH77	0.002233149026124746	0.006454386336828921	0.07030744490931348	0.06509440249024517
Hungatella	GH78	0.022068780593885916	0.007095291885304875	0.02257979556356551	0.0323082286210676
Hungatella	GH88	0.01804589597969561	0.03081508820793654	0.06550027986456124	0.08709092987184487
Hungatella	GH9	0.002719771117558217	0.030805743857402187	3.90412284483719e-4	0.0019256895108982987
Hungatella	GH94	0.05247698838614287	0.09075720598220781	0.11130661012600121	0.13033657577647806
Hungatella	GH95	0.0017138847764748054	8.923251552513582e-5	0.03587007236273779	0.06011641474446695
Hungatella	GT108	7.976512596842859e-4	0.0530830361276783	0.005986579680583556	0.01664719530293471
Hungatella	GT2	0.05131625780732684	0.021840084435131277	8.134879797219002e-4	0.0016271914578240862
Hungatella	GT26	0.016993618187353884	0.0025527193096722897	0.0010004802091881763	0.004079797209548957
Hungatella	GT28	0.014449066363137052	0.041660288281401246	0.11189306347117522	0.14019369120282657
Hungatella	GT35	6.261465047182508e-4	0.0045830620869345695	0.012523190630335069	0.00889658876537586
Hungatella	GT4	0.011813187061168448	0.007970998360603018	0.013880338239488782	0.02280308752885517
Hungatella	GT5	0.0052100941155201	0.02419905319704929	0.02205091604583514	0.02754927012438757
Hungatella	GT51	0.045076649000780275	0.024209257552587862	0.015718453317742683	0.00945290920095793
Hungatella	PL10	0.0013923647403338596	0.0012775852668450252	0.014917438519037547	0.02339595626178256
Hungatella	PL10_1	0.007978659370688087	0.0020711836254571447	0.011231273314632018	0.02043578745320213
Hungatella	PL11	1.0718956485893894e-4	0.005227481770128927	0.02427391673844119	0.03902721178216892
Hungatella	PL11_1	0.008115568853845078	0.0043071494887233375	0.009559519286262787	0.023326315143171197
Hungatella	PL12	0.02201576381831412	0.026999986284649384	0.00841182092968733	0.013055028194968846
Hungatella	PL12_1	0.02581165473543368	0.02626252952328089	0.041807071374650354	0.07051601650990667
Hungatella	PL12_3	0.03759597572807644	0.041498885338396005	0.0015636016809460998	0.0059895636262815586
Hungatella	PL26	0.0042091577310463075	0.0014171393207678255	0.029149487681899563	0.045243341175766304
Hungatella	PL27	7.650616849186958e-7	0.005882519130923457	3.9396683140466494e-4	8.71540152123307e-4
Hungatella	PL33_1	0.009143807869466244	0.006274039018257935	0.0106230329987921	0.012567922294289562
Hungatella	PL37	0.0047130963419816764	0.0028086690806792217	0.007516758336020978	0.00736978705355426
Hungatella	PL8	0.0058488458574547	0.006267346107477109	0.05859649955937086	0.07145279647281341
Hungatella	PL9_1	0.03170854193367229	0.025220254139320764	2.1187495486602758e-4	0.00837487009128229
Ruminococcus	CBM13	0.03375614949176185	0.07515353319577601	0.12979162516999024	0.1545430150328595
Ruminococcus	CBM2	0.14862988867780955	0.20002260949990197	0.17845996448739737	0.2214734602214004
Ruminococcus	CBM23	0.026454227285017798	0.2011491942839725	0.14072921942239397	0.22556934038514284
Ruminococcus	CBM26	0.06250888553524687	0.09920743629903554	0.2751375826249021	0.2068845544133387
Ruminococcus	CBM35	0.12680202691951029	0.16361359391760733	0.1523098423179686	0.23029245610030505
Ruminococcus	CBM48	3.0303602752977272e-6	0.06525936368807805	0.022079885928835374	0.12349856165328232
Ruminococcus	CBM50	0.01644782920807458	0.13409987471077656	0.0069356354743800655	0.13080361450516326
Ruminococcus	CBM65	0.13222129474819638	0.31665552779565365	0.33507671571793196	0.5738506140470409
Ruminococcus	CBM74	0.025825583424153066	0.09398575948500053	0.2369929149638331	0.1749596034839955
Ruminococcus	CE1	0.013492028633434483	0.11755833544469078	0.028208282891208088	0.08025490724771717
Ruminococcus	CE17	0.10132408786953499	0.19918662464803127	0.1870196043713429	0.2153772260198908
Ruminococcus	CE2	0.07917848799467758	0.13247116910008794	0.13811125782717878	0.15051108995388426
Ruminococcus	CE4	0.2548137339539074	0.30984282422187004	0.10911836561501102	0.20716838274167435
Ruminococcus	CE9	0.009133199206508059	0.0959296389468631	0.006380143167488577	0.067742768895776
Ruminococcus	GH113	0.06717121727276934	0.20521933826744732	0.05123947178704624	0.1433716883052496
Ruminococcus	GH123	0.09630767882299995	0.15612610630902138	0.014226926798546936	0.08538254289941993
Ruminococcus	GH13	0.0039036287267223847	0.09932914308714862	0.05055115880166493	0.10847174940789356
Ruminococcus	GH130	0.023641950136031892	0.09739939833471606	0.00103631387389305	0.10833719347498735
Ruminococcus	GH13_11	0.004853210134731184	0.044501782348908114	0.02762007565777273	0.0853724636435833
Ruminococcus	GH13_14	0.004490697938849072	0.056519682664004964	0.025658069507333636	0.09990359407582981
Ruminococcus	GH13_19	0.004721106230937742	0.0865049591705088	0.17832893894125879	0.1669055963537684
Ruminococcus	GH13_28	0.010429279403052757	0.06535033253031627	0.21480894629197173	0.17138364094773262
Ruminococcus	GH13_36	0.14731057651515764	0.21513481733739598	0.3162285089078887	0.22308889318366873
Ruminococcus	GH13_39	0.2742177190754774	0.32822503062407976	0.24579248204710769	0.24191336130089555
Ruminococcus	GH13_42	4.475541721940818e-5	0.0964030976869348	0.2370299826310148	0.2384918074359321
Ruminococcus	GH13_9	0.14196251635818702	0.17274988968465113	0.14017915931421485	0.14493186130114288
Ruminococcus	GH16	0.0038436963680911827	0.06849565315222764	0.01782093717141816	0.023942881904691224
Ruminococcus	GH16_21	0.1414738686196716	0.2928445352804584	0.2993122733670593	0.4450155756148331
Ruminococcus	GH2	7.898161753359294e-5	0.10139489774251641	0.0456974877207115	0.11858479351132171
Ruminococcus	GH20	0.0011341158496468938	0.08463236470927174	0.04799625733196379	0.1006090373115376
Ruminococcus	GH23	0.08671229678367658	0.12142766341660687	0.03582626287397792	0.07175098856166065
Ruminococcus	GH24	0.033319636494716046	0.07149307007551314	0.01395681130032088	0.031149232901615254
Ruminococcus	GH25	0.0025796279935489494	0.1835822534588335	0.04001829150224092	0.11094889683137096
Ruminococcus	GH26	3.228231256028996e-4	0.12993830669210849	0.01331349121092788	0.06861224021842985
Ruminococcus	GH27	0.061705723369711724	0.11233108437360874	4.312201053128223e-4	0.056818609376611685
Ruminococcus	GH29	0.012204719650636721	0.06807291708949023	0.05357934872645784	0.0968444349370488
Ruminococcus	GH3	0.005726296031854839	0.09648035980157578	5.600985388604575e-4	0.09017488515737734
Ruminococcus	GH31	3.7973161057767604e-5	0.0879266034137476	0.009017172576858272	0.14998157679136506
Ruminococcus	GH32	0.04372265970576374	0.22071626217005977	0.0026087367085132944	0.13479710518037785
Ruminococcus	GH33	0.044110409471385746	0.129399650724045	0.03976390453911303	0.06888114654848347
Ruminococcus	GH35	0.001479456853194172	0.07107496311406418	0.04556181506318912	0.06661362168345211
Ruminococcus	GH36	7.761784439051927e-4	0.10106603186465762	0.001733732603838037	0.08338364534320619
Ruminococcus	GH38	0.18212973378551908	0.2657255205769175	0.0398828819058546	0.08665851118590386
Ruminococcus	GH4	2.552391841560221e-4	0.06522238665868489	0.005925512924865159	0.03533200124839608
Ruminococcus	GH43_12	5.064699478518895e-4	0.12899773015072663	0.005328835985587171	0.09792213857237006
Ruminococcus	GH43_35	0.10720803891843035	0.16411294178213523	0.1655883630203753	0.19371836591011984
Ruminococcus	GH44	0.3286033125233274	0.4887884113373784	0.2754505228763098	0.500097366800573
Ruminococcus	GH5	0.004888236658006684	0.1322789912902591	0.05688623152390013	0.12742612566854483
Ruminococcus	GH51	0.008115631759415603	0.11688054026447367	0.028200812422123557	0.13271405496242666
Ruminococcus	GH59	0.20622246506274908	0.23647497228229863	0.3345945417538872	0.31392047256306876
Ruminococcus	GH5_1	0.314991030225709	0.38949721863726167	0.45240159671018365	0.4334562662491747
Ruminococcus	GH5_2	0.013285564933998377	0.19207109776312425	0.07883593978691505	0.11856313264521902
Ruminococcus	GH5_37	0.2308710787635291	0.2737543305182337	0.38466475998808314	0.31951038644006197
Ruminococcus	GH5_4	0.0043204771082603595	0.1384141857995716	0.036948395697262895	0.11286010758949101
Ruminococcus	GH5_7	0.002979117493310375	0.1189387865711559	0.017874312798901813	0.05594577765186709
Ruminococcus	GH5_8	0.06901888034584094	0.1764351698948819	0.2725098865873921	0.31050123065864477
Ruminococcus	GH74	0.24548556152022574	0.3129658749468724	0.16315699436483155	0.29525373118613835
Ruminococcus	GH77	0.0077787810116140025	0.11527181958699842	0.06479994727996288	0.11810563134191694
Ruminococcus	GH89	0.033927049672425894	0.10115257981307979	0.029002289206089892	0.0865601948415384
Ruminococcus	GH94	0.07935060587722821	0.19685596399778335	0.16241167959426575	0.163761059818534
Ruminococcus	GH95	0.0016526522255001035	0.08611077817648011	0.08758089288560043	0.10057103276349721
Ruminococcus	GT2	0.0012189824135090666	0.20067217889077815	0.00276936517153021	0.0802041938667259
Ruminococcus	GT28	0.12624859569951616	0.2596048379317031	0.1364299799655215	0.2584755235255712
Ruminococcus	GT35	0.007714248822857521	0.10062369481798711	0.03514603557130738	0.0799488705690807
Ruminococcus	GT4	0.02837981838369472	0.16254546827738817	0.004686809640952304	0.07651852025161444
Ruminococcus	GT5	0.15778897164996109	0.18482773031964306	0.11481487906701118	0.12770041472002533
Ruminococcus	GT51	0.024017285729200137	0.09530278473485368	0.005128466148515219	0.07004733950329929
Ruminococcus	GT8	7.864394565873571e-4	0.12729319327236524	5.823672160167719e-4	0.022464979123641836
Faecalibacterium	CBM13	0.20527491304750042	0.1752402634460549	0.18503650129664903	0.2429779457549837
Faecalibacterium	CBM22	0.15094976347007275	0.1708290227673004	0.21022356111911605	0.27695378382700964
Faecalibacterium	CBM32	0.056136341667490736	0.0919516810121366	0.00281366603879578	0.09442492341126292
Faecalibacterium	CBM34	1.8003403530428392e-5	0.09002905984266235	0.09763046069928058	0.13209641969927505
Faecalibacterium	CBM48	0.020211828732926946	0.0665499893224222	0.12252380709875133	0.2352031258540521
Faecalibacterium	CBM50	0.007926551256947686	0.07717948805925003	0.05888261737779675	0.11855520168398044
Faecalibacterium	CBM65	0.03804530233990356	0.15972762706743393	0.11283317078448091	0.2725171298931392
Faecalibacterium	CBM67	0.039233425936919385	0.05847824266954923	0.0015366106960830476	0.018968975207409505
Faecalibacterium	CE1	0.043029314338137725	0.11421793222827373	0.015412748962168297	0.11537456252592845
Faecalibacterium	CE12	0.010665814444796595	0.09949303132255358	8.117658864944222e-4	0.0852830283620513
Faecalibacterium	CE15	0.01673238230028498	0.21049948883821343	0.028717140357098304	0.1181380959747156
Faecalibacterium	CE2	0.047227671796440086	0.09500408276574532	0.12403960033111122	0.1921592936651328
Faecalibacterium	CE4	0.08550374542645378	0.22447733936802725	0.1415398816281756	0.25919594587032396
Faecalibacterium	CE8	0.029680833455604627	0.1576724732360103	0.002806335092309555	0.11060083108622695
Faecalibacterium	CE9	0.027475777089512998	0.11685935667668505	0.01449474742813524	0.08512113728908532
Faecalibacterium	GH1	0.056709941335494056	0.1336238500500387	0.07133926557847736	0.11934964215779076
Faecalibacterium	GH10	0.012894037690833318	0.10344694699821658	0.005276504393107695	0.022294893873344164
Faecalibacterium	GH105	0.04645988962633212	0.12161709195668369	2.340869137764475e-4	0.10879347042219693
Faecalibacterium	GH106	0.032445704802026125	0.060553750179247995	0.00197083892926026	0.04017608356556616
Faecalibacterium	GH112	0.2184678041075278	0.1894279531266618	0.15211985459685737	0.18874328727077805
Faecalibacterium	GH120	0.08326590159195028	0.16795540693492383	0.08617403307794798	0.10002400883759549
Faecalibacterium	GH126	0.03521292521829905	0.39965919982107734	0.06804998938839356	0.5599356167505773
Faecalibacterium	GH127	0.035093706417081996	0.12483682108319902	5.9392196990499904e-5	0.11983164642531569
Faecalibacterium	GH13	0.05396551446042001	0.15232495850037672	0.1700203639996617	0.2745271410124023
Faecalibacterium	GH130	0.05470102566857367	0.08171885164661662	0.03362414913145817	0.08816135848266132
Faecalibacterium	GH13_14	0.11330592721320212	0.1555494764351615	0.06477652909395817	0.21618319649331152
Faecalibacterium	GH13_31	0.06107143463481251	0.10635276740836912	0.08680173859167352	0.11149695783493845
Faecalibacterium	GH13_36	0.05767382308346446	0.11936688043597207	0.18921496625857098	0.2311031284557061
Faecalibacterium	GH13_39	0.1564636237353373	0.28054738474955954	0.24350094842983164	0.3209712456026536
Faecalibacterium	GH13_4	0.4171840263254688	0.35783424305025385	0.22487373925688367	0.28281938912744603
Faecalibacterium	GH13_9	0.09382538427257826	0.17744813515476093	0.18808127811188888	0.2145909774878561
Faecalibacterium	GH140	0.010818955065411633	0.0541289365123645	7.16867159166006e-5	0.10033172160500108
Faecalibacterium	GH154	0.021529611602386024	0.11041696400540436	2.8922211921572456e-6	0.09061824251020568
Faecalibacterium	GH18	0.014263699413823376	0.12767855034111444	7.264264794554901e-5	0.08481974136725279
Faecalibacterium	GH2	0.07011970218823092	0.14880502818330577	9.646002996688961e-4	0.11822720115058025
Faecalibacterium	GH23	0.017927307085984067	0.1066145337532347	0.001544850047090256	0.12514006362882935
Faecalibacterium	GH25	0.06135408729272916	0.19017983603147035	0.057267424331930245	0.17434629301974602
Faecalibacterium	GH26	0.025477692208151555	0.09705566501734793	0.009316516070220831	0.031359908294524716
Faecalibacterium	GH27	0.04011025320071376	0.07719241897060634	0.0037435412165801366	0.06493445978346093
Faecalibacterium	GH28	0.05019876186046668	0.11912376428814597	6.827443105580145e-6	0.09892795907675662
Faecalibacterium	GH29	0.024870176420823228	0.05300312192040204	0.005341523124778568	0.10984078173911688
Faecalibacterium	GH3	0.11842594675579546	0.19524692481704958	0.10158059659126449	0.13963110318780916
Faecalibacterium	GH31	0.03880897328121101	0.07687570229500655	0.02150964026826683	0.17138951504960392
Faecalibacterium	GH32	0.0390629289524324	0.20667300939931635	0.026948912169814362	0.19274108673675372
Faecalibacterium	GH33	0.042890657698583474	0.07588238410760426	0.008547168951632043	0.08239471118982017
Faecalibacterium	GH36	0.04360869341761718	0.11986138258509493	0.0073382093018094455	0.13890450326354795
Faecalibacterium	GH39	0.009632777428985079	0.1859965371730879	0.107689812613513	0.1755842381431009
Faecalibacterium	GH4	0.0033541229401590493	0.059335808588307774	0.029024320223750382	0.0614103012683566
Faecalibacterium	GH42	0.0632246613593003	0.11383883429614339	0.052940399599024704	0.07982294108750332
Faecalibacterium	GH43_10	0.027359641013933074	0.1553451254858895	0.0033131017619123238	0.11048311461882941
Faecalibacterium	GH43_17	0.024577181049236663	0.10667183336130225	0.003220211467123679	0.08711538755695031
Faecalibacterium	GH43_22	0.08183763465907455	0.18472258469720287	0.08172619950873053	0.10099318865856853
Faecalibacterium	GH43_35	0.01867779565247078	0.07469388847609044	0.1263105464262889	0.17429933943419681
Faecalibacterium	GH5	0.042226002265506386	0.10531121754894059	0.06446709435461191	0.12739912229929007
Faecalibacterium	GH51	0.04587858396338731	0.1401119843899978	0.0012105216895724872	0.14674869113550187
Faecalibacterium	GH53	0.013082374338060455	0.10695241263749196	0.03035075962258204	0.12147330231476189
Faecalibacterium	GH5_4	0.023459981478011194	0.09885984250987447	0.024987229693988693	0.0733842842041983
Faecalibacterium	GH65	1.7805558686434896e-4	0.1193419495649056	0.019973453714138327	0.148294497230048
Faecalibacterium	GH67	0.021686155399874615	0.1163597063422723	5.41464336065662e-4	0.02726772548047345
Faecalibacterium	GH77	0.2723259090245484	0.3723520608378363	0.20882652447808417	0.2898240841377856
Faecalibacterium	GH78	0.017693292946313055	0.14414026922859755	1.3231904215740852e-4	0.04601560523278967
Faecalibacterium	GH8	0.0021140424702747527	0.07683162179892093	0.043654979853956576	0.08760671373545333
Faecalibacterium	GH88	0.011287735009334188	0.1178999108267675	6.849144052906432e-4	0.12445825519001535
Faecalibacterium	GH94	0.21864733367992603	0.25576772147000826	0.2045604356340092	0.2610654154604176
Faecalibacterium	GT1	0.05679068688655943	0.16998070928608025	0.06368942146791487	0.18689109993162192
Faecalibacterium	GT111	0.04637894135669002	0.11658256503652702	0.023601008547468712	0.04780155512248742
Faecalibacterium	GT2	0.06310671342839218	0.16189100053252403	0.00795423646699257	0.07672049504917634
Faecalibacterium	GT26	5.182805639793824e-4	0.045114444333553785	1.762863952153546e-4	0.011636979021900404
Faecalibacterium	GT28	0.18085233786733387	0.32274389528377706	0.14533457434866898	0.31143048667268497
Faecalibacterium	GT32	0.0015379342025677136	0.08106273564189416	6.733263941623391e-5	0.013032438364417235
Faecalibacterium	GT35	0.1080035137393385	0.19858223519341778	0.09986876495839439	0.13869435840922328
Faecalibacterium	GT39	0.03229361641068991	0.19705720755008435	0.18657765029745493	0.3671742288761838
Faecalibacterium	GT4	0.06488805219452043	0.15004262155018408	3.469983769594937e-7	0.04963982534447619
Faecalibacterium	GT5	0.06279784418802671	0.15899053127516008	0.10925689094082938	0.11024413434279137
Faecalibacterium	GT51	0.0027794345573285326	0.07331760634162582	0.008061721556559188	0.04758103257626302
Faecalibacterium	GT60	0.047477246097156624	0.6974831761172475	0.0995712077743763	0.8658683614970777
Faecalibacterium	GT8	0.008307775231674783	0.060578810820013054	0.01025003561746123	0.017122719239846953
Faecalibacterium	PL33_1	0.03996360674035973	0.09871143004173535	0.029965939717018646	0.058275668155900094
Flavonifractor	CBM35	0.02561306420267717	0.04223399890987623	8.53732539160052e-5	0.02058062478446386
Flavonifractor	CBM40	0.048362411436643465	0.06866369264763426	0.11504061802667606	0.2278745258666426
Flavonifractor	CBM48	0.010206935009515304	0.0071791659695652375	0.01436450670994392	0.02105336533702304
Flavonifractor	CBM50	0.03904099606304271	0.061025065772900504	0.10744675264382207	0.03767949782146381
Flavonifractor	CBM54	0.1235784381778743	0.0998261727541388	3.3674338323062715e-6	0.046028802298187496
Flavonifractor	CBM61	0.0016176058342554655	0.08869232224550923	0.015434790619461304	0.024937202413291087
Flavonifractor	CE1	0.10371808251561163	0.027431821673629928	0.14826218940532193	0.13110840814525476
Flavonifractor	CE4	0.044839091849850674	0.12111069369442937	0.002962461066214664	0.054784588303520475
Flavonifractor	CE7	0.028416834962220982	0.006338422131569775	0.09594952217497815	0.08195638564845802
Flavonifractor	CE9	0.00605441613475313	0.05636497782465916	0.0957015913003948	0.14834510674259752
Flavonifractor	GH13	0.026685993081394153	0.0057062899926483175	5.278404155887546e-4	0.009035219562885704
Flavonifractor	GH13_39	0.025635551711995084	0.0882534743814882	0.04089663102929025	0.13248002129561023
Flavonifractor	GH13_9	8.34646379833563e-4	0.05221623750646112	0.023442284387634682	0.051375624005588656
Flavonifractor	GH18	0.08135846622063651	0.06005497902023217	0.13576309346370571	0.1640780771454969
Flavonifractor	GH25	5.389414171568811e-4	0.049102163472117995	0.05430231232213656	0.09384462592459863
Flavonifractor	GH3	0.11871717371958392	0.05017370239836688	0.09272580666112322	0.06331480462235854
Flavonifractor	GH31	0.11716367322273083	0.022706660834239795	0.12746487884815214	0.17302166636939065
Flavonifractor	GH33	0.2958553938829913	0.07549772509566621	0.21721743273389657	0.19910380201855765
Flavonifractor	GH36	0.028593513783909213	0.018428050608403367	0.0014216656824798189	0.01397459305717637
Flavonifractor	GH4	0.05883846248923276	7.16140894207778e-4	0.005238660871706768	0.01315921496446297
Flavonifractor	GH65	4.51810954100263e-4	0.011495759432460057	0.03941356683067116	0.042633984973998854
Flavonifractor	GH77	0.06530542489299493	0.04661909919061822	0.009754432928114511	0.026324029020431915
Flavonifractor	GT1	0.015191664952195622	0.026478533785623985	0.004074954393544048	0.04134116600208581
Flavonifractor	GT2	0.007591914169256128	0.05640422360692648	0.026864767748402334	0.0456724740148182
Flavonifractor	GT26	0.0020126426653009066	0.011367914195251745	0.06065782607208814	0.03736342034707922
Flavonifractor	GT28	0.06643972636138357	0.12484194767513751	0.025684914239313954	0.14154451859531653
Flavonifractor	GT35	0.022456734868249072	0.035542979087889795	4.772832473782596e-4	9.491403637625486e-4
Flavonifractor	GT39	0.00271297500680976	0.06754233466689788	0.03834023614553819	0.14068958357970268
Flavonifractor	GT4	0.025159743678549104	0.0967653971006949	0.09164650542016285	0.10342202356912492
Flavonifractor	GT5	0.0012892634044656764	0.055708858047855456	0.01679605582013973	0.01986594683041475
Flavonifractor	GT51	0.001242581913105177	0.021366755676146088	3.7011472741676414e-4	0.007477658689026876
Anaerotruncus	CBM13	0.002337575759078754	0.01400594703633663	5.131049903215781e-4	0.024304670651607393
Anaerotruncus	CBM48	4.491157679207878e-7	0.020220213512386	0.008809901307880353	0.017408490773666498
Anaerotruncus	CBM50	4.547787957020925e-4	0.015847698770891098	0.014794502241836345	0.030529517261304224
Anaerotruncus	CE4	0.04258061172133247	0.041198040091478316	0.009589048056402903	0.03110772506328686
Anaerotruncus	CE9	8.747686910539305e-8	0.018791540586306877	1.0964811999408165e-4	0.00372686641345865
Anaerotruncus	GH110	0.032980802321163724	0.032122695565433346	0.02080809391238975	0.0012692017621600484
Anaerotruncus	GH112	5.769133424249893e-4	0.017127447968485112	0.00633487433091963	0.02648548379581982
Anaerotruncus	GH13	7.720525515406212e-4	0.02227576437723711	0.008599479857976617	0.02783035421358898
Anaerotruncus	GH136	7.212007886944585e-5	0.013637422800246051	2.1455867193339624e-4	0.008724187706487273
Anaerotruncus	GH13_39	0.05496717483559892	0.04012297634527631	0.009885064485520994	0.04216861156079694
Anaerotruncus	GH13_9	0.015246263305664762	0.027638074611843515	1.2960617598483488e-4	0.026771725461158847
Anaerotruncus	GH146	6.539778417792191e-4	0.00670786681499273	4.5936808993956847e-10	0.0020228160478488254
Anaerotruncus	GH18	0.03512839703075081	0.03178241841206284	0.011042865486604232	0.002165086727653163
Anaerotruncus	GH2	0.001824687819237234	0.014791667787986067	6.0321793750966e-5	0.0030680036235353424
Anaerotruncus	GH20	0.0033979857078573882	7.834078266452955e-4	0.007955651473320797	6.677238715949937e-4
Anaerotruncus	GH23	0.046490491911330534	0.03596962344309429	0.010535062842732163	0.0035516779729758982
Anaerotruncus	GH25	0.030742297012565117	0.062395093641648	0.023992738441529538	0.016632414717931362
Anaerotruncus	GH27	0.03190789018168174	0.01494161277590423	0.016406706001216385	8.262739972667648e-4
Anaerotruncus	GH28	0.002023283146679827	0.015761399960001685	0.0030882285762105486	0.003383631754102686
Anaerotruncus	GH29	0.00576344150228572	0.0019500711107420614	8.932897167632121e-4	0.0015228777166217866
Anaerotruncus	GH3	0.0052340310087292015	0.01919520174197925	8.24279646488566e-5	0.013462674014091094
Anaerotruncus	GH30	0.004641702135748225	0.00608868652276759	0.004114570867480024	0.004238183733604349
Anaerotruncus	GH30_4	9.359041507443394e-4	0.015676890272522646	1.0295740802365872e-4	9.330168522719124e-4
Anaerotruncus	GH31	0.003069878730111239	0.01279351614523652	0.0023124523958800805	0.008113024212415323
Anaerotruncus	GH33	0.03252088194542486	0.010666208220898239	0.01020685037139188	9.810547411063025e-4
Anaerotruncus	GH36	0.0062203475214667545	0.023191515465767493	0.0350193437506441	9.679094173810911e-4
Anaerotruncus	GH38	0.03362871193923137	0.041295878005930195	0.014071387520370817	0.007240858736517927
Anaerotruncus	GH51	0.0015408495274841535	0.018336192298986573	0.021032784590813983	0.0038405864199973724
Anaerotruncus	GH77	0.003565440281482122	0.030174803117395774	0.010513895747960198	0.02393808334459937
Anaerotruncus	GH95	1.3538617997972146e-4	0.011382971973952473	4.922911583704037e-4	0.002723026898985532
Anaerotruncus	GT14	0.012512954274267357	0.022095756074556973	7.259048305221664e-4	0.0037251731369670193
Anaerotruncus	GT2	0.04609246211193987	0.09504761868197567	0.012868610917561385	0.008715630379392913
Anaerotruncus	GT28	0.009344445696977713	0.044719161957157194	0.008679267280009804	0.049419476003011255
Anaerotruncus	GT35	0.0016363838903671272	0.024640615214465526	0.005664157351426676	0.011808884799881432
Anaerotruncus	GT4	0.015911181979326394	0.060759477855480984	0.0013985251488345815	0.0029348275508665786
Anaerotruncus	GT5	0.010288484668424148	0.024495427760050995	4.538121224308984e-6	0.010618586632431834
Anaerotruncus	GT51	0.010851195670574533	0.021968871917258825	0.0011050605169396202	0.007316246019444344
Anaeromassilibacillus	AA6	0.008907970830695817	0.003990744188116413	0.02212362649573572	0.001294847769142173
Anaeromassilibacillus	CBM12	0.08166969304184368	0.13492383524217758	0.010645567058736578	0.05394282493620547
Anaeromassilibacillus	CBM13	0.023684943583084088	0.03550200786611871	4.3310857277168276e-4	0.02678673415503141
Anaeromassilibacillus	CBM32	0.004875738890348821	0.00275556754699108	0.022122853383697304	0.04261733869613085
Anaeromassilibacillus	CBM35	0.017282940322491013	0.055871536024379116	0.02558353376184233	0.017428686078038755
Anaeromassilibacillus	CBM48	0.012110997530627766	0.0024926437337209673	4.9015818076470584e-5	1.577264308848368e-4
Anaeromassilibacillus	CBM50	0.06802687961082796	0.07574926756990073	0.005510909969543464	0.005279488955650036
Anaeromassilibacillus	CBM51	0.009571365103021706	0.018137139390546335	0.0361798006928599	7.813816673799448e-4
Anaeromassilibacillus	CBM71	0.06000604688203457	0.012858447024738361	0.011673130996067956	0.006175400932665381
Anaeromassilibacillus	CE1	6.724495967317972e-4	4.494324771716781e-4	4.181141720099495e-5	0.026094311534590724
Anaeromassilibacillus	CE4	0.043768355264146394	0.1490208147635638	0.0049685479414943255	0.061103508285933944
Anaeromassilibacillus	CE9	0.0011510748347984179	0.0011456911778124485	0.015259325205905035	0.015715477971499355
Anaeromassilibacillus	GH110	0.008389437671955508	0.04251716166347038	0.014120782836659834	0.009245140094341287
Anaeromassilibacillus	GH13	0.0016577760176196216	7.360418887316771e-4	4.6125785428399664e-4	0.006524554991329994
Anaeromassilibacillus	GH136	0.007340410754414975	0.020643073404450766	7.039488703666953e-5	0.002871317146033722
Anaeromassilibacillus	GH137	0.011811655083192834	0.01582359482188893	0.0013495681752396056	0.008508952742776747
Anaeromassilibacillus	GH13_36	0.07427824569474994	0.14012850129948132	9.978462854014641e-5	0.04644668751228658
Anaeromassilibacillus	GH13_39	0.025572233423082704	0.09731438754928938	0.004760059429952948	0.07429028922027882
Anaeromassilibacillus	GH13_9	0.022472804010990704	0.06671617516339594	1.959948409444528e-4	0.03958919988533851
Anaeromassilibacillus	GH18	7.320368842014148e-4	0.03227703795901335	0.044357552174685844	0.02454075305991394
Anaeromassilibacillus	GH2	1.8097418621927669e-4	9.439303035354087e-6	0.0036298656187916866	0.0475606982486039
Anaeromassilibacillus	GH20	0.003028026616905508	0.006401201728296858	0.01639736563451467	0.04005849019157119
Anaeromassilibacillus	GH23	0.037503872745957595	1.5696945684914325e-4	0.001006520987580768	0.023455823654679672
Anaeromassilibacillus	GH24	4.57101763370914e-4	0.007591516915740775	6.825748881176171e-6	0.007141779566223703
Anaeromassilibacillus	GH25	0.07531505116663342	0.04029858918913718	0.02412040649542928	0.01908575462867189
Anaeromassilibacillus	GH27	0.004615780627712582	0.031223164131533563	0.010530313411672985	7.622343110904369e-6
Anaeromassilibacillus	GH29	0.0028547690076914946	0.010742920351650212	0.004574773861391912	0.0372858871218695
Anaeromassilibacillus	GH3	9.812246538353762e-4	3.412841547118327e-4	0.004563989875103549	0.005917929963414298
Anaeromassilibacillus	GH38	0.005710617897227758	0.03439157018948736	0.051364096169592637	2.3448509006031703e-5
Anaeromassilibacillus	GH43_33	0.0032855581032346626	0.04712974611962888	0.02291988375170332	4.992457846881545e-4
Anaeromassilibacillus	GH63	0.015177617502540403	0.006077412907586751	0.013072670606747524	0.021914351296657947
Anaeromassilibacillus	GH77	0.009395042699100003	0.011781976141714211	0.001618808260145092	0.01706803060865316
Anaeromassilibacillus	GH84	0.03290667533469214	0.016369593033599045	0.00733066778020255	0.032497539462233827
Anaeromassilibacillus	GH92	4.662280378124369e-6	7.537379137004541e-4	0.0105439339615738	0.03993406575292285
Anaeromassilibacillus	GH97	0.012687922426730206	0.005967733576966444	6.413176378405609e-4	0.032768010901799684
Anaeromassilibacillus	GT2	0.08940998060851423	0.047989120806091315	0.012883859703693996	0.005317118986856849
Anaeromassilibacillus	GT28	0.08137017332351593	0.1251921888229853	1.4294603862204255e-4	0.10264019681643945
Anaeromassilibacillus	GT35	2.416162512025596e-5	0.001245697594351872	0.002746404868805937	4.428066615744266e-6
Anaeromassilibacillus	GT4	0.09372446679329895	0.08200852451546899	0.0028111608136542387	0.011061519064949963
Anaeromassilibacillus	GT5	0.025642883839089123	0.07366333274896715	0.0019642075107619765	0.014992140259412343
Anaeromassilibacillus	GT51	0.06961325367221899	0.01989070969067348	0.007316991644321015	0.008848676670971061
Anaeromassilibacillus	GT8	0.1170196502029443	0.056249415888113184	0.011169086962422125	0.0016826240903649366
Anaeromassilibacillus	PL8	0.009885803943477893	0.0156981313634195	0.011701612311629986	0.03284757600287264
Pseudoflavonifractor	AA7	0.03462747531317575	0.06674642868527472	0.00384318790002715	0.010048124140572485
Pseudoflavonifractor	CBM12	0.08354371782744573	0.12579271305939102	0.03206326837998312	0.005916845072215359
Pseudoflavonifractor	CBM32	0.006744034361861608	0.001586587647119743	0.05456068754983806	0.03788060316020825
Pseudoflavonifractor	CBM48	0.010373574175589925	0.0012774315248106117	0.009211003489287406	0.00750091679511864
Pseudoflavonifractor	CBM50	0.06965714667498267	0.06266044722555741	0.0747428235780629	0.0033229744870893734
Pseudoflavonifractor	CBM54	0.017445070012448632	0.09833378214907644	0.016495499029429567	0.0025641078331379236
Pseudoflavonifractor	CBM67	0.0034498642690243522	0.02867973697935583	0.036634610249533225	0.013742541537104807
Pseudoflavonifractor	CE1	1.977316106357742e-4	0.0012653107470078288	0.02829252930382299	0.024932668216164213
Pseudoflavonifractor	CE4	0.06092287937756932	0.12905904349822284	0.015517335536103146	0.005117560714834338
Pseudoflavonifractor	CE9	0.004920732757106573	5.68090132980414e-4	0.015734192760928238	0.012558594994429071
Pseudoflavonifractor	GH101	0.016287293297052027	5.60140748323124e-4	5.067743406444667e-4	0.008424086292270897
Pseudoflavonifractor	GH112	0.005399007977203797	0.008847467738933317	4.689675240922395e-4	7.257168175035769e-5
Pseudoflavonifractor	GH120	0.02776507322351217	0.01845363616301042	0.002900228889811522	2.485207493251913e-4
Pseudoflavonifractor	GH13	3.2089196317819076e-4	7.758695439918125e-4	0.005843885467184816	1.6484997155021846e-4
Pseudoflavonifractor	GH13_39	0.03715457941196474	0.09322801615743752	0.003162150128052678	0.011474623117439945
Pseudoflavonifractor	GH13_9	0.03227338292408121	0.0615871293884031	3.413574006104053e-9	0.005443137064043791
Pseudoflavonifractor	GH16	0.028075286586562546	0.02156054911185036	0.009284184099093762	0.004126188692954058
Pseudoflavonifractor	GH16_21	0.14124501781391566	0.1574071767645203	2.424910005732034e-6	0.008941879085969768
Pseudoflavonifractor	GH18	0.0029632304171356423	0.022041952688691673	0.06705838667151766	0.035795317267595654
Pseudoflavonifractor	GH19	0.06095079240237107	0.03867163679498095	0.014522227447346776	0.02080148845235925
Pseudoflavonifractor	GH2	3.052372440988766e-4	5.44357933767995e-4	0.048984069187458165	0.04218502799385137
Pseudoflavonifractor	GH20	0.004223383317114247	0.0039056009240004174	0.05164719449077183	0.03643527278128181
Pseudoflavonifractor	GH23	0.037904502226575154	1.2196163273973915e-4	0.009358577207560488	0.018992027326322148
Pseudoflavonifractor	GH25	0.06841707245577695	0.036427529512953874	0.01470300942290159	0.011419837647782835
Pseudoflavonifractor	GH3	0.0012885637908490613	2.9566473853647365e-5	0.066965392021884	0.023834984497920986
Pseudoflavonifractor	GH39	0.045227280209550406	0.12283535373463929	3.017185268677458e-6	0.008836825139640977
Pseudoflavonifractor	GH4	0.0021815883344114694	7.575573254088918e-4	0.0017408962463108173	0.0033497997624546945
Pseudoflavonifractor	GH42	0.014503302853212939	0.004045585999424232	0.002997548141325293	0.003955888631095344
Pseudoflavonifractor	GH77	0.010907256959626953	0.011254001276744278	2.1512348649174585e-4	7.770645655279306e-4
Pseudoflavonifractor	GH78	5.220306090448352e-4	0.030292747112558915	0.05337670834714283	0.02238209453153791
Pseudoflavonifractor	GH79	0.01672420362156668	0.0296022047931771	0.0012970592506087865	0.002193175576996602
Pseudoflavonifractor	GT2	0.09634616415072916	0.036908245098062564	0.0022308280657093414	0.00657134709004533
Pseudoflavonifractor	GT26	0.026129328592911828	0.00228522826018792	0.004876886002981283	0.001789183614387193
Pseudoflavonifractor	GT28	0.09269210318476712	0.11670681341842944	2.1644727956583447e-4	0.026633211889803974
Pseudoflavonifractor	GT32	0.08215833677931379	0.04409294976798356	0.005458133644349851	0.0018072499116170999
Pseudoflavonifractor	GT35	0.0010918776820533853	0.001245462984372955	0.0027245733426673304	9.894858609194334e-4
Pseudoflavonifractor	GT39	0.00781453477959637	0.06765365914491152	0.012742394707476172	0.013256170032745864
Pseudoflavonifractor	GT4	0.1166966994753339	0.06328277703438781	0.03500764829128212	0.01739171771025828
Pseudoflavonifractor	GT5	0.03420461555598118	0.06403709171342678	2.36399781522373e-4	0.001736031396391599
Pseudoflavonifractor	GT51	0.06328059916004956	0.01949769377724328	0.004904851435531016	0.008064329285016112
Pseudoflavonifractor	GT73	0.1265989363006828	0.06525901491451691	3.366457301721935e-8	6.317486601107743e-4
Subdoligranulum	CBM50	0.05839190471633767	0.04193364369267199	0.011060023562137462	0.026395289071216393
Subdoligranulum	CE1	9.183127577677861e-4	3.891166294085929e-5	0.00610891626766661	0.003245940829064667
Subdoligranulum	CE4	0.046063100622106216	0.07967069606628825	0.017634748915262777	0.028590376478506818
Subdoligranulum	GH95	0.009272359156087403	0.0029538576591004147	0.005300146425983662	0.0037083043739428723
Subdoligranulum	GT2	0.1037631612002304	0.04578197000826644	0.018034481158772573	0.013016691285202638
Subdoligranulum	GT28	0.07094189733265302	0.06788113461810194	0.015500258642200752	0.02863839718607091
Subdoligranulum	GT51	0.06102213454298629	0.01928790398785925	3.659498919961254e-7	0.0014018374210550604
Ruthenibacterium	AA7	0.0019221817160619257	0.0037382726195787095	1.0956659386541649e-4	0.001144755106092354
Ruthenibacterium	CBM13	5.81067780778952e-4	7.543852886017106e-5	0.018736789023881394	0.012301376385228525
Ruthenibacterium	CBM40	0.018930712240496857	0.02808453339057017	0.17742141194060213	0.20256335208031956
Ruthenibacterium	CBM48	0.003694170100709858	9.829343185589821e-5	0.017492054329181942	0.00856525333711333
Ruthenibacterium	CBM50	0.0071507793611137235	2.3289615502535842e-4	0.03530780772711335	0.06076734917024851
Ruthenibacterium	CBM67	0.007178054325959127	0.00302826863713827	0.01854525815301795	0.025051728275448052
Ruthenibacterium	CE1	0.0020117195058812175	4.5761863998799654e-4	8.618591749242812e-4	0.0026558893617101764
Ruthenibacterium	CE14	0.0013087942267737491	0.0010814094190107404	0.043705176021374526	0.052732980963740864
Ruthenibacterium	CE15	0.038416354688155525	0.02606041913991925	0.06579539176394501	0.0719533887510468
Ruthenibacterium	CE4	0.014567798722967573	0.019025894218204744	0.004824489196570822	0.01254800847373911
Ruthenibacterium	CE9	0.04779219767149114	0.06913857979960766	0.034440400018268036	0.043607509078725404
Ruthenibacterium	GH1	0.0033947366706909756	0.002317956178624117	0.005757657265376591	0.0015064593283965501
Ruthenibacterium	GH105	3.5412994944456394e-4	3.422728184857698e-4	0.009438866091060915	0.010407873981341902
Ruthenibacterium	GH109	0.008419532392825557	0.010317938449889675	0.12037083670399136	0.12793843554984452
Ruthenibacterium	GH110	0.021070917317015225	0.02352318020590037	0.11712731886223154	0.12352116004097814
Ruthenibacterium	GH112	0.010938337758083928	0.013877898306130112	0.006076044704803604	0.002720494394815812
Ruthenibacterium	GH123	0.014735257118407135	0.008927400023459734	0.1635426698917839	0.17133221027670426
Ruthenibacterium	GH13	0.0037725451188963402	0.0014175868278562868	0.026168020778904563	0.012107540701577416
Ruthenibacterium	GH13_39	0.013744503445180986	0.014991281433497011	4.154259532401721e-4	0.00415843898580937
Ruthenibacterium	GH13_9	0.004961710606135746	0.00787506882408726	0.011367978803863213	0.004258672834195676
Ruthenibacterium	GH2	0.009773362434222183	0.015295559459835193	0.03083110877424994	0.03179728246733626
Ruthenibacterium	GH20	0.002868162175409253	0.005242351962835594	0.12193710105532862	0.12479823245157458
Ruthenibacterium	GH23	0.042207140183878694	0.007361988540200291	0.0014698125230660887	3.666609343176405e-5
Ruthenibacterium	GH25	0.08070651673745503	0.03878970200858904	0.11681813623934138	0.10169790358838793
Ruthenibacterium	GH29	0.0023060669030788286	0.0037302946609389215	0.06630468184157087	0.06920418041605217
Ruthenibacterium	GH3	0.009448747161403188	0.015019308583001992	0.0015326308276935041	0.003200098495936584
Ruthenibacterium	GH31	0.0019192992086395262	0.0020833937188055973	0.004185456589450817	0.004444377243103992
Ruthenibacterium	GH33	0.023022740013392173	0.014971680572926697	0.12304159875508762	0.13052350042245048
Ruthenibacterium	GH36	0.015712600096041175	0.004608557842270417	0.0904231797614512	0.08110324696957129
Ruthenibacterium	GH38	0.04407560330393086	0.04653406585760379	0.10168716859384355	0.1114334011983004
Ruthenibacterium	GH4	0.0024493701631345738	0.004897696293377736	9.363212061109515e-4	1.4353508422858691e-4
Ruthenibacterium	GH43_33	0.02330102630081043	0.017651257141036086	0.09998831770192854	0.10882594162332035
Ruthenibacterium	GH77	0.0045831172357047424	0.009333883819903955	0.04795713563269427	0.03383817016039891
Ruthenibacterium	GH78	0.04681307232669939	0.027191075496939547	0.06714970365714341	0.07366401047082713
Ruthenibacterium	GH89	0.0024240405461409867	0.0020412445461255296	0.09667737047647297	0.09450330306075316
Ruthenibacterium	GH9	0.004661913831831428	0.006494168758735773	0.014084004347270265	0.014230667432978884
Ruthenibacterium	GH94	0.011603083284456455	0.0028038845484623016	0.056745808012564375	0.046951090678633546
Ruthenibacterium	GT2	0.027831157905373653	0.002201123496034432	0.008031276834526271	0.00370644671662257
Ruthenibacterium	GT28	0.0032022350796403537	0.014300115830451413	3.2117885523903046e-6	0.0031701957999691103
Ruthenibacterium	GT35	0.027540137589477605	0.03226194372348543	0.0039060551864033535	0.0018311845784824616
Ruthenibacterium	GT4	1.9274365792630055e-5	0.015500456848987489	0.043534285778651274	0.04971114639418543
Ruthenibacterium	GT5	0.005787890463763745	0.009179239901796974	4.924254792730303e-4	5.739698686502294e-6
Ruthenibacterium	GT51	0.030371048504889944	0.0050583097942276814	0.004551184004635901	2.3493743631497764e-4
Eubacterium	CBM13	0.015267475627443121	0.06538801696754448	0.06571968779806565	0.2284028909522131
Eubacterium	CBM2	0.1756841233429235	0.15659776947838347	0.12188833674508708	0.249609433154257
Eubacterium	CBM26	0.05351236686639204	0.1520643022457316	0.05689981522606269	0.1968267231176461
Eubacterium	CBM34	0.14693970969465042	0.24884544758025962	0.09314884265435446	0.28405537187166424
Eubacterium	CBM48	0.002890180774425852	0.11287139370407279	0.044265156234383554	0.1900783173571814
Eubacterium	CBM50	0.03010070461001249	0.1448774154590056	0.0011539007973275543	0.17549747359710935
Eubacterium	CBM77	0.1430918983569219	0.20077941834639096	0.18504336791853393	0.25126004603120133
Eubacterium	CE1	1.0372719771315415e-4	0.20611512059835277	8.452458343991868e-4	0.18637714421705692
Eubacterium	CE12	0.05151605952691102	0.2424483562733352	2.3033907455168403e-4	0.23860111225800573
Eubacterium	CE4	0.06298663452376574	0.18528820494696854	0.06412832187409731	0.30864785686115914
Eubacterium	CE8	0.011875613502532299	0.2703472943383336	4.2938341676710567e-4	0.2660521056158632
Eubacterium	CE9	0.017250371433781067	0.09611366183111024	0.0017054886470149952	0.15105180192474227
Eubacterium	GH1	1.0469838760508402e-4	0.2136999867495102	0.038864505946658995	0.24553584753625027
Eubacterium	GH105	0.014284716627489983	0.25471618638688376	0.0030313273543582818	0.21552366565954223
Eubacterium	GH13	0.006855830927499939	0.13887741753522417	0.03401039411966127	0.2122507365544115
Eubacterium	GH13_36	0.2220159032415511	0.22789988277462433	0.1877558037193294	0.26355839295669686
Eubacterium	GH13_39	0.0032319911836625565	0.2197754356399295	0.0648422470790492	0.3248959564257679
Eubacterium	GH13_9	0.016721932039333726	0.12410586083083133	0.10577036930952088	0.2994040914442162
Eubacterium	GH18	0.012956815143907703	0.10743485695673069	2.466459523749891e-4	0.09495520199124251
Eubacterium	GH2	7.688782390808276e-4	0.2852248116055429	0.006350726542065256	0.18572958733958378
Eubacterium	GH23	7.749620367650012e-6	0.15609195131248194	0.003357379344461422	0.1036247711873376
Eubacterium	GH25	0.06658941023487801	0.1876463345968436	0.07270406895234953	0.1509972985406797
Eubacterium	GH28	0.018521675436524537	0.2620044855780067	0.005559476571157477	0.22272531417754768
Eubacterium	GH29	0.01849596865538741	0.15482927973368116	0.0040952313072278755	0.13082111823523151
Eubacterium	GH3	7.676866209332475e-4	0.17164043284156633	0.001896752732992339	0.10759787018364682
Eubacterium	GH31	0.0027150672861324214	0.21938139700891185	5.642861980350847e-4	0.1800177257663806
Eubacterium	GH36	0.012324129655425465	0.21514827833687783	3.924246862532506e-4	0.10762934253023354
Eubacterium	GH38	0.004632117265359708	0.17886555127508452	0.021417299561803504	0.09873891302478058
Eubacterium	GH43_10	0.008158394233564488	0.28507675402437616	0.0020473583885920197	0.2047348887999628
Eubacterium	GH5	0.04797879703356916	0.2575170843717988	0.016385824827373687	0.11376261891558843
Eubacterium	GH5_2	0.15066076688761185	0.2441514928748905	0.11701093309140771	0.13271300515566858
Eubacterium	GH77	0.005611721267947146	0.10675462166004818	0.0571356475976683	0.25420628578605303
Eubacterium	GH94	0.07949501530292069	0.26275507602458453	0.10195581688753466	0.22315391669496396
Eubacterium	GH95	0.014515354691107847	0.26349845355698304	0.01876514952892533	0.21385450752786436
Eubacterium	GT111	0.08184813473638361	0.23775731955987023	0.03392861565195838	0.15259930971266686
Eubacterium	GT2	0.08033804820761808	0.26150470791965363	0.011349852289130354	0.1361642108724571
Eubacterium	GT28	0.0015995314646345723	0.22410599107649817	0.03494755421235895	0.326381261546785
Eubacterium	GT32	0.11907345131686582	0.20302396750537288	0.004002414272541297	0.04457339618928329
Eubacterium	GT35	0.0015350216340251585	0.06727452137484213	0.04818347429568001	0.20049166663515175
Eubacterium	GT4	0.09966248067337181	0.22742436379648875	9.890129395020034e-5	0.06601192027323494
Eubacterium	GT5	0.024656982842172832	0.13992049806751156	0.08415823220261431	0.26748985250912377
Eubacterium	GT51	4.760971141857972e-6	0.13855766338807016	6.607024908229798e-4	0.08632448662457921
Eubacterium	GT8	0.08837208645363272	0.1983472680017326	4.1901132196910405e-5	0.033043213028707163
Eubacterium	PL1	0.042346912647204894	0.16260341266029602	6.878085099633093e-5	0.15726181914872508
Eubacterium	PL9	0.09158353585438472	0.2047288116901687	0.1015670961742186	0.2379953556267034
Eubacterium	PL9_1	0.21845097155023066	0.31408466862597256	0.1140008678877079	0.36650412786238984
Oscillibacter	AA4	0.11200955949880394	0.13151771756284106	0.041085843450415625	0.08129040741263585
Oscillibacter	CBM48	0.0020025129164646474	0.010529584759555323	0.0023531636640686127	0.037533816045954925
Oscillibacter	CBM50	0.054279060794806475	0.10961373478963968	0.1767619961357173	0.23825853754325432
Oscillibacter	CBM51	0.0013020932368143492	0.037040427703946555	0.029555508749185895	0.09310680856172676
Oscillibacter	CE4	0.26488809494499854	0.28772809478658856	0.0686674706487454	0.14807968355654666
Oscillibacter	GH13	1.1797023245421614e-4	0.016482832222791826	0.0011338703020536032	0.04228732545987029
Oscillibacter	GH13_39	0.26766969346191644	0.3166940268105613	0.12806791447682772	0.22229837874868733
Oscillibacter	GH13_9	0.041324496609070616	0.10575599702150025	0.0029922035424544994	0.09265289773169826
Oscillibacter	GH18	0.15685667647887383	0.15833079710111736	0.010820579890063776	0.1750277441620809
Oscillibacter	GH24	0.060812530326112	0.06398305404093617	0.06368921843739221	0.11811663430494168
Oscillibacter	GH25	0.007001358328608603	0.09930576463157413	1.6001508620843652e-5	0.09096279214880734
Oscillibacter	GH3	0.04722386592302228	0.10010367662652038	0.030908430460430708	0.09955149232154091
Oscillibacter	GH77	0.04338458383296702	0.09481187637990154	1.335993180014886e-4	0.059321522185926054
Oscillibacter	GT1	0.13593882193377163	0.20324629923473694	0.11404750328196284	0.1508455991291082
Oscillibacter	GT2	0.005797598285956947	0.10005197059286336	0.006757974151536308	0.0752640526924614
Oscillibacter	GT26	0.0016256894868690974	0.01210029693582988	0.01174333773018427	0.045189178971616326
Oscillibacter	GT28	0.20522893060211392	0.2915751504655033	0.10844180964533683	0.24900300606073256
Oscillibacter	GT35	0.008612384284305984	0.06288747330787318	0.0042264211451794155	0.01986935182796913
Oscillibacter	GT4	0.01607944422770239	0.09656883211223577	0.009815726413861426	0.1479902690158565
Oscillibacter	GT5	0.05536423062188659	0.12240398817871671	8.537490984955944e-6	0.051379032047515004
Oscillibacter	GT51	0.00479027411184768	0.03487421321033996	3.107285922288658e-4	0.016846925185800343
Roseburia	CBM22	0.05429224247484859	0.06773294158972372	0.1412195457366111	0.2082248201470761
Roseburia	CBM23	0.3081682654944238	0.3115431090411416	0.2114750892642307	0.26206444513151506
Roseburia	CBM27	0.31647485734360026	0.2934860197058338	0.2714362085365029	0.4218009437861162
Roseburia	CBM34	0.22135898232168555	0.29276693908323487	0.10318964427894291	0.12703013423877033
Roseburia	CBM4	0.2650616821571651	0.22873915252088914	0.11488954125616983	0.17016003995276166
Roseburia	CBM41	0.022254654482400306	0.08695174547727107	0.012935795521289909	0.06695416269869325
Roseburia	CBM48	0.05664212359507525	0.11094198631216637	0.03746665175815864	0.11321151766690196
Roseburia	CBM50	0.042142121422557	0.09816806265933946	0.0010223946019542048	0.13433084824027966
Roseburia	CBM61	0.260987001426695	0.19860296498895547	0.2152204912342171	0.24039241401776584
Roseburia	CBM67	0.008971150108727736	0.06040834938125034	0.01829564353014393	0.06972394845873346
Roseburia	CBM83	0.4356983915987708	0.44113965076206957	0.19310650093904563	0.22146819548703672
Roseburia	CBM86	0.27874369999962473	0.4313458185204986	0.19514328450306048	0.277807425663179
Roseburia	CBM9	0.11850059876370053	0.11632327574323185	0.07403941927647056	0.1841725409319694
Roseburia	CE1	0.034232753008292933	0.17576462220658257	0.0010034071480208389	0.14460704329656013
Roseburia	CE17	0.283185880590742	0.2323729239761871	0.25510809465238193	0.25287691940062307
Roseburia	CE2	0.1729312200900692	0.14389652359527716	0.08884602906002288	0.13367166899910377
Roseburia	CE4	0.0064300326599407084	0.09405072564184298	0.012635690078820193	0.2011771372988327
Roseburia	CE8	0.1676642502703429	0.26773058829104907	0.008400526926927011	0.1560863294887905
Roseburia	CE9	0.042668328776717654	0.07912733746215009	8.698134862356902e-6	0.07742003488947209
Roseburia	GH1	0.006133280282481475	0.13374571072543728	0.01877579026698147	0.058242067122071924
Roseburia	GH10	0.21644596597175597	0.258459740904005	0.010131719739090878	0.031247852418252245
Roseburia	GH105	0.12704743380142133	0.20984150041622449	3.837798518904131e-4	0.14536764471024805
Roseburia	GH112	0.029682799502512208	0.07687107549110019	0.08163273394204193	0.09706982051032301
Roseburia	GH113	0.37497240075193555	0.2844743505562353	0.20779292132414268	0.2243106415966967
Roseburia	GH115	0.15932938786467205	0.20862315989248933	0.0010369610387325197	0.13370885025572984
Roseburia	GH127	0.04203601203493586	0.19419766507270733	0.0021223808848527775	0.13865452923827049
Roseburia	GH13	0.05004854554047184	0.1446813812928395	0.03091167245864548	0.11241854398120099
Roseburia	GH130	0.1973615850341277	0.1426908391947222	0.0210505786447727	0.11920158671794936
Roseburia	GH133	0.192144617817713	0.19888340252378012	0.0022228197023671193	0.07830850230881199
Roseburia	GH136	0.010405136716343393	0.07520175430381842	0.009569552346813642	0.03828873134554016
Roseburia	GH13_11	0.00392067462888007	0.056398064218754006	0.028873243479517672	0.07251543825118492
Roseburia	GH13_14	0.08828940667285126	0.11707904615160503	0.028755215681049502	0.13468235744875107
Roseburia	GH13_18	0.029164570526273834	0.13063491689440973	0.0884550805908972	0.12470937881746506
Roseburia	GH13_20	0.2532674276414908	0.28304318710814363	0.15602308361633802	0.15799719406652019
Roseburia	GH13_31	0.011905192277460083	0.12391279499998455	0.03453629559360485	0.07926547443074002
Roseburia	GH13_36	0.3245778641094268	0.2547472603449347	0.25539818079171117	0.20291163195152848
Roseburia	GH13_41	0.4220342577200288	0.4249219425412186	0.18701828664608303	0.2121787039793485
Roseburia	GH13_9	0.003277508464070412	0.08628657920874615	0.04507811801627145	0.1057499286720878
Roseburia	GH16	0.12564421643124898	0.13618419670738763	0.0012146931417601058	0.043793740755605576
Roseburia	GH161	0.15761767621761516	0.24553724177312738	0.1733921693715185	0.20213948548202584
Roseburia	GH166	0.4365902319490624	0.3091790549100378	0.43619853760388827	0.340821829275916
Roseburia	GH16_3	0.14435363579913257	0.14532170577447037	6.044795986403624e-4	0.025658188798479812
Roseburia	GH18	3.5500166347562694e-6	0.09547034346823913	5.743356202967216e-4	0.049995281532136435
Roseburia	GH2	0.06533322539205752	0.1817664155241136	1.6120784778622373e-4	0.14672063145496822
Roseburia	GH20	0.045366394033736525	0.16682385474738892	0.02423575930392887	0.11104172487238327
Roseburia	GH23	0.04130410624059052	0.13515975105928785	4.434401082774173e-4	0.10236645574815999
Roseburia	GH25	0.20782810702046073	0.24832621299919502	0.054274060906361034	0.09166590987608492
Roseburia	GH26	0.21888515407421488	0.24420319232449225	0.009316630582037898	0.03794341495512632
Roseburia	GH27	0.029771237069401095	0.10513186112715733	0.0010305915911437544	0.02924472451015507
Roseburia	GH28	0.13371108519261765	0.2290906036384007	6.50330746610332e-4	0.14302214292240067
Roseburia	GH29	0.0530789360221341	0.1026268641751458	0.00363143537562642	0.1206504667896892
Roseburia	GH3	0.034442250714692646	0.1186655881916839	0.004914903234375746	0.10248059645741484
Roseburia	GH31	0.07757738891863016	0.14067932857652363	0.004000262990019786	0.15214157699198488
Roseburia	GH32	0.0883857650412475	0.2602633812031233	0.017544707450878563	0.11136478288755558
Roseburia	GH36	0.14503564882038208	0.19923905075781886	0.02523275188616404	0.09495417831608827
Roseburia	GH39	4.85179136807784e-4	0.17782081586897958	0.1100838940564879	0.19068370170363177
Roseburia	GH42	0.0022495525532231753	0.06384010572189719	0.02641665716134082	0.06148770446985361
Roseburia	GH43_10	0.15970131084638522	0.2880766719423595	0.009340701521361612	0.1558043942998229
Roseburia	GH43_12	0.21056975476155682	0.24576110288052852	0.043293921474101334	0.1754679020613759
Roseburia	GH43_26	0.002810701416066001	0.08103309969967883	0.024332220309503282	0.08310593182070615
Roseburia	GH43_35	0.05243902032033679	0.07441228873075174	0.09847010525088061	0.15269131689341758
Roseburia	GH43_4	0.1594197367037914	0.22942463054333767	0.03517199388478737	0.1683603180229065
Roseburia	GH5	0.1810062630087609	0.2291567501979141	0.025913852558100418	0.0721216225720598
Roseburia	GH51	0.11197439029685785	0.22924914999065069	0.01311443948738079	0.14220512669365018
Roseburia	GH53	0.3459352478198824	0.3684771954607078	0.16777346422388903	0.24839742882951923
Roseburia	GH5_2	0.32430057498207676	0.28211361039728755	0.12251081397575045	0.11634034276791935
Roseburia	GH65	0.006185862901075032	0.06480702471245377	5.01013362647192e-7	0.047094651611207544
Roseburia	GH73	0.06905856630313176	0.1394745536180943	0.011124170951581934	0.053352099967856816
Roseburia	GH77	7.494975326946245e-4	0.09145368382377365	0.05430668361771404	0.09747261094678784
Roseburia	GH78	0.007328304640537995	0.1493826118616714	0.015650050689271385	0.06235596104711923
Roseburia	GH8	0.06342541036301826	0.1479489597137611	0.046449424138576216	0.07110686233514048
Roseburia	GH88	0.054028628906286326	0.12953282745420003	3.504554969978796e-4	0.10329374601677678
Roseburia	GH9	0.07868258070350519	0.09049721580485505	0.008571270223059577	0.03937539089656039
Roseburia	GH94	0.17393123335305058	0.21138125899184845	0.11411694177645712	0.14956598669838958
Roseburia	GT11	0.06464218737141886	0.07572783327353261	0.0013022773274262314	0.045829490684350056
Roseburia	GT111	0.1693369694308037	0.2617000830252757	0.10755374087542234	0.12468563054223768
Roseburia	GT2	0.21138298122903282	0.2766968644101633	0.03326033746798099	0.09751895150607873
Roseburia	GT26	0.034712901387116336	0.08922166497551257	0.0012709650364908997	0.025987249255308948
Roseburia	GT28	0.005515609331213446	0.13088114472130447	0.0031466533024697464	0.2609322385501564
Roseburia	GT35	5.394636261007566e-5	0.058370945824372175	0.037053795112177886	0.05648004854292229
Roseburia	GT4	0.06534826455710145	0.15432763891862536	1.6377528744398623e-5	0.04134871949408965
Roseburia	GT5	0.001422108272341152	0.09548619833335946	0.0394269118783406	0.06842157399454363
Roseburia	GT51	0.032497027965121196	0.12046678107911252	0.0069320407788179906	0.06643608723100664
Roseburia	GT8	0.08988089453620154	0.16496199808368808	0.0028059573265944615	0.018189941350547197
Blautia	CBM13	0.023710895889339795	0.058967105706226645	0.15591096781048303	0.2940412451333589
Blautia	CBM32	0.0010070717534944257	0.090278854448032	1.426767108588928e-4	0.2109957822722782
Blautia	CBM34	0.08024468773129785	0.19259241142527334	0.3259879386875358	0.36935228983208374
Blautia	CBM40	0.0088727808391599	0.1434324976896853	0.1305082276781841	0.3977370722641978
Blautia	CBM48	0.006588078570082538	0.06225084708430169	0.23254013659577902	0.2777620118996599
Blautia	CBM50	0.009529176202667501	0.11688105009184509	0.003107202438042285	0.09909234664051586
Blautia	CBM51	0.022162026608889974	0.055882113474714314	0.059753146121238	0.13891623466263864
Blautia	CBM67	0.006977579683988557	0.11057701957384797	0.0031799011446930828	0.07853656432220799
Blautia	CBM82	0.0477854347133871	0.20090080369914065	0.04446093932866422	0.19623740748432306
Blautia	CBM83	0.04789109288815506	0.21371750312570917	0.06387632973993244	0.23082513890494702
Blautia	CE1	1.8079600416014862e-4	0.05460881533069806	0.010156148863815675	0.13651249042833397
Blautia	CE4	0.010875173860941209	0.16940724606514931	0.17012995927810523	0.34496366054361915
Blautia	CE9	0.034304071725225614	0.1301809442627363	0.3438107699976773	0.40064027659621465
Blautia	GH1	0.17202409381434933	0.2574697894731776	0.38468279879262385	0.3675861583561258
Blautia	GH10	0.005193623701818104	0.059995804284848284	0.05591416016323177	0.08489823909674489
Blautia	GH101	0.0679444407525938	0.19914899940190034	0.26357226740690104	0.3505830482948418
Blautia	GH112	0.12433623882629863	0.13261157415640148	0.42287264944885145	0.4275895431531967
Blautia	GH120	0.07104564155393053	0.20054055781168767	0.3926546279721043	0.44423719254087773
Blautia	GH123	0.007215063482466828	0.13741874695845524	0.010241615499194157	0.1865977087573284
Blautia	GH127	0.0018224761540438917	0.09850855212695252	0.005906756163577199	0.14367607974885604
Blautia	GH13	0.0040567183477817955	0.0705840498801441	0.2999934293147505	0.372144942549103
Blautia	GH133	2.7692800572228683e-5	0.07406824325467667	0.058665342375466174	0.11949216813394449
Blautia	GH136	0.10765904363650511	0.118203555624822	0.1357054904902648	0.1411731738207938
Blautia	GH13_11	0.005834837214522905	0.03698115575689816	0.2742591773205608	0.31176025112574596
Blautia	GH13_14	4.191556604651152e-4	0.05669686044084843	0.058093299662622604	0.10573004958956736
Blautia	GH13_18	0.07453124282878744	0.13065384849548772	0.23693953119045005	0.2779278546580686
Blautia	GH13_20	0.024679692253892424	0.1752080805728928	0.14880402833009462	0.31381645659985274
Blautia	GH13_31	0.27066553278395566	0.3019328922565546	0.48748151876616885	0.485688938331847
Blautia	GH13_36	0.019178130554191337	0.17950122652917178	0.055041917105869316	0.33156944759011625
Blautia	GH13_4	0.22030378321989094	0.23256222280247074	0.5075137624125365	0.5740282153515371
Blautia	GH13_41	0.07947654651920436	0.23374647348938976	0.05688293117497546	0.2093519316936069
Blautia	GH13_9	0.029973143316362083	0.11521221220376791	0.29501921277889803	0.39258472082271495
Blautia	GH16	8.816616037042774e-4	0.061032215950407864	0.009656072416377415	0.09619216778221576
Blautia	GH18	9.597276815042657e-4	0.12306980697974178	0.0388136831573835	0.1749969498159009
Blautia	GH2	0.0011964967661588811	0.12297314003490041	1.8816880370713844e-6	0.20620770935036328
Blautia	GH20	0.006391095345678367	0.12311263986877265	0.017300969414931946	0.2259895209669568
Blautia	GH23	0.0023101154972199724	0.03691359027428743	0.03244063680305621	0.13769558802640935
Blautia	GH25	0.03646272226685772	0.09875398315735762	0.030445320796517485	0.17290239129368512
Blautia	GH29	5.110335348342619e-5	0.10770594526495733	0.001379335589976352	0.24214253663255658
Blautia	GH3	0.001956454645428899	0.08811775179963563	0.09598983487718842	0.1365461015728689
Blautia	GH31	2.5022466315233774e-5	0.05938595159170706	0.15211139838009272	0.26525746882980716
Blautia	GH32	0.05070854595944858	0.12505509200095855	0.34884126199517634	0.44560221808848643
Blautia	GH33	0.027928350407195813	0.1998505763569247	0.02113641445547434	0.22274773664044978
Blautia	GH36	0.031002350283465364	0.07521096498530541	0.08502478342135009	0.18493621569145635
Blautia	GH4	0.025020175406778807	0.08838204494690623	0.1761227596384195	0.1934849000787481
Blautia	GH42	0.09000702205788069	0.17476460819189532	0.47391946985741273	0.46179392726218754
Blautia	GH43_12	0.009163740813032728	0.04810133839248644	0.002153759733773575	0.11525051539543106
Blautia	GH43_26	0.0160382410229435	0.12089660845996146	0.18651924786438318	0.20773447511228957
Blautia	GH43_4	0.006391837564176539	0.06701309492495618	3.642149576234275e-4	0.151096922516238
Blautia	GH5	0.0017807805941974942	0.06643295629295103	0.014304914347280658	0.13486817511333613
Blautia	GH51	0.00427716441653403	0.07447811969542065	0.016407863984942147	0.13169947069847168
Blautia	GH53	0.012945727407150907	0.09651833137821828	0.06311220721549857	0.15559503946400893
Blautia	GH5_2	0.02125773843972973	0.11396260154149727	0.0019683135380202618	0.18062401186589247
Blautia	GH73	0.0023243415486105114	0.07257366271943506	4.247972507238829e-5	0.05294866715833569
Blautia	GH77	0.021127644813099818	0.13682859591383564	0.3087853821193346	0.42072851221374075
Blautia	GH78	0.012767980657232222	0.16390230644303094	0.005666289515985053	0.11529253782603076
Blautia	GH8	0.005556273475520868	0.044201635993052144	0.006535645653863882	0.10296662126713282
Blautia	GH84	2.7396210477139468e-5	0.07756605587613759	0.005472217225342391	0.14295054635987328
Blautia	GH94	0.01401744982393105	0.1664634912838813	0.08337484931022457	0.3177358426972731
Blautia	GH95	4.1508271075178034e-4	0.08209962606777335	0.027533842909181948	0.24273470773396857
Blautia	GT2	0.07550560106907195	0.12168916688285032	0.02005027262648596	0.09101757412116004
Blautia	GT26	1.589083089346279e-5	0.027556527374635622	0.0159983510702557	0.06293240817638743
Blautia	GT28	0.0023102995252654033	0.2024784084734216	0.020800928370522137	0.3060214285478258
Blautia	GT32	0.04206384472500965	0.11200321317330662	0.007003805056603761	0.04516273935918154
Blautia	GT35	0.016538897177458094	0.09944161148757087	0.3021262891333216	0.3186573328808342
Blautia	GT4	0.0668965298663921	0.13949827728376535	2.5097359926882915e-4	0.11381017784182103
Blautia	GT5	0.016568123108632586	0.09526767777943694	0.2748244435998553	0.32577703657227153
Blautia	GT51	0.00168138392374485	0.05586789530798608	2.7729839096260863e-4	0.045992629440177735
Lachnoclostridium	AA4	0.020419946066360828	0.08325283611560882	0.005793234028125898	0.04285480712661784
Lachnoclostridium	AA6	0.001067709897856302	0.029830694880915352	0.08222540758550617	0.05801454400475255
Lachnoclostridium	AA7	0.003725664835098095	0.07051186711532106	0.023401779039120482	0.046024248221639155
Lachnoclostridium	CBM34	0.06364383137598602	0.12404018194076151	0.010208963507450779	0.033120439092647155
Lachnoclostridium	CBM48	0.002235662935274976	0.0020704286534273682	0.0211544027545505	0.026157923683428022
Lachnoclostridium	CBM5	0.0031775768192018458	0.05794920248461917	0.005832929114386224	0.010308473549768715
Lachnoclostridium	CBM50	0.008654524316966674	0.08768817843639062	0.013346467335689194	0.08643728057142924
Lachnoclostridium	CBM51	1.3671483795852892e-4	0.019147168984459638	0.02192705921003305	0.02190360109067852
Lachnoclostridium	CBM67	0.01077074763979767	0.08181154804752158	0.06689946378004671	0.0996562823927477
Lachnoclostridium	CE4	9.964055282963788e-5	0.14221328394607854	0.01128230804032094	0.06239943867571006
Lachnoclostridium	CE6	0.016442506876205833	0.02319492959487444	0.006830596965445913	0.01998596562688595
Lachnoclostridium	CE8	0.005641691310735867	0.02476047489224468	0.05769429264977044	0.08667044187077311
Lachnoclostridium	CE9	0.028653697344819738	0.0974523745797409	0.17933451350708468	0.1425247831169697
Lachnoclostridium	GH1	0.016684996212427715	0.11010200407229825	5.976320922861209e-4	0.043558567669605086
Lachnoclostridium	GH105	0.005837084814887749	0.04428631340986487	0.15475886089645632	0.17393103983207975
Lachnoclostridium	GH106	0.0099028198801981	0.07228089052919136	0.07691406558281481	0.10609984398151398
Lachnoclostridium	GH112	7.784301043748727e-4	0.026728237679089384	0.0011936045704833231	0.02263080806180397
Lachnoclostridium	GH13	0.002707619862127335	0.01856772185694534	5.161860171739186e-6	0.02941327714218915
Lachnoclostridium	GH13_11	0.015255552543869056	0.013774511612639834	7.597248623084234e-5	0.06314078253183307
Lachnoclostridium	GH13_29	0.004187779634436055	0.00972369941399405	0.042343289507284373	0.04585599675319705
Lachnoclostridium	GH13_31	0.005233988351358153	0.1017624216584624	1.9715617160247413e-5	0.0378025872462439
Lachnoclostridium	GH13_4	4.255065558040282e-4	0.07678677999889807	5.590933776501847e-5	0.03195164678911032
Lachnoclostridium	GH13_9	0.002195653560574593	0.05790341446496744	0.016059803671536827	0.056192957996024286
Lachnoclostridium	GH18	0.05145227138291403	0.120556703201559	0.1910993388906253	0.1554750556290948
Lachnoclostridium	GH2	0.03047711532932152	0.0471689611508839	0.21084299148793673	0.20796536411751618
Lachnoclostridium	GH23	0.01570166888057598	0.0014983048295571521	0.07185675105353583	0.06993111917454742
Lachnoclostridium	GH24	0.001398257021735161	0.008419210000400645	0.02373838970315476	0.06649764578265852
Lachnoclostridium	GH25	0.07949425775594025	0.06291134671258883	0.08377417608413072	0.09589363031325844
Lachnoclostridium	GH28	4.464828142459328e-4	0.026482962556816633	0.08526462580956266	0.11165510052794438
Lachnoclostridium	GH3	0.013202330867741852	0.035959376089785916	0.06852557028850145	0.05889031811400068
Lachnoclostridium	GH31	0.013662645901395484	0.03323883311436019	0.18184566531652405	0.14759428097766913
Lachnoclostridium	GH32	0.0023091939017724403	0.025040339018547575	0.01632579799218686	0.0493668670638198
Lachnoclostridium	GH36	0.0096471453161399	0.015835142808999357	0.0013444892741201486	0.01887113142117575
Lachnoclostridium	GH38	0.007702300343719389	0.059555779017421664	0.04137045362961011	0.0236836519883485
Lachnoclostridium	GH4	2.1897099541005617e-4	0.06365711949027918	3.3390428168116764e-4	0.01369442461630361
Lachnoclostridium	GH42	0.006088995329485598	0.056517319479044016	0.034388549718280724	0.04761534475360175
Lachnoclostridium	GH43_10	4.948319083335129e-4	0.020376476521768737	0.05493264137625994	0.0715864679142536
Lachnoclostridium	GH43_11	2.665607332641137e-7	0.11954127440086311	1.1568072308131613e-4	0.04910260848334453
Lachnoclostridium	GH5	0.027035234253870357	0.05650575147709625	0.04304466387627426	0.0709892117108902
Lachnoclostridium	GH51	6.810623415436321e-6	0.009321516259390462	0.03544579769072314	0.045861820194488236
Lachnoclostridium	GH73	0.016078710877323	0.005360825496430228	0.026785103213797713	0.044963352993404586
Lachnoclostridium	GH77	4.034853332473484e-5	0.07007027155335453	0.012534015144391304	0.07116046889858903
Lachnoclostridium	GH78	0.035840947308236115	0.10112364487511682	0.130416061329614	0.12621955946522379
Lachnoclostridium	GH88	0.047769131479762666	0.09392877819234438	0.2172273292733993	0.1984591515066416
Lachnoclostridium	GT1	0.010525761959133259	0.06008008622272026	1.3878714000401375e-4	0.017101370600146257
Lachnoclostridium	GT2	0.026980030179877934	0.05059037476582852	0.024617170335538816	0.028019333169414098
Lachnoclostridium	GT28	0.00984013622517412	0.1253570636377974	0.11284676292974194	0.18238214993922813
Lachnoclostridium	GT35	0.009808212829949092	0.04087366265629406	0.004641303213023661	0.03320684011100503
Lachnoclostridium	GT4	0.0012465032548689182	0.10707950597410458	0.07642727087949745	0.09097036947142496
Lachnoclostridium	GT5	0.001298214795858819	0.06265307199060517	0.002092496201105522	0.036041286249024404
Lachnoclostridium	GT51	0.04011110138531746	0.025656400059186978	0.01162962508725407	0.020388965920333946
Lachnoclostridium	GT8	0.06404383625320768	0.08242162716825568	0.018307235609081873	0.0149889780321901
Lachnoclostridium	PL12_1	0.004677430441197392	0.1198204301858509	0.13904256456626318	0.15066575656458492
Coprococcus	CBM13	0.013680499114259524	0.04893630305238878	0.1401621036310841	0.20855370115981176
Coprococcus	CBM2	0.08462372417966797	0.10699087857374856	0.05923671933821495	0.10621950210881419
Coprococcus	CBM23	0.12944174420491741	0.17329466749148567	0.12144219403267914	0.12172379147324289
Coprococcus	CBM27	0.14339605266017547	0.18274975512285488	0.11174057343605993	0.17463603906170944
Coprococcus	CBM34	0.09816490070020592	0.16662063085388049	0.1646434782393124	0.205729790187343
Coprococcus	CBM4	0.12785322720950118	0.1340369922089091	0.08304700078001483	0.10348565742753621
Coprococcus	CBM48	0.006212927737773031	0.020501154981030133	0.03867457458677951	0.06776370853842306
Coprococcus	CBM50	0.003281250411365887	0.05377260392905864	0.0033017223335627217	0.03358160794341526
Coprococcus	CBM51	5.853589940020495e-4	0.028101807072274502	0.007128239659797172	0.04547484692965679
Coprococcus	CBM61	0.10881013055865044	0.12920997860158387	0.06870405569302372	0.07498753693105405
Coprococcus	CE1	0.010418395500339185	0.031724161057103864	0.050561862220216316	0.07307663718168811
Coprococcus	CE17	0.10232435466306741	0.13983003365640262	0.15747833937056396	0.17177222330247255
Coprococcus	CE2	0.0668182155228522	0.10022788232400391	0.0631238978992349	0.1225648583541267
Coprococcus	CE4	0.013507842697922452	0.13025171642353675	0.14733251894046187	0.22572132806784007
Coprococcus	GH1	0.002266044155570548	0.0657867511601107	0.11431407101644517	0.17505683744342385
Coprococcus	GH113	0.11004593611638554	0.13655638281755736	0.055732995038510175	0.050409375394584066
Coprococcus	GH13	0.01123474430630094	0.018447129496548174	0.11947807977458896	0.16516027658262464
Coprococcus	GH130	0.03912687535118535	0.034907761866911226	0.004594093599790546	0.02589305005422113
Coprococcus	GH13_36	0.14509971577277117	0.17075435289178134	0.14448851746554817	0.23721052645704205
Coprococcus	GH13_4	0.0456414169231052	0.08908590616007873	0.20099085143048423	0.2462991957460279
Coprococcus	GH13_5	0.03312135930310391	0.0874824602641668	0.009572349715859914	0.030475348618446103
Coprococcus	GH13_9	0.0046128013541200975	0.06995042371507672	0.1870017713254831	0.2417095701928847
Coprococcus	GH16	0.039178588103286595	0.04984868648399051	0.03153064966894023	0.044563304878674534
Coprococcus	GH166	0.1614250585149846	0.17766221488531408	0.12333440903873011	0.16313518359932475
Coprococcus	GH16_3	0.028193795576536382	0.03498795717662636	0.04218687710874174	0.05426074337257085
Coprococcus	GH2	0.0078018929467383235	0.04436886697871009	0.0766642094968554	0.12423289612743463
Coprococcus	GH25	0.09292536038861057	0.11823584814136757	0.10125870348212009	0.11378191877029419
Coprococcus	GH26	0.08823163315735355	0.08934241152813653	1.1594338995622379e-4	0.045793667827330554
Coprococcus	GH3	0.008130327737262872	0.02313946973502511	0.003201269846246274	0.02610247785744151
Coprococcus	GH31	0.017860162950537644	0.030820717372215357	0.002442810211521128	0.06410155806507824
Coprococcus	GH32	0.05623836913446255	0.1430443871041095	0.05559449400205303	0.11597439395350917
Coprococcus	GH36	0.06542790216812039	0.08413718260667132	0.03676643242894621	0.04706605669097355
Coprococcus	GH42	0.0023940785896991172	0.04779743801084307	0.069821082901550785	0.14098310357284083
Coprococcus	GH43_35	0.05151329933682003	0.06386329986767397	0.10007459189570912	0.1255852837880431
Coprococcus	GH5	0.09312150689012727	0.09429327713853243	0.01450430434648455	0.06279849019057346
Coprococcus	GH51	0.03330354998397828	0.0710555973827197	0.005070348704096015	0.03740069988311695
Coprococcus	GH53	0.11438050710296674	0.12371273724130617	0.02160878044879496	0.023838552398302255
Coprococcus	GH5_2	0.17563806487368253	0.16697991427793615	0.07016227159795484	0.08273099194676577
Coprococcus	GH5_37	0.10570648898617928	0.20007777633861187	0.15915315094239943	0.3009488504156054
Coprococcus	GH77	0.0033376612860645818	0.02399752735638341	0.16384150934698694	0.2017419428281013
Coprococcus	GH9	0.03393046354173257	0.0741860641005708	5.518731996244158e-4	0.015087131005981795
Coprococcus	GH94	0.11016944644321032	0.17071378759736225	0.15203279594930635	0.2053425767266446
Coprococcus	GT2	0.09110142350517388	0.14824497793576552	8.14414948917408e-4	0.009097660149802556
Coprococcus	GT28	4.477680212395373e-6	0.13090201083318606	0.13380804259583948	0.24322364545026692
Coprococcus	GT35	0.002427217199293787	0.014593621826108927	0.0774775371117053	0.12071943021291813
Coprococcus	GT4	0.04042646365969393	0.14439790778185066	0.027196781654326735	0.03679410406288514
Coprococcus	GT5	0.0014152935028159156	0.08040166244110494	0.11063758130013596	0.1648131910620711
Coprococcus	GT51	0.006472417044993257	0.02494796956141786	0.00314495847193058	0.010841941862340797
Dorea	CBM34	0.07943907087625435	0.11345042741442497	0.2192775665554645	0.2198049723868495
Dorea	CBM48	0.009182754246875242	0.02538317205013119	0.0690338242396723	0.09630682199027461
Dorea	CBM50	6.908591455745925e-4	0.0899273812594586	0.005500509891155178	0.009755973910401332
Dorea	CE4	0.021711850870504087	0.15534497024889674	0.105263489368947	0.12209972481558039
Dorea	CE9	0.0018885726162950727	0.005702054083716596	0.04125788318609588	0.10320338191313384
Dorea	GH1	0.08187339626239283	0.11661036077528178	0.22067063249409466	0.24188040333282979
Dorea	GH123	0.002691083259545798	0.07887521411340973	0.06064318982915504	0.08515509977443846
Dorea	GH127	0.010014687086824752	0.05643270302188585	0.008514592768470866	0.02988866098784991
Dorea	GH129	0.1087698578606608	0.1249143200006441	0.3312169338430045	0.33428584159173563
Dorea	GH13	0.00753592635829627	0.03864681979541419	0.1498324713846318	0.17771660546697696
Dorea	GH13_31	0.1122853738907675	0.13041566944925476	0.27686351986339575	0.2850403154952736
Dorea	GH13_4	0.12940778629901073	0.11709057825712717	0.2884744612260953	0.3067335004414267
Dorea	GH13_9	0.00970364542021377	0.06502375536502038	0.217168558978615	0.21912212148184362
Dorea	GH18	3.4847412139396794e-4	0.05892359410411877	0.007532624181421722	0.04442319107700449
Dorea	GH2	0.005948562172635194	0.02520189584302514	0.060991426449517536	0.09542781699358362
Dorea	GH23	0.0016532602951885966	0.01793673005620357	4.409383310103506e-8	0.027145929455101494
Dorea	GH25	0.09835029929435632	0.12263035140419741	0.0965772998846543	0.12259871527705556
Dorea	GH27	0.0032099328821486375	0.04889922358877674	0.009171521368034482	0.014664304489443534
Dorea	GH3	0.009506455209129655	0.02711362428398017	0.0073959877380868145	0.01902861409864284
Dorea	GH31	0.004928779450274305	0.028182793666029042	0.004575929638934705	0.06318579453307122
Dorea	GH32	0.10492926057513477	0.20447513315871185	0.16717944862620746	0.21981613701083852
Dorea	GH36	0.09719988292219406	0.11181183237046799	0.07226659964826235	0.09274826849331434
Dorea	GH42	0.03779955484882519	0.054444122467827795	0.15935187637633466	0.1850158193403618
Dorea	GH43_26	0.004422468091113214	0.007715732837014781	0.0373726296597582	0.06775466710549477
Dorea	GH51	0.042234004389463016	0.08284999733418834	0.001200706213494778	0.030145225802577
Dorea	GH73	0.019730733784857367	0.04794623147992753	0.00736291590528094	0.011305212667525924
Dorea	GH77	0.024236243283999315	0.03821059162927072	0.22196234114261212	0.24173018694463455
Dorea	GH78	0.021226822584082275	0.1524648661862997	0.025918851721655763	0.03799716965725228
Dorea	GT2	0.15509272039845265	0.1796080206158766	8.766316445592893e-4	0.018569453695861375
Dorea	GT28	0.01198062182859287	0.12765174648370545	0.07413702287393568	0.165087848435769
Dorea	GT35	0.013511484213256705	0.020589567503156662	0.15243087780183534	0.17228820910879838
Dorea	GT4	0.1124549799959098	0.14191586260146755	0.035150786987272344	0.036480290449370054
Dorea	GT5	0.007489819447890075	0.07736892932972492	0.17590498963291898	0.1761946770002195
Dorea	GT51	0.007367167934921352	0.04057884108531782	0.0011117541138565357	0.01770496118354298
Oribacterium	CBM13	1.4162959481809426e-5	0.019804358269417836	0.03975365163230204	0.0024848405284988296
Oribacterium	CBM34	0.0047518111914609685	0.0233122874238003	0.058557798924306785	2.8712252651817533e-5
Oribacterium	CBM48	0.017927576187179314	0.006946647598987337	0.004980255814488578	0.007324842952836222
Oribacterium	CE1	0.007474248711247047	0.005941883330445109	0.0038670414281762946	0.01556719748934157
Oribacterium	CE2	0.002784776306134533	2.9607774486315273e-5	0.053523631145238504	0.008863875340774983
Oribacterium	CE4	0.006015401026691007	0.050368546637194755	0.18159812066925446	0.013463447467345943
Oribacterium	CE9	0.006283722347210227	0.06892354541211876	1.5247180678154977e-4	0.019586218595628774
Oribacterium	GH109	2.958395803285414e-4	0.00899502670328179	0.002850168913201052	0.010932221229672868
Oribacterium	GH112	0.01220565214349321	0.00961558352048393	0.01928155518084721	0.002348652879454076
Oribacterium	GH129	0.010102967546433209	0.018199655499132807	0.06189872952878503	4.6192429169028044e-4
Oribacterium	GH13	0.010035019310991301	0.029129532517999268	0.026149564134651873	1.2226600013270195e-4
Oribacterium	GH13_20	0.0017080550971990884	0.023823484169783554	0.07556594970222807	0.001332836681458299
Oribacterium	GH13_31	0.010865195952459026	0.01379471560392438	0.033885141017112194	1.0687657159747955e-4
Oribacterium	GH13_4	0.0021856022693242526	0.033778794437769544	0.030679844188764478	0.0017613640692526863
Oribacterium	GH13_9	1.1103883823348697e-4	0.03918996183659605	0.0759260569326769	0.0033970369648522254
Oribacterium	GH166	0.0011994089374141124	0.008410870780886558	0.042578775819453726	0.0029134962946006874
Oribacterium	GH18	0.0045917489721573265	0.014304794088079931	0.005472472740910679	0.013388457045212172
Oribacterium	GH2	0.017556304262608596	0.00722151292760952	0.011541062916454544	0.030733636010509754
Oribacterium	GH23	0.031964085512373605	0.02742669370381695	0.0026632044972526294	0.012109736275202317
Oribacterium	GH25	0.025843238482545536	0.003870499250989933	0.004869047477880773	0.0027945158766714737
Oribacterium	GH31	0.0015037468684574427	0.00875666577971482	0.019678745112336235	0.033434143271248815
Oribacterium	GH32	0.04479104055813581	4.5693834024153226e-4	0.010995412855783992	0.019577290391803795
Oribacterium	GH36	0.016078273050344212	3.161463601851481e-4	0.010144029724071666	0.006965904201460037
Oribacterium	GH38	0.0012533698471004471	0.015345758716278692	0.06284366915774606	3.07836287138523e-4
Oribacterium	GH4	0.0036235871955041022	0.0058841356029897445	0.02841510161384942	9.18877796472326e-4
Oribacterium	GH73	0.024329007430693585	0.023056240473622126	1.6040955165444652e-5	0.005558274050000034
Oribacterium	GH77	0.004328717139020412	0.09121419136435124	0.01959467360846369	2.6095274649276846e-5
Oribacterium	GH87	5.011006887585404e-4	0.012353624569979621	0.0016693661202720226	0.00398538972426354
Oribacterium	GH94	1.0447578924142688e-4	0.014848087285826397	0.054468016787340805	0.008475844914244536
Oribacterium	GT14	0.0029780099013378834	0.018723023043770905	3.076887758575641e-4	0.004557220517819972
Oribacterium	GT2	0.05008958226667466	0.005316915506613167	0.004221950357952354	0.026681241417423927
Oribacterium	GT28	4.14928074956355e-6	0.09570066906294922	0.227555536894848	0.041395043369740994
Oribacterium	GT35	0.0052611528746636166	0.05417345106183891	0.004686233566762999	0.0048679130201328335
Oribacterium	GT4	0.022854195990919705	0.002848973004815354	0.011338858708433368	0.013546716362848009
Oribacterium	GT5	4.263573288385113e-4	0.03477739574978927	0.039498869082322474	3.4624257026635304e-4
Oribacterium	GT51	0.007453103852419004	1.820424049727198e-4	0.02100309855559911	0.0037769399942994717
Oribacterium	GT8	0.009494509855543166	0.039975818177345857	0.009820981141584622	3.629859008408762e-6
Oribacterium	PL22	4.6088646306632016e-5	0.019493680600781795	0.002318769378038673	0.012057907833592035
Anaerostipes	AA7	7.733096367063161e-5	0.0011956324509847537	0.13392448642686502	0.14871059553097782
Anaerostipes	CBM32	0.001807141948468139	0.002661518851409206	0.02367101476841392	0.022032507818725962
Anaerostipes	CBM48	3.9911970518188047e-4	0.0036255421237304645	0.10323572062096224	0.09769909320606693
Anaerostipes	CBM50	0.0377200864515007	0.028665615607935586	0.013316483665213487	0.007716790712149081
Anaerostipes	CBM51	0.004060880836753455	0.006807180430321105	0.013907894759907884	0.024186637501976572
Anaerostipes	CBM66	0.01793984993535207	0.02419604192204016	0.31932027823628195	0.31752025812288753
Anaerostipes	CE12	3.483084635040878e-5	0.003325018107785331	0.008713260462739318	0.01680270927154764
Anaerostipes	CE4	1.5681112142523364e-4	4.1114390787968494e-4	0.09207980107965417	0.10154286475490894
Anaerostipes	CE9	4.8146126887287414e-4	4.6869664390720333e-4	0.1068779767375888	0.1032680584352683
Anaerostipes	GH1	0.026282400600389087	0.04457949826162922	0.20414058523018852	0.19210503795524414
Anaerostipes	GH13	4.6004881484368597e-4	0.009319846307427944	0.08579624694667776	0.09322215130344355
Anaerostipes	GH13_11	0.008906784625220134	0.0034374156205032335	0.203898285209052	0.1943414715476207
Anaerostipes	GH13_39	9.065099394450468e-4	0.0020535315819375523	0.034619286962637726	0.05347653165734237
Anaerostipes	GH13_9	0.0022929519438324056	0.0032948053205763884	0.1782735959021115	0.17996597779913442
Anaerostipes	GH2	0.004406677082715303	0.006897294661445233	0.011308282556040558	0.015898901960133202
Anaerostipes	GH23	0.05240927397906681	0.03106509728670655	1.4747736099200565e-4	1.3786384304548521e-5
Anaerostipes	GH25	0.001174942834200181	0.006934482368366817	0.015198438190049164	0.020635570792010113
Anaerostipes	GH28	0.001026377063735664	0.0025518879031789137	0.026464628681496755	0.030905503793509367
Anaerostipes	GH3	3.322047583597793e-6	0.002884462334380332	0.008493323651082203	0.008601737380245326
Anaerostipes	GH32	0.010037656216628036	0.022517394627631873	0.19175356514652978	0.16565785060307361
Anaerostipes	GH36	0.0088279689774483	0.015205560382102459	0.04074871002529566	0.03981076977857675
Anaerostipes	GH4	0.014347274700597455	0.025442555657773053	0.09298049634371965	0.10031486049116016
Anaerostipes	GH53	2.2372383517681686e-4	8.054371625495575e-4	0.09723224653468852	0.08403999526305572
Anaerostipes	GH73	0.0032474888230204385	0.0036213299686894233	0.012716319899355021	0.009129993122219552
Anaerostipes	GH77	2.5610435054177312e-5	6.236623746225642e-4	0.14655675441492116	0.14775858501429656
Anaerostipes	GT2	0.00685195516074662	0.01570025233470466	0.04034365728639129	0.04148622737745077
Anaerostipes	GT28	0.0361238820588818	0.026429709235411155	0.012036431361130246	0.024031754336798845
Anaerostipes	GT32	0.0183620596280765	0.029121344407370967	0.015682806289505583	0.014821835638919804
Anaerostipes	GT35	0.0021546733052940042	0.003494262973286459	0.1467918399270083	0.13855122508648884
Anaerostipes	GT4	0.003424227224341355	0.01689518892731727	2.2870290773532063e-5	0.00842104624878154
Anaerostipes	GT5	6.063611800472922e-4	0.0012486672151976385	0.19967670526249298	0.19097939286852114
Anaerostipes	GT51	0.03558102990253268	0.02424510724512561	0.004376990305281184	0.003403871870342686
Butyrivibrio	CBM2	0.1467198934829789	0.12467377644989756	0.01518883930290163	0.020873769543326093
Butyrivibrio	CBM26	0.02738905902291643	0.030613137946861935	0.004825413972458724	0.004870763996628188
Butyrivibrio	CBM34	0.0522190117041032	0.06373108423161258	0.0027260376937580486	0.0075942929453107775
Butyrivibrio	CBM41	0.044645401646278456	0.05830469130686642	0.02772150751134026	0.026807366908783704
Butyrivibrio	CBM48	0.0013939181904272728	0.007042383646390971	0.01505614396946967	0.01412003327630999
Butyrivibrio	CBM50	0.0174376439517447	0.025140103971243256	1.2430535360209545e-4	0.012796578339387615
Butyrivibrio	CBM61	0.055605143861068206	0.05523396413034498	8.235768484859171e-5	0.0019174775899937601
Butyrivibrio	CE1	6.740535385893646e-4	5.584460820217449e-4	0.03003363553205033	0.022067732350233068
Butyrivibrio	CE4	0.039089421886296404	0.0381867974383848	0.017093147522771083	0.029161205685484238
Butyrivibrio	CE9	0.028046412184934737	0.019741385882317962	0.03195041876440224	0.02094689406372825
Butyrivibrio	GH13	1.5374002754615882e-4	0.0012394120038510764	0.005960815512025035	0.010209887960262362
Butyrivibrio	GH133	0.013303463422307276	0.012340896091597907	8.925753482738078e-4	5.841233244567661e-4
Butyrivibrio	GH13_14	0.0027947351059130062	0.0025072269723992063	0.010726872737423239	0.009935452478111766
Butyrivibrio	GH13_20	0.06276180097807577	0.06618044117532676	0.004793004536094845	0.008394805251943381
Butyrivibrio	GH13_28	0.0255173972547222	0.024897387039383923	0.00867450644179377	0.006381899260737914
Butyrivibrio	GH13_36	0.10080465683267595	0.09008930185666761	0.0059425087465811224	0.009895021720400087
Butyrivibrio	GH13_9	0.009407842877591032	0.014170325544783827	7.971839240034128e-4	0.004259678802350861
Butyrivibrio	GH18	0.0039021342374142244	0.0020409075982252573	0.019499635725515493	0.013854703149236727
Butyrivibrio	GH2	8.1540306194204e-6	5.461624147894418e-4	0.04974976211467433	0.03780442423628789
Butyrivibrio	GH29	0.0023445758452713943	0.00352500412581379	0.03801298649215346	0.02488490771027152
Butyrivibrio	GH3	0.005026345386024687	0.005518178842491692	0.03845642370402634	0.04078024285674619
Butyrivibrio	GH31	7.02904785753778e-5	1.7134018626493796e-4	0.0548149509064911	0.04347156540876366
Butyrivibrio	GH36	6.937590133146834e-4	0.0015966113833291214	0.014881502144141637	0.014519505298211943
Butyrivibrio	GH42	0.014439692882509238	0.010832601719244637	0.027072705778849213	0.02479861077912572
Butyrivibrio	GH43_12	0.0075221043337860465	0.0091153513690574485	0.03811602016547545	0.03552488877340854
Butyrivibrio	GH43_35	0.027563204099684834	0.020089703897097924	2.0852810233018123e-4	0.00701882888953513
Butyrivibrio	GH5	0.024639823389103106	0.024030063843067526	1.2567541765040968e-5	0.004976244649553057
Butyrivibrio	GH51	2.018779488575e-5	3.2833196198885534e-4	0.037589322742524786	0.03327633681277823
Butyrivibrio	GH53	0.01842759436440116	0.019293553791542982	0.02113324957736853	0.024333746889450183
Butyrivibrio	GH59	0.0600835592064657	0.06645688928687046	6.019959532134188e-4	0.003003648425182236
Butyrivibrio	GH5_2	0.0463829054378665	0.04592696432251191	0.0011962796931689675	0.0041014730191593655
Butyrivibrio	GH5_37	0.10162427022997367	0.080391379407996	0.010035654815473432	0.007607256645425556
Butyrivibrio	GH5_4	0.027661521318536896	0.0271294822835349	0.0016983478140513194	5.508071588451327e-4
Butyrivibrio	GH77	0.008325080445480715	0.007799897367953926	0.0027510078548401975	0.007753803173134841
Butyrivibrio	GH94	0.025335623240837716	0.02339735417167696	8.756408070148981e-4	0.004108324139177004
Butyrivibrio	GT111	0.008675341024991016	0.02011162609136318	0.003847355980059586	0.005275973776871587
Butyrivibrio	GT2	0.0043113496780525715	0.013366187092924	0.02666564742282769	0.023682781330997875
Butyrivibrio	GT28	0.001857726062582542	0.007510464923403625	0.021828274716176283	0.028567139508860546
Butyrivibrio	GT32	0.016917698282832683	0.02203320999124901	0.012242069158720146	0.011226022329500188
Butyrivibrio	GT35	0.006752936666073202	0.010559791770272199	0.011863349542060383	0.01242425128742927
Butyrivibrio	GT4	0.0033575675876610063	0.00890638450230685	0.024589858665598395	0.0200886295187166
Butyrivibrio	GT5	0.005231123258748063	0.01724572445980882	2.4528590017056697e-4	0.0028833141098890697
Butyrivibrio	GT51	2.1440089889111758e-4	0.005772129693732266	0.006520960179886098	0.010914990229260116
Tyzzerella	CBM32	0.012473511149915297	0.024565126739692297	0.07826229788728484	0.10318610922132439
Tyzzerella	CBM34	0.03595970879760612	0.06934102272707471	0.008617077691679291	0.017416704464017555
Tyzzerella	CBM40	0.013898204058174038	0.06838447326989049	0.09700126613233309	0.11893856362354648
Tyzzerella	CBM48	0.005331231534344114	0.0013138512844938631	3.062313369278415e-4	4.385827902055587e-4
Tyzzerella	CBM50	0.010043065675642912	0.04981994402297296	0.0033827123524051	0.0020781767859080146
Tyzzerella	CBM51	7.050133835038262e-5	0.00932649171965743	2.2835183635394954e-4	0.002007202372074902
Tyzzerella	CE4	0.0017850062714651269	0.10433819030518325	0.028451395222725353	0.044396190121731384
Tyzzerella	CE9	0.009877311393488354	0.016100035181738255	0.04734766473652848	0.06163508825717984
Tyzzerella	GH1	0.008606504575754216	0.021899760352194864	9.082209940297144e-4	0.008010540691446614
Tyzzerella	GH101	0.04349799238002339	0.08420429785948302	0.09124915005623324	0.11860338625564822
Tyzzerella	GH110	0.0034589326653997983	0.029679548157148742	0.02713765204461797	0.033499410505036756
Tyzzerella	GH112	3.20971242210083e-6	0.004776697512710961	0.0013930325368789974	0.0020189775507496845
Tyzzerella	GH123	0.006145044194006097	0.023255342692347247	0.03434754891901511	0.041391520628818394
Tyzzerella	GH13	0.0010298792612841998	0.001915020269085219	0.008160811207443532	0.006513127329821486
Tyzzerella	GH133	5.029814471351783e-4	0.007281404019937762	0.0013723855404220806	0.004379043290491461
Tyzzerella	GH136	0.007959887899130007	0.03381149003390325	0.04397445176022195	0.048215534738307905
Tyzzerella	GH13_11	0.009389427349582827	0.0026746010385134433	9.000551665411469e-5	0.0030184113892553622
Tyzzerella	GH13_14	0.0015684597522771754	0.0018201728749055904	2.796347959900242e-4	0.0014212394731057086
Tyzzerella	GH13_20	0.04423272160293743	0.08876357000326708	0.040810439338050626	0.05268532003871013
Tyzzerella	GH13_31	0.0018545753111678923	0.026510222619170874	7.644416639138808e-4	0.0059001427921777025
Tyzzerella	GH13_9	0.0077250034874874595	0.04633247120384697	0.022287980362294627	0.03302777111935801
Tyzzerella	GH18	0.013536008622663031	0.024282775689798013	0.035497157007299766	0.04473594577308905
Tyzzerella	GH2	0.018746697591615374	0.022372961004133628	0.03925694713992376	0.06896729814598891
Tyzzerella	GH20	0.011164643259613333	0.017881876275430406	0.050591462973476754	0.06922575027528456
Tyzzerella	GH23	0.0054068405463475674	0.0010250009895640397	0.022134794280545468	0.043166697720621476
Tyzzerella	GH25	0.031381964604721584	0.039700567176713636	0.03657251074332752	0.04115939024583631
Tyzzerella	GH29	0.00870853483305736	0.015863411258013053	0.058823687380512135	0.08074788673175369
Tyzzerella	GH3	0.0035605993454778813	0.00633643703262559	4.98005598813806e-7	0.011462845765492597
Tyzzerella	GH30_1	1.2528056818233578e-4	0.04557411539392257	0.003405871667057191	0.01627441359706246
Tyzzerella	GH30_5	9.460733775232841e-4	0.001771184753563223	0.00445509959505502	0.005076215429600091
Tyzzerella	GH32	8.769634876346335e-5	0.008233184589746458	0.0018019409014068935	0.011642813630785953
Tyzzerella	GH33	0.018509767762988037	0.020524782661855066	0.04847527430095651	0.061100973926745614
Tyzzerella	GH36	0.003362071975437784	0.00902701778260096	0.0016356055723310177	0.0035339468398081953
Tyzzerella	GH42	5.43453324179639e-4	0.0072236042514044274	0.0024765532824422122	0.0042544411021857576
Tyzzerella	GH43_11	0.0012879853576933586	0.014017063025262117	0.0010069456225670892	0.0016491137880123088
Tyzzerella	GH43_22	1.8864944498507514e-4	0.017036517024660025	0.004492899570169712	0.008765927105952316
Tyzzerella	GH43_24	5.968513892674549e-4	0.0019943308829650703	0.02100640424650448	0.03631686397623334
Tyzzerella	GH43_26	0.020272522831842776	0.02209542646769036	0.016082286707501777	0.022700736276916468
Tyzzerella	GH43_34	0.001722108813959107	0.004192798423224664	0.028579967827758825	0.05001491181199783
Tyzzerella	GH5	0.018964521425915024	0.023417618270473544	0.05283983311866776	0.05637208396034524
Tyzzerella	GH51	1.38686572461801e-4	0.00200359995154859	0.004693070637868551	0.030789124523754516
Tyzzerella	GH5_44	2.1793337911489896e-6	0.018366696107851	0.0037451525952180674	0.015540150785962523
Tyzzerella	GH73	0.007737204679666951	0.001313638585097317	0.005994891940491436	0.013277753933772622
Tyzzerella	GH77	9.195114473270862e-5	0.005823792657959099	0.025831591193228642	0.027321881512071797
Tyzzerella	GH78	0.006219590602596242	0.017003115406051216	0.02226113044999586	0.030701872980267206
Tyzzerella	GH84	0.0018845186603303758	0.014480229121478255	0.03914218571189846	0.05681937027485223
Tyzzerella	GH89	0.004787618007943988	0.021884434873584265	0.03934932059850961	0.05111613848868404
Tyzzerella	GH94	0.02389147936016435	0.09444008929754222	0.07565083733366569	0.09492187470856209
Tyzzerella	GH95	0.0012389228760387432	0.007127898966311324	0.042269365043413054	0.06639525601958086
Tyzzerella	GT14	0.007574072281838862	0.006071298400654098	7.099766137342936e-5	0.0023321171187690734
Tyzzerella	GT2	0.014575616965122985	0.03038463715759083	2.4815890834603277e-6	0.012530319613010306
Tyzzerella	GT26	0.002609405388993084	0.0026217707461296826	6.334678524257676e-4	0.003344176570795687
Tyzzerella	GT28	0.009921420866283028	0.0910066360346892	0.07726600737499038	0.12089043891885243
Tyzzerella	GT35	0.0040390230474169455	0.004292602882174185	0.0019808111605057062	0.0014009138740607688
Tyzzerella	GT4	0.0020198495630688804	0.06681311432475072	0.0056069690327157605	0.01800785913374309
Tyzzerella	GT5	0.0034738076577878964	0.047380830281625076	0.010354982131191324	0.015672891856258996
Tyzzerella	GT51	0.024371261939300618	0.01941549835310666	0.005228532689684673	0.00674688174044023
Faecalicatena	AA1	0.04056575083926218	4.891344176989634e-4	4.0527137753872296e-4	0.00441847769600769
Faecalicatena	AA7	0.02372115487256258	0.034257191798967676	0.007450589661324454	5.781675226282427e-6
Faecalicatena	CBM32	0.0018244834972924538	3.780041828223476e-4	0.006798572100192962	0.02622198916682082
Faecalicatena	CBM34	0.10615697538147316	0.07344877962010299	0.008796888732950356	0.001523827471909793
Faecalicatena	CBM48	0.008579673807994405	5.47064745226843e-4	0.004394780770175686	5.5867092320860435e-5
Faecalicatena	CBM50	0.05878304125446787	0.03872834867781861	0.04216485102991921	0.0050908101331696865
Faecalicatena	CBM51	0.0074270355037890055	0.004927868848977795	1.1836144872201662e-4	0.007579835269400142
Faecalicatena	CBM67	0.0010955842589787119	0.012666674691412019	0.005190670725027384	2.5587652336886917e-4
Faecalicatena	CE1	1.0984706484857698e-4	0.004299629514853617	0.003028861705448407	9.27696564829217e-5
Faecalicatena	CE13	0.09050614081753718	0.11252199374243901	0.005046250047691622	0.0016388370057809245
Faecalicatena	CE4	0.041002362806253474	0.06649442789440622	0.02167825133836262	0.0032803823799473354
Faecalicatena	CE9	0.0013966027753343619	7.597060321400563e-4	0.013645198376814905	0.033782429660710725
Faecalicatena	GH1	0.05953364932386101	0.01529290458181311	1.2929663119989892e-4	0.0020310525650489063
Faecalicatena	GH106	0.0029451909419117347	0.008697118558201043	1.1676320347375342e-4	6.214390765966561e-4
Faecalicatena	GH110	0.0071577364790436785	0.012185582901494959	0.001669874532676929	0.010070824880184518
Faecalicatena	GH112	0.004642987851609065	0.0055734038881043065	1.955305415968649e-4	0.003279632448940125
Faecalicatena	GH116	0.01286037809298318	0.012254659909360177	0.004358193395269934	0.00974996915001814
Faecalicatena	GH117	0.014234705023464835	0.005189777231746429	0.0018647900693844078	0.010015956702131356
Faecalicatena	GH127	3.847328299706207e-4	0.008857754526437205	1.1580276775656667e-4	3.410859808981322e-4
Faecalicatena	GH13	6.469769685622347e-4	2.578928599216492e-4	0.020012102984068882	0.004197222253736772
Faecalicatena	GH137	0.009975475605297318	0.004429239292001498	3.0086839471625993e-4	0.0015971808917992433
Faecalicatena	GH13_11	0.032828000821880955	0.007779855288251559	2.491526459091165e-6	0.002002804645459045
Faecalicatena	GH13_18	0.026328512996434506	0.0011968851321591612	8.017872619666807e-5	0.0010419715981840978
Faecalicatena	GH13_20	0.09726475466462513	0.09078776414812746	0.015771300611066876	0.006358947987188385
Faecalicatena	GH13_29	0.002316935858404686	0.004873087306350485	4.3497957480615086e-4	0.009269624400160558
Faecalicatena	GH13_31	0.04808221198034019	0.016898480073995782	6.388074645028707e-4	0.002240843959523282
Faecalicatena	GH13_9	0.024718254996464403	0.03568048052949702	0.010708251993049358	0.0014887928897723555
Faecalicatena	GH140	0.017941740353247793	8.829640829264227e-5	0.005597299948791468	0.011181487492250116
Faecalicatena	GH141	0.014485477917659874	0.015556238630599755	1.5903379464858082e-6	8.319775705737322e-4
Faecalicatena	GH151	0.0265918621107765	0.06955454249265491	0.001882266095549374	2.6771824890685017e-4
Faecalicatena	GH159	0.00814397399760128	0.012282914685571232	4.449787361574999e-4	3.3178377687929195e-4
Faecalicatena	GH18	1.4728457569728509e-4	0.004481312922256524	0.017451288597026052	0.03218942172223076
Faecalicatena	GH2	5.086543914255904e-4	0.006133321272804162	0.004215626950581614	0.008087407265370399
Faecalicatena	GH23	0.039754013664306566	6.579234197147731e-4	0.0013563575658851086	0.0015542940069056832
Faecalicatena	GH25	0.07371923006060442	0.03656744015253641	0.022847017689992713	0.022904306791617215
Faecalicatena	GH28	0.006156537371018414	4.850418689191576e-4	3.295514209129211e-4	6.590502173504015e-4
Faecalicatena	GH29	0.001150012821500542	5.559272125290264e-4	0.006267270671455998	0.014849225052556222
Faecalicatena	GH3	1.6589465700703564e-4	0.004325661546424075	0.0013245009741985527	1.8171109084477091e-6
Faecalicatena	GH31	0.0038248351577037077	0.007989291013723167	0.011063318512196258	0.012733363826230913
Faecalicatena	GH32	0.011224603772699144	0.0016231284662459214	0.0016592998178962702	0.0018116602661260811
Faecalicatena	GH33	3.6916708716782493e-4	0.0016795053202011924	0.003398237257920372	0.014465485670183012
Faecalicatena	GH35	0.013317755255417374	0.0016637896623857868	0.004904272026233187	0.009654228905940095
Faecalicatena	GH36	0.018740216044972807	0.004812044208482694	0.003497650698742573	0.0050168995989504535
Faecalicatena	GH38	0.004617401753787528	0.009030628941676569	0.00393860710737821	0.017517071525407
Faecalicatena	GH39	0.03970118271286533	0.08726919494141182	0.02269014036083412	0.01377124785989292
Faecalicatena	GH4	0.0011160582566130193	5.737951412240049e-5	0.0026298325463676615	3.840064619856244e-4
Faecalicatena	GH42	0.008957799088123329	3.446670638267742e-4	0.006786521371514247	0.014482173875374371
Faecalicatena	GH43_11	0.03445525716357167	0.00492339293315827	1.738171439003276e-5	0.001095863508253885
Faecalicatena	GH43_12	0.031128619311116986	0.007629761562663708	0.0021997340022379824	0.0023404178606738933
Faecalicatena	GH43_24	1.783765926252163e-5	0.0011982833371669455	0.0033136940141169358	0.008522092631172921
Faecalicatena	GH43_26	1.703344652830305e-4	0.0023219856861464096	0.016671696750799676	0.019948820786598095
Faecalicatena	GH43_35	0.013140867242911993	0.021795088522810226	0.007251005163207375	0.0033582612733965194
Faecalicatena	GH50	0.006179728248825254	0.038843957192369806	9.591369818703626e-5	0.0018177230584509841
Faecalicatena	GH51	0.0012298066365325658	0.0011312304848944972	5.252377343644615e-4	5.956041468531632e-5
Faecalicatena	GH63	0.009563339672641431	3.6527314483550927e-6	0.004714576243793606	0.014806050715617393
Faecalicatena	GH65	1.81816054945535e-4	6.799687574462125e-5	6.756103742357265e-4	0.006266260186317547
Faecalicatena	GH73	0.015413896790959199	5.66975661868331e-5	0.003144615446909779	1.6157161374023246e-5
Faecalicatena	GH77	0.006985307185496672	0.003882502771847877	0.012530865105582139	0.005219423971687803
Faecalicatena	GH78	1.8838029771371575e-4	0.009532018656909653	5.772771000699919e-4	0.006099197598672201
Faecalicatena	GH86	0.028833720679169467	0.00541710327510378	0.009818805180316218	0.011452173752323444
Faecalicatena	GH9	0.014076422425727923	0.03625693284516763	3.4040298968930583e-4	1.9195085833864646e-7
Faecalicatena	GH95	0.00453509291125532	8.769873175197083e-5	9.352918062721659e-4	0.002436167956651787
Faecalicatena	GH98	0.0015738536796523414	0.004105141983387664	0.004220777064472939	6.974383480752933e-4
Faecalicatena	GT2	0.07925989670294145	0.020629818567374978	6.311868959227917e-4	4.019101403722005e-4
Faecalicatena	GT26	0.024708111406120246	0.002083349474771376	0.004929179766216212	6.592692591004045e-4
Faecalicatena	GT28	0.06778789564184366	0.05871054652412954	0.06624195465200602	0.02140798711475654
Faecalicatena	GT35	1.5210341189848877e-5	2.0678715193494883e-4	5.843483911260111e-4	0.0033977049558188595
Faecalicatena	GT4	0.0763568392953264	0.020850641873556112	0.0012669180509903032	0.007897821089823042
Faecalicatena	GT5	0.02656859700505803	0.0378021990972065	2.445557217347157e-4	4.0739058631557984e-4
Faecalicatena	GT51	0.05858621539680703	0.014840777699966588	0.041090001795071295	0.014198871681630731
Faecalicatena	GT8	0.11747673265639509	0.03549060604400838	0.017513064857870686	0.011281284298617883
Faecalicatena	PL27	0.01650346308776145	0.021825998276989268	4.426606225341335e-4	9.858140052757278e-4
Faecalicatena	PL7	0.04163838233133097	0.03398302598780043	0.002796244388384073	0.001941052044056926
Fusicatenibacter	CBM32	1.1343985956504357e-4	2.8558392479798397e-4	0.0023687068973424355	4.5079304285964097e-4
Fusicatenibacter	CBM34	0.008208438247901368	5.987737689793987e-4	0.021068516412296377	0.02581767028496584
Fusicatenibacter	CBM48	2.12888411384658e-4	5.107452415948879e-4	0.01089623443514008	0.01465740946427997
Fusicatenibacter	CBM50	0.015559765281974313	0.005421411384536918	0.0016192657162445454	7.642053889745838e-6
Fusicatenibacter	CBM51	0.004800094215180452	0.007555383300582358	0.0010707652315612133	0.00412059903683097
Fusicatenibacter	CBM67	2.2435739364609834e-5	7.42127427078579e-4	0.0032137830069956528	0.0013885609700221727
Fusicatenibacter	CE1	8.35492775627754e-5	7.033511607072659e-4	0.002349013498005294	0.0011350429678257312
Fusicatenibacter	CE4	0.01429411422433975	0.01670488435718485	0.007290725579026097	0.012690278454715608
Fusicatenibacter	CE9	0.032005075858933335	0.04239295676722133	0.01645619449935811	0.022141990426983733
Fusicatenibacter	GH120	0.06577304867479089	0.08740414921150703	0.03367962725509988	0.04002790226728899
Fusicatenibacter	GH125	6.45567228791326e-5	9.05081457185036e-6	9.466602603583105e-5	2.8854455956898946e-4
Fusicatenibacter	GH127	6.89052324314288e-5	9.632667397373607e-4	1.3105950607784266e-5	5.1033209056791386e-5
Fusicatenibacter	GH129	0.05886115416618206	0.09331342594219268	0.0336380479072285	0.042276715147722736
Fusicatenibacter	GH13	0.0030897344042514893	0.005371338441385685	0.009748987506344379	0.014707036132495091
Fusicatenibacter	GH130	5.752089223002968e-4	3.439246832936828e-6	8.592091403432028e-4	0.0014690958772080982
Fusicatenibacter	GH133	0.005007521261492975	0.0024979922863130485	0.007076220974035283	0.005860213284944328
Fusicatenibacter	GH13_14	1.0260150632397612e-4	8.076931159324102e-4	0.0020637426411089016	0.002549731364763327
Fusicatenibacter	GH13_20	0.02013586207906784	0.008607811839845346	0.020444306030858263	0.02374414903602177
Fusicatenibacter	GH13_31	0.03569476569896896	0.06273259184647803	0.024406700920111716	0.031202951689418376
Fusicatenibacter	GH13_4	0.08289196789079105	0.09381939590848942	0.03878250863868126	0.04312801497570754
Fusicatenibacter	GH13_9	0.017144004207953457	0.02022072010172744	0.019594252530135376	0.02509498968067099
Fusicatenibacter	GH140	1.8580503673989757e-4	0.002353447973754606	7.859180897118116e-4	0.0013471612309995684
Fusicatenibacter	GH159	0.002380690991798356	0.0029740387533759914	0.006136580757319314	0.00839065876537224
Fusicatenibacter	GH18	0.013089026764825134	0.00938609715073569	0.0035078017765199647	0.00557252532522762
Fusicatenibacter	GH2	7.094440472515688e-4	0.0018010231615019593	2.3335275825544526e-4	3.515664622654996e-5
Fusicatenibacter	GH20	9.154892266997126e-4	3.1281185934166117e-4	0.0034385004169021037	0.001647285259166897
Fusicatenibacter	GH27	8.975269583677384e-5	6.397796671719689e-4	1.2365789274801044e-4	1.7207149834846574e-7
Fusicatenibacter	GH29	1.2772306802590985e-4	7.955993121794016e-6	3.8332395354468703e-4	2.4762525577710318e-5
Fusicatenibacter	GH3	0.010035922246366378	0.013479935011276117	0.007611091775380801	0.009678571310075686
Fusicatenibacter	GH30_1	0.017197312202193518	0.01572698206012138	0.026498917478834576	0.03231337632092967
Fusicatenibacter	GH31	6.840370070514051e-4	7.075965213942529e-4	0.012121469586100553	0.012776669782847376
Fusicatenibacter	GH32	0.0014902967366979744	0.01080743541243809	0.02136442994608512	0.021245173868334456
Fusicatenibacter	GH35	0.004446789734538881	5.838040467983263e-4	9.078160466838462e-4	3.529784702440887e-4
Fusicatenibacter	GH36	4.363062941289131e-4	4.89214470654955e-4	0.0035218329975305273	0.0030418413601309034
Fusicatenibacter	GH38	0.012147538894112115	0.012160734799965387	0.007907561401619145	0.012251391625648058
Fusicatenibacter	GH39	0.0010612719806986914	7.910975607473043e-4	0.0074216195773231155	0.008936912103714258
Fusicatenibacter	GH42	0.04026778469443499	0.05743787136226136	0.03773099987026552	0.04123701691545199
Fusicatenibacter	GH43_10	0.005472673525412461	0.0015277605127532253	7.10572749355759e-4	6.83982250148997e-4
Fusicatenibacter	GH43_22	0.05126604358968206	0.08283408224431783	0.017214812330336754	0.022214665522013965
Fusicatenibacter	GH43_24	5.257431523551833e-4	7.899632822804479e-5	0.0011896266124429818	4.594333948051503e-4
Fusicatenibacter	GH43_28	0.03917543652476753	0.037225613317899996	0.004468286835050354	0.007206703428544207
Fusicatenibacter	GH5	0.002673523358973304	1.2756632616365781e-4	0.0028565783966007148	0.0023948993873504883
Fusicatenibacter	GH50	1.2527290990889622e-5	6.681605959876749e-4	3.728973584744072e-4	8.835780435098607e-4
Fusicatenibacter	GH51	2.9972955354736706e-4	0.0021068982968093725	4.4630151562169787e-4	2.6458784000719395e-4
Fusicatenibacter	GH53	0.015734321102009147	0.007091098889826143	0.008405533393477592	0.006610133266530968
Fusicatenibacter	GH66	0.010439344095322621	0.015625280732351123	3.5045138290836354e-4	5.325109970418892e-4
Fusicatenibacter	GH77	0.02906522660433627	0.03578578511459861	0.021641206972122254	0.024615619898864457
Fusicatenibacter	GH78	0.004842679998140312	8.458948417715652e-4	7.058387195433432e-7	3.1004634009752416e-4
Fusicatenibacter	GH94	0.0011176489615212562	0.005477289712023481	0.009627448564835632	0.00991529270023398
Fusicatenibacter	GT2	2.479410221469354e-4	0.00522134238570552	1.2303898441996713e-4	5.773506553224915e-4
Fusicatenibacter	GT28	0.006311751460276932	0.015094320873786593	2.2012241204299713e-5	0.0015031510213165888
Fusicatenibacter	GT32	0.009639567061211876	7.19136184163203e-4	1.1786341201949692e-5	1.3209359417747895e-5
Fusicatenibacter	GT35	0.030896649070067568	0.033099120643229146	0.026291417591638642	0.028742299494398865
Fusicatenibacter	GT4	0.001612520530284472	0.015660607282884775	2.0714066012584382e-4	1.0201972113724343e-5
Fusicatenibacter	GT5	0.009325558177848595	0.01185562079064165	0.026129933973423787	0.029185554814219916
Fusicatenibacter	GT51	0.027547135837993897	0.007946975781225742	0.006909326342641161	0.0029788163048187987
Fusicatenibacter	GT66	0.04205345992621019	0.049395449020203964	0.05108359452250704	0.05903471169218529
Fusicatenibacter	PL27	0.0075075216067825405	0.009643249946195493	0.0066493270700352155	0.0072710298247368405
Eisenbergiella	AA1	0.03981438287151561	3.02008746068548e-4	0.012346539247036353	0.033762887739834935
Eisenbergiella	CBM32	0.0036345962050456865	2.358317120298561e-5	0.054765436999899185	0.08750466499328213
Eisenbergiella	CBM34	0.11521635593080545	0.08968381778005777	0.022318417962757273	0.01039990471745539
Eisenbergiella	CBM35	0.011277790335102254	0.019434799530487167	8.770708388766643e-4	0.0014837563700956513
Eisenbergiella	CBM48	0.012213336791752379	0.0024502120652287133	0.023621261718757485	0.010852853857372845
Eisenbergiella	CBM50	0.06096917503901603	0.043839595437662526	0.012175474742419297	2.2582331517697953e-6
Eisenbergiella	CBM51	0.010595655222539482	0.009417120190995328	0.009101696639243224	0.030101647169929104
Eisenbergiella	CBM67	9.254171614769738e-4	0.012912646569617268	1.2681987927514328e-4	0.0034885064670128604
Eisenbergiella	CE1	4.1294783425321397e-4	5.398411867239177e-4	2.264677913427301e-4	4.7887552383729345e-4
Eisenbergiella	CE12	0.02507108151153699	0.014839952734725296	0.0014053143115012937	7.682503871539424e-4
Eisenbergiella	CE15	0.0012378550234922604	0.01878516084277731	0.001706403441685167	0.007386676108748953
Eisenbergiella	CE4	0.04171557610889773	0.07293394417039416	0.025550507079658405	0.006996462179382365
Eisenbergiella	CE6	0.020181577661252694	0.014728947034347191	0.002800408147488567	0.0033893783923930757
Eisenbergiella	CE9	3.726886623696426e-4	0.0031493850271158575	0.01027802040967834	0.023615843141535125
Eisenbergiella	GH1	0.05999861914047142	0.01624137581465011	0.0022226272217378855	2.1404057443322973e-6
Eisenbergiella	GH10	0.05478266975090402	0.02986965552894149	0.024950321022589695	0.027391714069486383
Eisenbergiella	GH105	0.002837258363175676	1.1115374030079022e-5	0.006654054553175363	0.009439155561721549
Eisenbergiella	GH106	0.0030247272285965207	0.009622900392320968	0.007073155823487493	0.012661144719036855
Eisenbergiella	GH109	0.0027588476201724937	0.0037169635429121265	0.02589109467420549	0.04429912845694485
Eisenbergiella	GH110	0.007209602746626043	0.013221809568681858	0.025922296957639986	0.04316670688690981
Eisenbergiella	GH112	0.004018273318466742	0.004940970546443037	0.005099976943198357	0.0015382229282719104
Eisenbergiella	GH115	0.019094867059962512	0.00695515052073456	2.502665984184906e-5	2.6185811236572603e-7
Eisenbergiella	GH116	0.016493308423001462	0.018651314647557485	0.0097745363644657	0.014509865973990711
Eisenbergiella	GH120	0.01509987132712946	0.003414168686848001	0.0013502877133374485	1.174343846062369e-4
Eisenbergiella	GH123	3.681275617617553e-4	0.008640325405185724	0.03399515602547802	0.056525094280676355
Eisenbergiella	GH125	0.0029516039171868327	0.00215805570773032	0.013870636908327464	0.017687886914987114
Eisenbergiella	GH127	6.416574984402018e-5	0.006616871886660962	8.984983498023948e-5	1.911378013539858e-8
Eisenbergiella	GH129	0.05849261847553887	0.02613093737103062	0.01229745639925655	0.002181754785725004
Eisenbergiella	GH13	5.733172519161676e-4	3.7773689709293037e-4	0.038659100242947386	0.017176455001074436
Eisenbergiella	GH136	0.007830509323687194	0.0057621522717348165	0.007844879932655403	0.013282731355126845
Eisenbergiella	GH137	0.011693701763231734	0.006477901280178794	8.412641995759384e-4	0.00231517002209022
Eisenbergiella	GH138	0.01769259229271049	0.007474569471561778	0.00630010030755076	0.006184302518220016
Eisenbergiella	GH139	0.0013883747010405214	0.0020319059392921645	0.012547870024630984	0.01919267503195732
Eisenbergiella	GH13_11	0.025916418049254635	0.0036015544034134353	0.0065318538416793415	0.0017895666016701838
Eisenbergiella	GH13_18	0.023621044920418097	4.493735211567964e-4	0.011688072387474924	0.005596245645637309
Eisenbergiella	GH13_20	0.09946627581405607	0.10021731114409084	0.02986782427539642	0.01850311846829893
Eisenbergiella	GH13_29	0.00283397233843054	0.006404832496997871	0.0010624866435462103	0.00965516737186099
Eisenbergiella	GH13_31	0.04217676783643894	0.012669095930288718	0.009830295619456652	0.0016411697697285292
Eisenbergiella	GH13_9	0.02250730010986877	0.03429584192585635	0.03073777437060896	0.014366836273072177
Eisenbergiella	GH140	0.021804600902982724	7.863391608672519e-4	0.011597605625473394	0.01619101005141517
Eisenbergiella	GH146	0.0016149827835805377	7.260596618946487e-5	0.007124907191339474	0.009451376399751372
Eisenbergiella	GH148	0.024327111089332682	0.06782585453580464	0.02794249337430277	0.01734647494698225
Eisenbergiella	GH154	0.001847386122701138	9.001069692920909e-4	0.01092268900480175	0.016476500995889844
Eisenbergiella	GH18	9.030449021760786e-5	0.0043786795086629094	0.027823468365836997	0.04102295707641117
Eisenbergiella	GH2	2.2552610988352146e-7	0.0022926204530835056	0.012869015301939053	0.01782822648941238
Eisenbergiella	GH20	0.0016380703277227037	4.67849489290154e-4	0.04679442433619507	0.06476861667959626
Eisenbergiella	GH23	0.03814379886181351	3.191696735019332e-4	8.62895129873106e-6	0.004248899166204016
Eisenbergiella	GH25	0.08063080929495882	0.0461607906457286	0.06078285297595603	0.05884884695084523
Eisenbergiella	GH26	0.05004586359378996	0.032637105597412085	0.018690738695120106	0.017820518231997335
Eisenbergiella	GH27	0.0016740221737663635	0.011824828440679754	0.004368201712497804	0.008695263162490478
Eisenbergiella	GH28	0.01117549513147153	0.003854479360108635	9.97321588004173e-7	2.604303149099167e-5
Eisenbergiella	GH29	0.002720472052365274	0.002613242312729248	0.032609381301005616	0.04492520457651873
Eisenbergiella	GH3	3.0977566815656077e-4	5.702450280339788e-4	0.004452311331016986	0.001177546837247552
Eisenbergiella	GH30	0.039810724254473094	0.037282877703538185	3.683862564960393e-6	2.1481374035772014e-5
Eisenbergiella	GH30_1	0.013381330911163497	0.034769255720309485	0.004579146903418518	3.4518068619450524e-4
Eisenbergiella	GH30_2	0.014481897817407165	0.0014967880264828515	0.003921699426781441	0.006034562226495505
Eisenbergiella	GH31	0.001183940035258932	0.0027454393713204172	0.003892895299591176	0.0049883725450560416
Eisenbergiella	GH32	0.01765225751051431	1.769546642498077e-5	0.009071339271003655	0.008100239727170793
Eisenbergiella	GH33	2.6528578870227464e-4	0.0022662219429122592	0.039506783810302856	0.06114794955986694
Eisenbergiella	GH35	0.017774497948759516	0.004550247157338039	0.032356273735017906	0.041095891263313755
Eisenbergiella	GH36	0.025051390238003148	0.010448816381516983	0.024270493021905832	0.02574246291250798
Eisenbergiella	GH38	0.002913556778059064	0.006095601967600697	0.01237590387471439	0.027383158375431753
Eisenbergiella	GH39	0.03383590153730874	0.08086121620736234	0.02174745168240946	0.014328312650224887
Eisenbergiella	GH4	8.927813315680333e-4	5.012558663257019e-6	0.001932458485455705	3.17208643784505e-4
Eisenbergiella	GH42	0.008840081480983647	2.9307424854564684e-4	3.474166876934782e-6	8.341044477062902e-4
Eisenbergiella	GH43_10	0.007383092366789729	4.402454266787702e-4	0.0037287133377818544	0.003434181411395457
Eisenbergiella	GH43_11	0.02942975519989905	0.0025055822381097152	0.008776674111979327	0.0047833431952862045
Eisenbergiella	GH43_12	0.04544532315785127	0.020486699723607678	0.008069663440800427	0.007945800783099742
Eisenbergiella	GH43_17	0.0066075237994838885	0.019127449710055432	0.0034212147930630242	0.009441815182150043
Eisenbergiella	GH43_22	0.02561785785202697	0.0020936420356867332	0.007856944669049562	0.0014039025462250995
Eisenbergiella	GH43_24	3.20802556879014e-4	2.62686440791268e-4	0.019728427088045335	0.028470464016842226
Eisenbergiella	GH43_26	7.669551390893044e-4	0.005176146616907908	0.004954019951239149	0.006685057719482771
Eisenbergiella	GH43_27	0.028432742140940426	0.004966650649577426	0.001515307987242949	8.769029119294426e-5
Eisenbergiella	GH43_31	0.004016634422899154	0.006971029804653329	0.011934557730550067	0.019151752075884106
Eisenbergiella	GH43_33	0.0029708386040678074	0.017223946577092187	0.00735120967887346	0.01919675565359869
Eisenbergiella	GH43_34	0.003270002217657349	1.351844030272661e-4	0.005219424825689085	0.010298383175747763
Eisenbergiella	GH43_35	0.01646238860028718	0.030036061980733268	0.022142128609997785	0.0161627375359558
Eisenbergiella	GH5	0.04246836733577095	0.03275229136924396	0.05555278834021041	0.04773835050831675
Eisenbergiella	GH50	0.0045479357558444785	0.035768059671425476	0.0017355659993787793	0.004543685550215783
Eisenbergiella	GH51	0.004659028659887128	1.7162407427842144e-4	0.001076763941916742	0.0019113065971429523
Eisenbergiella	GH5_13	0.0038469682950976005	0.02445258547384076	0.007041944654414159	0.010490806524084592
Eisenbergiella	GH5_22	0.04459285923508592	0.04703050042404142	0.02291423818060755	0.0454732426520403
Eisenbergiella	GH5_37	0.06645297892075132	0.1382167472927255	0.0425737338151257	0.03917635573772463
Eisenbergiella	GH5_44	0.027235708091254404	0.00171555100551593	0.011034092995067094	0.004275644362798991
Eisenbergiella	GH5_46	7.187246648032418e-6	0.011642703211465325	2.4598371917468364e-4	0.002368897645436835
Eisenbergiella	GH63	0.011438434797340446	1.9649945100557286e-4	0.029196425486258275	0.04268474421007382
Eisenbergiella	GH66	0.005244561134072575	0.0012829925944100712	0.009297516069296944	0.011046564567247447
Eisenbergiella	GH67	0.01881402364650606	0.0048357636710528356	0.012023774243606601	0.012526620669772589
Eisenbergiella	GH73	0.020865880874983464	0.001291139580674208	3.456440186038302e-6	0.0023683870135080658
Eisenbergiella	GH76	9.290815717468682e-4	0.0028345896719982997	0.023890847422573556	0.031375902803619106
Eisenbergiella	GH77	0.006323947419218397	0.003378869254119693	0.0493537037377628	0.03503307369034928
Eisenbergiella	GH78	4.2723075060346183e-4	0.008539615998800494	0.009134420665029267	0.019518055191533712
Eisenbergiella	GH8	0.05632371770492051	0.005068652041006896	0.03299612399996214	0.032975259916370354
Eisenbergiella	GH88	1.6139462404278485e-4	0.007043921375772345	0.02722073838925262	0.03334314873296674
Eisenbergiella	GH9	0.015646279815004268	0.043046022211841374	0.0015645929374572252	5.943998442411964e-4
Eisenbergiella	GH93	5.55436416378597e-4	0.018225130237252994	7.778642071810844e-4	0.001525875504729966
Eisenbergiella	GH94	0.09299958939400017	0.10576546271861172	0.06323863341756868	0.05663862437494631
Eisenbergiella	GH95	0.009026143323254111	0.0024581152881349095	0.0127159914717412	0.016479482491276974
Eisenbergiella	GH96	0.019509495597665856	0.02157527591778288	0.034467150703849134	0.050934236254732985
Eisenbergiella	GH97	0.01251033523128477	0.004530670593662254	0.004786842951869988	0.005233609230420138
Eisenbergiella	GT1	3.101521104767376e-4	0.005243762995678316	4.141068862700445e-4	0.011352677470806453
Eisenbergiella	GT10	0.03409952976802513	0.03423840646410429	0.010765285436736676	0.021071322051501026
Eisenbergiella	GT11	0.021547711474553834	0.012244495860803535	0.013771721391113732	0.020401941224812023
Eisenbergiella	GT17	0.035563021662357704	0.07363407071043883	6.164211761791227e-4	1.582376317154054e-4
Eisenbergiella	GT2	0.10143622150720512	0.04036075918639622	0.0069356365759289116	0.002266099394676143
Eisenbergiella	GT26	0.03215240303449551	0.00610125356233025	0.0013616533368685563	9.410141409536969e-8
Eisenbergiella	GT28	0.06564632686583619	0.05961299593489129	0.05497347190268764	0.019770988214777917
Eisenbergiella	GT32	0.08734465719983389	0.04790532404343493	7.845185305169524e-4	8.574852798463524e-5
Eisenbergiella	GT35	2.3443765714823256e-7	4.6699788443620665e-4	0.004600594169808746	0.00186276662065206
Eisenbergiella	GT4	0.09801858890011124	0.04059327337681595	0.0057900284261878845	0.013991756026029744
Eisenbergiella	GT5	0.023768206927761455	0.03553352591550284	0.009690233808537034	0.004663346849796977
Eisenbergiella	GT51	0.06759019551916065	0.02267300810777965	0.015592780072470912	0.0025441767723390183
Eisenbergiella	GT8	0.13159759335282786	0.04926308923878458	0.008287603564258911	0.0040279172898657605
Eisenbergiella	GT83	0.04279381294527997	0.014666791945784284	0.002892675780789298	0.0012938147946910464
Eisenbergiella	PL11	0.0064452314145200945	4.3134184546116225e-4	0.007166785147707299	0.007905559376928373
Eisenbergiella	PL11_1	0.02453502871635851	0.011381316162249768	8.659077070725152e-8	1.4725242616466509e-5
Eisenbergiella	PL12_1	0.12237667703986443	0.06450402251589328	0.022984366782621373	0.051276219626677
Eisenbergiella	PL22	0.002574362859423841	1.618798471591679e-5	0.005301381957101445	0.013319499216084227
Eisenbergiella	PL22_1	0.06508687012744119	0.010555156808100468	1.3142073170717343e-4	0.0014121349928650283
Eisenbergiella	PL33_2	0.005847654484857285	0.00671417500353439	0.0012072428167771358	0.0026406611737756136
Anaerotignum	CBM34	0.10079597638945963	0.075650897611942	0.03867783178679606	0.0235364702982891
Anaerotignum	CBM48	0.008811763886763227	6.641992439235397e-4	0.0018532491906474691	9.994699275391782e-5
Anaerotignum	CBM50	0.06747952101200852	0.05526696931172504	0.04104953180830839	0.006278820746494892
Anaerotignum	CBM54	0.015380602491712974	0.07898703660167446	0.056162089535275635	0.03744620134214826
Anaerotignum	CE4	0.058788315036119754	0.11286255308492318	0.09430211857710961	0.054863250056370196
Anaerotignum	CE9	0.0026193470573853414	8.727151308576643e-5	0.0077419822309438766	0.025600363764648172
Anaerotignum	GH13	1.755117996044082e-4	0.0013099087103610031	0.025975583511592872	0.009155635079560524
Anaerotignum	GH13_9	0.030055160506843936	0.05109005790927427	0.0612007472121402	0.03906576053360065
Anaerotignum	GH18	0.0017326488801851865	0.013642537007280584	0.01056730702322161	0.024838568957360474
Anaerotignum	GH23	0.03320640282643567	1.6141166998251459e-6	0.007248029467747727	0.02743463951506033
Anaerotignum	GH3	8.471544910193991e-4	5.0232323337955575e-5	0.0020181044191968037	0.0071209907755985
Anaerotignum	GH5	0.03263816085849259	0.021838669007727542	0.0216259274631057	0.0200480464679476
Anaerotignum	GH77	0.008075110297730753	0.0057077551726091936	0.028830380425146233	0.020486904031259124
Anaerotignum	GT2	0.09255533637330633	0.03433989852392273	0.003049568862695355	0.009718613190678585
Anaerotignum	GT26	0.025196980357916877	0.002430661894467831	6.048731128481282e-5	0.0026696343500433794
Anaerotignum	GT28	0.08602241513389203	0.09463699664174524	0.20426968270785056	0.13478466856598248
Anaerotignum	GT35	1.5220128300626496e-4	7.701605288653605e-6	0.0030832063175044956	9.252602773188543e-4
Anaerotignum	GT4	0.11328301653664731	0.05913782575991179	0.004759394868120033	0.01607559405821822
Anaerotignum	GT5	0.03170525000355014	0.053027344421000676	0.0263181092146764	0.018669128324755986
Anaerotignum	GT51	0.06233060106093353	0.019452463804572426	0.03318470794699391	0.010859557830583618
Anaerotignum	GT8	0.13357911776506026	0.05418305848254214	0.004611106322404418	0.0016545509141844127
Merdimonas	CBM34	0.08905839538818118	0.0615940587638504	0.025078356025410788	0.011389742734315573
Merdimonas	CBM48	0.008451801094629428	6.309621365126028e-4	5.224206853715422e-4	0.001400479548299677
Merdimonas	CBM50	0.06918821402268338	0.05814378862598499	0.0656254066871772	0.014263141296807506
Merdimonas	CE1	8.826071637719384e-5	0.0015118835571814831	0.0010878351030359343	0.007083491095687764
Merdimonas	CE4	0.05481632919611184	0.10294118026306755	0.07710894214551693	0.037044536260896856
Merdimonas	CE9	0.002207448555775803	1.8726108468685088e-4	0.003967227298278643	0.019916966862820944
Merdimonas	GH1	0.05816419340001926	0.016780689135653257	9.2296185444876e-4	0.0010651526715953659
Merdimonas	GH112	0.0036317163900126295	0.004552267800676785	0.0010609187274317287	4.893517511153566e-5
Merdimonas	GH123	0.0029509470084738043	0.021330062534959397	5.5845322339979784e-6	0.0068336443664168195
Merdimonas	GH13	4.259667559199127e-4	5.534705702395115e-4	0.016428474595383824	0.0027438967333565014
Merdimonas	GH136	0.009131659495952002	0.007961622533918196	7.024564195071413e-4	0.0045713532106453755
Merdimonas	GH13_11	0.024095104617801913	0.0031980227364687233	3.8781830182357585e-6	0.0022259316360886666
Merdimonas	GH13_29	4.591548035258826e-4	0.001138573583986383	1.2754383798386891e-6	0.008464268064906128
Merdimonas	GH13_31	0.04276955577710483	0.014691859987080213	0.007027699988312371	1.3438694023887448e-4
Merdimonas	GH13_4	0.01662607005302084	0.01804819207608448	0.008256478666421357	0.0026231052406264182
Merdimonas	GH13_9	0.025835340033739513	0.04229201959930528	0.031122303758783665	0.01337459946144015
Merdimonas	GH146	4.906854838417394e-4	2.9775377524509945e-4	0.006603903659076267	0.011172997115456763
Merdimonas	GH18	0.0026962917684453126	0.016896316170490176	0.005929679437521068	0.018451756314154487
Merdimonas	GH2	2.1237359972474553e-4	7.028454675994405e-4	0.013343173082918951	0.02326819887531198
Merdimonas	GH20	0.004008606520425336	0.0032748181973478088	0.006859623994091752	0.021678502351470546
Merdimonas	GH23	0.02724127576253076	4.448549257680665e-4	2.8689031898795592e-5	0.008200320078478592
Merdimonas	GH25	0.06698834152524591	0.034540641924704865	0.011618737665348001	0.013711029358681669
Merdimonas	GH3	4.495583747206021e-4	3.164787389383235e-4	3.032450657042732e-4	5.430300768227341e-4
Merdimonas	GH31	0.0014937867276181883	0.0035682463179633234	0.01928961695454258	0.02519570554198019
Merdimonas	GH32	0.011598442701170993	0.0014089114248240467	0.004179261171399103	0.005010303393682391
Merdimonas	GH36	0.021090720037192204	0.007666961051789083	6.274604669965459e-6	1.0047438691492104e-4
Merdimonas	GH4	6.327359031771833e-4	1.493287850277038e-5	0.011339696659347245	8.261656997740776e-4
Merdimonas	GH43_24	9.05869827562505e-5	7.928046942597336e-4	0.00562098987675334	0.015001155533509647
Merdimonas	GH51	0.0022717080582452197	2.4318102073309677e-4	0.016650910604751837	0.014045873863815637
Merdimonas	GH73	0.010019051075220102	6.750622609806715e-4	9.046789576751238e-4	0.0013984270242895014
Merdimonas	GH77	0.009281557077676448	0.0073711513531186145	0.012013501459001883	0.005731437333741599
Merdimonas	GH78	2.452434626927152e-4	0.021304693900210846	1.2011784108958173e-5	0.003648073117362621
Merdimonas	GH94	0.08699537721271697	0.10191864218784953	0.03277598723734581	0.03267798711758027
Merdimonas	GT12	0.035725520117254314	0.059336913599580564	0.019461120318376473	0.017787536595198918
Merdimonas	GT2	0.08577481056476088	0.029717025257761813	5.1653359560555126e-5	0.0014260314440263369
Merdimonas	GT28	0.09172454603224063	0.10365789970430601	0.13873453431750257	0.07309878239327189
Merdimonas	GT32	0.07075910157984332	0.0337222940971144	4.351391643597924e-6	7.076892493959616e-4
Merdimonas	GT35	7.819453660336515e-5	5.6784890635997424e-5	1.7743872961076282e-4	0.002006076442943841
Merdimonas	GT4	0.11032182186542172	0.05755862976084747	2.0757883599780626e-4	0.005719641582444222
Merdimonas	GT5	0.03053726828576015	0.05013943090249308	0.006967784580117226	0.0025018657434020025
Merdimonas	GT51	0.05775484368494916	0.01670045225293683	0.038896148186844386	0.011983916616704912
Merdimonas	GT8	0.11570112227087115	0.039744667031693735	0.004420532684581072	0.001260541660117805
Romboutsia	CBM32	0.07724771915261777	0.06194431226967945	0.04494022556684108	0.028783626000559285
Romboutsia	CBM34	0.047707730386580556	0.06412602892756845	0.09969377826182882	0.11382581856784442
Romboutsia	CBM48	0.004337913353001003	0.0014975455988261676	0.04202655126867964	0.052419309238524496
Romboutsia	CBM50	0.0561984626229106	0.037535968170197304	0.01554271232982119	0.0036084600701600145
Romboutsia	CBM51	0.04255636938351315	0.04373716784095616	0.012127939827527787	0.024333851023265483
Romboutsia	CBM61	0.004466590988498633	9.405154805737428e-4	0.048198535874744826	0.045281994020597995
Romboutsia	CE1	0.05828195117689807	0.04859349952127929	0.037119661618880126	0.028688711307043886
Romboutsia	CE4	0.060714062001118334	0.052703266673443154	0.06288162208425599	0.08393891158032515
Romboutsia	CE9	0.0011645839311687051	0.002544965830970974	0.010756430978014805	0.018161541586622747
Romboutsia	GH1	0.09081330895202053	0.11507804029294584	0.09236706319390262	0.10760981226545523
Romboutsia	GH13	0.027079365153371376	0.021414387738894633	0.07805542245641482	0.09683903146446853
Romboutsia	GH13_18	0.03203143372554087	0.04668973965867518	0.10466931829795544	0.1138832978567342
Romboutsia	GH13_20	0.020426774703891995	0.028839728183569686	0.0768306486470603	0.0856054346730877
Romboutsia	GH13_31	0.040975780456751	0.05514264118502958	0.11486020196240612	0.1351165256648376
Romboutsia	GH13_39	0.013393314359797947	0.012060882129992928	0.05550374539471333	0.07437903763433393
Romboutsia	GH13_9	0.0029706758869299434	0.003581172025492633	0.09364205980576358	0.11017994446867062
Romboutsia	GH18	0.06153877160845555	0.06207149139347947	0.008927164049967878	0.00488036802529307
Romboutsia	GH2	0.16233655516837364	0.14143521497024827	0.0548695200286402	0.04751959961490679
Romboutsia	GH23	0.009924676214217885	0.023752678435357145	0.004965715548722924	0.0011147125870096808
Romboutsia	GH25	0.007642889000394821	0.016380362265773468	0.04163994077051012	0.03996549071370547
Romboutsia	GH3	0.07372376062919712	0.06234131423598277	6.098724558138399e-8	3.250365260413651e-4
Romboutsia	GH32	0.009214800603970005	0.002401125535942545	0.04594522231969834	0.045563885961792006
Romboutsia	GH36	0.021452451963075887	0.012633916328783395	0.03093212577372185	0.028453305660279378
Romboutsia	GH42	3.1871102761493305e-5	0.0010078436200122282	0.07129981595060268	0.07832580822358305
Romboutsia	GH53	0.0384176421378103	0.02595322155326335	0.02295614106908694	0.018427495466511068
Romboutsia	GH65	1.623443615774446e-4	3.377196953853701e-4	0.001732390703936451	2.7699595562741573e-4
Romboutsia	GH73	0.01687282445861642	0.02636874748110137	0.026787886626907818	0.017556623943684773
Romboutsia	GT2	0.0012528014812677522	5.870388146071056e-4	5.853843482591645e-5	1.3692489703211563e-4
Romboutsia	GT26	0.0022765110509018085	2.9171763878732105e-5	0.016585079940318492	0.011393514623168132
Romboutsia	GT28	0.04880976406817508	0.033501216386255826	0.04573588510232738	0.06869068201899088
Romboutsia	GT32	5.138437167240911e-4	0.004676123717879427	1.578665450265265e-7	1.009386340659747e-4
Romboutsia	GT35	0.020428899877060487	0.017673537969449128	0.042288772452699616	0.04689075927800344
Romboutsia	GT4	0.021824292858721245	0.007284706362403497	0.020475642853848744	0.013369495553158839
Romboutsia	GT5	5.025672363987472e-4	8.874515276698098e-4	0.06349586638318422	0.07025358552250614
Romboutsia	GT51	0.0036920281462895057	6.20674838299075e-5	5.221394590579945e-4	0.004083828208143951
Intestinibacter	AA4	0.0218160168301805	0.010231666127323001	0.005305270823491672	1.020820845326475e-4
Intestinibacter	CBM32	0.0689819268604994	0.052817048524301684	0.007806813297864065	0.0017135883724552442
Intestinibacter	CBM48	0.022639487467654693	0.01245933492592375	0.00911069390711114	0.015157290098055515
Intestinibacter	CBM50	0.05572778202044019	0.0332280252595943	0.019201115638420904	0.0041474786614432825
Intestinibacter	CBM51	0.0446437794303091	0.04947079514238124	0.013729085480515041	0.028242336910518626
Intestinibacter	CE1	0.07776565434366303	0.06505954729274153	0.015479074049587828	0.009592117069680876
Intestinibacter	CE4	0.04022552554397264	0.03447338854668927	0.00836236453613819	0.018665173546836486
Intestinibacter	CE9	1.6631149433213505e-4	0.001483216258727191	0.006038111810177859	0.012661544173595246
Intestinibacter	GH1	0.05583080314471672	0.09100648220901203	0.05007901936333036	0.06268516295314074
Intestinibacter	GH13	0.04526586315657409	0.03619817377011273	0.00683449741410479	0.014473573326081941
Intestinibacter	GH13_39	0.017592254688494444	0.01625929815734294	0.007334339560265215	0.01661451191030749
Intestinibacter	GH13_9	1.5249461959328706e-4	5.316092989308512e-4	0.021025229652563693	0.03068316829022161
Intestinibacter	GH18	0.029570696297642682	0.0336234555686912	7.804977325019029e-4	0.0029305711425586358
Intestinibacter	GH2	0.14894514485478805	0.1300925923690531	0.01224181564880865	0.008652629965126295
Intestinibacter	GH23	2.3171497250474773e-5	0.006116031834173981	0.005596345252136525	0.001044820908428824
Intestinibacter	GH25	0.002981796030763777	0.013381944832018225	0.0029017225478590106	0.002559182599064743
Intestinibacter	GH3	0.09606090310846992	0.08199081898339934	4.812525630473688e-4	2.2083308768935853e-6
Intestinibacter	GH32	0.020402543165631556	0.006021924065264788	0.015140997149118257	0.014929577402416556
Intestinibacter	GH73	0.013439060651531005	0.027940605082079836	0.019316149305987178	0.010613092468945848
Intestinibacter	GH77	0.07757892167144521	0.06397267414470223	0.014075272404785476	0.018212067438290222
Intestinibacter	GT2	0.011524455894677226	4.8532091158449514e-4	3.7652591317475217e-6	5.636564073121653e-4
Intestinibacter	GT28	0.09674368552536985	0.06849513798271453	0.001936828230227698	0.01005722942043428
Intestinibacter	GT32	2.3903669058780944e-4	0.002652081630034212	1.7557308959078636e-4	6.135899372585191e-4
Intestinibacter	GT35	0.015899350843323907	0.013525832274306584	0.011101160384540173	0.013962328391760466
Intestinibacter	GT4	0.02728693794955617	0.006551651983805592	0.002184963232399464	2.748663513474163e-4
Intestinibacter	GT5	2.358429555250182e-5	5.1426916442885364e-5	0.026559194340851588	0.03155259104421906
Intestinibacter	GT51	0.02171373241420903	0.00518251955816469	0.0033038968877673984	9.638667067092461e-5
Intestinimonas	AA7	0.0043342630243206086	0.00952320236062146	5.584372553818035e-4	0.005353393936746672
Intestinimonas	CBM40	0.0013159608462689715	0.0024631381320266922	0.029797355668939887	0.032729045614878126
Intestinimonas	CBM48	0.014292560280492908	0.0020903936651357428	0.01978864452569488	1.2374734153648156e-4
Intestinimonas	CBM50	0.013814898592177088	0.007713888678568794	0.046585432334909777	0.0407212550378627
Intestinimonas	CE1	2.701928372359187e-5	0.0028128309883187915	0.002489563516050552	0.030320663890343005
Intestinimonas	CE4	0.00206469728004265	0.01552848110654674	0.008228119064320211	8.83114133639997e-5
Intestinimonas	CE7	0.013049803869745462	6.695794780337458e-4	0.0015005999596630398	0.020120938898100592
Intestinimonas	CE9	9.11314676219269e-5	0.0013664715339914203	4.226522463772169e-4	0.006043209179778807
Intestinimonas	GH112	0.0034746537171719345	0.003036447542976973	0.02606974362870349	0.01092113184315438
Intestinimonas	GH13	0.013407752065963693	0.0033659558092954075	0.030102005560643214	0.008381315580310064
Intestinimonas	GH13_39	0.0012399229534241969	0.015042737759464115	9.106035233160093e-4	0.003681365270424785
Intestinimonas	GH13_9	0.008162335885699182	0.017931685108401443	0.012448943203175628	0.014743989525167575
Intestinimonas	GH18	0.015631365817139562	7.510323475281456e-4	0.07288145366903047	0.07453065837477986
Intestinimonas	GH20	8.450393560707294e-4	0.001315116315266598	0.0715691746774523	0.08447091735195189
Intestinimonas	GH23	0.04810296263840511	0.0019075171943815758	0.0052858002883331935	0.007674325539212083
Intestinimonas	GH24	0.004422243332926266	2.6393494642381834e-4	0.00683365425061007	0.018220063698047125
Intestinimonas	GH25	0.09492776506705364	0.03582253862270755	0.08496288651061792	0.05017916655638586
Intestinimonas	GH3	4.831431740899327e-4	0.004095753691941644	0.004439231640884426	0.02389782183617854
Intestinimonas	GH33	0.011404152661713438	2.7303576986818264e-4	0.05996239041858528	0.05862394749580963
Intestinimonas	GH77	0.0053547140444217154	0.003144754098942232	0.045999142306198726	0.023491135635850872
Intestinimonas	GH94	0.04420244592182944	0.03677253056360651	0.02059557235908271	0.029479212386932203
Intestinimonas	GT2	0.06692924760647033	0.011402592049104463	0.008930143830838812	0.001365565929815018
Intestinimonas	GT26	0.01244794348355543	1.69303132513034e-4	7.702045698790098e-4	0.005663575094263374
Intestinimonas	GT28	0.013717248945597582	0.016080962292925233	2.727325665570021e-4	0.008352653166376057
Intestinimonas	GT32	0.05532352187189725	0.01671223816793605	7.190968991980257e-4	2.9585879352412783e-4
Intestinimonas	GT35	1.1612334609692713e-6	2.3979954559883538e-4	0.011026025275339536	0.0029144215073326173
Intestinimonas	GT39	0.00022504152753924427	0.017793312675286586	0.018915330557248127	3.669780996053315e-5
Intestinimonas	GT4	0.024982952109866133	0.0015004505447778218	0.026745712204883008	0.04060132627984272
Intestinimonas	GT5	0.007308648073627568	0.014167260631741257	0.0030511626574262064	0.004823239963331386
Intestinimonas	GT51	0.05769263359707687	0.014572230222628728	0.005351548289157332	0.005574821775903509
Intestinimonas	GT84	0.004199736030945612	0.04640251390351747	0.03427323732974727	3.110921518129773e-4
Streptococcus	CBM41	0.024697781280371763	0.05577993701657235	0.07120962672678126	0.13252520715877436
Streptococcus	CBM48	0.005169711669974607	0.05150877379600024	0.12502860897415993	0.16078508947583361
Streptococcus	CBM50	7.693668536365684e-4	0.05812662377917991	1.0899568348273736e-4	0.10198471197273955
Streptococcus	CBM61	0.013059707159478533	0.126627972100997	0.01358750815134731	0.0531652658932366
Streptococcus	CBM66	0.02797857572116623	0.08023173326431374	0.1242742624584798	0.1481753038416298
Streptococcus	CE1	0.00899936429348175	0.07590718928131904	0.010775412481198132	0.062287299644309416
Streptococcus	CE4	0.05213998811208142	0.20914712655204976	0.008196458643307853	0.2422512057095075
Streptococcus	CE9	0.001412152393244068	0.05183855737732732	0.0938378916630897	0.1119372861017264
Streptococcus	GH1	0.05231508708338871	0.12064719448513862	0.14726073131613723	0.16832520360783434
Streptococcus	GH13	0.012068302488891939	0.0960025796010773	0.12328989480377414	0.21186154370223995
Streptococcus	GH13_12	0.6301548076977503	0.6360571524241517	0.7322005047333254	0.6752956998350509
Streptococcus	GH13_14	0.0019626382652061054	0.09369011526252119	0.06655377396540607	0.09703836961122236
Streptococcus	GH13_18	0.060500515450482975	0.06794908484591751	0.117324597209273	0.1439980821274994
Streptococcus	GH13_29	0.007872325553291837	0.06972413863548613	0.13322120290878076	0.14240059735062693
Streptococcus	GH13_31	0.042112990979422345	0.09439127989147453	0.13316503569988955	0.19497548031837547
Streptococcus	GH13_5	0.09420960314836613	0.14452567543937384	0.005519922945553156	0.028339137002121956
Streptococcus	GH13_9	0.014596105885226833	0.10140262470149033	0.05769962657141869	0.20760037589483005
Streptococcus	GH2	3.8599746128768385e-6	0.07569020044407519	0.00477073713124787	0.07500871718657563
Streptococcus	GH23	0.09549281096312563	0.10408410495734371	0.07056302107006494	0.12087424371408939
Streptococcus	GH25	0.08589093725142527	0.12643644526809875	0.027269621731163735	0.09182781870564895
Streptococcus	GH32	0.09201047143198927	0.18012516894906394	0.16899509372362762	0.194095806841086
Streptococcus	GH35	0.0036875740580140843	0.07421200072787204	3.4852769033485477e-4	0.06672150909717943
Streptococcus	GH36	0.02183111341770865	0.12266996149977738	0.04936723570516864	0.0732514466139735
Streptococcus	GH53	0.0389074538100325	0.18099682768825778	0.055570102616259276	0.07356193602730954
Streptococcus	GH66	9.045657666962257e-4	0.07227014243564397	0.009178403625050588	0.03518729474743367
Streptococcus	GH68	0.463312014877694	0.7137376273412912	0.4934121120589268	0.7393953175881727
Streptococcus	GH70	0.4791999684358544	0.6662830289450846	0.5385918817986685	0.7787978285859258
Streptococcus	GH73	0.11860783224726866	0.12620147344862045	0.010622178726017107	0.04092711996686036
Streptococcus	GH77	4.321819327561224e-5	0.13422766482395532	0.08538929062277868	0.20258843767441786
Streptococcus	GH87	0.038355751124904545	0.11189570385777843	0.09541443497632354	0.20201090361656018
Streptococcus	GT2	0.07497886608465487	0.18849689509527606	0.01710047110459277	0.02346836488495065
Streptococcus	GT28	0.021224860265836646	0.1829480969794177	0.0014437012130504529	0.2692254115657501
Streptococcus	GT35	0.0010422734214978733	0.05963379753554539	0.09603367121029022	0.12344640336418783
Streptococcus	GT4	0.02555469877511236	0.17353904408230003	9.676843311451366e-4	0.019934102821954888
Streptococcus	GT5	0.027395165415931535	0.10715578044817664	0.04230631575342189	0.13044530311794575
Streptococcus	GT51	0.038828238465199054	0.08868631343020136	0.0224890572355531	0.057802182900476486
Streptococcus	GT8	0.1066425762129401	0.17089417568956633	0.0019491129010211048	0.007418506967470001
Lactococcus	AA10	0.2897964711071304	0.29592235184899096	0.1806397428111516	0.1759109035960838
Lactococcus	CBM32	0.05243269696533914	0.052510928751798386	0.009530833856061755	0.00850841538863683
Lactococcus	CBM34	0.013391741664571853	0.014341364170295948	1.9651751073225743e-4	0.04115091974459698
Lactococcus	CBM48	0.008169127765281831	0.00845868255579764	3.882294016891059e-5	0.005098577124750174
Lactococcus	CBM5	0.03457784754286008	0.045083602011679005	6.904740493707151e-4	0.0033452716628311215
Lactococcus	CBM50	0.0072077241423090565	0.014587628904968205	0.06724605392904348	0.08787539240803624
Lactococcus	CE1	0.02207781816647354	0.025606073214311898	0.004512525215669331	0.016509010615805068
Lactococcus	CE4	0.03210132266797842	0.05595955033101453	0.021731816500831645	0.150869215454754
Lactococcus	CE9	0.002337768672299814	0.01152979778581334	0.0014015825859339621	0.010169822718283017
Lactococcus	GH1	0.052039617781204375	0.06538692003895491	0.010212550400605114	0.0187248156436037
Lactococcus	GH125	0.02203111210813445	0.023518742258221828	0.0017711099345140292	0.009959259282253543
Lactococcus	GH13	0.004432840704992231	0.0017581803869562561	7.856609327539664e-4	0.022079212071101216
Lactococcus	GH13_20	0.0023878595270090362	0.005284205029106428	1.7124574377279869e-4	0.061439071564504365
Lactococcus	GH13_29	0.05411541960418288	0.0714966789980212	6.353739135856273e-4	0.004497560387267328
Lactococcus	GH13_31	0.006405541115486185	0.014106975657979531	0.00260504004406729	0.02946269680005821
Lactococcus	GH13_36	0.012191142850500679	0.02609886824198241	0.0023494291616730726	0.083565378923491307
Lactococcus	GH13_39	0.026946881181407013	0.053238371166536916	0.027090625214819045	0.158906121463669
Lactococcus	GH13_5	0.03230654766895089	0.045856245453683116	0.0028279928511767845	0.013757622214018389
Lactococcus	GH13_8	0.02206116607647376	0.03015648057796592	0.029593947908824726	0.015530726971019168
Lactococcus	GH18	0.007371475509308823	0.020043204992140056	0.0049737205516283784	7.967133940510289e-5
Lactococcus	GH19	0.012877345705181856	0.01232463610779974	0.001444329752087244	0.006121615347521888
Lactococcus	GH2	0.04630956533473162	0.052954742848928676	0.0011604433943796552	0.023744621651714086
Lactococcus	GH20	0.060513372581881185	0.07076065998733293	0.009987109847958376	0.012974956543759575
Lactococcus	GH23	0.011821985093264755	0.022510552091953445	4.938296644902963e-4	0.017385356388341468
Lactococcus	GH25	4.691286244900948e-4	2.759843326417924e-4	0.00149700197975811	0.011789484461052714
Lactococcus	GH3	0.048663471750037275	0.0458538522299332	0.0025383331084663555	3.767657577469641e-4
Lactococcus	GH31	0.015140617594849982	0.02003091136247728	0.005294315690343808	0.029648087736401426
Lactococcus	GH32	0.0010587875461568507	0.007915229614085617	0.03028312744155184	0.03538796504728784
Lactococcus	GH35	0.024493565234381887	0.03171573876180083	0.0038492667322630007	0.019031896527219268
Lactococcus	GH38	4.113743732876568e-4	0.010282874085730241	0.007423244873187783	0.023363158726862395
Lactococcus	GH43_11	0.002912598159741763	4.5967843214769955e-4	0.009682468805620697	0.01628728858081985
Lactococcus	GH65	0.02183586347926691	0.050170623095829425	0.007430967576599046	0.011563087834302085
Lactococcus	GH73	0.010529938719922043	0.020331794556096322	0.002627518993053473	0.004524124495226348
Lactococcus	GH77	0.018256698247997225	0.018038568836824333	0.0011517035196778446	0.03162103615145892
Lactococcus	GH85	0.0050680352014211925	0.006604800585825515	5.098671162134432e-4	0.0013040024165996234
Lactococcus	GH88	0.007919900843698115	0.009502937474738012	4.718056165793376e-4	0.015243214880207325
Lactococcus	GH92	0.05829627371497101	0.06408885589718825	0.006514742359119808	0.01784153014821719
Lactococcus	GT2	0.008253877073561922	0.017968318638772216	9.554766877268438e-4	0.006016681989441478
Lactococcus	GT28	0.04298193870767546	0.058925690159094456	0.05067214899324785	0.1988037316459289
Lactococcus	GT35	6.271370760143987e-5	4.309505189896717e-5	0.0036551170140622096	0.012065922526061324
Lactococcus	GT4	0.00693706354597466	0.01625326099243919	0.004427266740986048	8.624251096974149e-5
Lactococcus	GT5	0.0016674109236243472	0.009985524188638044	5.861000083063742e-4	0.04039494208744728
Lactococcus	GT51	0.005508046278533908	0.008216911992274641	0.015884332693378026	0.01667117969754434
Lactococcus	PL8	0.0013155067001005888	0.005841132453071317	0.004456094359872113	0.00755849389658356
Lactobacillus	AA1	0.002877764353369764	0.0020294813581006573	0.0027072036809346165	0.003174676995680063
Lactobacillus	AA7	2.260841497173637e-4	0.07269375349175032	8.360850710136807e-4	0.020305627216745115
Lactobacillus	CBM34	1.0153233340229628e-4	0.10140804153079051	4.559493106126038e-4	0.008631498444258725
Lactobacillus	CBM48	0.024277134415589097	0.03666326794918755	0.0021205517784494486	0.0026148239671697853
Lactobacillus	CBM50	0.00289994781693999	0.0799667840578765	0.024766932753235795	0.09378459928109538
Lactobacillus	CE1	0.011031337550609832	0.02963609312305748	0.0023068168365112224	0.0042003779711880474
Lactobacillus	CE4	0.003915895400058298	0.15114553018597573	0.026633067155465703	0.11169670110696789
Lactobacillus	CE9	0.010400224065276522	0.010108713286218552	2.6488463896210535e-4	0.02359060511841815
Lactobacillus	GH1	0.06738210640561818	0.08052070065863166	0.01891043279094606	0.0028438805618694074
Lactobacillus	GH13	0.06925662485539105	0.09372162592691122	0.002033177213351365	0.004315941099193245
Lactobacillus	GH13_18	0.06835640238739404	0.07227893970891207	0.02722400390083323	0.011265158968080941
Lactobacillus	GH13_20	0.002393332112932092	0.11999711351425167	8.920231089852383e-5	0.025657116520733235
Lactobacillus	GH13_29	0.0021814986320211507	0.004729885973613228	0.009002084232777392	0.0011516408644100663
Lactobacillus	GH13_31	0.09088602180835596	0.11795989488385976	0.011646678963808709	0.0011954144619333255
Lactobacillus	GH13_39	0.006387785895637889	0.10132235834521298	0.004650781281400819	0.1026275873734645
Lactobacillus	GH13_9	1.339852707190122e-4	0.06571839585261248	1.8677835499795933e-5	0.025173902597746326
Lactobacillus	GH2	3.119886003622338e-4	0.01717823201524253	0.010942571346665276	0.025104456050655897
Lactobacillus	GH23	0.012553997577236804	0.018025814809709474	7.52747821338727e-4	0.012064921988931701
Lactobacillus	GH25	0.04982144148867505	0.09159834127088202	0.009143954614645419	0.011229115268620441
Lactobacillus	GH29	0.003642359266030016	0.018368238222178472	0.013332555566144162	0.024474357211166788
Lactobacillus	GH3	0.014680402617281431	0.042140933381670034	0.008690525210161178	0.012064511240120023
Lactobacillus	GH31	0.003758225457675474	0.011147801127558175	0.0016257517525123523	0.04737752415845836
Lactobacillus	GH32	0.0538834399568673	0.0752175091555227	0.02086146587909959	0.047038046499956146
Lactobacillus	GH36	0.016997581355140633	0.04692735538509616	0.016003594293373172	0.03167817165417664
Lactobacillus	GH38	0.002236250450657866	0.037671698961995875	0.010786763390191117	0.026467018932894684
Lactobacillus	GH4	0.006438105072362381	0.0027350360111544165	5.557331904176759e-4	0.004888070447327218
Lactobacillus	GH42	0.025564817099228955	0.04246853855433318	0.003362009889409884	0.01283272223695221
Lactobacillus	GH65	0.001988210060946386	0.005747163052516608	0.019181886779832024	0.029650426103722836
Lactobacillus	GH73	0.015624076738111704	0.019117614394920195	8.228648175287685e-5	0.0028793394252383726
Lactobacillus	GH78	0.02368257209532577	0.06396790992245054	0.034369143543100125	0.02919936851901238
Lactobacillus	GH8	0.026501921248983536	0.04698753424127865	0.01820055050726091	0.013834281165434434
Lactobacillus	GT111	0.04494264991086262	0.12464463605264502	0.0012524033287735798	0.0016670757469170777
Lactobacillus	GT14	0.01224689044903866	0.038681531468858193	0.002665800167318898	0.014806880755436036
Lactobacillus	GT2	0.00891610611586317	0.06100961990164601	7.459353499196004e-5	0.009340715043237859
Lactobacillus	GT26	0.007323885753531141	0.014379076463064857	0.001362660807896684	0.0018707901220856376
Lactobacillus	GT28	0.018373531767338053	0.1488038240066251	0.007295720861571587	0.14544425249547097
Lactobacillus	GT32	6.528751871200555e-5	0.05970081425811328	0.005751066037716749	0.0064900854337277564
Lactobacillus	GT35	0.016469335226979027	0.01446637171856098	6.68768589744842e-4	0.006005883077944389
Lactobacillus	GT4	4.197361996748991e-5	0.08403470626723078	0.014082576043617021	0.01469490582838146
Lactobacillus	GT5	5.688646911875968e-4	0.07767380322520168	5.879755736339725e-6	0.008552787275938297
Lactobacillus	GT51	0.039690496437197124	0.0695157596963635	0.004378611718929772	0.011585891256066369
Lactobacillus	GT8	0.008848436157189984	0.06895346691970732	0.0019133237427585979	0.0034470688422412418
Lactobacillus	GT83	0.00735289306691878	0.026961002521497045	0.0010244114135030285	0.00834769573806357
Enterococcus	AA10	0.20263321069462423	0.021160584396367747	0.1727407098399485	0.12876592589258734
Enterococcus	CBM32	0.013209886377157214	1.7428586126291636e-5	3.0448851746232527e-4	0.0010130908590109354
Enterococcus	CBM34	0.002130395293226151	0.011434176247593873	0.007231064220633062	0.005171374112251262
Enterococcus	CBM50	0.0018040889120955886	0.01351174471755349	0.034272156023332626	0.023677911688739377
Enterococcus	CBM61	0.007905271219405005	0.014765943425680212	1.4044404415414135e-4	9.12604313451439e-9
Enterococcus	CE1	0.0027006718937066868	0.004428658392191869	4.6549416601026624e-4	0.003407634393558669
Enterococcus	CE12	0.01671542189529541	5.4437051409411956e-6	0.0030859130099919114	0.005794769637997883
Enterococcus	CE4	0.022203894211187184	0.03840436617946092	0.04659713650913693	0.04038955356806486
Enterococcus	CE7	0.013158565713287218	7.689518815473957e-4	2.145563368909515e-5	0.001507028122243115
Enterococcus	CE8	0.004636514834128917	0.001544511955708107	0.0038861775393951156	0.008413563966726802
Enterococcus	CE9	0.016087730433688895	1.0538524343735434e-4	3.199656869117218e-4	0.001960542336862295
Enterococcus	GH1	0.0430202084212328	6.331434987329665e-4	4.419191608617897e-4	7.99601582196726e-4
Enterococcus	GH101	2.1414391883833512e-4	1.2361107843997582e-4	9.118415697440569e-4	0.006279275411848487
Enterococcus	GH105	0.020399517979343203	0.0014429508195575689	0.00213538214874518	0.0054957547668565985
Enterococcus	GH125	0.0037671151432881753	9.329463090307906e-4	2.3242829643068788e-4	6.640456684114743e-4
Enterococcus	GH126	0.003294697734132987	0.03385538912726875	0.030895601299284866	0.038507884526488775
Enterococcus	GH13	0.0013614632598361511	0.012704201583039358	0.006781838701327751	0.0020891687233326626
Enterococcus	GH136	7.896229883451504e-4	1.7025842015436484e-4	1.74540923602277e-5	6.031669376182973e-4
Enterococcus	GH13_18	0.030510778410308304	0.0018662062201880625	3.4459316521196675e-4	0.0017870822260275358
Enterococcus	GH13_20	6.912771298952938e-4	0.023229066719667422	0.018846032197006504	0.015131280793419374
Enterococcus	GH13_29	0.06370581873885359	7.366930466457166e-5	0.003453394829838833	0.00383063930421147
Enterococcus	GH13_31	0.015936233129232372	5.033755335716715e-4	0.0012303821176413584	4.0090689229011834e-4
Enterococcus	GH154	0.0041657355799755895	0.0045273069360572855	0.0011959499472952138	0.003693564496318117
Enterococcus	GH18	0.001879053596586322	0.014972287002885259	8.448857070661964e-4	8.741769620276709e-5
Enterococcus	GH2	0.016992238151530982	5.831053134066712e-4	5.165220458058928e-4	0.0035660406408897414
Enterococcus	GH20	0.035850149873249054	0.0013982355219720704	5.936660331513831e-4	1.2435844050565995e-4
Enterococcus	GH23	0.010217571932555488	1.973374411239276e-4	3.8405720071008764e-4	0.005035378287503767
Enterococcus	GH25	0.0023748561054728603	0.0030150612611828686	0.0014566663262676764	5.624132565244293e-4
Enterococcus	GH28	0.028409025479016664	4.648736239853489e-5	0.003998817953744633	0.007078250717576785
Enterococcus	GH3	0.006032801575615139	7.766200273458103e-4	0.004996535453964292	0.001266131734833012
Enterococcus	GH31	6.428661952240076e-4	0.010354670611215247	0.001844856712918604	0.007130376427522719
Enterococcus	GH32	8.299700548160727e-6	0.011319535720204619	0.0038281246059805813	0.007656196836419282
Enterococcus	GH35	0.013043894277441135	3.55406941712552e-4	1.2487559720516795e-4	0.0019940551919952827
Enterococcus	GH36	0.013251108318691281	4.6915977770468117e-4	0.0023247123442422736	0.006451514055339772
Enterococcus	GH38	0.0034186019998943148	0.007886373445608136	0.00483900710301522	0.004794630089738061
Enterococcus	GH4	0.04383777653306979	5.413236379183769e-4	0.0014809153527245672	8.191995618860554e-4
Enterococcus	GH43_11	5.772421384540157e-4	1.5951610567576092e-5	1.9731043612758714e-4	0.0015588576327636332
Enterococcus	GH43_26	6.96253609708852e-4	0.0019024864640975626	0.0037845991794413316	0.01027687177810753
Enterococcus	GH51	0.01809569557584489	0.004466766262506452	0.007007393367585907	0.0156889822378672
Enterococcus	GH53	0.019801322708776523	0.0039016258972874784	0.0023775728958269414	0.00478264499133403
Enterococcus	GH63	1.2849092212283944e-4	0.0015016968578443473	1.272877982519334e-4	3.670823222363642e-4
Enterococcus	GH65	0.03294322602653108	2.436237901584123e-4	0.002364891265863658	0.0020119010846400215
Enterococcus	GH73	0.012765761003250834	0.006636283971088712	3.476288317143086e-4	2.5681835877211846e-7
Enterococcus	GH78	0.012908248464465366	0.017316375542933197	0.002130041991025293	2.7959053244561117e-4
Enterococcus	GH88	0.012063837644848465	0.0011967020481068666	0.002270814456594121	0.0038650787183173115
Enterococcus	GH92	0.024312395132943802	1.5455092878028368e-4	2.1936695514372323e-4	4.969544206415462e-4
Enterococcus	GH94	0.04712854044871387	0.023294033158031236	0.013326184569804257	0.009509219216215678
Enterococcus	GT2	0.010250926450783678	0.00149201613232967	5.081256098755174e-4	0.006096387667417687
Enterococcus	GT26	0.0010277023068839472	0.0025956365473699078	4.450928449972965e-4	2.644794156932306e-4
Enterococcus	GT28	0.03209893764084074	0.03528184260292332	0.06681620969208259	0.05426765446724412
Enterococcus	GT4	0.01466830126075235	0.007780563776374518	5.757910750809127e-4	8.947442600336466e-4
Enterococcus	GT51	0.003780615408222903	7.26206245103211e-4	0.0038812650207758876	0.0016634989957425637
Enterococcus	GT8	0.014982842357456483	0.006323968854874859	2.3757104404655837e-4	9.698810467301697e-4
Enterococcus	PL8	2.156617058459639e-4	0.0035812535827747702	0.0018295219922821115	0.0012918751159897786
Enterococcus	PL9_1	0.002553778321718434	0.008244129977034895	0.0024080904310173792	0.0017770793757102984
Weissella	AA7	0.02811834457701362	0.019972706736309458	0.080380274459204	0.07920436731072808
Weissella	CBM34	2.5533188501129806e-5	0.0037538012458422417	0.03552992470028312	0.03957998381755588
Weissella	CBM48	2.1473263380645383e-4	5.306199966761117e-4	0.007110058728594096	6.321635525452252e-4
Weissella	CBM50	0.008333532716384493	6.745744040775731e-4	0.16409375581777086	0.09790122712544948
Weissella	CE9	0.009188127445265976	0.006090724164675849	0.0021321692880107664	0.005897764915784755
Weissella	GH1	0.0020031085432485984	0.011169078284367823	0.008727021040021703	0.0031806535792426173
Weissella	GH120	0.017658655979599515	0.008448927482437385	0.024869196286885546	0.015555776052594485
Weissella	GH13	6.690028133652869e-4	3.4993027773825756e-5	0.03711735508664209	0.02401463867568178
Weissella	GH13_20	0.0014227670293238757	7.704546929410122e-5	0.04566567185154513	0.06638219196542364
Weissella	GH13_39	0.050082999357259676	0.04685465299819787	0.1692892547872437	0.20260449412875006
Weissella	GH13_9	0.01751440831532015	0.01910913738708754	0.06509559647197125	0.07608003021453168
Weissella	GH2	2.7326558388629767e-5	4.461415110388936e-4	0.0024151978517450204	0.02618390184985062
Weissella	GH23	0.0016349342990320433	0.021909091660932852	1.6014376541219794e-5	0.022606531857582594
Weissella	GH25	1.8673877712855903e-4	0.00907672679106703	0.003307320549784382	0.013124397752204245
Weissella	GH3	0.006315643723500636	0.003398462235749253	0.005792627232777813	4.1831993993859777e-4
Weissella	GH31	5.561531596941347e-4	3.723019975792067e-4	0.005383406577829308	0.026429703585528957
Weissella	GH32	0.008510339637013161	0.025384456305939752	0.011601906840535865	0.0225707046844388
Weissella	GH43_11	0.0018188480760166434	2.2084849655442304e-4	0.0013258394936155767	6.544245221007898e-4
Weissella	GH43_26	0.004474045979732156	0.0039025018746502355	0.005414464574026416	0.01629512989744706
Weissella	GH65	0.007646933737181589	0.008843793612435723	0.03260506395065682	0.019826471071962507
Weissella	GH70	0.07769735291999315	0.13469869294385178	0.004087825122321091	0.01325640950698532
Weissella	GH73	0.0036519580842446914	0.014143181704649323	0.0012474868168401273	0.006959292487031755
Weissella	GH8	1.849364057332342e-6	0.01019300266098328	5.005098459227862e-4	1.2408463803197219e-5
Weissella	GT1	0.024759185705196623	0.028947761180114766	0.1409809454156675	0.10692476870844343
Weissella	GT111	3.9528768666527247e-4	0.019327638356578716	4.210516280847622e-7	1.9340608971661913e-5
Weissella	GT2	0.0038559571042762466	0.023199870847614636	1.3415566421222176e-5	0.005864201857729115
Weissella	GT28	0.02302426152063719	0.00840734988697322	0.22244446937767318	0.2470899765842755
Weissella	GT35	0.0035914459408077793	0.004841608929118071	0.005815856989828014	0.0033229302823593793
Weissella	GT4	0.0022999866000945027	0.018588782518704973	0.004914014705277698	3.314986291290149e-4
Weissella	GT5	0.020694446974527426	0.021847297774103012	0.029238227416432793	0.03869080580472056
Weissella	GT51	1.2533554933022667e-4	0.010136819547266137	0.039457964868247646	0.017793267600295648
Staphylococcus	AA1	0.03355161245221787	1.1269740825019359e-4	0.007538243678694414	0.011696088474505236
Staphylococcus	AA3_2	0.038086239862321826	9.217597382658573e-4	0.001004609636992363	3.074060660638473e-4
Staphylococcus	AA4	0.07034528786253633	0.09241335830349422	0.03612448691391253	0.04437870450908556
Staphylococcus	AA8	0.051263654247627854	0.006625756869292375	0.0010668770946852715	1.5824021574860723e-5
Staphylococcus	CBM48	0.01754390487795692	0.0024926437337209673	0.02050197027523239	0.009656005819134074
Staphylococcus	CBM50	0.07324014540005763	0.07574926756990073	0.012890475613732716	0.02399198518318839
Staphylococcus	CE1	0.0010454429839280438	4.494324771716781e-4	0.010920377341216843	0.00506817712294927
Staphylococcus	CE14	0.007756433888296156	0.038597773388558736	0.05426935498542257	0.04950368619989213
Staphylococcus	CE4	0.05808938124419257	0.1490208147635638	0.01862736717060429	0.02167979352125049
Staphylococcus	CE9	0.004213212212001993	0.0011456911778124485	0.006450940099942777	0.0012117541183860887
Staphylococcus	GH1	0.05865843951300788	0.025218200469629866	0.018587499943153698	0.010729715924354797
Staphylococcus	GH13	0.002210442952871378	7.360418887316771e-4	0.010597702921107717	0.004071707120425263
Staphylococcus	GH13_14	0.013367296328062077	0.00591485950488435	0.019582019084762658	0.014300502274215043
Staphylococcus	GH13_31	0.048133728678061705	0.03088607986817841	0.009347834865081023	0.0037623248078919994
Staphylococcus	GH13_9	0.029666718985054536	0.06671617516339594	1.3139524419547685e-4	5.938133987868402e-5
Staphylococcus	GH18	0.0034962732645204986	0.03227703795901335	0.0053951341003204475	0.00770284805554877
Staphylococcus	GH20	0.006943878718679521	0.006401201728296858	9.452349364334532e-4	0.003036769070608859
Staphylococcus	GH23	0.041321390400341225	1.5696945684914325e-4	0.023548458226922024	0.010862109568195406
Staphylococcus	GH25	0.07094813472739205	0.04029858918913718	0.022569131570875908	0.02038062482472159
Staphylococcus	GH3	0.004329578575754851	3.412841547118327e-4	0.0037841892418254944	0.0011071514141992266
Staphylococcus	GH32	0.020040773435415757	1.433182809293619e-4	0.05054437138656173	0.038600938777271616
Staphylococcus	GH4	2.06531999270694e-5	1.643295852394043e-4	0.0011574419120706403	1.756920458956643e-5
Staphylococcus	GH73	0.015022401231207001	2.778523654719001e-4	0.004114188939017788	8.472028535674692e-4
Staphylococcus	GH77	0.01439078935059706	0.011781976141714211	0.011849154270137245	0.0069888551299970335
Staphylococcus	GT2	0.10007270822768635	0.047989120806091315	0.017782141414748653	0.010422000004073305
Staphylococcus	GT26	0.024866242947653296	0.003464428081888472	4.753039534682896e-4	2.716485250171918e-6
Staphylococcus	GT28	0.09101345376147614	0.1251921888229853	0.02248509558276828	0.028193675527972195
Staphylococcus	GT35	0.002083053925766261	0.001245697594351872	0.00893571982292005	0.0058411933005188274
Staphylococcus	GT4	0.12008027879370488	0.08200852451546899	9.678529214615587e-4	0.0021898217981894614
Staphylococcus	GT5	0.034704097870314664	0.07366333274896715	9.516682047448068e-5	7.106531687169108e-6
Staphylococcus	GT51	0.06324073591122797	0.01989070969067348	8.084553293611886e-5	6.000895884365445e-4
Staphylococcus	GT8	0.11850232761570213	0.056249415888113184	3.054658676339329e-4	0.0011255066296920297
Veillonella	CBM48	0.008719326041991009	0.028738534728368553	0.02736846198348979	0.043191825046028184
Veillonella	CBM50	9.099038058507575e-4	0.06825834484197413	6.263392632999837e-4	0.03342149104772005
Veillonella	CE11	0.013420673246025782	0.06451028693414969	0.03628596558534428	0.05789140352045903
Veillonella	CE4	0.0667551469884344	0.17998093683320676	0.009026864272257101	0.08801815383777371
Veillonella	GH18	0.03239386637131612	0.09695785919515146	0.006460583568642047	0.03579047537316548
Veillonella	GH23	0.05272183146150141	0.10694708542993532	0.04569899013814489	0.07449211218290998
Veillonella	GH25	0.03444745329175839	0.07274969083551555	7.253004630222544e-4	0.004534670408558881
Veillonella	GH3	0.005732370390189719	0.024845635498706917	0.02910588022108817	0.03292512732656084
Veillonella	GT111	0.008933817291109552	0.05277045455742508	0.009617745835371696	0.05488729053291988
Veillonella	GT19	0.01642830828545401	0.0665720541679137	0.011808128751392958	0.02348732910092874
Veillonella	GT2	0.03087471080091522	0.10969439222324857	0.013751794238181065	0.062151565769677536
Veillonella	GT26	0.01882531191464269	0.059381038878428764	0.009682766682251232	0.014769938047539833
Veillonella	GT28	0.06896391676743874	0.13315560762917264	0.032888694042880695	0.09371829494481743
Veillonella	GT30	0.030819328333948345	0.10026508774502349	0.016270164665060646	0.03164091400327459
Veillonella	GT4	3.350378436132003e-4	0.05148754511158891	0.0025083078177843728	0.03932004200653635
Veillonella	GT51	0.005712105202905672	0.028019326358686848	0.008049719200363311	0.012131921964132146
Veillonella	GT83	0.006502564686253736	0.06756419167478586	0.026139290166386473	0.048464629586167714
Veillonella	GT9	0.052671929023057826	0.15767703805677014	0.028524535941883866	0.0558529105791136
Dialister	CBM50	0.017852203979361644	0.024705450517500557	0.004871248549208109	0.042326320586453935
Dialister	CE1	0.017353619963577767	0.028368230135386863	0.005118983631731201	2.6618852363698495e-4
Dialister	CE11	0.04184939614043581	0.05163111093066201	0.004546833286630861	4.7239903705734735e-4
Dialister	CE4	1.6119421404781542e-4	0.01742431030654659	4.980712066970517e-4	0.062218014094649214
Dialister	CE9	0.006422804388845467	0.011089444206185137	0.006218385605183313	0.044242839383994384
Dialister	GH18	0.025338969973606202	0.06177305106194238	0.007591987737654049	0.09739770714342179
Dialister	GH23	0.04592668694433718	0.074525458848835	5.189467285846582e-4	0.0043227642563940065
Dialister	GH25	0.06768309925762563	0.07929729074640786	0.018849619466438563	0.024149361194986254
Dialister	GT111	0.04297560487460946	0.03831580149938241	0.0025576733446375003	0.03666128532817024
Dialister	GT19	0.08820625022754537	0.10679986739914141	4.447257538468709e-4	0.004723942936149923
Dialister	GT2	0.03562057679211702	0.04414662174632827	0.002650257384965151	0.011032820138446876
Dialister	GT26	0.039544250395680935	0.04954301449531923	3.165381224274824e-5	0.002486080870111854
Dialister	GT28	0.03616211828610058	0.04013526325470828	0.011062149392954907	0.003452918622778017
Dialister	GT30	0.05730154395757566	0.06652456589412069	7.702834560590088e-4	0.0014461951315052218
Dialister	GT4	0.002161219491175618	0.004410435570818864	0.012998719367339347	0.0361015478822398
Dialister	GT51	0.0850620547007925	0.12454418366277928	0.006881484579216851	0.019344490271653098
Dialister	GT8	0.025814805065245347	0.025537088546299967	4.6805125573053693e-4	0.030342517347385838
Dialister	GT83	0.09351635311484151	0.0950905043139157	0.015504206325304632	0.03394490684107309
Dialister	GT9	0.07651467396360159	0.08961107859270401	2.4581892687875243e-4	0.007855473232706543
Megasphaera	AA4	0.019127206794631754	0.02087821920188273	0.022451997346662197	0.00385071560067779
Megasphaera	AA7	0.01800679095570666	0.014102510414678658	3.4409250085044885e-5	2.1978913051831427e-4
Megasphaera	CBM34	0.034128142467401486	0.014671852475881179	0.015128597558434468	0.018703175595254713
Megasphaera	CBM48	0.006974851291269525	0.005603818065645658	7.31736782189761e-4	8.943810268637769e-4
Megasphaera	CBM50	0.0015130827891706845	0.0013342510284925792	0.02615827096818683	0.025249631748456448
Megasphaera	CE1	0.024701226388107584	0.013366138985062014	0.008854022851327555	0.011988049419773935
Megasphaera	CE11	0.009842587047228313	0.009032957999252146	0.01867100862620929	0.01785409286514113
Megasphaera	CE4	2.1581907375143e-6	7.753332773841012e-4	0.0736320140449089	0.07765692713738288
Megasphaera	CE9	0.008988768484926555	0.004799614701753669	5.673480424441842e-4	2.7885936425176294e-5
Megasphaera	GH13	0.02755836741974365	0.019888039484403874	1.5462546472821203e-4	6.080164297072954e-6
Megasphaera	GH13_39	0.009856538042748265	0.005923028583141198	0.032445105157576405	0.025486920882703663
Megasphaera	GH13_9	0.010532597522376843	0.007434243441638063	0.023048138728563546	0.0217019105392876
Megasphaera	GH18	0.004570207416230978	0.01106666794620182	0.024401643742694924	0.014990279795926714
Megasphaera	GH23	0.012767769517075462	0.020157596898026812	0.015859069684264312	0.009501702192564247
Megasphaera	GH25	0.007197986508188188	0.007859238852165558	0.003315652694942427	1.5701018421825715e-4
Megasphaera	GH3	0.03510741341066868	0.021146296251817114	6.637373196960875e-4	2.816875812043002e-4
Megasphaera	GH73	0.006265014035666549	0.009844052643706611	0.004113069780463172	0.0019408187288210573
Megasphaera	GH77	0.04516544077898821	0.02723756723264944	0.001752135896229734	0.0015049841648935392
Megasphaera	GT19	0.022749307477006552	0.020373796134770774	0.014236120312172968	0.014121014436635645
Megasphaera	GT2	0.0049362853722111225	0.006820029479456036	3.498620064555588e-5	2.3789513125439118e-4
Megasphaera	GT26	0.01785258382238749	0.01979092204093927	0.0018910551810721876	0.0016941929768282643
Megasphaera	GT28	0.05232384553677219	0.04607043590490107	0.027414572717404866	0.029134359114709255
Megasphaera	GT30	0.00654764080852991	0.008534738439580691	0.013292096068813637	0.012538401655561133
Megasphaera	GT35	0.0011511425125907441	9.152887038692513e-5	0.0025575906832086093	0.0015087317727839424
Megasphaera	GT4	0.007438733523984399	0.012676604229482625	0.014759600383678292	0.01103671758928983
Megasphaera	GT5	0.008854290654670085	0.006631868434109057	0.02505502915794896	0.021383126890649154
Megasphaera	GT51	0.02908581217755633	0.03190116739892802	0.006031835014006293	8.490828809793391e-4
Megasphaera	GT8	9.918096707650272e-6	0.005216130767028467	0.001021424051065628	1.878232774746609e-4
Megasphaera	GT83	0.025679151850512616	0.024626088024605756	0.06261517571625985	0.045792898296350804
Megasphaera	GT9	0.006231987133019703	0.011789523210400983	0.027625706225360723	0.02414287936611648
Phascolarctobacterium	AA4	0.06789641498175716	0.08401936535204445	0.03756936766551299	0.061969995598780775
Phascolarctobacterium	CBM50	0.0057569190385172225	0.06999092844656317	3.666139875276679e-4	0.004884610335206232
Phascolarctobacterium	CE1	0.0010521264832927919	1.108350933241703e-5	3.2078087525874783e-6	9.946697065843506e-4
Phascolarctobacterium	CE11	0.01165810592741275	0.020821074874071	2.4446602967001166e-4	0.0036389157839432735
Phascolarctobacterium	CE4	0.0045038539385763125	0.09313923826928486	0.0037179138486422253	0.01117021925707955
Phascolarctobacterium	CE9	0.07697482925258985	0.05624799177157062	0.024189074916033174	0.014152309836488887
Phascolarctobacterium	GH23	2.826832910077141e-5	0.004798089418027934	1.2645239952540136e-4	0.00670273409933639
Phascolarctobacterium	GH33	0.036191504594719426	0.04123883110440553	1.4539496250255874e-4	6.694444042098706e-4
Phascolarctobacterium	GH73	0.003962333963182347	0.007361291345319523	0.004582706903347805	0.011127809061994457
Phascolarctobacterium	GT19	0.014151806168093197	0.029460967390842297	0.0016628470171780724	0.004464631084091177
Phascolarctobacterium	GT2	0.006811359340779299	0.03345325741513343	0.0012802626467819573	0.007570278254604144
Phascolarctobacterium	GT26	4.6338979209046524e-4	0.002785227639262244	2.382851781313413e-4	0.00171689250559426
Phascolarctobacterium	GT28	0.017587612799164515	0.08210884705780072	1.7131826929912773e-4	0.003824377740697476
Phascolarctobacterium	GT30	0.00824415213124237	0.014291708778239874	6.080284134096258e-4	0.003063530621736546
Phascolarctobacterium	GT4	2.1597138270707035e-4	0.05347526298030218	0.009832443135161956	0.021406807456124655
Phascolarctobacterium	GT51	0.0028438930297090934	0.01881735166544542	0.009456811053474637	0.026604133944285763
Phascolarctobacterium	GT8	0.005433984765884622	0.024726056232084508	1.142897705539833e-4	0.004008017767313551
Phascolarctobacterium	GT83	0.003593634666387597	0.014442250986930846	0.001590719653733026	0.004841314263117961
Phascolarctobacterium	GT9	0.0033103953120913023	0.009806443184795184	5.275765103866069e-5	0.0032886151676476457
Acidaminococcus	AA4	3.625351670430591e-4	0.019766362780159686	0.006886934618032938	0.010849986082277866
Acidaminococcus	AA7	7.186565296569865e-6	0.01689095843662151	0.0012154724893855234	1.9980437042971106e-4
Acidaminococcus	CBM50	0.010107534661863479	0.023977363959445837	0.00634872108587525	8.95504232219475e-4
Acidaminococcus	CE1	0.007245848730572994	5.58744353628818e-4	0.014073598083585848	0.01520254905512199
Acidaminococcus	CE11	3.432316963336973e-5	7.209167561390481e-4	0.024728680798316225	0.024283938693256308
Acidaminococcus	CE4	0.0026809352534100392	0.04265948245350203	0.047488821556702775	0.027497727196050755
Acidaminococcus	CE9	5.35538799493869e-4	6.694838123742345e-4	0.0011375435807815587	0.004420199692304796
Acidaminococcus	GH18	3.090231306987168e-4	0.008578438258242076	1.456804638606181e-4	0.0029825726735929646
Acidaminococcus	GH23	0.0025021887649737495	1.9832052493666945e-4	0.015890849959105946	0.018257492297768445
Acidaminococcus	GH73	0.0011326687469816737	3.4711134692265e-5	0.010229281903222816	0.014223149239606927
Acidaminococcus	GT19	3.6578850325190314e-5	8.850486064767084e-4	0.01775838090391892	0.015764118035814182
Acidaminococcus	GT2	0.007190660415073108	0.009166363918237727	0.009150708755642565	0.01628884237677745
Acidaminococcus	GT25	0.0022952615661934813	0.002457258728888558	0.01654857560506944	0.022539814554285595
Acidaminococcus	GT26	1.0283065257199094e-4	9.548389826452008e-4	0.005807175054840795	0.008464865571019591
Acidaminococcus	GT28	1.719315296034823e-4	0.04111311282291638	0.03923730034992255	0.027250703135157053
Acidaminococcus	GT30	0.0018070771757827948	4.4501249616386347e-4	0.018358917008216378	0.018616430269779393
Acidaminococcus	GT51	0.006547254449949179	0.010183281695163828	2.3634697020005988e-6	2.5642028317791145e-5
Acidaminococcus	GT8	0.02219362951313267	0.014305728734024001	0.005374440483706622	0.006053852257987971
Acidaminococcus	GT83	8.225684054943925e-6	0.0023386242435724882	0.03202077229288296	0.022888445619926517
Acidaminococcus	GT9	0.006205716149429235	0.0023088459203423717	0.024889108117954716	0.020537907141146908
Selenomonas	CBM23	0.00647015810439101	0.00014273731481616854	0.012943573790659989	8.106914792992303e-4
Selenomonas	CBM27	0.028740135289954585	6.832320464771505e-5	0.0047135651073244526	2.2616814646703812e-5
Selenomonas	CBM34	3.791552977231435e-5	0.0037499604052740674	0.04508772980430773	0.0013740864839197862
Selenomonas	CBM48	0.0017337726091992706	7.031281729726039e-5	0.005532058229465082	0.012812864377392479
Selenomonas	CBM61	0.016527248336651004	2.1302620785169438e-4	0.004098640740722729	0.0011336788247892204
Selenomonas	CE11	0.015738400276147767	0.0028114201305002398	0.004069890900571545	0.00114090815755224
Selenomonas	CE2	0.017969428221590637	0.0021409708075898802	0.03218280049077706	2.944264812569837e-4
Selenomonas	CE4	0.011262218612570813	2.3635821641871475e-4	0.14523635229784557	1.1088120843294682e-5
Selenomonas	CE8	0.021290442097740725	0.0020968235381102957	0.01243870285886556	0.008778385558420988
Selenomonas	CE9	0.0771262770351254	0.0031759534250738477	0.0031697082442398686	0.008317120790825002
Selenomonas	GH1	0.031303203972223706	0.020283271738353006	0.013637308711773488	0.001495016780688006
Selenomonas	GH105	0.013190878758017145	1.0304761599280865e-4	0.0034674233428761705	0.007955677142879997
Selenomonas	GH13	0.00239454179173682	1.9212699807602816e-6	0.021743047702259356	0.009924862886257843
Selenomonas	GH13_39	0.004979576748789715	3.0816830608210796e-5	0.1310149356007578	8.898245693501316e-4
Selenomonas	GH13_9	0.05344712712816531	0.006579933707497766	0.06295659910208896	7.407073335625418e-4
Selenomonas	GH16	0.022433534047154143	0.0035968937335090732	0.0024246215126721062	1.314325680190458e-7
Selenomonas	GH16_21	0.08112258784355231	3.154110016373599e-4	0.026873281592218128	2.597014215202393e-6
Selenomonas	GH2	9.909138126961115e-4	8.282294579339528e-4	0.0033950803258855147	0.012274002709145748
Selenomonas	GH23	0.007764056022645906	0.0025223863651803627	7.339314880947994e-4	0.007615415483604909
Selenomonas	GH25	0.006601608141984649	6.620952561348014e-5	8.909594883162399e-4	2.5272842711326275e-4
Selenomonas	GH26	0.0500558646897977	1.274142937370726e-4	4.164210562795501e-4	8.944332230443514e-4
Selenomonas	GH28	0.03349420691383286	2.02129393981224e-4	0.01740610866753201	0.008033453152971893
Selenomonas	GH3	0.008170073914748222	7.143712842296818e-4	0.0013588401400444557	0.023809551246302872
Selenomonas	GH32	0.004001585023933272	1.254290314031003e-4	0.010267195266917495	0.015834046783247756
Selenomonas	GH36	0.02287513447740143	5.270806667206993e-4	0.010368091955039422	0.008808313833069127
Selenomonas	GH53	0.05318102286905002	2.134382043471709e-6	0.01088246240515567	0.00966949051244709
Selenomonas	GH73	0.0022095966604309117	0.00109663777866152	3.2555333688420736e-5	0.0031520275489118794
Selenomonas	GH77	0.019516973837656503	0.009813593798766992	0.016233524414719182	0.00841039139076914
Selenomonas	GH84	0.029569807920154238	0.0033728906721755963	1.5672759742774766e-4	7.7287476975431e-4
Selenomonas	GH9	0.011565102179152839	0.0018477890558494165	0.005891697136297282	5.11866446993339e-4
Selenomonas	GT111	0.0014447500948042203	0.0018909301662246413	0.012729389082216512	0.004454196415895142
Selenomonas	GT19	0.04987549137997552	0.002643524706853978	6.92285527355198e-4	1.368935515642814e-4
Selenomonas	GT2	0.005975662283350453	0.001455317246422378	0.0013889979954051393	0.009238531466272536
Selenomonas	GT26	0.018359551146507544	0.0010950234752279942	0.003192505228379016	0.002242002415426629
Selenomonas	GT28	6.099864617786455e-4	2.8846982984110774e-4	0.1649097790841975	0.002897538973882828
Selenomonas	GT30	0.0267893111680842	7.842996037255389e-4	7.53933970378053e-4	4.7294352222202694e-4
Selenomonas	GT32	0.04328274148662	8.700298209310343e-5	0.0022358005471938584	0.0014964930386939118
Selenomonas	GT35	0.07307295684710935	0.0042866381770825706	0.00497120434735259	0.007166237575029216
Selenomonas	GT4	0.005926076080832383	6.909800973313679e-4	0.012924144665382619	0.0073198161113403794
Selenomonas	GT41	0.47039517447378215	0.010097886543265393	0.005634936672208973	0.0012928995860310532
Selenomonas	GT5	0.041819288906415716	0.005276690869837239	0.035599873242982576	0.0010000673138560311
Selenomonas	GT51	0.008799660357594281	0.002861942583749131	0.017035663507400173	5.17890895757742e-4
Selenomonas	GT8	0.011252662081490592	5.525560129667985e-4	0.007543987614251609	8.516637529259662e-4
Selenomonas	GT83	0.018582631448187455	0.0034503473828502744	0.014984794388584143	1.417111635423601e-5
Selenomonas	GT9	0.03200405767648482	1.1461632001130626e-4	0.0024434428814983423	3.864113561519075e-5
Mitsuokella	CBM34	0.006758797291241111	0.0048997838927952	0.014486915532515507	0.020966749034949807
Mitsuokella	CBM48	0.014961341471652683	0.01880531619190923	0.0028538964950774568	7.184849393050796e-4
Mitsuokella	CE1	0.06203687947171626	0.05976356680160684	9.441080821328735e-4	0.010115507383160681
Mitsuokella	CE11	0.023077736313410816	0.0278666821836887	0.004206050055111107	0.019848845250539104
Mitsuokella	CE2	0.01212944197515461	0.009080084103473957	1.1137219993801716e-6	0.004320823884809172
Mitsuokella	CE4	0.006482741932643032	0.011574765062938381	0.048295281703281116	0.0738368243028837
Mitsuokella	CE9	3.1056500765150154e-5	0.015796197810791942	0.019037600442014937	0.004933855703313814
Mitsuokella	GH1	0.0022145201632261984	0.007268884484300068	0.005560863813110195	0.004846299660076322
Mitsuokella	GH13	0.02363734168200815	0.04550362039892579	3.1936273178868516e-4	8.327201538116202e-4
Mitsuokella	GH13_29	0.024675751552612833	0.03069036374774768	0.0024912683398911457	4.457873067810734e-4
Mitsuokella	GH13_31	1.6593767483817457e-5	0.0209842489256404	0.009801889880620975	0.008952545268541326
Mitsuokella	GH13_39	0.02050527326994574	0.03375248336273152	0.013436932600906507	0.03892584337904464
Mitsuokella	GH13_9	0.00876542175215654	0.03539628454695566	0.0224546142528558	0.035220845102023335
Mitsuokella	GH16	0.02182466168026699	0.023578554252866174	2.22712797345295e-7	0.0029445090007821357
Mitsuokella	GH16_21	0.0382089678842801	0.037871670529027	1.228588097739471e-4	0.010751191451650535
Mitsuokella	GH18	0.004714281090644213	0.01245388735647369	0.050181628757333764	0.03256973927134434
Mitsuokella	GH2	0.03171215514317945	0.030593068828340748	0.0047633482623778475	0.0028157336654491922
Mitsuokella	GH23	0.008631379853393987	0.025798324687815524	0.0035333093038131653	0.020088819101887034
Mitsuokella	GH25	0.027310768536394033	0.034152145997956546	0.013445836237101006	0.006832672468272533
Mitsuokella	GH3	0.04157351115871813	0.04393015901498083	0.003335014198681165	0.0017352081252007571
Mitsuokella	GH32	0.04351376490062036	0.06264448776828944	0.0037714046733172734	0.009956362185287745
Mitsuokella	GH36	0.05130210464700653	0.056671197447157214	0.017308972546496985	0.022306200141078134
Mitsuokella	GH43_11	0.014083324496914372	0.034153247266960146	0.004066818702340408	0.003277099236227292
Mitsuokella	GH73	0.010146341320788359	0.017689313523516294	0.004040358206974161	0.014494699704623016
Mitsuokella	GH77	0.02747351397763762	0.06346582786650289	0.0021187835250478355	0.005661919890324981
Mitsuokella	GH84	0.02718157005496918	0.02950734877867224	8.800137602640247e-5	0.005154429217696249
Mitsuokella	GH9	0.026615768405595035	0.01570118988952126	0.00593253909035062	0.007750855791874479
Mitsuokella	GH91	0.020293741756133462	0.04469921548575937	0.015867574022457854	0.01373887222747301
Mitsuokella	GT19	0.05916098479876279	0.07028583292616356	0.006254677062622616	0.016471423464312407
Mitsuokella	GT2	0.018343800156631947	0.02382661915761124	0.0026790750325659217	0.002519359947762718
Mitsuokella	GT26	0.041497255276580845	0.056671465955227165	7.87869704081088e-5	6.107737323650464e-4
Mitsuokella	GT28	0.05775393840689669	0.07759909806084245	0.013336754696770516	0.039192242352351775
Mitsuokella	GT30	0.021302576091144644	0.031053240407630554	0.005098298719986526	0.018433044341784305
Mitsuokella	GT35	0.001903824766901145	0.02659616571119757	0.008249311416534903	0.006831705716961779
Mitsuokella	GT4	0.004132866000783625	0.00820058175985665	0.031118835730391183	0.018598725485322376
Mitsuokella	GT5	0.007311854874537303	0.026378173434417222	0.032526841257728714	0.042516924535216424
Mitsuokella	GT51	0.04865177623075861	0.05710726298343188	0.009385212747820055	0.010741046008977177
Mitsuokella	GT8	5.051110867776099e-4	0.010812366220923264	9.0287262819983e-5	0.0011751730510124044
Mitsuokella	GT83	0.05349279410401739	0.05900323993154885	0.030304329089315837	0.04719029531790816
Mitsuokella	GT9	0.015122644694767992	0.029229567775315022	0.010832143825803133	0.027960894057958905
Megamonas	AA4	0.005513315800808334	0.0013069293519171019	0.0011046810113168168	2.282182875912339e-5
Megamonas	CBM34	0.011989832367655932	0.0029534329951270972	0.006360428737770607	0.0032323088590537267
Megamonas	CBM48	0.0034292870601264664	0.008122008944550098	1.8973263826703072e-4	0.0012185647951767256
Megamonas	CBM50	9.527645636620085e-4	1.3848487918525132e-4	0.03661961055298303	0.023240112572522034
Megamonas	CBM61	0.005104155270376818	8.535454336599401e-4	0.007614982093784948	0.008344967925904811
Megamonas	CE1	0.016283555095771205	0.020381792597893685	0.01256787358588598	0.015761502296107156
Megamonas	CE11	0.0017822671015196537	0.007720876326829739	0.02192025994131345	0.026678993355848918
Megamonas	CE4	0.021860170663410686	0.019544373757419894	0.06868524699695916	0.05265617841801915
Megamonas	CE9	0.003005065293369361	0.0010004384680696147	0.001456995126742626	0.003583384169012091
Megamonas	GH1	0.004800251632772091	2.4365299218180138e-5	0.003837256404554765	0.0015046885296354088
Megamonas	GH127	0.0303484144107505	0.037655442372201794	0.027585984416547228	0.02865145857756487
Megamonas	GH13	0.015796774110835878	0.019955061111185855	0.002122607939242496	2.917986172413157e-4
Megamonas	GH13_11	9.058842325966039e-6	0.002115728983181488	0.004663204569277754	0.007439983527310238
Megamonas	GH13_29	0.01621425137770174	0.01643952407433679	0.002963543944402755	0.007500623780179092
Megamonas	GH13_31	0.0013056811475676043	0.007892818152829943	0.001625118238160356	1.3857557649225977e-4
Megamonas	GH13_39	0.015246530620728326	0.015006167629412764	0.019383593773049487	0.010761787168552254
Megamonas	GH13_4	6.041153418452212e-4	0.001692574514295926	6.451013670245989e-5	5.779517019338315e-4
Megamonas	GH13_9	0.022000986448480045	0.019296248561232503	0.020617069833545127	0.013895218904573608
Megamonas	GH16	0.002856427386166528	0.006944754624619623	0.0037084899969566567	0.006857463850593942
Megamonas	GH16_21	0.006073184188415651	7.797751518725879e-4	0.011233102012414871	0.01246545713958077
Megamonas	GH18	0.023891631161364623	0.028743362526222206	0.006213484519245545	0.00400412889917411
Megamonas	GH2	0.014492626917084134	0.018021276531454612	0.005247583893158217	0.006165511607051574
Megamonas	GH23	1.7267595240703384e-4	0.007716519484390803	0.012212196274008191	0.018634122677778142
Megamonas	GH25	0.0022348411457978837	0.010767641768610921	0.0018624115061378547	0.0024104763082428626
Megamonas	GH3	0.00802614891879927	0.010749833563710783	0.0028182965787570844	0.0017463760680939359
Megamonas	GH31	0.012912582074239023	0.013110127514166986	0.001478714687557032	0.0017035294427130941
Megamonas	GH32	0.03331084143040368	0.05686793210544266	0.015847816041813855	0.016175326257691948
Megamonas	GH35	0.005224759933072102	0.011712413380997736	0.012721451747300503	0.01520860555363711
Megamonas	GH36	0.032233969220864724	0.046837215068728046	0.035307338823447394	0.034629537747106726
Megamonas	GH4	0.004269031088091772	0.0029172015549034005	0.003236163897781718	8.265254130899333e-4
Megamonas	GH43_11	0.001453662197334182	0.0088997115458056	5.814051026496177e-4	1.5776043625639397e-4
Megamonas	GH43_26	0.0052240201114129	0.00658333430650965	1.8475847917435109e-4	4.320470663977537e-4
Megamonas	GH53	0.0062847215610911345	0.012986022805252182	0.017626647727326195	0.015840918529883778
Megamonas	GH73	0.004665168037150158	0.013801598936418295	0.005353327088147719	0.00878005676914367
Megamonas	GH77	0.0026044004472793	0.004563413411232759	0.0038754833490750747	0.002230265959501488
Megamonas	GH9	0.004210170431776113	0.00511203032106282	0.0025542334927815087	0.0021091839394032667
Megamonas	GT19	0.009089398872435294	0.02179582110909869	0.022018698661297763	0.026413679147294953
Megamonas	GT2	0.003008331843114065	0.016718441397203236	0.009523575062608813	0.011747480173514067
Megamonas	GT26	6.780482206579745e-4	0.0060239484943560755	0.008183942447240052	0.010938913248309501
Megamonas	GT28	0.0044504551576892435	9.018390172610042e-4	0.044681192931227284	0.029561583110070608
Megamonas	GT30	0.0015757471255171134	0.00930922930945817	0.022270828694994957	0.027977480963890994
Megamonas	GT35	0.0010851777431176671	7.442847070550753e-4	2.976741355878387e-4	1.5127017814926242e-5
Megamonas	GT4	0.0011327515425689548	0.0014528539433413593	1.5253681392281868e-5	1.2462567147927952e-4
Megamonas	GT5	0.030694026358460663	0.027258787422745803	0.014014108233007123	0.010984506175453348
Megamonas	GT51	0.0027145215933738654	0.013598055564406304	0.003828828092011049	9.172185445112309e-4
Megamonas	GT8	1.489254803831192e-4	0.005510581660555266	0.01586480833311566	0.018754141405208983
Megamonas	GT83	9.851459195111447e-4	0.006777222770966176	0.07571113438687546	0.07789272188713177
Megamonas	GT9	1.941780232901922e-7	0.005405739100085618	0.038126509232934494	0.04576486221566939
Holdemanella	CBM13	9.012672870767131e-5	0.0012481297821291077	0.004003806222875924	0.03153667324825074
Holdemanella	CBM48	0.008357664632272924	0.022803849845756854	0.003973992442338255	0.005395900079693821
Holdemanella	CE1	0.015226490379242768	0.021509493048833313	0.01391941940844408	0.010715506230491475
Holdemanella	CE4	9.839422273898476e-4	0.007562918814054364	5.3678655330472624e-8	0.11357394286536338
Holdemanella	CE9	3.561833782477114e-5	0.004950994472730346	0.01682218669084869	0.011281407440773559
Holdemanella	GH1	0.0884224268060714	0.12001768418679334	0.007612972051391572	0.014947889878988523
Holdemanella	GH112	7.537850838096559e-4	0.009955445308013795	1.4373385054999174e-4	0.012618074410392952
Holdemanella	GH129	0.10390505250272535	0.11529409602067135	0.02528820662023944	0.046596740201319216
Holdemanella	GH13	0.015840874797066886	0.016931332953572083	0.00242906602771971	0.02083932326616125
Holdemanella	GH13_14	0.0171239913429764	0.015575251234327254	9.172955049637772e-4	0.003281800363163041
Holdemanella	GH13_9	0.0014813616707679525	0.011436677053777426	0.0034204330231298575	0.04443711101227396
Holdemanella	GH2	0.05201550201602106	0.047515574795568026	0.05698949505076331	0.049472369663721594
Holdemanella	GH23	0.0034510517726596443	0.05492726755262662	3.862967534647847e-5	0.006699991223378014
Holdemanella	GH25	0.020501669183822017	0.03338669407818692	0.056276438892360274	0.05891622802256944
Holdemanella	GH29	0.012657507808611348	0.020826623239756863	0.04121587927856283	0.037354680379071345
Holdemanella	GH4	0.022464877097228594	0.0441359264021896	0.010550946315806926	0.02090855293812817
Holdemanella	GH73	0.014756852259347307	0.03979684146093233	7.548530823135959e-4	0.005840347171404622
Holdemanella	GH77	0.009500341337406425	0.01310647949138152	0.0031723331422019827	0.017871121368249133
Holdemanella	GH88	0.021537799496558083	0.022183953918715804	0.08409302915665579	0.07468380196453156
Holdemanella	GT2	0.018358454636711333	0.04668410874770449	0.005573095242377868	0.003382996766029892
Holdemanella	GT28	3.2417409593366857e-6	0.010454922184905858	0.015951776543270787	0.14058888142442702
Holdemanella	GT35	0.00975482837449035	0.013853650298735865	0.002027978228304573	0.005683040370761064
Holdemanella	GT4	0.019366000118448794	0.04556174541049725	0.0358949923691497	0.03187870536541231
Holdemanella	GT5	9.158056539233284e-6	0.008784328553659885	4.503944110015548e-4	0.024367778065184725
Holdemanella	GT51	0.0014822815851194312	0.03558123775742233	0.024372496844573106	0.038438091654649426
Holdemanella	GT8	0.05879425308736303	0.11107820865443585	0.005644940401137723	0.008835770823203857
Holdemanella	PL12_1	0.17100477244299916	0.23213056968545223	0.05622746005751213	0.12468849047313854
Coprobacillus	CBM32	0.019593559484050397	0.011093074031834883	0.0010210833718346038	0.02644224125395824
Coprobacillus	CBM34	9.616736296184887e-4	0.04556712197947224	0.006371560492512418	0.02497313218694244
Coprobacillus	CBM48	0.014991407693595284	0.007898678978133232	0.03755608946519265	0.016287206941244383
Coprobacillus	CBM50	3.6779175835526765e-4	0.020526665832873534	0.011529884125513779	0.03512317861463027
Coprobacillus	CBM67	0.0021541686531486863	0.01489525510968632	0.003496924716524723	0.001187642029131451
Coprobacillus	CE1	0.04125799113412871	0.01497833342254646	0.02051421632844729	2.1643094548195451e-4
Coprobacillus	CE2	0.0028212517094901514	0.042419092369836306	0.011458262246752844	0.07285918789824475
Coprobacillus	CE4	0.004812303273043172	0.03232318101916305	0.001926623498669983	0.05438671635635813
Coprobacillus	CE9	0.0014052816863446573	0.005596394112448729	0.007131481336514922	0.009773004884692509
Coprobacillus	GH1	0.006246677057609031	0.0018255569542129227	0.0031123176778628772	0.003974868918113119
Coprobacillus	GH106	1.6438600140208893e-4	0.01680854736403414	6.669960991549096e-4	0.0012448188763309594
Coprobacillus	GH110	0.006632797455536436	0.005840640700868174	0.0055042378817010676	0.014003864984452497
Coprobacillus	GH112	2.4790173757255194e-4	0.0018723431381454216	0.012174476397590398	0.009436688357006732
Coprobacillus	GH125	0.008108986157450232	0.005449958240926498	0.004908369342895614	0.0034557716125512535
Coprobacillus	GH13	0.013341015797261623	8.703140402210876e-4	0.03701224616937787	0.040871052597513814
Coprobacillus	GH136	5.585660264878174e-5	0.003086745857007609	0.002501414799080691	0.005780868352957011
Coprobacillus	GH13_14	0.007975737972155736	0.011507082442789203	0.02201481856241407	0.0072240755705631245
Coprobacillus	GH13_20	0.006010907485904316	0.05005839846062514	0.00400166954622353	0.037266306454558557
Coprobacillus	GH13_31	2.3088137584832333e-4	0.00400023664826063	0.008325174547355482	0.010177068163896451
Coprobacillus	GH13_5	3.816838326832721e-4	0.005825795838299155	0.0030189887647634603	0.006958919615103746
Coprobacillus	GH13_9	0.006450419686504207	0.012942899007015566	0.007845753497489881	0.03799491332652326
Coprobacillus	GH140	0.020084001486492708	0.0056858202854071505	0.0032119732986356153	0.008127637302861186
Coprobacillus	GH16	0.012380766720147884	0.016753911209737467	0.002996765607926215	0.007667629573905731
Coprobacillus	GH16_6	1.7922512208784415e-5	8.336243244372926e-4	0.004920628495397235	0.02051977768047277
Coprobacillus	GH18	0.013305182301449886	0.0012393111288000068	1.2428089600992337e-4	0.009269467194919428
Coprobacillus	GH2	0.0320546517681625	0.01721398931036901	0.007266010132225992	0.006532960441967809
Coprobacillus	GH20	0.01743879713876882	0.021073976252073804	2.556801967138034e-4	0.023526649448769955
Coprobacillus	GH23	0.020823091971482938	0.0010502923426212827	0.027409618052424527	6.111518484696744e-5
Coprobacillus	GH25	0.02283437114662911	0.029737402949521638	0.015560831904721488	0.032849634452825315
Coprobacillus	GH28	0.03475964289126624	0.015234291813465995	0.008720215431894853	0.002367706383348822
Coprobacillus	GH3	0.015185147127811263	0.005598873162805011	0.02981538323039619	0.01164497682662006
Coprobacillus	GH30	0.0019608441806386987	0.023341159345533363	5.524222013975816e-4	4.025777258373576e-4
Coprobacillus	GH31	0.022195536823605453	0.00917460780577173	0.015133462792203577	0.002173656914735654
Coprobacillus	GH32	0.08011079113309451	0.00880463216318244	0.022706564967485864	0.0011673826390875951
Coprobacillus	GH33	2.2630093446212728e-4	0.013988266332835233	3.3309847737814566e-8	0.019817327673984374
Coprobacillus	GH35	0.02820454878034849	0.017964026298331204	0.0018754863925040128	0.012863595472448353
Coprobacillus	GH36	0.02527402446846443	0.01735671016926434	0.013313011633524784	0.005835110402218575
Coprobacillus	GH38	0.015976074807280295	0.0012740519993147455	3.44479453116579e-4	0.006428978586075261
Coprobacillus	GH4	0.002265243050691158	0.0034627135564402538	9.8414610288732e-4	0.006983407802568416
Coprobacillus	GH43_17	0.007462586640183388	0.015356021536772766	2.5311817512673952e-5	0.0012156646649763225
Coprobacillus	GH43_3	5.276869545564681e-4	0.013599181357701847	0.0014967555974796376	4.940190785707113e-4
Coprobacillus	GH43_33	0.01063096333784504	0.007780441519752027	2.775410227708514e-4	0.005548392189751001
Coprobacillus	GH5	0.02949940863554482	0.04346140681668503	0.018896771828134314	0.05151959868958525
Coprobacillus	GH51	0.04019409655585234	0.010336340464631723	0.01848252146488701	0.0020154468296626734
Coprobacillus	GH55	0.007679107946985187	0.00405240640716221	0.00238677889361983	0.0024735190880347717
Coprobacillus	GH5_4	0.02020837915429562	0.05007573866119597	0.007216044670264976	0.037795839428485974
Coprobacillus	GH65	0.002115616527972641	2.7618266520525333e-4	1.9277310674330295e-4	0.00658488420351321
Coprobacillus	GH73	0.01678038856479736	0.0015956640732334047	0.015774392611439855	3.6541753567630884e-5
Coprobacillus	GH76	3.766107322780852e-4	0.008504704511332069	0.0010470672902642914	0.006328936024697151
Coprobacillus	GH77	0.017563652025937432	0.010169510484962715	0.02605884193071824	0.04178510275461476
Coprobacillus	GH78	0.018746562412315922	0.006788957697250763	2.3708573451474574e-4	0.0017646977012243385
Coprobacillus	GH84	0.019941814954145	0.014895074438398997	0.0018376225442513056	0.016660572735933767
Coprobacillus	GH88	0.012304280230238471	0.005139933911964117	0.0012339441183499289	0.014247019132916235
Coprobacillus	GH94	0.008432044373677531	0.05363899646450706	0.01123612374187694	0.05982681276438609
Coprobacillus	GH95	0.030681011187367407	0.019774553117633292	0.004419114481352264	0.010097439441622585
Coprobacillus	GT1	0.00654167013253063	0.001078536007837535	3.946868852143748e-4	0.016798895962152647
Coprobacillus	GT2	0.030450558060167634	0.02076663230629224	0.013517125048294132	5.3922699765922545e-5
Coprobacillus	GT28	0.0017475034124722665	0.03283218711723617	0.0018111528028000848	0.07007229145303412
Coprobacillus	GT35	0.0029542255463490394	4.507973850323941e-4	0.014713515826713168	0.008114103657836783
Coprobacillus	GT4	0.01714081367344185	0.019552002385372323	0.0015738145481545413	0.00559193163776967
Coprobacillus	GT5	0.008005443267132893	0.016798113267385614	0.0019232935311725634	0.015347043783825022
Coprobacillus	GT51	0.015156204622794406	0.0104280137639693	0.002583498465388696	0.00911300266360887
Coprobacillus	PL8	0.0023860571058839917	0.008529723522538307	4.705892238015908e-4	0.011800336779663603
Erysipelatoclostridium	CBM32	0.0015670675806201705	3.5463455290300804e-4	0.06581604320614878	0.09384291081243858
Erysipelatoclostridium	CBM4	0.04134605032793536	0.02121425555668846	0.029409669497102057	0.04070940544787696
Erysipelatoclostridium	CBM48	0.006058263389436444	3.963954361487046e-4	0.007143505210266626	0.005107934747602354
Erysipelatoclostridium	CBM50	0.03765233128834146	0.01930448250101755	0.002871621437486492	0.0024194509317810235
Erysipelatoclostridium	CBM6	0.013799601188788896	0.0030113683188833615	3.329104742132802e-5	0.0057061602229751115
Erysipelatoclostridium	CBM67	0.0033390048848948115	0.01068295265695034	0.0069141864908988954	0.01916122310399382
Erysipelatoclostridium	CE1	9.042066742615611e-4	8.902720846367946e-9	0.01624196666004907	0.035511636654019164
Erysipelatoclostridium	CE4	0.0205842820161651	0.037552990270688334	0.008375120933999634	0.03664291727707735
Erysipelatoclostridium	CE9	0.002794906370684919	0.0066061892985082955	0.09267332709778825	0.08719438239661371
Erysipelatoclostridium	GH1	0.009900477507538722	2.3731144516749903e-5	0.007598381647094647	0.003951014454839024
Erysipelatoclostridium	GH106	0.0018599896406221719	0.0046861781876180175	0.008923460998196448	0.020934987431702783
Erysipelatoclostridium	GH112	8.32882371584534e-5	4.079561747198448e-4	0.007377407896906436	1.4808832079337623e-4
Erysipelatoclostridium	GH125	3.689585598046159e-4	8.706567464914976e-5	0.03618494939410836	0.03934249975001434
Erysipelatoclostridium	GH13	0.004223809055674496	2.937173567794504e-4	0.00025964522006152486	0.002318294730391941
Erysipelatoclostridium	GH13_14	0.013154357403161971	0.008745130612271276	6.21125108110236e-4	0.0010479901842531487
Erysipelatoclostridium	GH13_29	2.196162152271492e-5	7.853207851410471e-5	0.018434785501387496	0.03528520938215084
Erysipelatoclostridium	GH13_31	0.01374275635148707	0.0015028799612006507	0.004656071508487985	9.225430054103436e-5
Erysipelatoclostridium	GH13_9	0.008091459742850415	0.012047018456818388	0.006701892071436496	0.023644298509386506
Erysipelatoclostridium	GH140	0.005218454719737859	5.393073360305236e-6	0.07916524704100839	0.07075980409316034
Erysipelatoclostridium	GH16	0.01577231558933421	0.010457980573324744	0.006369678650294099	0.02764349115651061
Erysipelatoclostridium	GH16_6	2.460922502407069e-5	0.009977287542742255	0.03766008909583056	0.011378785531107221
Erysipelatoclostridium	GH2	0.001988169427408362	0.002971260363612595	0.07737261034095815	0.0934269338658562
Erysipelatoclostridium	GH20	2.915809643848034e-4	1.7412954797759502e-4	0.043490359366413205	0.07044960033048081
Erysipelatoclostridium	GH23	0.013436239315254455	0.0024165486354407392	0.025494239432325674	0.05882258762134108
Erysipelatoclostridium	GH25	0.06426617845346919	0.030311201743306735	0.0355805906047101	0.03556080368635242
Erysipelatoclostridium	GH3	1.568449000150314e-4	5.650961939429187e-5	0.02448012741983176	0.00868855999309093
Erysipelatoclostridium	GH30	0.004982444660024476	0.002823497408264209	0.003774411752780219	2.288086155974644e-4
Erysipelatoclostridium	GH32	0.008520578209915804	5.38242557421543e-6	0.03567538451387394	0.025125831200175506
Erysipelatoclostridium	GH35	0.006095258807839713	0.001304592562540215	0.03848703562716627	0.05827885443134773
Erysipelatoclostridium	GH36	0.02180436634506926	0.00801296278855036	0.0010502531556781584	0.0011570420240917406
Erysipelatoclostridium	GH38	1.5651068616917246e-4	6.074246091980757e-4	0.015571645626907245	6.285289394401843e-4
Erysipelatoclostridium	GH4	7.992515835920083e-4	0.0034084714970264254	1.23599209478214e-4	7.371695131197434e-4
Erysipelatoclostridium	GH5	0.045962532333183294	0.030873727482600685	0.05057688855338297	0.05768586760738884
Erysipelatoclostridium	GH55	0.005782883465419316	2.1603221090726166e-4	0.01787744776534641	0.0062803153699531504
Erysipelatoclostridium	GH5_54	0.0023710450013673715	2.8143805691370233e-4	0.023114316914503167	0.005850275442343099
Erysipelatoclostridium	GH63	0.0020000294612863424	4.274638635528356e-5	0.021246378099981988	0.04038251968115224
Erysipelatoclostridium	GH73	0.030881584357605737	0.004847771340115928	0.005525598193803225	0.019917271324645252
Erysipelatoclostridium	GH77	0.002715788858369144	0.0018824961795800982	0.002366128222137692	0.015216491042180234
Erysipelatoclostridium	GH78	0.0012246974822841445	0.002985874477311558	0.03392506468941144	0.03502691301390129
Erysipelatoclostridium	GH84	0.02400037658138354	0.006801245735326468	0.021853193063837675	0.05556428217047198
Erysipelatoclostridium	GT2	0.04209496506064002	0.009425157469626539	0.014765161004167134	0.010442283509341102
Erysipelatoclostridium	GT28	0.04534656552518952	0.03704269794988648	0.11183777211854144	0.1329481116440168
Erysipelatoclostridium	GT35	0.0019738890691580256	6.856522831479099e-4	0.004702130022476117	4.0927061796298294e-6
Erysipelatoclostridium	GT4	0.01943592638726867	0.004005982404860197	0.028946743684269773	0.020654610374767565
Erysipelatoclostridium	GT5	0.005078199108625093	0.00934354509489077	2.638857980394891e-5	0.00872287485134485
Erysipelatoclostridium	GT51	0.03788070701880911	0.004501905561088047	0.016846074678028355	0.0023564134521882824
Erysipelatoclostridium	PL8	0.0011796526533260556	0.002906188343129584	0.056746008377534955	0.06926922816604428
Turicibacter	AA1	0.025688246048882975	0.06425072508169151	0.009387467180919122	0.01785129503728114
Turicibacter	AA7	0.03242505507364379	0.04086801079200591	4.812577253901408e-6	0.002841001940997113
Turicibacter	CBM32	0.04825051625736318	0.04321531054675895	3.4110251481032884e-4	0.005615644793940674
Turicibacter	CBM34	0.007126524871981926	0.022376758565858957	0.008774155101936217	0.011678945939438613
Turicibacter	CBM41	0.002225250383831356	0.01164268684881968	0.021071374730241316	0.02354116554448219
Turicibacter	CBM48	0.016450742377854165	0.011400611272282396	0.010567022671473131	0.0213037776209969
Turicibacter	CBM50	0.04382479842907875	0.03862518377918808	0.0051069574400906086	0.0013875248589261242
Turicibacter	CBM51	0.02360062928469935	0.026594610840370618	0.010233022983854333	0.01721288050976771
Turicibacter	CBM61	0.007749878139601549	0.02083368844198667	0.009061177925632451	0.0067650058708216484
Turicibacter	CBM66	0.0032685757077006612	0.0016420291930590951	0.0015482664615193013	0.0061796166230894106
Turicibacter	CBM68	0.09916100337569063	0.13862805683330331	0.18596263744793012	0.2090797935678357
Turicibacter	CE1	0.047888892395905186	0.04422615585289763	0.003625495673099747	0.0013086589719637615
Turicibacter	CE4	0.06305830716634356	0.09053754911681128	0.00595293707329447	0.007112929662224412
Turicibacter	CE7	0.007121705094837669	0.007862715579108656	0.009222070928423814	0.007469760240198648
Turicibacter	CE8	0.03273510484234349	0.024877598022314148	0.0023833630389314543	0.001997487455825499
Turicibacter	CE9	1.5287521803677054e-5	0.005761034495822636	0.006567823064002172	0.018896583441555537
Turicibacter	GH1	0.022805723881040768	0.04484154567020613	0.015072350972464312	0.021107762653332952
Turicibacter	GH105	0.06143795584695625	0.056393406583975826	0.002827565484726975	0.0020228260880380917
Turicibacter	GH112	1.2265309286887336e-4	3.524106000783295e-5	0.014776870403834552	0.020999167746127024
Turicibacter	GH125	0.06284323057022903	0.06798466072983275	0.003757192326787622	6.436621790386242e-4
Turicibacter	GH13	0.018844146006846328	0.01434213897375896	0.013033185023967123	0.020873322935275527
Turicibacter	GH133	0.058677200721825126	0.06957194868999406	0.010351618997359615	0.006467368475803776
Turicibacter	GH13_14	0.023607590392004395	0.02509172923136889	0.005816609433114059	0.010264402471950516
Turicibacter	GH13_20	0.0019287620401812922	0.016495063914754714	0.005871307914547554	0.008400050693192785
Turicibacter	GH13_29	0.032499618838417565	0.035707875201111704	0.010103139185888099	0.019581451952417683
Turicibacter	GH13_31	0.008950199193827162	0.01853925948684901	0.011271494547657744	0.01898345667533061
Turicibacter	GH13_36	0.021869216469728316	0.0519967045147563	0.001681806746891221	0.005879904497433793
Turicibacter	GH13_4	0.005336653065440337	0.01107340983474072	0.0036064454477776555	0.0073390540283709066
Turicibacter	GH13_9	0.001365941179089956	0.004612163178301839	0.008395604628291597	0.012490498039064676
Turicibacter	GH146	0.0506591787245079	0.048775893104212355	0.006802261000338121	0.002626601529545675
Turicibacter	GH18	0.04802706403628173	0.05560761875301411	2.5761977352505846e-4	0.004490470207120721
Turicibacter	GH2	0.09291875198440358	0.08798977431116183	0.002388606858129563	0.0024365657754858447
Turicibacter	GH20	0.11562571130494405	0.12200911467368367	0.003958433400125395	0.0027391235018034968
Turicibacter	GH25	0.001090954627771352	0.008298075538086841	0.002228133143475038	0.005166232241429523
Turicibacter	GH28	0.07232583505838532	0.07304436789051225	0.0043613917220981305	0.002863687467919891
Turicibacter	GH29	0.09687958464124716	0.10715153759633532	0.003210831298755597	0.0021959151134706635
Turicibacter	GH3	0.048667735305994136	0.043698245833674286	4.785357885778757e-4	0.002856752762309974
Turicibacter	GH31	0.08656295940763373	0.08793230094513384	0.001659146157952835	0.007200610114930376
Turicibacter	GH32	0.015834910958392873	0.006825712367644186	0.005510616622906191	0.009905410586674344
Turicibacter	GH35	0.08361843987760856	0.07093439428021939	0.004332001200569498	0.0015224036174974324
Turicibacter	GH36	0.03907524670652505	0.047766058745638044	0.0010387897195543285	0.0035752064384288293
Turicibacter	GH38	0.007537146258710288	0.009212065635857221	0.0021478211799178604	0.005064967605473211
Turicibacter	GH4	0.007698684194422111	0.018898445865132892	0.007434973612194771	0.010973147848849936
Turicibacter	GH42	0.0030109741795994694	0.0031087306404783345	0.015704317948371817	0.024848840289208418
Turicibacter	GH43_22	5.000995530607994e-4	0.0026339827859150336	0.013499969092002951	0.024047032311264174
Turicibacter	GH53	0.04617557738922594	0.07053386183735783	0.0029005717888863545	0.003684772188908852
Turicibacter	GH73	0.01973985893744153	0.03702227918315312	0.00772936190034978	0.0033464796951693746
Turicibacter	GH85	0.006000641181296058	0.00944747315672274	0.0015317558647557944	0.0022454883092956628
Turicibacter	GT1	0.0020268075969873188	0.0030913865386887206	5.4296278209733974e-5	0.0016580037630480572
Turicibacter	GT14	0.015297657736157941	0.021892276916471602	0.0050434900233024054	0.0031204959826036612
Turicibacter	GT2	0.0168963410404183	0.024039352785572666	0.0015174998831611667	2.155036378778769e-5
Turicibacter	GT28	0.06302505003335779	0.08513105054688966	4.8215904996012514e-4	0.0037200955533512737
Turicibacter	GT32	0.005667975313230467	0.021810790554124413	9.592311143403857e-5	8.221070068580132e-4
Turicibacter	GT35	0.019821733948259465	0.020450951743408143	0.012430550973427915	0.017559154987142285
Turicibacter	GT4	0.061710326206912046	0.06318565590433124	0.0018268161846997045	0.0020464532875136836
Turicibacter	GT5	0.004586811096942823	0.006423061963727199	0.007878830312291042	0.009659789644125942
Turicibacter	GT51	0.009581806867942824	0.00388778035171798	2.005420803899165e-4	7.717603770465629e-4
Turicibacter	GT8	3.1100726324208847e-4	0.006877855499989479	1.1325167653934481e-4	9.832750041346717e-5
Turicibacter	PL1	0.030118669246958447	0.02991817400202448	0.00799136113744997	0.0043275375056454025
Turicibacter	PL9_1	0.002240620930351368	0.009588847142086366	2.764298224571308e-6	5.104580658125879e-4
Faecalitalea	CBM13	0.026832777989067233	0.03322486224286641	0.002447812749860484	6.277179264326784e-4
Faecalitalea	CBM48	0.01246511479279898	0.002634817721239039	6.524879014505765e-4	5.156870373285163e-4
Faecalitalea	CBM66	0.05424341508266674	0.04119270246112662	0.0021821523301493993	1.3365582171859808e-4
Faecalitalea	CE1	0.0011073658799766015	4.549462617897625e-5	3.2641238851331775e-4	4.4853944117453546e-4
Faecalitalea	CE4	0.06174363604406054	0.13393470761668627	0.022723862288422988	0.006031397462776613
Faecalitalea	CE9	0.005665968170373367	6.440760690182729e-4	1.1338872907519207e-5	0.004077794511522941
Faecalitalea	GH1	0.06793904370488903	0.024097204569189203	1.946122639595228e-4	0.001379391005346578
Faecalitalea	GH112	0.006687945730168303	0.011178720976050584	1.9933820595609484e-4	3.3338586893683433e-4
Faecalitalea	GH13	6.628225937767445e-4	4.268219440829612e-4	0.004111183710266748	1.0031411210154825e-6
Faecalitalea	GH13_14	0.007619932394728538	0.005975383058935601	1.0024210531880854e-4	6.555618884013548e-4
Faecalitalea	GH13_5	0.0751181873872506	0.016379693377556733	0.0021665880792862005	6.791162013606006e-6
Faecalitalea	GH13_9	0.031205481905355405	0.05971034301478378	0.008644162824141854	0.0016927256679619424
Faecalitalea	GH23	0.043223003689060464	8.218788474827946e-4	1.7950033519016387e-4	0.0029401451523228352
Faecalitalea	GH25	0.07250735241333492	0.04127224144448159	3.172419042795698e-4	4.8652116354641183e-4
Faecalitalea	GH32	0.017575719972780474	1.796295325582914e-4	0.0011691470722279412	0.0014406893877228827
Faecalitalea	GH38	0.011046436217496918	0.02822870601024686	0.004659617348863853	5.9084043208001974e-5
Faecalitalea	GH4	0.0013409741925899013	1.3444647488060967e-4	0.002149633518339097	3.2896940062033636e-4
Faecalitalea	GH73	0.01654343426805242	4.136506990717047e-5	0.0012322429040734209	3.5540792337758064e-4
Faecalitalea	GH77	0.01150815362189905	0.011241719067200876	0.0014454535744203498	6.816150377125662e-5
Faecalitalea	GT2	0.10198184584309046	0.04421160566285842	0.0026519180947587	2.8651625316568514e-4
Faecalitalea	GT28	0.09147807202115521	0.11326899088930062	0.03738319867020464	0.010983315265643206
Faecalitalea	GT35	9.753280209622777e-4	7.112319446991308e-4	3.28489526947898e-4	0.001888633931747827
Faecalitalea	GT4	0.12124805091040645	0.07107326423260245	0.005047768423893672	6.172753528601508e-4
Faecalitalea	GT5	0.03403617606611193	0.06443067799226822	0.0012346400537016939	4.297622426129609e-5
Faecalitalea	GT51	0.06300151026024768	0.019811659164276397	0.009897249849447407	6.51293084074651e-4
Massiliomicrobiota	CBM48	0.012155843422994523	0.0024926437337209673	0.0031741551799309544	1.9946382740774605e-5
Massiliomicrobiota	CBM50	0.07661514578001129	0.07574926756990073	0.10191540749451047	0.03445043540844819
Massiliomicrobiota	CE1	5.986858609600969e-4	4.494324771716781e-4	8.535838118211736e-5	0.003912161982220263
Massiliomicrobiota	CE4	0.0663164567426114	0.1490208147635638	0.10483421605447991	0.05954586703490025
Massiliomicrobiota	CE9	0.00642502069934211	0.0011456911778124485	0.00433595936336653	0.0226144620114296
Massiliomicrobiota	GH1	0.06827490305060958	0.025218200469629866	0.003248006518881601	4.920732161426553e-5
Massiliomicrobiota	GH108	0.04781800711291235	0.0149210928280376	0.009843692748555137	0.002405488111590862
Massiliomicrobiota	GH112	0.00689049510700809	0.011942245152874833	0.0013518362275048343	1.581818696438732e-5
Massiliomicrobiota	GH125	0.00157116424711675	6.851702778974996e-4	0.011617642763682838	0.02032216412865779
Massiliomicrobiota	GH13	4.809874576424991e-4	7.360418887316771e-4	0.026184712555319224	0.007621665174041342
Massiliomicrobiota	GH13_14	0.007453769953272501	0.00591485950488435	3.069055104986181e-4	0.0015171518620584923
Massiliomicrobiota	GH13_5	0.08056079094154409	0.02135774711751404	0.009993460646714017	0.0016166215483378009
Massiliomicrobiota	GH13_9	0.033490573944612155	0.06671617516339594	0.046192374711312406	0.024932457751556277
Massiliomicrobiota	GH16	0.030412822693037543	0.02620032975819391	6.062273329368276e-4	0.00266443307384874
Massiliomicrobiota	GH16_6	0.07710951779997945	0.045547397573086956	1.3409692984569947e-7	7.847476757553289e-4
Massiliomicrobiota	GH2	0.0010429527898840765	9.439303035354087e-6	0.01606923433131773	0.028807694499714438
Massiliomicrobiota	GH23	0.039039580734554186	1.5696945684914325e-4	2.6396899874201135e-4	0.01152467311812617
Massiliomicrobiota	GH25	0.07068690274396808	0.04029858918913718	0.016279802797063456	0.02005916441150592
Massiliomicrobiota	GH3	0.002146017673579969	3.412841547118327e-4	4.968080904319252e-4	4.004737921722928e-4
Massiliomicrobiota	GH32	0.017797247181319954	1.433182809293619e-4	0.009216428683968521	0.011324126624636598
Massiliomicrobiota	GH38	0.013060700184973325	0.03439157018948736	0.0026337145662129915	7.830311470324022e-4
Massiliomicrobiota	GH4	0.0013862771789171704	1.643295852394043e-4	0.01644345787657321	0.0025236371181053766
Massiliomicrobiota	GH73	0.01306930268630677	2.778523654719001e-4	0.0010385858862570724	0.001464414031160374
Massiliomicrobiota	GH77	0.011630198296786179	0.011781976141714211	0.02014666848321788	0.012364552384948362
Massiliomicrobiota	GT2	0.10411935919193088	0.047989120806091315	4.4551915606758357e-4	0.0049762583913023125
Massiliomicrobiota	GT28	0.09607645896969907	0.1251921888229853	0.20627487858378898	0.13070749518770008
Massiliomicrobiota	GT35	0.0013139241938031664	0.001245697594351872	5.5857278163866e-4	5.405360075734989e-5
Massiliomicrobiota	GT4	0.127988455096075	0.08200852451546899	4.7970505798523757e-4	0.007676168160430984
Massiliomicrobiota	GT5	0.03724144255128649	0.07366333274896715	0.011763184085418684	0.005927014066139278
Massiliomicrobiota	GT51	0.062381596618674574	0.01989070969067348	0.04587454801020823	0.016275926404128078
Prevotella	CBM20	0.5003738854131163	0.4848441459790672	0.1021596342894333	0.1647583235657763
Prevotella	CBM32	0.19039308196773888	0.20821445532160865	0.04936677322399624	0.09022337855649329
Prevotella	CBM48	0.01643343820635673	0.10772551994779729	0.02962974988534123	0.13209908214054275
Prevotella	CBM50	0.02818701351007369	0.14983844945814598	0.0022838759316053466	0.16586047673536594
Prevotella	CBM57	0.22050972815629027	0.3137787097903649	3.827044975052709e-4	0.09766228482785391
Prevotella	CBM6	0.4065508142754916	0.4877834147908816	0.08938844408435519	0.2118553578433311
Prevotella	CBM67	0.014269908228091087	0.1618740667423928	0.0019815219282168215	0.06835163588418149
Prevotella	CE1	0.2125445009569612	0.31022093498243514	5.400034467125339e-4	0.05240103808894144
Prevotella	CE11	0.25200204977901874	0.3049488904896064	0.01378465439787116	0.10102965627723158
Prevotella	CE12	0.3652865738743561	0.4357901941729313	2.006501588299563e-4	0.09264184806258073
Prevotella	CE2	0.16814148762976014	0.2729056484743101	0.06777010004505882	0.22365418237812051
Prevotella	CE4	0.04644836797564246	0.3492272398379658	0.048782680277012394	0.3984859555859796
Prevotella	CE6	0.4773526177748208	0.5633073699947118	0.12689608235545924	0.29319030028406634
Prevotella	CE7	0.38047385662045735	0.48639054501774737	0.029907091243014817	0.15686439804201055
Prevotella	CE8	0.3328446012083146	0.43764981411030873	0.0028798933299584205	0.09658417292208259
Prevotella	CE9	0.2858568509360454	0.5027641421493267	0.24351204008507193	0.35862820501279613
Prevotella	GH10	0.5028548787772849	0.5978642148586739	0.1460866026724026	0.2563445759999052
Prevotella	GH105	0.20257469623405758	0.2807759926197865	0.03584197297389978	0.11750120273596944
Prevotella	GH106	0.05255934017740071	0.18594230196144904	0.004490330836179188	0.07957465345835828
Prevotella	GH109	0.09287444952353388	0.173166137061282	0.13322562038746763	0.20301874947878945
Prevotella	GH115	0.4167927289829903	0.48068271151929975	0.0324696806004785	0.1973208472185073
Prevotella	GH125	0.1413897325246733	0.24364032030217359	0.08059286195261872	0.1365935902053432
Prevotella	GH127	0.12812042495779674	0.23605403081086804	0.004803421783799854	0.17768794375810507
Prevotella	GH13	0.04303221477155509	0.160092460513281	0.0018389686858525155	0.163327860186163
Prevotella	GH130	0.12545894850921474	0.19967251855808826	0.04863583878598801	0.11347501787598982
Prevotella	GH133	0.43734178104029686	0.4400696348062337	0.071202029356964	0.12299497488449913
Prevotella	GH138	0.16373511620779146	0.2106810987161479	0.0038834010193022845	0.11117454548392713
Prevotella	GH13_14	0.16453826774098038	0.17944647803500205	0.0105136331724918	0.08902736540024216
Prevotella	GH13_28	0.2546942560555236	0.27874021051044784	0.024159095380761903	0.14194750555968277
Prevotella	GH13_38	0.47506037620829406	0.4789949117757141	0.10378790271268244	0.15274227893549172
Prevotella	GH13_42	0.528714553773017	0.5845917409396996	0.1464790168842482	0.23233025332156063
Prevotella	GH13_6	0.8224634437588138	0.6699898425719549	0.8434595615237839	0.7088031036294757
Prevotella	GH13_8	0.35927486034255895	0.3608421583738921	0.05510629578024605	0.09631566566778182
Prevotella	GH140	0.012872525165323539	0.10203600115467525	0.11732505928230459	0.2350785603020596
Prevotella	GH141	0.06749745434016866	0.2048347266984869	0.008446580265395286	0.12343161636630773
Prevotella	GH142	0.12384325546114243	0.2219784944561634	0.0019087080120929795	0.08833181367785098
Prevotella	GH143	0.18649310202849223	0.23846436932082657	4.744047535138983e-4	0.08127449887941189
Prevotella	GH146	0.2519094133147438	0.3297227988378259	0.012081011343281402	0.08531267959847108
Prevotella	GH154	0.20235037141301135	0.2829051182884665	0.05886750173404319	0.11855544027926562
Prevotella	GH16	0.3043164365092548	0.319181483474207	0.005121476500212029	0.04230717871648459
Prevotella	GH163	0.032129733613554874	0.3194824074736494	0.0022451769896344276	0.1315151138890601
Prevotella	GH16_3	0.33906051983746	0.3584913189353958	0.008071817164031336	0.0553307298247304
Prevotella	GH2	0.09906317446762046	0.16560225129381315	0.08029275625376017	0.15324622605348373
Prevotella	GH20	0.1986603004268616	0.2547102760510227	0.08396708614166719	0.15639128878635974
Prevotella	GH23	0.08668924485676094	0.2053655203879567	0.018250373894521405	0.0951452929990367
Prevotella	GH24	0.03888621594512396	0.1316975387028281	0.026065889425980007	0.07263973822115241
Prevotella	GH25	0.3365239334234042	0.4161503527433667	0.23008377724249315	0.320658864939294
Prevotella	GH26	0.44612215809127737	0.5313253679375478	0.08539756973863517	0.20916981834971538
Prevotella	GH27	0.1053120389682207	0.17343322494421365	0.1258672175512839	0.25268097733238404
Prevotella	GH28	0.3485645469444388	0.3927562058710885	3.221684371108793e-4	0.1074378852067366
Prevotella	GH29	0.1375600845952584	0.1870010567963633	0.09971984174637116	0.18610057765788554
Prevotella	GH3	0.0387207325232543	0.1723933249863566	0.055092219748604176	0.089157077725112735
Prevotella	GH30_3	0.14022939402391327	0.2773933568034115	0.009563607664218874	0.09009896661596599
Prevotella	GH30_4	0.1735735831821999	0.23986480920025935	7.845145607177791e-4	0.05446059725868913
Prevotella	GH31	0.08963184715202718	0.16794744971672565	0.123808605669036	0.2058498550314349
Prevotella	GH32	0.15903330341815763	0.37520689928861	3.740638651024377e-5	0.12553955937509192
Prevotella	GH33	0.04690737216026803	0.18286198974180692	0.030812426975171833	0.09212317321707986
Prevotella	GH35	0.22010006222309084	0.231648962659777	0.02074585153574235	0.08009542911184422
Prevotella	GH36	0.28605893784819486	0.36279831451217937	0.09151726039166037	0.23810500722982353
Prevotella	GH43_1	0.47636774993047076	0.5483029904050583	0.07506759084874741	0.1447985172000682
Prevotella	GH43_10	0.3706709854081749	0.4636990653744107	0.007104404796845663	0.09881983750040234
Prevotella	GH43_12	0.39691356157957075	0.45225556693661484	0.0033447386472650596	0.08579945466804745
Prevotella	GH43_18	0.16966847447425437	0.23414490836632917	0.013174174338082956	0.0902439323566679
Prevotella	GH43_2	0.390482038696741	0.4685800719496774	0.05630598567364638	0.13460662709724613
Prevotella	GH43_24	0.10812529652388611	0.1678201760348897	0.07575766377948703	0.14173258400377056
Prevotella	GH43_29	0.4616592290232884	0.5241500014181796	0.10478558780428801	0.17925960796791152
Prevotella	GH43_34	0.26212163103032465	0.2854856264436409	0.00804324824440501	0.10234169318701267
Prevotella	GH43_4	0.35161389844309243	0.43428339082590944	0.03910742448652918	0.16841395130560868
Prevotella	GH43_5	0.6300250979436884	0.7116520207758542	0.5006252578703548	0.5737572778490584
Prevotella	GH43_7	0.5264047575696609	0.6226880313534536	0.16208156358348777	0.2423100532595315
Prevotella	GH5	0.4035906549499597	0.4902281549823099	0.12751821843849162	0.2613117583734845
Prevotella	GH51	0.32610482341275904	0.41283150520744577	0.025759232233111523	0.24004090011582582
Prevotella	GH53	0.32286959585055075	0.41926434405078306	4.4089826959207924e-4	0.05552784098341813
Prevotella	GH57	0.4363273577432496	0.4697442448367686	0.10119391643111054	0.1626417611689305
Prevotella	GH5_2	0.2595214369143713	0.3599351856954443	0.03388707319579344	0.1272422931514333
Prevotella	GH5_21	0.5489488477905536	0.6674112138158462	0.21854294752665984	0.3664723163747033
Prevotella	GH5_4	0.48212168090743607	0.5608533509242805	0.18566311085153467	0.298874789912884
Prevotella	GH5_7	0.3404750770984095	0.4499587729645987	0.07865963862163565	0.185889373764234
Prevotella	GH63	0.0056918897714177226	0.1763646207561059	0.10392983760872083	0.17334477327052428
Prevotella	GH66	0.148800571706013	0.36025341483089435	0.04810315443470777	0.1026346875116886
Prevotella	GH67	0.44862735500851947	0.5654206624849091	0.09996861746678404	0.20493525528802548
Prevotella	GH73	0.2763481646528783	0.4070623386453386	0.05451626474661105	0.12842482263866326
Prevotella	GH77	0.005441769778975804	0.28384063618504596	0.003478499493097999	0.18073484519502442
Prevotella	GH78	0.08934755489983444	0.3931732928026864	0.10123824565285354	0.1726323713366984
Prevotella	GH8	0.12568712058043366	0.2587073915419988	0.04078681174233626	0.10961091458192586
Prevotella	GH84	0.330141994612866	0.37494290311333794	0.002993967049346653	0.0793163203324341
Prevotella	GH85	0.3323876711393825	0.5450707466294099	0.023315499572463417	0.24687733078641097
Prevotella	GH89	0.10321105689196115	0.21650772317749764	0.1266265591551103	0.20317789083130414
Prevotella	GH92	0.1686901374866663	0.25480167917674496	0.09132191609523253	0.17114502139524881
Prevotella	GH94	0.1322585414872364	0.2540146522078196	0.012667645425110572	0.17013822477625742
Prevotella	GH95	0.3709013420054701	0.3975292541786507	0.009613906242117812	0.14799511761092338
Prevotella	GH97	0.40420917713313886	0.4320350082144098	0.004242002635575304	0.1244041385717631
Prevotella	GT14	0.2930741301670065	0.40323541667514134	0.03260758935769598	0.17657021872745743
Prevotella	GT19	0.3461122234043751	0.4272186771697804	0.06826215679686679	0.13762438442692848
Prevotella	GT2	0.1955786997955359	0.29622441837421326	4.810492893888038e-4	0.0812575038703028
Prevotella	GT26	0.11456958261475016	0.2040825006501255	0.012017886157831451	0.07292688176405795
Prevotella	GT28	0.0069683518376038684	0.3616629645621927	0.010641565690316735	0.39656340490338887
Prevotella	GT3	0.4215203592789986	0.470270038724152	0.05128803901445235	0.10221269618923454
Prevotella	GT30	0.3017702412696809	0.3578258641370059	0.04898271086100568	0.1332582263159232
Prevotella	GT32	0.11834852930495894	0.3245279320530655	0.004024036907430066	0.09100560137117929
Prevotella	GT35	0.10229865440364684	0.27462722979241866	0.06649533762758222	0.20974314262323804
Prevotella	GT4	0.020443441444977044	0.1556100586648293	0.066510425274542	0.16666359830687943
Prevotella	GT51	0.1467587938898483	0.2531946865768539	0.17474951561650195	0.2664602285632749
Prevotella	GT8	0.026790747001324985	0.23302837099731474	0.05655877311656691	0.21111866045434127
Prevotella	GT83	0.2880519089565387	0.34734082184075143	0.15192056764591358	0.30495917681513873
Prevotella	GT9	0.2315156293700453	0.3140351634954596	0.09523841982558345	0.19237918507661303
Prevotella	PL1	0.39195935494964423	0.43404208338042605	0.025007588284109462	0.08595089803952666
Prevotella	PL1_2	0.3319317542993304	0.3872673770786405	0.0010041534666677062	0.07640411300473808
Paraprevotella	CBM13	9.609519695039255e-4	0.003916879641371174	0.0011295879857005583	0.008015873447768362
Paraprevotella	CBM20	2.524351445708386e-5	0.0015970967690886492	0.008136030776264406	0.012899868450421808
Paraprevotella	CBM32	0.006690725985900878	0.012277799827613069	0.008703423848592195	0.007455784539348134
Paraprevotella	CBM35	0.0027208524513487025	0.004854885454248667	0.0077827062515183395	0.012173928487039878
Paraprevotella	CBM48	0.007192901515910637	0.010426481544080357	0.006851625851754534	0.003631122831683896
Paraprevotella	CBM50	4.651348071573674e-4	0.0039584647498405925	0.003977002016446457	0.002083750575088474
Paraprevotella	CBM51	2.664537972864196e-4	0.001162320519483511	0.009923716756341135	0.007285166472528454
Paraprevotella	CBM57	6.855869855958368e-4	0.0017399052914042095	8.615564378535164e-4	0.006335177587470257
Paraprevotella	CBM6	1.4703913439913786e-4	8.384367188392541e-4	0.03054570561816859	0.03510419721439121
Paraprevotella	CBM61	0.008840889251731723	0.014756472793439918	0.0017249741983731612	9.28741275634187e-4
Paraprevotella	CBM62	0.001506742553308355	8.29187322252151e-4	7.166754092180675e-5	0.003979763559801017
Paraprevotella	CBM67	0.0060334906097827	8.068707411187272e-4	0.00038815825830074027	0.00370041400512477
Paraprevotella	CE1	0.009406581814924805	0.012707331960509499	5.486356679934188e-4	0.004510586455913956
Paraprevotella	CE11	0.0023692392850661347	8.415715395277222e-4	0.0016300183388916866	0.013081850239847558
Paraprevotella	CE12	3.351247046400859e-5	3.664590825622071e-4	0.002996596705946848	0.014501097785333159
Paraprevotella	CE4	7.965387032417069e-4	0.01157134474215027	0.013165491530853595	0.02236614190023246
Paraprevotella	CE6	0.001618315979479878	0.0012983907778003883	0.01917626526614612	0.024179397311806905
Paraprevotella	GH10	0.007516061643399739	0.005094443045302789	0.017297656115649474	0.015430593677215746
Paraprevotella	GH105	0.016151387667106963	0.020710009054990975	0.002357127239654474	0.008225624216073556
Paraprevotella	GH110	0.006721162939515444	0.0028065199034038933	0.003732985459204331	0.0028281733588287014
Paraprevotella	GH115	4.1754298272628584e-4	0.0028647495480619016	0.003801906589339323	0.016941467585588496
Paraprevotella	GH125	0.019358433852516677	0.016620346129088418	0.009872605448473787	0.009564863590623108
Paraprevotella	GH127	0.016678334879969538	0.025491225644999473	5.093541698176456e-4	0.013358049323272822
Paraprevotella	GH13	9.231409469290648e-4	0.0034729025314100947	0.007838331178714226	0.007911219800086647
Paraprevotella	GH133	3.5876914016405896e-4	0.0025986376546918892	0.008073949150718037	0.013854907100844803
Paraprevotella	GH136	0.011345472612453172	0.007472756461629507	3.830001421408164e-4	4.080602807447e-4
Paraprevotella	GH13_38	0.0018403651056199555	0.004907338966190939	0.01588525891369334	0.020489355647919986
Paraprevotella	GH13_8	4.818019847500019e-5	0.003950537765785967	0.0026112435038941574	0.004767194004615011
Paraprevotella	GH146	0.010297226353307284	0.011943993304194836	2.0461939857194865e-4	0.00706267907384754
Paraprevotella	GH15	0.013091190907773236	0.016355492397428156	8.209754260182445e-4	0.0015587337532513897
Paraprevotella	GH154	0.012200421242006982	0.01944952777538329	0.0027539306862144294	0.005823656903079463
Paraprevotella	GH163	2.7007724098165024e-4	0.006946897278888991	0.003706290123679348	0.005527406908834404
Paraprevotella	GH2	0.03305898043052443	0.03521068872338527	0.007316726549823608	0.012488738140752374
Paraprevotella	GH20	0.0057466153050293725	0.006289012183871442	0.010371800557691983	0.009723063836257229
Paraprevotella	GH23	0.014738281754534873	0.001410853784532119	3.6580319759409216e-5	0.004516660394631003
Paraprevotella	GH24	0.001838262664462439	2.536709600050135e-4	0.0065623247329882894	0.010992650638071613
Paraprevotella	GH25	0.023107198340845722	0.02084109153790986	0.01554727673948885	0.013515539014824402
Paraprevotella	GH27	0.00404407817044829	0.0020439732962773296	0.01592332548128379	0.012761993386105994
Paraprevotella	GH28	0.0016550645817475188	0.002985110914851533	3.761929731344376e-5	0.010431590516369438
Paraprevotella	GH29	0.0061135366411106205	0.0052178338091042565	0.003231258355298052	0.007108206518039429
Paraprevotella	GH3	0.023463765907526614	0.024911946698413512	0.015595319786874702	0.010228043050758705
Paraprevotella	GH30	8.58883519431903e-5	0.0014142921284805	0.0012643565427927878	0.0024229757356447855
Paraprevotella	GH30_2	0.00898077039689946	0.016767233626081037	0.0072312576948319034	0.012347216996623103
Paraprevotella	GH30_4	0.0019081165377668144	0.0030998971703856196	0.0016211218808469359	0.006400479126113585
Paraprevotella	GH30_5	0.026697136724347384	0.013416440991605258	0.02531931697481373	0.024868525983988622
Paraprevotella	GH30_8	0.03841929645179442	0.018088282737235666	0.03137466262100512	0.025188338723835496
Paraprevotella	GH31	0.02525691233589327	0.026126583238358068	0.017040831287522484	0.011967062497220434
Paraprevotella	GH35	0.0038239474666414007	0.007347150913104798	0.00353240963029558	0.008251312807190091
Paraprevotella	GH36	8.251094818102541e-4	0.0015981540551667152	0.005708533846020268	0.0071922036579914065
Paraprevotella	GH43_1	0.0029660711137417884	0.0014096327025239924	0.015107047565692335	0.019888287240465638
Paraprevotella	GH43_10	0.007750545957360758	0.013060414592208136	0.002351295586850957	0.013791220000090114
Paraprevotella	GH43_12	3.0356239990492656e-4	9.744255795965853e-4	2.1846732031793702e-4	0.005646245887885955
Paraprevotella	GH43_16	0.0020079196823964804	0.0027794970701040546	7.959769162149214e-5	6.158346797414391e-4
Paraprevotella	GH43_17	0.017736200220772644	0.007218921593335577	0.0035169389387158987	0.0013724909362717286
Paraprevotella	GH43_18	8.570041710045262e-4	0.0021632538700747895	1.9942191688617558e-5	0.004813391886300466
Paraprevotella	GH43_19	5.819326303648717e-4	5.332244330989256e-4	0.0014596648674002322	0.00619580954189799
Paraprevotella	GH43_2	6.270587733434285e-4	6.627095543934668e-4	0.03506807372969746	0.03386726941695575
Paraprevotella	GH43_24	0.016409563945139052	0.01825401484829261	8.302659797790394e-4	0.007854093666930835
Paraprevotella	GH43_29	1.049030144550562e-4	0.0011049766582801432	0.056160909560982124	0.05796380334432091
Paraprevotella	GH43_34	0.008271709463941184	0.011031332721752728	6.319101013898302e-4	0.011713235410531094
Paraprevotella	GH43_35	0.002999685281600701	1.8445916864185264e-4	7.137373902393948e-4	0.007176174216795788
Paraprevotella	GH43_4	0.0015125566053830139	0.00598945837596583	0.007669135144733958	0.016251424841592834
Paraprevotella	GH43_5	0.015664260990837803	0.017856023713799126	0.19903411351645242	0.17008390143562516
Paraprevotella	GH43_9	0.019310012325439715	0.020461890221944366	0.001441393607848081	0.005058195173064127
Paraprevotella	GH51	0.00429651463593467	0.008770616568553831	0.0034059678778254024	0.012881033730856938
Paraprevotella	GH57	0.0035103472681304996	0.008410617171418671	0.013829583462631197	0.015615123734526884
Paraprevotella	GH5_21	0.015332521100791446	0.011172089184685095	0.03379488631055984	0.02812763325394566
Paraprevotella	GH63	0.0018176167864523132	0.005076448750937149	0.011952495789761293	0.008122305794115315
Paraprevotella	GH67	1.1494845303809349e-4	0.001698707728104386	0.01185470413375597	0.014889888440859492
Paraprevotella	GH73	0.012958291671932505	0.004322753359632637	0.005496643129543045	0.012628479236785263
Paraprevotella	GH77	0.0017857447050980643	0.004432187918894558	0.00499140190705622	0.011133189456159124
Paraprevotella	GH78	0.017484795965896128	0.0028951713738841725	0.008554899109490779	0.008187247568758861
Paraprevotella	GH88	0.0458305433288129	0.052454866687932644	0.014765066629116164	0.011680050244487207
Paraprevotella	GH92	0.016631295411364492	0.013131639410592894	0.007042038194612024	0.009794244073271388
Paraprevotella	GH95	0.0020338130074579394	0.0044616805228155755	7.952702611527429e-4	0.015258522434326141
Paraprevotella	GH97	2.161336287552906e-4	0.001176496389211307	0.0013394926410693864	0.01132421175184289
Paraprevotella	GH98	5.357595362393149e-4	1.3720648590354937e-5	0.017704980943111657	0.019654934352383798
Paraprevotella	GT11	6.116563784868532e-4	0.0015135310849806105	1.4329509007239457e-4	0.003133182599268049
Paraprevotella	GT111	0.011362292514234866	0.006444753934103057	2.185980899633113e-5	1.3072757114876259e-4
Paraprevotella	GT14	0.006420709922823313	0.004998833249506303	0.01236096040289009	0.01862331163511501
Paraprevotella	GT19	0.00591370065483277	0.002377466836436956	0.008134433860585408	0.01659562924630076
Paraprevotella	GT2	0.002324027070170963	0.002427556941449677	0.002973831640820879	0.009171274546077001
Paraprevotella	GT20	0.015836259965481964	0.04040708516208062	0.0033311843424277334	0.005364548383522851
Paraprevotella	GT26	5.011705448330142e-5	0.008639273916089102	0.0037715561001403263	0.008503123257950563
Paraprevotella	GT28	0.004290671875789683	0.019015377870835227	0.0020992834775148267	0.017606369196948732
Paraprevotella	GT3	3.418990957488563e-4	0.0027130529088718706	0.004704354978669483	0.008329412489834358
Paraprevotella	GT30	0.005323767720204464	0.001189438555961585	0.004295884731760127	0.015675061608492077
Paraprevotella	GT32	0.013834393581191097	0.011192339097947571	0.011035214113816775	0.01373504430969468
Paraprevotella	GT35	0.007069883990750702	0.007701923746961924	0.011745458763657199	0.010374640837267857
Paraprevotella	GT4	3.4893723540913757e-6	0.0036685127007830562	9.343625172551274e-4	0.005344783107605498
Paraprevotella	GT51	0.02098735552062455	0.012783255754609372	9.96299451000758e-4	0.001804710925823973
Paraprevotella	GT8	0.026754502271173167	0.01512839176687426	0.031368776947746285	0.029024238674367
Paraprevotella	GT83	0.011629873373313324	0.006610565020744454	0.012632392562947355	0.022953046311633963
Paraprevotella	PL11	0.004409310287409098	0.0073845358622239825	0.0036506063677837	0.00451130971036313
Paraprevotella	PL11_1	4.2946127718953956e-4	0.0013359722256452756	3.705297588878891e-5	0.00793856937750249
Paraprevotella	PL26	0.03660716319092989	0.02962977643556486	0.002498471822014647	0.004890729694922868
Paraprevotella	PL27	0.004442659513382732	0.004275130103415479	5.716424408937071e-4	0.0018079558704833015
Paraprevotella	PL40	2.849934417673806e-4	2.2910675792587673e-4	0.001562713231779706	0.001449182335535714
Prevotellamassilia	CBM13	0.0011760923488006274	0.0018350220779619019	0.009406268922945436	0.006601906895610008
Prevotellamassilia	CBM20	0.07193883774084099	0.07345177205053349	0.011170428960680465	0.017519958427795784
Prevotellamassilia	CBM32	0.03315849099411078	0.035531464499980736	0.0021627662632471944	7.964200122285882e-5
Prevotellamassilia	CBM48	3.989128303025686e-5	4.3629722099636665e-4	0.006691512331571969	0.002281773027754804
Prevotellamassilia	CBM50	0.0029116535579839452	0.005285621992986917	0.04094627542815509	0.014489153468865382
Prevotellamassilia	CE1	0.03273871181683002	0.03362353153357079	0.0013542980844348177	0.004746122673184031
Prevotellamassilia	CE11	0.030670378043310874	0.03692861243910101	0.007873982690490012	0.016266921114323724
Prevotellamassilia	CE4	0.01914078067127564	0.017134234089310158	0.08538639893874189	0.06009490980266145
Prevotellamassilia	CE9	0.05678979988504672	0.04902839856325164	0.020909250197169313	0.010950893142950346
Prevotellamassilia	GH109	0.00999014001807082	0.009922995150057623	0.00947082593671134	0.003149472740709544
Prevotellamassilia	GH123	4.897866247390552e-5	2.474975497279343e-6	0.01001239363035525	0.003049287139600676
Prevotellamassilia	GH13	0.0011071420058390313	0.0015648264272192067	0.003202867418438482	8.317380421834938e-5
Prevotellamassilia	GH133	0.0565925017116698	0.05766592761763305	0.010039441442678517	0.014157755917033832
Prevotellamassilia	GH13_38	0.060641390994437494	0.06146330562600454	0.017227497246742936	0.02195735315144505
Prevotellamassilia	GH13_6	0.08095376619759967	0.08385069791474924	0.03265016711192186	0.03335149340601594
Prevotellamassilia	GH13_8	0.03397993461087637	0.03300866588230469	0.004558628215794669	0.010482074078754613
Prevotellamassilia	GH16	0.024765050044590956	0.028031067689046712	3.863899581840922e-4	6.094280582499802e-4
Prevotellamassilia	GH2	0.014994706675401967	0.015808246419546444	0.0013885066455528344	3.718369268505965e-4
Prevotellamassilia	GH20	0.04184344193692486	0.041792578607177035	3.634287374498801e-4	3.0200960644155263e-4
Prevotellamassilia	GH23	0.022840694337901066	0.033291189908239004	0.001253171829513946	0.00792718715020769
Prevotellamassilia	GH25	0.04349018431433954	0.052825810286313425	0.008684726007482437	0.008916636298401137
Prevotellamassilia	GH27	0.025012675745835617	0.021889162964214316	0.0013253090779806133	1.8624642877235694e-4
Prevotellamassilia	GH29	0.010763926880600485	0.010925993255655523	0.0036080384565245686	0.0010222231183325927
Prevotellamassilia	GH31	0.007695912093588615	0.007356902690186118	8.891715057185431e-4	5.144832062820697e-4
Prevotellamassilia	GH32	0.04300739450109473	0.05208884226045911	0.004076318233379613	0.004710799269014081
Prevotellamassilia	GH33	0.005571170474629475	0.00403128485287632	0.004347672751770235	5.43699637285563e-4
Prevotellamassilia	GH35	0.04639624638957401	0.05145115515303852	2.829934109865275e-4	0.0016892526494598009
Prevotellamassilia	GH36	0.049592665258056404	0.05485282438226576	0.01575134282695787	0.01517667657066617
Prevotellamassilia	GH57	0.05568879701546644	0.05745597294151011	0.007296860424888835	0.011386614841581282
Prevotellamassilia	GH73	0.03534152486705181	0.04257069706887906	0.0027850730253127535	0.009456745109496735
Prevotellamassilia	GH77	7.71607444673628e-4	3.769585337194836e-4	0.005748922909659137	0.0030657300568771575
Prevotellamassilia	GH84	0.08198409811984948	0.08877514540879561	0.0020656933271267167	0.009607643074932132
Prevotellamassilia	GH89	0.010892267949849741	0.010061306411446513	0.0048307522066551156	0.002331165606303021
Prevotellamassilia	GH92	0.01904409783112811	0.01805663405810402	0.001641047609718025	3.349202804359333e-4
Prevotellamassilia	GH95	0.06483868056013205	0.0676417997315439	0.01018335616411575	0.014671229859710384
Prevotellamassilia	GH97	0.045800969712897086	0.04901130204218916	0.009580966217783505	0.011337370790009224
Prevotellamassilia	GT19	0.06597425749246484	0.07557147834012	0.006435977708244332	0.013607761282275112
Prevotellamassilia	GT2	0.04286541378888161	0.05607210253437157	0.007006926375925415	0.003549576621073446
Prevotellamassilia	GT27	0.17095709953717703	0.16507235192330766	0.04106819389507768	0.038931410148352864
Prevotellamassilia	GT28	0.00110053513059515	2.2535697707801847e-4	0.03532829149462843	0.015243710918015022
Prevotellamassilia	GT3	0.0592284215503243	0.06083229421094946	0.00211009836864863	0.005281346035331093
Prevotellamassilia	GT30	0.046981534718466236	0.056642158446425346	0.006634457825296209	0.01557990565856382
Prevotellamassilia	GT32	0.06283595035865651	0.07432135178001625	0.012015074819087925	0.009877680524001554
Prevotellamassilia	GT35	0.02736226587501251	0.025156229652012405	0.013637693721370222	0.010589186092719343
Prevotellamassilia	GT4	0.015648196512781737	0.024263067600683554	0.03696764773967098	0.02671584818116397
Prevotellamassilia	GT51	0.022842516690974327	0.03154587172666533	0.0013876746959285869	0.009601030269353012
Prevotellamassilia	GT8	0.029684240457051175	0.04353423374663154	0.0051008421443801116	0.002886531310356
Prevotellamassilia	GT83	0.04620762594019695	0.05452828520807366	0.028213358848859817	0.03564740245251085
Bacteroides	CBM20	0.06670168524200018	0.13220624791081406	0.1732264711650365	0.1893041685841719
Bacteroides	CBM32	0.11546398525054127	0.17212349384236308	0.36052320137745403	0.40013353889957964
Bacteroides	CBM38	0.1779169961327175	0.19362772449337387	0.09046817097119907	0.35097985280081334
Bacteroides	CBM48	0.007097490737849645	0.06532074843447368	1.9881203889049275e-4	0.09690604406105567
Bacteroides	CBM50	0.0804186156550093	0.13554134346001773	0.0580139924237089	0.22803577266615316
Bacteroides	CBM51	0.020535913515287843	0.08120247536953659	0.03180561861688455	0.163428741481105
Bacteroides	CBM57	0.08180182702426018	0.1329413770584879	0.2985651515462732	0.3386841536345855
Bacteroides	CBM58	0.3179674778381587	0.7458700440420226	0.39903228359379306	0.506880573030655
Bacteroides	CBM6	0.04532650593505945	0.10596963159884419	0.07143465565835132	0.2001635112445823
Bacteroides	CBM62	0.17023780430047689	0.20715035992939337	0.5562845459862824	0.5748444953262534
Bacteroides	CBM67	0.17569519231700417	0.16111358275513757	0.17717548221836163	0.21572561089545578
Bacteroides	CBM9	0.13854289766918196	0.15124363700428978	0.20052473918479854	0.30917284741867346
Bacteroides	CE1	0.07443411063809269	0.12987553977858815	0.29174474311342574	0.33212636662040207
Bacteroides	CE11	0.025651245525013668	0.05682571627108614	0.2829930443889953	0.3544235924540979
Bacteroides	CE12	0.04384829769715426	0.14333602418239025	0.3504154610100512	0.4628681047507148
Bacteroides	CE15	0.21802590862961863	0.22649226885139917	0.23050941784143364	0.38364523212049617
Bacteroides	CE4	0.10854698016327409	0.2063442515012059	0.042040064244501456	0.377753034596147
Bacteroides	CE6	5.641229243541953e-4	0.1171602424000928	0.0345611546062795	0.2151577038700745
Bacteroides	CE7	0.006486245498844742	0.13092729990632493	0.21843866385066524	0.317183327304529
Bacteroides	CE8	0.017303545432649402	0.133220080531871	0.30266561366924416	0.43870016688197494
Bacteroides	CE9	0.007071679178418328	0.1811252536457339	0.059345819479890746	0.14291891438844673
Bacteroides	GH10	0.013193550371150118	0.14015117756190532	0.020836018773402663	0.09594192109030047
Bacteroides	GH105	0.10809354434172484	0.2198801772762277	0.5569678469330278	0.6036642266677735
Bacteroides	GH106	0.2432187686500583	0.21466756730646497	0.3593180578164701	0.4118651532525451
Bacteroides	GH108	1.5270608200901244e-5	0.05043687863279753	0.14422234510710924	0.2550541049246543
Bacteroides	GH109	0.2837992296641037	0.24428019759302178	0.6488105217999584	0.5861416973258546
Bacteroides	GH110	0.21060801279031283	0.2161796837584058	0.4033751525687462	0.39267584926021204
Bacteroides	GH115	0.029680581859257035	0.1175254476180547	0.19394905044009758	0.3285970106592424
Bacteroides	GH116	0.22035575166270494	0.26981718713468406	0.3156740340413787	0.5301662119065648
Bacteroides	GH117	0.29000500914254196	0.36141913874619264	0.44542175010211416	0.5235283063685765
Bacteroides	GH123	0.2302153926989971	0.19926635722859942	0.3912573967615544	0.3855527571733489
Bacteroides	GH125	0.1302755705636642	0.1817691369515806	0.35801307085084483	0.5482117463819783
Bacteroides	GH127	0.13314800138866792	0.20331036303424838	0.11681307514788103	0.27201963547438573
Bacteroides	GH13	0.0037453429289042157	0.09337725969743256	0.11762209240203202	0.24989885880220383
Bacteroides	GH130	0.21420566867152335	0.24884330530503587	0.40913149700006185	0.41289276548176007
Bacteroides	GH133	0.06401115406372436	0.12751973293763713	0.12570875992336644	0.16685605483284388
Bacteroides	GH136	0.03837460300677452	0.14919204893977117	0.0542124935975884	0.11020003890791048
Bacteroides	GH137	0.14758407262691395	0.16283932636328532	0.2964718928915296	0.3863255204801464
Bacteroides	GH138	0.15566539859315898	0.19113495369881756	0.3061900175577826	0.4158196243055952
Bacteroides	GH139	0.42206880276994013	0.41141680826799315	0.6585463409859171	0.7228644585123335
Bacteroides	GH13_14	0.01934388426273662	0.07495378360541244	0.0037952299407663526	0.07577029876207142
Bacteroides	GH13_38	0.0809307611326751	0.1369131842823334	0.21782847577320003	0.2628132142133574
Bacteroides	GH13_8	0.10958517825537231	0.1335310113199448	0.21416859640808056	0.23344620812069367
Bacteroides	GH140	0.051187020813507074	0.17424392244054618	0.5108816249753196	0.594308416692473
Bacteroides	GH141	0.2504988065919587	0.24966954289127824	0.385483794372519	0.48833441944998757
Bacteroides	GH142	0.14602261895531518	0.18318281506182912	0.34263681168396704	0.40456888942093067
Bacteroides	GH143	0.14101941794824374	0.1697226439203648	0.34652516401511263	0.4194459068662264
Bacteroides	GH144	0.2912321128064739	0.3126068687838926	0.5715383961185063	0.6221370231214608
Bacteroides	GH145	0.3470619513893437	0.6902388582328375	0.6996303868877907	0.7054804869647127
Bacteroides	GH146	0.0742659956184337	0.16062623119757827	0.39305174516864844	0.4668323459264878
Bacteroides	GH15	0.1463897349959623	0.3183212856603478	0.5530519972416708	0.6171275331412904
Bacteroides	GH154	0.06338168348583685	0.16985915962335602	0.4813851145266469	0.5049804873627911
Bacteroides	GH158	0.3663030357467661	0.428592039262563	0.2100144287537254	0.5210805999253337
Bacteroides	GH16	0.10196644055723968	0.15755067311012616	0.13975592856269312	0.1844143772863431
Bacteroides	GH165	0.10939796184392053	0.1430796494261381	0.3233973266041263	0.49262215869219217
Bacteroides	GH16_3	0.08513972926638998	0.15897583353546638	0.18650871793441978	0.20629714755829368
Bacteroides	GH18	0.31023227459172387	0.2782520781447353	0.4433160067736382	0.46916670853597114
Bacteroides	GH2	0.2171346186080468	0.29813452370009325	0.5935851582219513	0.6075507838528955
Bacteroides	GH20	0.21977535937441078	0.24116408098382844	0.5605194480627137	0.5439078310098163
Bacteroides	GH23	0.004632542923144504	0.04602778638125033	0.01771337096922245	0.10445091955505711
Bacteroides	GH24	0.028151479266701893	0.05751065062903031	0.19096239490862907	0.22899633033663438
Bacteroides	GH25	0.022893945153382236	0.12364847918594347	0.2940642453422868	0.33705744950319516
Bacteroides	GH26	0.030404649138560984	0.13521189628132857	0.009328431340543621	0.069387425358007293
Bacteroides	GH27	0.1610097505939649	0.18511150852752067	0.1869946931185599	0.23596215576929336
Bacteroides	GH28	0.07778011146655561	0.1775392560196392	0.36143400775300216	0.4872536924305763
Bacteroides	GH29	0.2401357469505093	0.24607771982878524	0.5848636803544148	0.5627324529879246
Bacteroides	GH3	0.08276240452794162	0.17321519062306792	0.10802446764403331	0.20811019630524188
Bacteroides	GH30_2	0.060862347046898954	0.14090002483439687	0.1906643204899437	0.24282122274618914
Bacteroides	GH30_3	0.13089913015273646	0.16605982549818737	0.11772670278866981	0.2072114212331129
Bacteroides	GH30_4	0.11874351881864474	0.1803257520282652	0.3468908868609654	0.35062715330618477
Bacteroides	GH30_6	0.3067085384766459	0.6757628930537364	0.3931481308818201	0.5006365225239742
Bacteroides	GH31	0.11291252360151768	0.1793193006422775	0.18453876826076418	0.30104137597289926
Bacteroides	GH32	8.395563632669697e-4	0.152482619005658	0.0304494236600842	0.1549755217797334
Bacteroides	GH33	0.276897123420693	0.25071953000651	0.39798198258345413	0.41130078411091653
Bacteroides	GH35	0.13939708565062237	0.20306968774393933	0.33659100881424614	0.3785547518041401
Bacteroides	GH36	0.011463786433959207	0.11514308226422841	0.06053051752687495	0.17650205386732754
Bacteroides	GH38	0.042621664619327836	0.1333394357970178	0.02640869462599612	0.2431199678584935
Bacteroides	GH42	0.008089072460825946	0.14034573846751894	6.474213765096616e-5	0.10721984643663178
Bacteroides	GH43_1	0.028025875160684246	0.11626722108927427	0.16933211215840344	0.2885167914922534
Bacteroides	GH43_10	0.05639418523035191	0.16267544679010898	0.1903344943045278	0.30253743797467586
Bacteroides	GH43_12	0.0244705169973539	0.12373616353401667	0.1427709617807474	0.2528664515512831
Bacteroides	GH43_16	0.08692001593957764	0.17073709976021856	0.023119266856570772	0.2244772785248406
Bacteroides	GH43_17	0.2347802723489021	0.22020094634322446	0.43182078689134346	0.4834510977850547
Bacteroides	GH43_18	0.17702353942786156	0.20893859610806254	0.4682311064907046	0.5328314724641604
Bacteroides	GH43_19	0.12142186722269221	0.18616360069664098	0.62640405943270006	0.6066283116840295
Bacteroides	GH43_2	0.024338697981795096	0.10227795017085523	0.0638343809755725	0.17102285246876095
Bacteroides	GH43_24	0.09777517757226353	0.16789643549022518	0.41197031673220663	0.44913069599713823
Bacteroides	GH43_26	0.11919487482733394	0.19128657523950057	0.041122414376671225	0.1749804581918533
Bacteroides	GH43_28	0.05609869199145085	0.23739692260874243	0.35962053229315727	0.5076735100346227
Bacteroides	GH43_29	0.034323171499014954	0.12524159880740465	0.09664934962134612	0.2733944116735051
Bacteroides	GH43_3	0.32846519081271625	0.268997268590143	0.5927871017176827	0.5610478839224454
Bacteroides	GH43_31	0.3080937686592855	0.30990163274574856	0.6240292205623578	0.62380244946223
Bacteroides	GH43_33	0.2521102561901831	0.26348214080944427	0.2832689352161146	0.5873720077486306
Bacteroides	GH43_34	0.10267722420358315	0.16286147326420589	0.45694609110197015	0.5111416310935006
Bacteroides	GH43_35	0.0164736179005343	0.13822818640394063	4.566979775231203e-4	0.23309012908738924
Bacteroides	GH43_4	0.01600684991363809	0.11429455713216213	0.0623728616449857	0.24416806393984286
Bacteroides	GH43_9	0.21741712966727358	0.31267202803304184	0.5339004650718744	0.6939657033983158
Bacteroides	GH5	0.02813376703867228	0.13940379375111658	0.003256307242967197	0.10842265340236981
Bacteroides	GH51	0.037858312896673504	0.13641230930213316	0.027867418109272866	0.17163189217287067
Bacteroides	GH53	0.025187969965784197	0.1511895863031901	1.8485343697892582e-4	0.08180127319593254
Bacteroides	GH55	0.15448577894496252	0.23709430743231175	0.26381553269239694	0.6188996984452553
Bacteroides	GH57	0.060037057407773625	0.13435164981209305	0.16172354397378305	0.20074893195689325
Bacteroides	GH5_2	0.03342335529192528	0.18444405162599684	0.009351938100424315	0.1176860323706807
Bacteroides	GH5_4	0.014156042742535237	0.12537129125785562	0.007993285503994117	0.07935677834069854
Bacteroides	GH5_46	0.19306609298410163	0.27954365029952455	0.2016803170042093	0.5043924160884903
Bacteroides	GH5_7	0.04217456633027176	0.13414112259006794	0.018009309249042683	0.09633567972308862
Bacteroides	GH63	0.1158374693035967	0.17198856722347977	0.49228381999098236	0.567460666293098
Bacteroides	GH65	0.04209554490394735	0.15732728133993246	0.1765721677852384	0.2902839467719408
Bacteroides	GH66	0.045028487318720244	0.11277276815940207	0.20353281928866715	0.3410636839329986
Bacteroides	GH67	0.015167484238879531	0.11860415165795854	0.080440993873269	0.19243971145240168
Bacteroides	GH73	0.0220642655920827	0.0686297689159445	0.049843733887674394	0.11166411013858608
Bacteroides	GH74	0.110177553776131	0.16047266399023602	0.09938421653374893	0.4031926915933606
Bacteroides	GH76	0.4896505373447845	0.42103026517909603	0.5880026043136548	0.668239544037315
Bacteroides	GH77	0.0012869130816971664	0.1200241562182081	0.15318234469423284	0.2653244079747736
Bacteroides	GH78	0.2294954137537714	0.20751229334532975	0.36740186380708845	0.36432589007652977
Bacteroides	GH84	0.015428716878919198	0.0840891249369064	0.19868914569123344	0.26466404839011415
Bacteroides	GH88	0.21891730927513434	0.3656939726239916	0.6752644560166471	0.6881920665033991
Bacteroides	GH89	0.29142554118861325	0.27296282294207846	0.5983642447265021	0.5956038194061604
Bacteroides	GH9	0.1017308094708674	0.18215879204803048	0.14058459238905704	0.4814094520448484
Bacteroides	GH92	0.29246947611999363	0.2913421988411146	0.6880229358424871	0.6309494230544765
Bacteroides	GH94	0.018749794155831914	0.19303959863064962	0.2227241768176664	0.3266657180960932
Bacteroides	GH95	0.10320785188828037	0.17806384738231631	0.3358975739487277	0.42840376739850916
Bacteroides	GH97	0.0985654848443044	0.1515320336551155	0.41002369620126483	0.4470509458732095
Bacteroides	GT11	0.03487048084672979	0.13929970222695873	0.48598790642045114	0.48861785108039824
Bacteroides	GT111	6.552114859229009e-4	0.2077165386189656	0.03231110114415263	0.1704499238867795
Bacteroides	GT14	0.011985022445575809	0.09177422357447489	0.06708067903099299	0.1459098855704239
Bacteroides	GT19	0.020108659660001575	0.08684626618672536	0.20843380784600093	0.27278525141534216
Bacteroides	GT2	0.02408266121411507	0.2010836874549756	0.12285751012985396	0.2029298971127872
Bacteroides	GT20	0.05928694539714032	0.24631959154221236	0.6308299833374759	0.711421586988397
Bacteroides	GT23	0.03629346507698828	0.14084029390230388	0.22743547162270544	0.43033520433620714
Bacteroides	GT26	0.014543291536592581	0.08333478758226212	0.12333488475027349	0.22168586383647793
Bacteroides	GT28	0.009240390061813375	0.17328355529232511	0.17762391993954912	0.5280054128276809
Bacteroides	GT3	0.0926528625334825	0.13081544770503972	0.21573784782807487	0.2247697092979937
Bacteroides	GT30	0.004583077496189423	0.043929481894539685	0.21207242363389112	0.2711810550637322
Bacteroides	GT32	0.006836571201009241	0.14779457354745434	0.0868406229651034	0.1406274405038583
Bacteroides	GT35	0.007079551715137685	0.149215664591224	0.029913445511127523	0.1308795835990215
Bacteroides	GT4	0.13235003621307503	0.30593005851655336	0.4465550232772423	0.4893360551559556
Bacteroides	GT5	0.004955721028533018	0.15953738829606598	0.041566656628855225	0.15792232940063627
Bacteroides	GT51	0.008332296247723157	0.05909645022858323	0.11758177430822687	0.22956078356542087
Bacteroides	GT8	4.768793157784936e-4	0.11618200189477745	0.001076397883526704	0.1021002598438896
Bacteroides	GT83	0.010523071511176828	0.06325260310557662	0.05974080260650913	0.16897034867698937
Bacteroides	GT9	0.0016584262575185678	0.051090528558132106	0.08098767892550474	0.1685585393046813
Bacteroides	PL1	0.052063098008702076	0.13882733555958665	0.22464108126196833	0.32368657023184866
Bacteroides	PL10_1	0.1313019004821797	0.19654136391706067	0.5569554062327907	0.6069642497165766
Bacteroides	PL10_2	0.4493797975740372	0.6132412080456928	0.43715614266800956	0.8260369212907192
Bacteroides	PL11	0.08378992160215915	0.1656825876225057	0.5035461131189091	0.6292232045469496
Bacteroides	PL11_1	0.07661934198910153	0.14101582278637553	0.365490419439927	0.461963780631918
Bacteroides	PL12_2	0.24816667929877018	0.28374879149084153	0.48835061661287443	0.5978591749868483
Bacteroides	PL13	0.3931580570159963	0.5319595836754262	0.5081241420619763	0.6231172777826525
Bacteroides	PL15_2	0.19245163468862583	0.2756666434344144	0.48211819731706257	0.5824448898608419
Bacteroides	PL1_2	0.0790287861609293	0.15794797991633794	0.3442311014324921	0.4308126970358877
Bacteroides	PL22	0.18777440574209756	0.23659668150625376	0.5341747667370128	0.5946191777998919
Bacteroides	PL26	0.43448227630712843	0.4372482539060726	0.6093768977445307	0.6899058813899674
Bacteroides	PL27	0.15420002950852138	0.1914969408242602	0.15039253870279148	0.20068305982788057
Bacteroides	PL30	0.28105968878111315	0.3957244309405071	0.39228393022952085	0.5287376364070371
Bacteroides	PL33_1	0.020726247402225034	0.08640194931281306	0.2011179243737822	0.24142865508229533
Bacteroides	PL38	0.11742589423333541	0.273565453135923	0.2588852387597085	0.42100224394722463
Bacteroides	PL40	0.04906211142134425	0.15356765552052692	0.520366604351653	0.5245802818192853
Bacteroides	PL8	0.24317794483573246	0.3059482562684702	0.47829356288425895	0.5076018578649572
Bacteroides	PL8_2	0.2849084153060938	0.2863256672730665	0.6187041365884999	0.6149301876662282
Bacteroides	PL8_3	0.13405158535254535	0.1778514721735131	0.28549634707476934	0.45767853622287613
Alistipes	CBM20	0.0017627574093553736	0.033191502150177986	0.018462113799740984	0.06171020133733392
Alistipes	CBM32	0.03024223689498822	0.0859419796039083	0.033429986391426976	0.13672433364706305
Alistipes	CBM48	0.002417736408221096	0.03906708140724216	0.016819593243625162	0.10505013456272126
Alistipes	CBM50	0.041926741661232295	0.10852626632035922	0.14623011634000843	0.17182599675328733
Alistipes	CBM58	0.36620587973468305	0.6222010233488969	0.17714621637913933	0.2097160356325413
Alistipes	CBM67	0.1056404141728876	0.07529216388753648	0.04253036658425247	0.06341715195532151
Alistipes	CE1	0.003786143777778447	0.047438516031129606	0.010157069270707881	0.09223999220158788
Alistipes	CE11	5.162281302597084e-7	0.02200784566063558	0.009285771667271491	0.09570034248859662
Alistipes	CE2	0.020790869872082025	0.11102588178412272	0.030528616894142904	0.0627377102630958
Alistipes	CE4	0.13665538729864857	0.22306338058943642	0.04206489498580464	0.17771808629890323
Alistipes	GH106	0.12106983692458226	0.08878787880845929	0.0667349862666157	0.1127042430379335
Alistipes	GH109	0.10953740287664673	0.11147858999294827	0.10739432019900894	0.16806528995829467
Alistipes	GH110	0.16947767261358207	0.13143110413153578	0.11375173604123054	0.17169769590172826
Alistipes	GH123	0.13348398648190765	0.08848106502257286	0.08165238962491916	0.13087377007812667
Alistipes	GH125	0.029614897349795704	0.056102562467612326	0.06640127222942888	0.14335362088090262
Alistipes	GH127	0.04451759512332358	0.10911759439062944	0.01193697887789475	0.09898679899713729
Alistipes	GH13	3.2850720679246636e-4	0.061154678339475445	0.022252641323876898	0.10214015385931179
Alistipes	GH130	0.07846375610299763	0.11112842843481098	0.0652995640333706	0.11223915192892385
Alistipes	GH133	0.001277726506688532	0.036423185473770554	0.008429341816380435	0.04789859136749
Alistipes	GH13_14	0.011225711812638359	0.05608479141663693	0.027705857405784216	0.08822095074992924
Alistipes	GH13_5	6.17570077519849e-5	0.05245510979976796	0.08130196385731774	0.15642979994668008
Alistipes	GH13_8	0.017482375318000228	0.03741802074088817	0.08836887175623132	0.11514681521395277
Alistipes	GH164	0.38735373734548595	0.7324172722409027	0.40232827929867393	0.593989126563185
Alistipes	GH18	0.22052007025968035	0.18131954625888533	0.1089176307075161	0.19336400029734047
Alistipes	GH2	0.07496683446511633	0.1541762213291735	0.025863035709730055	0.13047458660255357
Alistipes	GH20	0.04993287480069917	0.08314217935366275	0.06100358855751829	0.16735521347494364
Alistipes	GH23	0.02716117268787148	0.031068281926051065	0.01285318017576829	0.06922180007827115
Alistipes	GH26	0.0012021686797692068	0.049531931961203916	0.03684978906721348	0.03074198393472335
Alistipes	GH27	0.060283974070066526	0.07368132135872996	0.04830623652271141	0.09305628122417328
Alistipes	GH28	0.004425063824881714	0.04353537314493006	4.095830460550641e-5	0.07602732590120735
Alistipes	GH29	0.04500116988158556	0.07533535333532136	0.013222431576864495	0.09532076029767059
Alistipes	GH3	0.06293392756953618	0.12378507532405368	0.021726486845585726	0.09428517671358519
Alistipes	GH31	0.030335483148605524	0.06427967713275412	0.00130900167901423	0.12492729214925942
Alistipes	GH36	0.0017532046111002658	0.031225228604893778	0.07904470152917979	0.12015786236893444
Alistipes	GH38	0.1256926642952064	0.12327169170898428	0.10791022694935774	0.2023017701755429
Alistipes	GH43_34	0.013199415086211468	0.04684360996945514	0.02643055012137229	0.11669145733916239
Alistipes	GH5	8.500209625361681e-5	0.044304776395574196	0.024827330164412086	0.03889680263307256
Alistipes	GH51	5.226674684877415e-4	0.036641894262457925	0.021445334031229255	0.1202569860565843
Alistipes	GH57	5.305663424344254e-4	0.04950666029606807	0.053835032868666685	0.0845543778251951
Alistipes	GH63	0.06221503163171415	0.08538789074193709	0.08376027293302772	0.1558610243752238
Alistipes	GH73	0.06084719957428789	0.042954726594458266	0.004709208493940517	0.06184420673706445
Alistipes	GH76	0.21149107815151533	0.18191337972688862	0.1256000122860179	0.17662661475844613
Alistipes	GH77	0.03229978498434805	0.13245460827520572	0.022530915423644944	0.10880623426548588
Alistipes	GH78	0.2356771043952636	0.14162662972221848	0.08253266465974458	0.1145378850999662
Alistipes	GH92	0.07399191008128617	0.10358161183097654	0.08226455271170038	0.18165303786594214
Alistipes	GH97	0.003661539251258049	0.037418397619789726	0.019557927426996306	0.10179197344248408
Alistipes	GT111	0.0012454239113558762	0.11427099595395698	9.399387156417418e-4	0.04347823626263218
Alistipes	GT19	0.0023711552330772487	0.036537241464975743	0.03196878570521008	0.10024287684189719
Alistipes	GT2	0.003901639113485441	0.09431944215206847	7.66658905419533e-6	0.04475966865004926
Alistipes	GT28	0.05589713946665729	0.22273601083264116	0.03482326393903618	0.17773666327234608
Alistipes	GT3	0.007142417612303412	0.03350388668504731	0.11537609647237629	0.129738058777418
Alistipes	GT30	0.007509393055150314	0.020806511862002282	0.026691703362421996	0.10017205780638908
Alistipes	GT35	0.05874074627364423	0.13900904538362446	0.014975022021771107	0.07944226824312449
Alistipes	GT4	0.01869165710655415	0.18229908401574368	0.08735818678273097	0.12383925903008217
Alistipes	GT51	0.017505808524385782	0.05843160617126169	0.021780472435827702	0.03367013463361525
Alistipes	GT80	0.43337497696333144	0.7467620359674367	0.6332885108279196	0.6553894182260669
Alistipes	GT9	0.026316278628247036	0.035612259181335613	8.828585042841153e-4	0.07064474029821649
Parabacteroides	CBM13	0.002900671895805384	0.023687149408328063	0.06466113027425713	0.09220728862487723
Parabacteroides	CBM20	0.05590752723840258	0.057293895835112685	0.12064067005341189	0.11146244892064208
Parabacteroides	CBM32	0.11871927604415625	0.09638455087777312	0.13007351795805525	0.12864348247440155
Parabacteroides	CBM48	0.018008661558984212	0.02793543066941146	0.008272575790395077	0.019400084454717713
Parabacteroides	CBM50	0.03500026872709554	0.05458204365554449	0.07169524456751446	0.11034351906355126
Parabacteroides	CBM51	0.009219957104412323	0.027421772768645783	0.0731886418760657	0.10033947386263706
Parabacteroides	CBM62	0.10118774210799819	0.09596415518213998	0.17857761926213817	0.15337063113355745
Parabacteroides	CBM67	0.08028713147102776	0.06646548261372935	0.12018936781667454	0.0988447956983867
Parabacteroides	CE1	0.097856450638563	0.0911189437074112	0.12178233312493751	0.12228184902484253
Parabacteroides	CE11	0.019739665539592038	0.026349755049872668	0.14079581827428198	0.15065887810826548
Parabacteroides	CE15	0.0846340510200054	0.08048549803094811	0.16442931117485568	0.1542231735127957
Parabacteroides	CE3	0.0013170801267571566	0.056342237793891706	0.05274183331698263	0.2665528768775502
Parabacteroides	CE4	0.033107182035170005	0.0889413612668615	0.016679550854456597	0.12404489002368288
Parabacteroides	CE7	0.032580358168196114	0.04715663996708714	0.1027612457821661	0.11047984843449964
Parabacteroides	CE9	0.002652938840062772	0.0525846617047399	0.0025324021042054975	0.01834551698214368
Parabacteroides	GH105	0.15181441592110673	0.13070457828159432	0.16362551104324796	0.15440213683668438
Parabacteroides	GH106	0.12424893610451118	0.09262123986120613	0.17395958411400084	0.15553510661329792
Parabacteroides	GH109	0.12798467177068476	0.10227583321109647	0.21884401827000438	0.19459348976241858
Parabacteroides	GH110	0.10095641611957153	0.11602921081250032	0.17970731932394793	0.18073283113495117
Parabacteroides	GH116	0.15853556220401016	0.15010463946620067	0.14303559988434306	0.11568036830305813
Parabacteroides	GH123	0.06406290133786925	0.06310063989262041	0.17301170497772306	0.1688328091095282
Parabacteroides	GH125	0.08880707034848923	0.06955164068099988	0.10969490643485277	0.09511649468660816
Parabacteroides	GH127	0.15603788390580697	0.14004924946182634	0.027861392271160666	0.05674736885049146
Parabacteroides	GH13	2.6817100259962087e-4	0.03456629056510763	0.06060001743021225	0.07868862693367225
Parabacteroides	GH130	0.16055217054713072	0.1235481752740289	0.11879380152747925	0.09455133087292776
Parabacteroides	GH133	0.05372071705806406	0.05004739351685273	0.07033904100890832	0.06965745812154185
Parabacteroides	GH13_14	0.01766245344583188	0.03227178870016489	0.009048516044782053	0.018632217725005517
Parabacteroides	GH13_38	0.04194979190271306	0.0463468610555292	0.1257473633345659	0.12006006748077261
Parabacteroides	GH13_5	0.0036246071807079917	0.03273247909078563	9.850396967521938e-4	0.048052704894951906
Parabacteroides	GH13_8	0.054355084035446026	0.04810653553414622	0.14324280004001652	0.12297837760710281
Parabacteroides	GH140	0.0961681325753612	0.10267760197104413	0.16235686176979455	0.16040402196778794
Parabacteroides	GH142	0.10015969439185224	0.08104847486750108	0.14867831083446167	0.13709778386118748
Parabacteroides	GH144	0.215633217806476	0.18155772886507796	0.2046446895522233	0.1811661421079611
Parabacteroides	GH15	0.15067290058410024	0.19051116554223252	0.24189044858747372	0.22859890924277557
Parabacteroides	GH154	0.10762119337801472	0.1074223852333978	0.15212571393838475	0.1416370973980275
Parabacteroides	GH156	0.04713715908754984	0.05550509708821946	0.16886812516170524	0.4310864542717298
Parabacteroides	GH159	0.1361446645525211	0.13005602457277368	0.08493497296183043	0.07254044384171975
Parabacteroides	GH16	0.050707828708230915	0.04819400420716423	0.07008591892896604	0.058292358979249344
Parabacteroides	GH16_24	0.06715889005505732	0.13663104852424152	0.17810902348671515	0.39705586481488286
Parabacteroides	GH16_3	0.05092878200894085	0.05225390950241193	0.08684388267421266	0.07292812536192617
Parabacteroides	GH2	0.21795642660412873	0.18227457146355386	0.17054287707399993	0.15124823963823825
Parabacteroides	GH20	0.1463758492828089	0.11527744279631451	0.2017669207262653	0.19302379822974458
Parabacteroides	GH23	2.540966715007847e-4	0.00949087984063981	0.008491367742843415	0.028536819497566267
Parabacteroides	GH24	0.0025402136492319862	0.005134083243466049	0.12804368277668324	0.11877165179669846
Parabacteroides	GH26	0.059049564562888596	0.06618636400960919	0.016603394621950072	0.01700345430057025
Parabacteroides	GH27	0.0858609674152397	0.07116147487744522	0.0299305540421244	0.05117634318550628
Parabacteroides	GH28	0.10878900397143561	0.09190303936441259	0.1129331063358222	0.12027556770536794
Parabacteroides	GH29	0.13877949559560007	0.10369932428030837	0.1529239103877748	0.1542330687992509
Parabacteroides	GH3	0.11818142892286096	0.10940167586459837	0.01221079443276769	0.012309981498534578
Parabacteroides	GH30_2	0.0709481590190102	0.07981753661209172	0.0990410991292018	0.10218770600838417
Parabacteroides	GH30_3	0.047200347740249955	0.03621001343320908	0.09269784650995609	0.07780956085217001
Parabacteroides	GH31	0.12076577767433959	0.09403664677102253	0.0188040582788207	0.029492556453144116
Parabacteroides	GH32	0.0412112776284336	0.062431999958239566	0.03459568398830223	0.05032649396328633
Parabacteroides	GH33	0.12835249393951995	0.10114584002330616	0.145668224788162	0.14037008201532183
Parabacteroides	GH35	0.13106013497411076	0.11133038210901597	0.10285270891839003	0.10876120106612806
Parabacteroides	GH36	0.05049924043335905	0.06151275732946015	0.02515548289098883	0.04504548275030919
Parabacteroides	GH38	0.008326897751946425	0.030851317148608778	6.702344835536447e-4	0.039304889068249874
Parabacteroides	GH43_24	0.09280619333791543	0.0916629011409818	0.13705785504655799	0.12930573359362338
Parabacteroides	GH43_28	0.07008103639877036	0.0867405550023415	0.1264068036179361	0.1192261283636099
Parabacteroides	GH43_3	0.12428639947975219	0.09532306699258664	0.16955249162094388	0.13039129913795172
Parabacteroides	GH43_31	0.14850544890745368	0.11760009029849995	0.1793036232209018	0.14435019047862466
Parabacteroides	GH43_33	0.1485224306890953	0.13103417497511036	0.28339819956751894	0.235932782186587
Parabacteroides	GH43_34	0.09558867649361005	0.08223094495236996	0.153470925345858	0.14495005129261893
Parabacteroides	GH43_8	0.6826669800690378	0.6380606002721595	0.2954238727087476	0.24993404912496292
Parabacteroides	GH5	0.05677316035179806	0.07599600655701705	2.404129553293612e-4	0.024462923367847583
Parabacteroides	GH51	0.07902710861761904	0.08390669027361561	0.0071890894032110506	0.04267424284484356
Parabacteroides	GH57	0.0290702602087141	0.04347854466657951	0.12821702726824358	0.11427669944471879
Parabacteroides	GH5_38	0.5247317775039965	0.5522245633713811	0.09691280728966117	0.2855026354076256
Parabacteroides	GH63	0.06149105411517139	0.0630164390755844	0.15677949705522212	0.15038655063463582
Parabacteroides	GH73	8.260141870813336e-7	0.020862014500253042	0.06945321968622122	0.07097773174710974
Parabacteroides	GH76	0.20239744756248934	0.16182615803290998	0.1761788032216843	0.1463377008623709
Parabacteroides	GH77	0.0023131098276069142	0.05004633333859615	0.0998696788114123	0.11716824719832017
Parabacteroides	GH78	0.07845456222759759	0.07837681733527294	0.17232078956046268	0.14728314945194218
Parabacteroides	GH84	0.025844712698934083	0.03446127293950501	0.10065315813860345	0.11242193404053663
Parabacteroides	GH88	0.24397664703673907	0.24714229879620403	0.19866779694713185	0.1773759455745372
Parabacteroides	GH89	0.11522659478208024	0.09189023359318531	0.18785798146133142	0.16816168697572392
Parabacteroides	GH92	0.18153053078423417	0.14166984461903936	0.2420137377611358	0.21317276125105752
Parabacteroides	GH95	0.1086742672657414	0.09239136190967266	0.1226314547880847	0.14253475189368503
Parabacteroides	GH97	0.07964992486259281	0.07264326871260121	0.14722191251567646	0.1429259586947554
Parabacteroides	GT1	0.0015189133393437877	0.032138676217217714	0.00755116569888875	0.09429667478215273
Parabacteroides	GT11	0.042657770639757224	0.05025628436812904	0.14444622792932765	0.1327571227885601
Parabacteroides	GT19	0.030677588416708257	0.04014677637987932	0.12562405056416004	0.12817707683546728
Parabacteroides	GT2	0.08574161120716359	0.09026927333357629	0.05611297583128152	0.0766064128079423
Parabacteroides	GT20	0.1116461121910415	0.16085914597602746	0.24617838700426065	0.22474278001362405
Parabacteroides	GT23	0.027261586259122575	0.03948869611899442	0.10744172574784518	0.09900244775671292
Parabacteroides	GT26	0.029452027689322965	0.042452749914690675	0.06771652740813583	0.06432329753142477
Parabacteroides	GT28	0.004743554295980542	0.08718837523755046	0.04512731898320013	0.1561200216860416
Parabacteroides	GT3	0.0619691917420832	0.059343859915692763	0.14674248380722155	0.12898411272650492
Parabacteroides	GT30	0.013255669717562668	0.019557415024558746	0.12891864708292736	0.13796605433934228
Parabacteroides	GT32	0.022236070456613594	0.05427042053241446	0.07488425453467282	0.06634683526799853
Parabacteroides	GT35	0.0063281810350093665	0.046880591715045696	0.027909010394971397	0.03605494372051136
Parabacteroides	GT4	0.15551978561776783	0.17854305551270053	0.18927317993847287	0.17621330460874554
Parabacteroides	GT5	1.1591613038300663e-4	0.061412479758276885	0.041860572830056175	0.07258426651300168
Parabacteroides	GT51	1.3821820308960568e-5	0.026354077939465835	0.01528010663855561	0.015500886092279623
Parabacteroides	GT8	1.573917111940725e-4	0.02217144376268192	4.621340380307439e-4	0.00645716816065539
Parabacteroides	GT83	0.008312816760280575	0.01812574586175454	0.04865164774097524	0.07377664337019481
Parabacteroides	GT9	0.003394043049933807	0.015032667823150977	0.06455357505378007	0.08693653181437985
Parabacteroides	PL22	0.1248782323168909	0.1218096630089916	0.16704513986083663	0.1527973529488428
Parabacteroides	PL33_1	0.03837516284146516	0.052988779876730834	0.07872825463447801	0.060654886786824916
Parabacteroides	PL35	0.09371402191908777	0.11212000385286104	0.22422279124645486	0.17065837129883074
Parabacteroides	PL38	0.18723119797420956	0.1876296693105268	0.1505875472238538	0.12390145866399688
Parabacteroides	PL8	0.18813430948174814	0.19447615385769929	0.16388452323952843	0.1538508710571985
Parabacteroides	PL8_3	0.07928940623574014	0.06858082991637753	0.1758924178857828	0.1507597532326763
Odoribacter	CBM32	0.05227605144847296	0.06151797901292682	0.04153746136360103	0.05894020647370609
Odoribacter	CBM35	0.02709027759047427	0.027101834106784975	0.09036640346878413	0.10399451844278035
Odoribacter	CBM48	0.006553274607330142	0.013299368797099104	0.018379919745535694	0.00851181035579886
Odoribacter	CBM50	0.013704287832109528	0.025142710613578773	0.08947184328473068	0.11961176349168957
Odoribacter	CBM51	0.0031089106824495442	0.0051832294385132345	0.028726220412760167	0.042298144392610385
Odoribacter	CBM62	0.04377366922398153	0.055077138591254945	0.13523279887263814	0.13966984809554808
Odoribacter	CE1	0.03522988330138706	0.040230250969910925	0.040901930214684364	0.04928422485613811
Odoribacter	CE11	0.0032073479454431918	0.010272042076878107	0.046605153706367114	0.0580896821867951
Odoribacter	GH109	0.06706661913008441	0.06635658185208942	0.11702370585671956	0.13192942579528544
Odoribacter	GH110	0.07513926596067509	0.07337813785801442	0.10302080915768984	0.11352417099019362
Odoribacter	GH125	0.04620138034825334	0.040877770687176684	0.0647095611094933	0.06894943576220558
Odoribacter	GH127	0.05323782744798492	0.06107582082840286	3.0696190845847716e-5	5.818464131342416e-4
Odoribacter	GH13	3.041092970010637e-5	4.975113583249027e-4	0.04195717217285944	0.022675348955573847
Odoribacter	GH133	0.014182241867267223	0.018262061826303175	0.031807951511022545	0.034128275211939875
Odoribacter	GH13_5	0.005486660310439743	0.022657146675692134	0.024813996980329014	0.02859911667622255
Odoribacter	GH13_8	0.01575023947926017	0.016254615999240184	0.1140689285343634	0.11980673165163276
Odoribacter	GH146	0.03733080058397604	0.04193269521693628	0.06456347548048934	0.06708817980700836
Odoribacter	GH159	0.11394114472047304	0.11348068756620178	0.06541569611143805	0.0736851676025685
Odoribacter	GH16	0.015571914305156165	0.02342542681426959	0.02085698783013051	0.030683750892811196
Odoribacter	GH2	0.10496548572098927	0.11048615108409994	0.05330051842929665	0.06024653174206339
Odoribacter	GH20	0.05946129749258597	0.06241441315772478	0.08437261774541771	0.09614244708789671
Odoribacter	GH23	0.003040004337162881	5.247752499583572e-4	0.0012478857939458479	1.6465879884684215e-4
Odoribacter	GH27	0.038605466018932416	0.032725643512124127	0.028380957394719242	0.030015092556110273
Odoribacter	GH29	0.06198055739081471	0.06308313039148812	0.05151046894427998	0.06002086520702173
Odoribacter	GH3	0.04897492712895345	0.05348339466365546	0.009544030682770278	0.015614299561022083
Odoribacter	GH36	0.004385640243953814	0.010936300626594016	0.04861526199829886	0.042419660966847524
Odoribacter	GH43_26	0.034762624793449576	0.036417235688723223	0.006813854287388939	0.003795043622874063
Odoribacter	GH43_3	0.07321631180402798	0.06806892791101275	0.10383998502979222	0.10674404449783999
Odoribacter	GH43_34	0.02833745184904671	0.03484896174239496	0.05949335647682672	0.06940282820271622
Odoribacter	GH51	0.017541915037063385	0.02413789428652405	0.0038839870567969437	0.0026848453557056524
Odoribacter	GH57	0.005501018465355713	0.008877273126664375	0.0976361098265097	0.09625817367229915
Odoribacter	GH73	0.005640854857446935	5.475743325559472e-4	0.01649279977614042	0.025850347793869452
Odoribacter	GH76	0.12490339708637757	0.11827775227701559	0.10659538073031612	0.11289127676363545
Odoribacter	GH92	0.09194525829826909	0.08824084740434164	0.09856973705526768	0.10496676188865102
Odoribacter	GH95	0.03618236823791085	0.04525311016233486	0.03326352276129061	0.037137562750944465
Odoribacter	GH97	0.023333688044133834	0.03167850377079779	0.06799788251349186	0.06890563939392787
Odoribacter	GT19	0.004023947863101194	0.013453527556157365	0.07797039416346152	0.08838003359782136
Odoribacter	GT2	0.02223043845210502	0.04992087191401792	0.013139306984546593	0.019401557052885238
Odoribacter	GT28	0.0015672342516014556	0.005455607984008888	5.8788481999707244e-5	0.0027858603540529482
Odoribacter	GT3	0.0156971585110527	0.02058991900354657	0.12357050950861306	0.12716748655910645
Odoribacter	GT30	1.8660931768319316e-4	0.005001233208364102	0.06850028242564336	0.08113424356195355
Odoribacter	GT35	0.01542246904977455	0.01574359141848251	0.04963444585443923	0.037244762581709424
Odoribacter	GT4	0.06088829029693304	0.09920482006758459	0.11312994193100186	0.12419675616576704
Odoribacter	GT5	0.002473753021249643	0.003326709163058504	0.01987521283168973	0.014506206642418109
Odoribacter	GT51	0.008756696805790587	6.923604793662268e-4	0.022300761325096185	0.01041578590222658
Odoribacter	GT83	3.085256583381061e-5	0.0020767571993953425	0.0098703515214565	0.011753285296725278
Odoribacter	GT9	0.0011226181801635728	0.0017455896577479152	0.024358211726570815	0.03253700314149776
Barnesiella	CBM20	8.271325833582035e-4	0.0025140960023141566	0.00428903713082039	0.005584201448629616
Barnesiella	CBM32	0.012675254801516008	0.018585780853075943	3.8082648892119104e-4	0.002200124326661648
Barnesiella	CBM35	0.024503289454881463	0.025527621528127955	0.25478684829081016	0.26952366198753297
Barnesiella	CBM48	6.674858322812183e-4	0.003528965530170808	0.011845834688020272	0.007747619790572022
Barnesiella	CBM50	4.915262601863451e-4	0.00463637043331247	0.03913336685330184	0.055865161802986264
Barnesiella	CBM67	0.011787094221085865	0.007519218246799561	0.005478800284804582	0.008424169705092374
Barnesiella	CE1	0.014170935981897451	0.017822523886208905	8.038274677354322e-5	5.601912158000259e-4
Barnesiella	CE11	6.817992556326815e-4	5.461219550490792e-4	6.0847671539121906e-5	6.118764847617002e-4
Barnesiella	CE2	2.183188921742522e-4	0.0016082242846135345	0.02212033288760573	0.022878810152320694
Barnesiella	CE4	0.008350277771359268	0.009909622712416669	0.02348390854916748	0.03171543068859749
Barnesiella	GH109	0.0185958850979142	0.019500804459210853	0.02587206390104591	0.03198412793084952
Barnesiella	GH110	0.026964975941658115	0.027316760488065236	0.03446108982212374	0.04072480158744202
Barnesiella	GH123	0.004360024653397045	0.002108426085027297	0.017065665051794503	0.02285508751324979
Barnesiella	GH125	0.014383409062880543	0.011759799434041077	0.012472295019617954	0.01359616812923054
Barnesiella	GH13	5.63576890399364e-6	3.4953361639604636e-4	0.011207569941223372	0.0062829297782011715
Barnesiella	GH130	0.022977774365891015	0.028854914077985044	0.02122857719792869	0.023036770596798796
Barnesiella	GH133	0.0014314035238704877	0.0031461432568924753	3.6717009352785153e-4	6.603108522275839e-4
Barnesiella	GH13_38	8.479657875656255e-5	7.656406850760303e-5	0.0010848942786325021	0.0014207249652347586
Barnesiella	GH13_8	0.0010900887394833185	0.0013698728494891874	0.015995735956245788	0.01928312068882207
Barnesiella	GH140	0.01807982303405039	0.03590842946751789	0.009187403845711772	0.01056238290821649
Barnesiella	GH15	0.047692156790586485	0.07238492373796825	0.07125678880365842	0.0750809699635158
Barnesiella	GH16	4.1201892437138125e-4	0.002719267850212428	6.706060594564343e-5	1.929571186640623e-4
Barnesiella	GH16_3	0.0010066513728083496	0.0035808487089622172	0.0033007874665961995	0.004270089258589749
Barnesiella	GH18	0.04532192924054592	0.037926779937524656	0.01693375186234814	0.020548865045920673
Barnesiella	GH2	0.050046991767692776	0.05547744167331544	9.015423239957707e-4	0.0015141583694854583
Barnesiella	GH20	0.01529935061747988	0.017839789119221603	0.01152972281906319	0.01508669592619835
Barnesiella	GH23	0.009176453588178705	1.9524956481244032e-4	0.0055082920549650504	0.0022174344719480604
Barnesiella	GH26	3.7707639110693244e-4	0.004061667915834009	0.014742220179067117	0.013944126161389379
Barnesiella	GH27	0.006254863495734256	0.004053830771561839	0.00819973695378211	0.010019452148005113
Barnesiella	GH28	0.014343019909873614	0.021412386487304036	0.001430484781207694	0.0014687761311682715
Barnesiella	GH29	0.013957532068820019	0.015480286613722846	5.192469412559525e-4	0.0013827974008228396
Barnesiella	GH3	0.03687977379569749	0.0418684347623956	0.0027016384243395038	0.003980045637414942
Barnesiella	GH31	0.028840802588506985	0.028319967581732157	0.0036561674326144483	0.002997794500719786
Barnesiella	GH33	0.01719184333996197	0.011696001134311521	0.005024934106851549	0.008311429155462334
Barnesiella	GH36	0.004148294601410837	0.010567198087137096	0.022100100846241557	0.02208026335353238
Barnesiella	GH39	1.864746202944884e-4	9.113632698247924e-5	0.052183005952560306	0.05386659997018446
Barnesiella	GH43_34	0.0098840597349102	0.014383842344249248	0.004622805367587067	0.006263567594730735
Barnesiella	GH5	0.001201335594378046	0.005031155265957636	0.014346294970941857	0.014623733550636387
Barnesiella	GH50	0.008154896538744167	0.003896091077645747	0.07193979433549678	0.07417187821602049
Barnesiella	GH51	0.008881430885746023	0.014221438226940126	0.011383905270137945	0.011787661236438507
Barnesiella	GH57	2.8630447686647245e-4	2.7728904342813738e-5	0.014363790261837907	0.01572505350433444
Barnesiella	GH5_2	0.0017803601535262704	0.008743916068229983	0.013196569450557048	0.010623306467386066
Barnesiella	GH5_5	0.0263530195939492	0.06026780970342357	0.230323593290977	0.22381338177985988
Barnesiella	GH66	5.358433362085626e-5	1.9484859577693288e-4	0.0050160680937387965	0.005456035030257688
Barnesiella	GH73	0.020642189543769052	0.007933445947088245	8.968548310038796e-5	8.784935086373262e-4
Barnesiella	GH76	0.04070085988205776	0.03874518992495778	0.03626158223839239	0.038666017942499485
Barnesiella	GH77	0.0017760145054985762	0.0035154356171311386	0.0037439240994238546	0.00232524658126885
Barnesiella	GH78	0.033661527840970304	0.02089682708386879	0.017256967712855318	0.02165907967841098
Barnesiella	GH84	0.0024393854079020265	3.313134681623567e-5	0.0019739872933607345	0.004597255004883605
Barnesiella	GH85	0.01804600937637097	0.018245337774102203	0.042199603166057476	0.04558578952504749
Barnesiella	GH89	0.015004019695763673	0.013834990163845986	0.019514857463988518	0.021914197060047064
Barnesiella	GH9	0.0013269071654811843	8.463609824290446e-4	0.026087495303379424	0.026608711941333813
Barnesiella	GH92	0.028990634303386036	0.028136183294203566	0.011508759438859597	0.013532831856329228
Barnesiella	GH95	0.006861619928072073	0.011851845137708537	0.0013335880323329867	7.7071108325514e-4
Barnesiella	GH97	0.004202228395773512	0.008684913563905805	0.001628112252350755	0.001738404055109804
Barnesiella	GT19	2.0106991496962536e-4	0.001775192280273702	0.006960686434590186	0.009492149380913488
Barnesiella	GT2	0.006262525877894002	0.025097850303762236	0.002338590890380581	0.0036609057414902653
Barnesiella	GT20	0.03608042143246282	0.07292416495743717	0.05789833960529049	0.06273667137390797
Barnesiella	GT23	5.654599985114591e-4	7.879122676084563e-4	0.02322744642384495	0.023815978940666244
Barnesiella	GT26	0.004817633092833029	0.015426623486049847	0.004915772383775387	0.006822017528277898
Barnesiella	GT28	0.0011588635582045128	0.005405771174162202	0.024985973793487156	0.0356745131649448
Barnesiella	GT3	0.0011808116923110352	0.0030621824837449565	0.02522441381678066	0.027866950885161067
Barnesiella	GT30	0.0016302618560513366	4.5450700947687327e-4	0.006419719642069439	0.009508231193646813
Barnesiella	GT35	0.011095007446835696	0.012168197452517616	0.006893973188050435	0.005155011130879185
Barnesiella	GT4	0.020767308857218645	0.048426025811888034	0.03794888833645004	0.04319963038207771
Barnesiella	GT5	9.279266020866797e-4	0.0017367769626860186	6.385307580083344e-4	0.0012608224016247016
Barnesiella	GT51	0.013537476569260362	0.0020654007840358837	0.011934994047306533	0.0061022582551351475
Barnesiella	GT8	0.003352959754436261	0.0013130750783633101	0.0030347318329504683	0.004053515521604838
Barnesiella	GT83	0.0044193834429106845	1.1578612664428042e-4	9.833934063985402e-4	5.692992791511185e-4
Barnesiella	GT9	0.008594065122136093	1.593283880144576e-4	6.657425383689504e-5	1.2982017525007427e-4
Coprobacter	CBM13	0.015612587304667937	0.012909955800962901	0.012881048520589968	0.009336004161072432
Coprobacter	CBM20	0.008203584037594282	0.003890995493380932	0.00804728946485821	0.011139355906281382
Coprobacter	CBM3	0.0874025715567232	0.08229266946898355	0.008053308489670011	0.009761062962534227
Coprobacter	CBM32	0.0034073815716674253	1.3286853105184412e-5	0.018020103317511915	0.031234115242301214
Coprobacter	CBM4	0.07291459796061879	0.06645889585084719	0.0038858600695019967	0.004983303962169279
Coprobacter	CBM48	0.007745022913620436	3.4374494099970675e-4	0.0012752574854382102	3.9366401432916384e-5
Coprobacter	CBM50	0.05637693335315857	0.03960164730099399	0.009730025939962892	0.027980931008652506
Coprobacter	CBM57	0.019847023906920964	0.010133960107736378	0.022289390452700127	0.025353465706656846
Coprobacter	CBM6	0.027880291351245052	0.010579037604525143	0.001975179387212963	0.0014158258202918736
Coprobacter	CBM62	0.016229875184531357	0.007699664481751038	0.059807786270775654	0.06702340363554839
Coprobacter	CE1	2.0355578376084546e-6	0.0029658730207992937	0.01298586600345283	0.01848173137232957
Coprobacter	CE11	0.019142413921204474	0.0018185141232918741	0.016500601897878536	0.02362212611195498
Coprobacter	CE12	0.013998814498464539	0.004246047350760488	0.01443176593621228	0.01540489318978749
Coprobacter	CE4	0.044991134053359055	0.08019252608328495	9.434969281569727e-4	2.4733187871193296e-4
Coprobacter	CE6	0.013199481006769489	0.006931824058680063	1.8404152167197796e-4	8.031584982006987e-5
Coprobacter	CE7	0.012876942535261702	0.0035624531410428694	0.01095082115160531	0.011703792543974335
Coprobacter	CE8	0.0066931944330019585	8.751149443896863e-5	0.009080086867416754	0.008924611198472925
Coprobacter	GH105	5.861826657570218e-4	0.0020028092175659483	0.026625583188538048	0.02979225349901618
Coprobacter	GH108	0.0371266595182392	0.006948001775260516	0.029621791744978324	0.03818909454724478
Coprobacter	GH109	0.001954813971392429	0.002419680335705003	0.04116990645733109	0.05532565153455352
Coprobacter	GH110	0.007336040473658585	0.013608806426052684	0.031370813969968915	0.04324976577716732
Coprobacter	GH125	0.002865121462333226	0.002121970651635366	0.031730959572227324	0.03527749120808444
Coprobacter	GH13	7.601403319787938e-5	0.0016787294925427066	0.01746852876654186	0.00845218176844595
Coprobacter	GH130	0.009278590453755437	0.005810617633716107	0.025668392027591407	0.030042584734957165
Coprobacter	GH133	0.009447636536975312	0.006742095444486987	0.0024109237542949747	0.00355025872527535
Coprobacter	GH13_14	0.0035006248858782778	0.0010502378531082057	0.007173534375338351	0.0055603689448604455
Coprobacter	GH13_38	0.01296389720573672	0.012010966137153462	0.0079573320253747	0.009347339302193659
Coprobacter	GH13_8	0.004975842587153489	0.0080742513934877	0.014690579638435007	0.02079702170119029
Coprobacter	GH15	0.02454701970234971	0.003155545065827876	0.05169791956778889	0.06076896207799185
Coprobacter	GH2	2.7571101667040956e-4	0.005237654214777795	0.034468803136951894	0.039321382110056036
Coprobacter	GH20	0.0020306830889710884	8.535920469754045e-4	0.03345426307060289	0.04376528540527992
Coprobacter	GH23	0.03712345668675642	3.6836766128449107e-4	0.0011862352261503733	3.806474095083585e-5
Coprobacter	GH27	0.002415833137444999	0.014485924454523486	0.01379960438167916	0.01813564987378451
Coprobacter	GH28	0.006032551720110747	5.108852801024852e-4	0.0149184146756037	0.013890312241448459
Coprobacter	GH29	0.0018088664262038115	0.001409420586569129	0.02666128057799273	0.034142069519291496
Coprobacter	GH3	1.605335403957558e-4	9.180113672906456e-4	0.00699539934203658	0.010431177902811326
Coprobacter	GH30_2	0.012988484738354544	0.0010265027845460088	0.03203801050383103	0.035161235453590026
Coprobacter	GH30_4	0.016402464857517375	0.006184542545575419	0.025605049251002158	0.026354320826492344
Coprobacter	GH31	0.0025169516648073033	0.005752907428478991	0.006560233619388163	0.007467903313643866
Coprobacter	GH33	9.058036132968758e-5	0.0031817684068690334	0.018282313130675843	0.028381460798585893
Coprobacter	GH35	0.017863402044268548	0.0049895000545498135	0.01575666599310644	0.020166731075446642
Coprobacter	GH36	0.02232532783748426	0.00845627428337118	0.018846498333925828	0.02000360688427311
Coprobacter	GH38	0.0050666260090964374	0.01077515830616705	0.005078755679495257	0.011530329121378599
Coprobacter	GH43_10	0.0031697734108915914	4.3029420560836715e-4	0.0059763082912291906	0.0058829686223672495
Coprobacter	GH43_12	0.03274364402886394	0.009842639605111385	0.00389724924744071	0.00363974478739598
Coprobacter	GH43_2	0.032658112721237725	0.014709459088203754	0.018602959963135962	0.017913156050217698
Coprobacter	GH43_24	3.0408585016598923e-7	0.001690984924513928	0.03916770660240243	0.04673297654000774
Coprobacter	GH43_28	0.001997147992921717	0.002853494334457643	0.038128724214497485	0.04986448908744219
Coprobacter	GH43_34	0.0019339181545729351	4.1995327237981145e-5	0.026492473179874517	0.03269516753087014
Coprobacter	GH43_8	0.007651047227047457	0.0015128832453263686	0.03830404400329493	0.05203321556122877
Coprobacter	GH57	0.020775660196915548	0.01981131590030665	0.011701383493060885	0.01446970837574641
Coprobacter	GH59	0.03660314034606174	0.042693640470562	0.006843661144904077	0.007312294971245872
Coprobacter	GH63	0.009377728099889402	3.431838582254392e-6	0.040097482851616566	0.05011696901722033
Coprobacter	GH73	0.01445760234676512	1.3143220492111976e-5	0.0019748176012610178	0.005831108312135825
Coprobacter	GH77	0.004809345904127835	0.001971545002648139	0.012569998506542494	0.008525323220585888
Coprobacter	GH84	0.02833982497486461	0.01148730397771339	0.010834663932642725	0.020080551910749193
Coprobacter	GH85	0.002087274087639942	0.005673967812879271	2.4361920576250316e-4	0.0013315207069471233
Coprobacter	GH88	8.141746700778797e-4	0.011314908048396964	0.052971674866454245	0.05837004200871985
Coprobacter	GH92	6.130436539096845e-4	0.0012272314749809082	0.04209479508965905	0.04880469314451772
Coprobacter	GH95	0.006360226469448726	8.3575774884289e-4	0.009041010153903694	0.011242304151255766
Coprobacter	GH97	0.009454041625820983	0.0022826443414488717	0.024186292364557164	0.024589524810149182
Coprobacter	GT101	0.07769054290086524	0.04417211716257301	0.01713338332812401	0.02184525721655411
Coprobacter	GT19	0.02803426454171994	0.003927298014762278	0.014128486563636652	0.020358116693629073
Coprobacter	GT2	0.0805345052651314	0.024138834352619033	0.006012727952529047	0.009585502111230606
Coprobacter	GT20	0.02163685507929396	0.0028998903601173036	0.06329117832325334	0.07479168541226666
Coprobacter	GT23	0.05537526329393853	0.031739195311717226	0.02292670528968222	0.02511914678217811
Coprobacter	GT28	0.07304305847533199	0.07198151670476291	0.006010086590119639	4.207574649928399e-4
Coprobacter	GT3	0.0096768092496062191	0.005629205574569256	0.017601516072831766	0.022494793692136285
Coprobacter	GT30	0.030714655524219186	0.003310818724663423	0.01536169676989122	0.0234092699085837
Coprobacter	GT32	0.07817780014392657	0.04006576803020086	0.004753913384249929	0.006332512145465958
Coprobacter	GT35	2.1384494326842412e-4	0.0017803354007807106	0.00444638589793476	0.0026215120101753856
Coprobacter	GT4	0.09322606280103755	0.03827838705675218	0.0411400874456026	0.052337168736512625
Coprobacter	GT5	0.02150413903500468	0.031946155703541375	0.00200366552564123	7.089116828141961e-4
Coprobacter	GT51	0.06269307092604617	0.01997304839759689	0.021931740339752915	0.01011332558409433
Coprobacter	GT83	0.04091053307034228	0.013973665291728728	0.001060094251518116	0.0018126964842638306
Coprobacter	GT9	0.05800974114036157	0.009226269344050936	0.0026130701023246135	0.0065803125462640865
Coprobacter	PL1	0.021124580623687033	0.006777134788206087	0.0054811609990702975	0.007860671100046804
Coprobacter	PL17	0.0237022398688114	0.0033071974176184663	0.08008595045449975	0.08778796842954771
Coprobacter	PL1_2	0.016458040302276433	0.0034772613463609782	0.014632727370818272	0.0166704635886311
Coprobacter	PL33_1	0.032634604156070925	0.014688989966662609	0.012314545166931696	0.014696062433988097
Coprobacter	PL33_2	0.004720176336191664	0.005085460633354294	0.019177887180989183	0.021913123261677197
Coprobacter	PL8	0.006688092883046652	3.50071013091598e-4	0.05009424360878285	0.056617140174937707
Coprobacter	PL8_2	5.6732407111754876e-5	3.016573477819183e-5	0.050917620265255877	0.057871479721102764
Coprobacter	PL9_1	0.055190076333656496	0.03592948527203935	0.004444662729736192	0.004604878399257596
Collinsella	CBM48	4.401759732040334e-4	3.5576823933013585e-4	0.05686130129774195	0.053923168604942076
Collinsella	CBM50	0.03248243045032831	0.07673984861218273	0.0029270822067806166	0.01344090899353108
Collinsella	CE1	0.018626491288645776	0.00444049967152907	0.01676387187071563	0.01414052573719901
Collinsella	CE4	0.0021455770546137203	0.06399640325167888	0.06657040949545714	0.08404654288309378
Collinsella	CE7	0.05451720991931487	0.04322256903799601	0.016810032815545526	0.017199243885434368
Collinsella	CE8	0.04253340107875454	0.016157154824041006	0.03952821018341639	0.0378393253282602
Collinsella	CE9	0.15590775445818597	0.155329814605649	0.022988916710496212	0.026329850919683897
Collinsella	GH1	0.32050871960354455	0.24802493258274982	0.12038127867505222	0.10964951628317063
Collinsella	GH105	0.06363582927151724	0.030198701790708528	0.05687020966342538	0.04850205732981668
Collinsella	GH106	0.05491022599305457	0.04324372427392436	0.0436196127837117	0.03477797347015497
Collinsella	GH13	0.013611447702268532	0.03011930370653092	0.13966937313471153	0.12624969784235765
Collinsella	GH13_30	0.6723604936049781	0.6300275116969348	0.31902327214044374	0.2893972764986919
Collinsella	GH13_39	0.12323086243964673	0.13077124850019897	0.13984214233542958	0.14855804317837032
Collinsella	GH13_9	0.08886542409854654	0.07526432026107724	0.12322546755736481	0.1159988262943685
Collinsella	GH140	0.006905998442755247	0.0070277847117839794	0.042917603352099355	0.03750008338336581
Collinsella	GH2	0.02648406419427796	0.005764281408146748	0.047091848044632435	0.043992280583137526
Collinsella	GH23	0.005205622153119871	0.010511045563402242	0.0022768589915153343	0.00974004954687292
Collinsella	GH28	0.05209677042754067	0.023308499914026667	0.04572833892162421	0.04544492108328836
Collinsella	GH31	0.061569936307150006	0.03329432578750839	3.5989165327260944e-4	0.01317946603807873
Collinsella	GH32	0.014133564147163111	0.033038706617425924	0.057341717350381315	0.05826909242512662
Collinsella	GH4	0.11222423968116632	0.07876164313987646	0.08125158955667793	0.07486106470105634
Collinsella	GH5	0.03920598416712521	0.047297963629727095	0.0033309797492790667	0.00837994541640507
Collinsella	GH77	0.17272284341989816	0.20094153659421768	0.16607053936010593	0.14311543738945112
Collinsella	GT1	0.12475457408145854	0.11605283060700596	0.05476249022265276	0.06115212987913216
Collinsella	GT2	2.7456562196152357e-4	0.04076064251395973	0.0010165910135733053	9.81089370376e-4
Collinsella	GT28	0.1765157262043806	0.21632133075928617	0.13813588925448916	0.15168066953624385
Collinsella	GT35	0.07280119987816545	0.0854239156159402	0.1063836347504442	0.08647121004716439
Collinsella	GT4	3.450295539938864e-4	0.05605372708311212	0.03307439623852676	0.017617881213156193
Collinsella	GT5	0.048860096679863	0.05114982637103816	0.0756510566960434	0.07075051716461916
Collinsella	GT51	1.640014525237704e-5	0.013857201622446047	0.0528427381729278	0.04578075945076047
Enorma	CBM48	0.0045269624372999235	4.140236112488785e-5	0.001232505737632564	2.0092867048886775e-4
Enorma	CBM50	0.07102066856695971	0.05867586733869384	0.06766959532672544	0.022422076155675923
Enorma	CE1	2.4385731193798946e-4	6.713451858818589e-4	1.7007664607871374e-4	0.008994162686073856
Enorma	CE4	0.051794178109415265	0.08919840998782524	0.0607337524807623	0.04515644476814374
Enorma	CE9	8.570196457344862e-4	0.001212259812679581	3.6991941732875697e-4	0.00878378097936793
Enorma	GH1	0.05047569625991519	0.012174713402293709	0.004636863716442091	0.0011974038972404077
Enorma	GH13	7.045760134561986e-5	0.001420027640450716	0.016266766651545535	0.006687266620603674
Enorma	GH13_30	0.07350455863250441	0.010845351711690739	0.009117295198269334	0.003499552716104393
Enorma	GH13_39	0.03007066342696107	0.059727749530374505	0.06288789066627024	0.05024382892512575
Enorma	GH13_4	0.01452290613709934	0.01414181140102215	0.005650082856550568	0.0030988342600544844
Enorma	GH13_9	0.019641000357458725	0.02842350324873	0.025725630214865024	0.018902353467059867
Enorma	GH23	0.027099512439313807	8.061592153230184e-5	2.4515587666398456e-4	0.00619377731094937
Enorma	GH25	0.06595143567627854	0.033737165393766484	0.009311143974660662	0.016320374597575446
Enorma	GH3	1.2176245794491573e-5	0.001621487468778891	8.773767413709436e-5	9.462782923120425e-4
Enorma	GH35	0.018772995022887526	0.006316542378237423	0.0025802618230439515	0.012664809658110609
Enorma	GH36	0.02285027450780997	0.00959574472039972	1.1078589412061812e-4	1.1582419830325407e-4
Enorma	GH4	8.193323575515299e-4	9.710255504515688e-6	0.014842488866461907	0.006665691383749339
Enorma	GH5	0.03621300076841661	0.02614529698029689	0.01330249332416646	0.012265970619492833
Enorma	GH73	0.012284967004596213	2.801768067865428e-6	0.0046233168793907665	1.4870400983381298e-4
Enorma	GH77	0.006517437617153422	0.0038733226200168484	0.006568472200823452	0.006192585501175454
Enorma	GT1	6.874128774207388e-4	0.006379074320333666	0.04619437275572588	0.02267599483979157
Enorma	GT2	0.08474724934325147	0.030276272986731863	2.981261738480958e-4	0.0025669050016241006
Enorma	GT28	0.08095281919550056	0.08252431021430784	0.09843378960905916	0.07367744137209835
Enorma	GT32	0.06585794333633865	0.029429457270378247	1.773928252083652e-6	0.0012873999658306514
Enorma	GT35	6.294851846566971e-5	9.232156208821206e-4	7.268542786533446e-5	9.71547509568751e-7
Enorma	GT4	0.10586158289102111	0.05334415923423844	0.001110692795299816	0.0023882658021846456
Enorma	GT5	0.02513452819054546	0.03704245184642846	0.0047723082242046395	0.0046470210253528295
Enorma	GT51	0.05835040786370543	0.018354415062172842	0.03733945227798694	0.01627050632888365
Senegalimassilia	CBM50	0.09482842819752875	0.06126187566928226	0.02436532107388517	0.005276866143630442
Senegalimassilia	CE9	0.09475228204782689	0.10185756171285024	0.003605398912497516	3.01512690109022e-4
Senegalimassilia	GH25	0.004033553943090448	2.5846776807445723e-7	0.025891219277189625	0.025521533479011274
Senegalimassilia	GH30_1	0.028740828911490886	0.024653609327988525	3.147669175142694e-4	0.0029933206638374614
Senegalimassilia	GH73	0.013287298055641113	0.003238691901354771	0.004943996909083018	9.923205568521413e-4
Senegalimassilia	GT1	0.09710735318101736	0.08035483421355039	2.1165984012898052e-5	0.005256105953441133
Senegalimassilia	GT2	0.03266511558405107	0.00844755328791423	0.006310991195502489	0.002938352526572632
Senegalimassilia	GT28	0.017731221134717673	0.02793763015764321	0.004558856524815198	0.018515712413258785
Senegalimassilia	GT4	0.030073397339252628	0.007654991813132733	0.0321310234202254	0.021356704775614157
Senegalimassilia	GT51	0.014047335142982113	0.0018760074050113615	0.0022787412150902004	0.010704782117838119
Olsenella	CBM13	0.0036592379490976664	0.019050203177648217	1.5853060381992683e-4	0.008807964137572897
Olsenella	CBM34	0.020706993168547256	0.040322870925984286	0.0123025072515415	0.007084020753963693
Olsenella	CBM48	0.006947464023259806	0.0018570688177918326	0.001924617912472312	6.538824905154679e-4
Olsenella	CBM50	0.012798024398259377	0.05484532529838648	0.03768950436474814	0.007345676031150975
Olsenella	CE1	0.005853743647023558	1.7458023452015452e-4	0.003078445425381851	0.012914365901603195
Olsenella	CE4	0.016665097847587726	0.09570849296701202	0.03054166898891799	0.024030772929996874
Olsenella	CE7	0.03702380178448265	3.746987995111821e-4	0.0013598907937537338	0.006987279408191641
Olsenella	CE9	0.067762535397619	0.0016136640037156876	0.002658822798243967	0.0084463919747932
Olsenella	GH1	0.048944649198659	0.005993062607851162	1.8683373683920908e-4	1.1852218786989027e-5
Olsenella	GH13	4.414248759439231e-4	3.4911363267283704e-5	2.078629838694012e-6	7.429256079782768e-4
Olsenella	GH13_29	0.01976450011807524	1.894558790884282e-4	3.758415263567153e-5	0.005016545714124605
Olsenella	GH13_30	0.1548811583899064	0.01395562593542029	0.003087819982062153	0.01085425745748136
Olsenella	GH13_39	0.08419207098214168	0.07032001737237188	0.005495323556190371	0.04074788464719535
Olsenella	GH13_5	2.158227793604006e-4	0.004833354502006225	0.02040363499734843	0.0036563736023746563
Olsenella	GH13_9	0.023095395944090703	0.044277472097576626	0.004025994669122387	0.015009822781936992
Olsenella	GH2	0.018090022232072914	5.374692293578071e-5	0.012839499386643107	0.016148693828583492
Olsenella	GH23	0.017235719761888153	3.1487945232586584e-4	2.2293640078849708e-4	0.01715066164315437
Olsenella	GH25	0.003898911492744244	0.012301009668404993	0.00603879605681465	0.004068431565192048
Olsenella	GH3	6.501986467112835e-5	9.761172198478118e-4	0.008460144574617034	0.0013008211319658965
Olsenella	GH32	5.068775033048131e-4	0.0015239476871525789	0.0010912453292106913	0.006515202627329221
Olsenella	GH36	0.01787829298749481	0.006705117333007539	0.00292031718825983	0.0012263041985633818
Olsenella	GH4	0.049609434264207844	2.297244245521356e-4	4.0832868087513493e-4	3.226806490493272e-4
Olsenella	GH5	0.030594343847770107	0.016969884418676907	0.003920363208394568	0.008349073954990729
Olsenella	GH73	0.012900865779849982	0.0044379143018883176	0.0023016976034133793	0.007645228372271305
Olsenella	GH77	0.03696833286646905	0.011388349237846698	4.198834271206034e-4	0.005050198207644807
Olsenella	GT1	0.05083135501742115	0.015501042487763432	0.012924662417441684	0.015629161263250486
Olsenella	GT111	4.356411700227483e-5	0.025503636727658704	0.019961519991193735	1.8921872163660138e-5
Olsenella	GT2	0.022139718388785465	0.01620998060520556	0.028979617693480758	0.002314717103936861
Olsenella	GT28	0.07183472508570958	0.09759428345620874	0.00905354558806198	0.0426180467893911
Olsenella	GT35	0.017324474800138198	7.783588242774162e-4	2.3482364948516058e-4	6.843745373690906e-6
Olsenella	GT4	0.005001723488125486	0.027284514928024674	0.058163799447028736	0.0025766706127122044
Olsenella	GT5	0.022177610550454478	0.05254608017939867	0.0020284271558224137	0.008827081663320352
Olsenella	GT51	0.0021626360668792234	0.014648030180355041	6.975703393768981e-4	0.001812521088646567
Olsenella	GT8	0.0038050462663414618	0.016278874054972317	0.00860775366347948	6.071882937488622e-6
Libanicoccus	CBM48	3.340740033005076e-4	0.0078029262009518124	0.00779056846250169	0.0020927778014624976
Libanicoccus	CE4	6.390528460590237e-5	0.04771600053457105	0.07586132257496883	0.30380101749199817
Libanicoccus	CE9	0.057315398895814475	0.06753354230031963	0.014337955998887528	0.022560104734992075
Libanicoccus	GH13	0.006316817324406268	0.03780115530116314	0.0038588055714730233	0.04714662306803129
Libanicoccus	GH13_39	0.04311416727231352	0.05666985515054907	0.028836445094699042	0.33636802187965775
Libanicoccus	GH13_9	0.0173479187139595	0.00835608476197703	0.01789987249290797	0.13929660107233302
Libanicoccus	GH29	0.05219644185304055	0.12600863944633708	0.012468090446600756	0.06953598295642979
Libanicoccus	GH5	0.025894927355794174	0.05669566571476188	6.559388686226405e-4	0.055373081334855315
Libanicoccus	GH77	0.0326482685293758	0.1016408302745904	6.047727114939509e-4	0.049711455826289004
Libanicoccus	GT1	0.04596181664478002	0.045263118291296645	0.041052878993183196	0.1666720043233717
Libanicoccus	GT2	0.030304349270124153	0.03371779872503166	0.013050561761329307	0.02356928397381561
Libanicoccus	GT28	0.030752682106409062	0.11672531548990732	0.0335663938684985	0.4315500917508339
Libanicoccus	GT35	0.017505255047422792	0.033551800196551455	0.0036743182394773175	0.003626630689884456
Libanicoccus	GT4	0.05671517659742649	0.06757931078318091	0.05097139228153881	0.05133284563950929
Libanicoccus	GT5	0.013300997244751235	0.0077528756127891235	0.014814763392936641	0.06276313666284504
Libanicoccus	GT51	0.007940849914785776	0.008951424047814965	1.5565189494488345e-4	0.0627887002988876
Eggerthella	AA4	0.0011443015073601798	0.027679281086752036	0.009394244193505243	0.03230432610352831
Eggerthella	AA6	0.11746336345901094	0.04294853494889998	0.04612299728041306	0.08212318417112528
Eggerthella	CBM13	8.889633979852115e-4	0.03251259367751252	0.03436620299746328	0.042714752375197715
Eggerthella	CE4	1.660272961220758e-8	0.1018731736349172	0.04532907123854518	0.06498052504958725
Eggerthella	CE9	0.08010499699587673	0.06920239110205213	0.03989262101835941	0.16035502241935282
Eggerthella	GH25	0.005099063747742156	0.09371411936208487	0.011913934371932007	0.056247391113996015
Eggerthella	GH73	0.001572872492624285	0.10891080425996533	0.0012656024764527826	0.018903218230461497
Eggerthella	GT1	0.0536634676746628	0.07127096656051322	0.013748271339340206	0.03605941466290549
Eggerthella	GT2	0.025323160937321128	0.09244249884000033	0.001261435398432245	0.02117031559522328
Eggerthella	GT20	0.023964059467879155	0.0457210887613234	0.011912349470383086	0.09630994743495648
Eggerthella	GT28	0.001462833968481807	0.1320007176360098	0.018105933901772658	0.12032793124981542
Eggerthella	GT4	0.029269350665829592	0.05733104905267221	0.011919363983085414	0.05809097675923724
Eggerthella	GT51	0.005718996000583339	0.04571462950100495	0.006013338938511166	0.008504294556547151
Cryptobacterium	AA6	0.007741601570553624	4.032146400052505e-4	0.002830089512528368	3.614767757328292e-4
Cryptobacterium	AA7	0.02513454932277983	0.03142885731760348	0.011743226587877029	0.0022006652089050097
Cryptobacterium	CE1	5.6229344543128e-4	1.160360986451941e-4	1.7609158131267908e-4	4.972857748045542e-4
Cryptobacterium	CE4	0.03652951394182597	0.0508212464348111	0.02739149819761041	0.009892574405435417
Cryptobacterium	GH25	0.058168747720405665	0.024986883478725304	0.002264480678281086	0.002773667737869482
Cryptobacterium	GT1	7.497724036663294e-4	0.005443768504233531	0.019055249792114284	0.003170035616106767
Cryptobacterium	GT111	0.068832916735992	0.008210259134677348	0.002202331325255763	0.004179945492565407
Cryptobacterium	GT2	0.05209136465933728	0.008332201455766741	0.0015632871995554193	0.005591647152041201
Cryptobacterium	GT26	0.019255050623195043	0.0014604555822481887	0.0016157880297752022	5.0185541751202534e-5
Cryptobacterium	GT28	0.06710943540441429	0.05461137751127842	0.03973215108651	0.014198055680250248
Cryptobacterium	GT4	0.058125045125345165	0.013135171199794283	9.457785475802979e-6	0.00227156747230749
Cryptobacterium	GT51	0.04927206020352939	0.011518096163612273	0.019097874475714836	0.005435151488505524
Bifidobacterium	CBM13	0.05988960050381243	0.1179043917637405	0.18383129806735474	0.253998195883747
Bifidobacterium	CBM22	0.015613314512133393	0.11535632230639817	0.1494945618715147	0.2975515474767032
Bifidobacterium	CBM41	0.13261588646646627	0.17019452667695778	0.35737957830604267	0.4395641626603916
Bifidobacterium	CBM48	0.05317286570934039	0.11625989105418363	0.1566927043905056	0.16983246483448933
Bifidobacterium	CBM50	6.968752742987463e-6	0.11568889807508173	0.0011141505697834229	0.2169938260992064
Bifidobacterium	CBM6	0.0042653838472998095	0.09838585499712489	0.040119714013196014	0.06718511127271529
Bifidobacterium	CBM61	0.02698461590369168	0.14316014880034808	0.02445274099601475	0.05118344115909385
Bifidobacterium	CE1	0.021834264141180594	0.08691023550893694	0.016995234703063307	0.0640641372850094
Bifidobacterium	CE4	0.006326287482192194	0.23151253727090776	0.05260886365863385	0.3679942909935018
Bifidobacterium	CE9	0.11595548937014934	0.18444502695147907	0.05234651025824722	0.1398712373866516
Bifidobacterium	GH1	0.10812077209295776	0.1639782972777073	0.15474186310904225	0.16679971160834958
Bifidobacterium	GH101	0.18745529428178323	0.36967652519335154	0.13114119793629356	0.2867689344549745
Bifidobacterium	GH112	0.044713107740937334	0.20816364991644468	0.15094842200323522	0.17947805111831303
Bifidobacterium	GH120	0.2566215305170951	0.323038357684076	0.23852952495345556	0.24825974162636041
Bifidobacterium	GH121	0.6167160639775571	0.5977371419150974	0.5098376053405211	0.5784416057214047
Bifidobacterium	GH125	1.8657646492884893e-4	0.03300912359338675	0.010777061848298441	0.0822066889205198
Bifidobacterium	GH127	0.06506841977958283	0.10746049071089599	5.447965574438616e-4	0.1256190950494391
Bifidobacterium	GH129	0.1918106584935542	0.31447056776343235	0.26115112914474414	0.3233717048088893
Bifidobacterium	GH13	0.14047013843009773	0.2453328403481358	0.19978127921166985	0.22193308256783628
Bifidobacterium	GH13_11	0.041742558621438317	0.1582956047422908	0.3325585082366901	0.32347944724214395
Bifidobacterium	GH13_14	0.06158135945864932	0.12039724681622255	0.09136616037178909	0.13538487813431221
Bifidobacterium	GH13_18	0.1660587467955142	0.20956977396967455	0.3261484430550688	0.3150078701606455
Bifidobacterium	GH13_3	0.6698665468601213	0.6253626311444723	0.8627164327866546	0.7118794026443833
Bifidobacterium	GH13_30	0.6526187776373147	0.6252895493372347	0.7137664039478049	0.6797545059606771
Bifidobacterium	GH13_31	0.16770119560808242	0.2434474730205963	0.25290620385933493	0.2616627796855885
Bifidobacterium	GH13_32	0.8403282939246837	0.8489918856968172	0.6241424388130864	0.8184670336235716
Bifidobacterium	GH13_4	0.06283498815095741	0.20646116655110255	0.1464280808340747	0.17163745690705337
Bifidobacterium	GH13_9	0.031106334234804155	0.15040665217547391	0.1516521363131575	0.2572299917836006
Bifidobacterium	GH146	0.0031120106876898713	0.06550588916766129	0.05095274253907508	0.11300348758291591
Bifidobacterium	GH2	0.029957597760763555	0.08112727391132642	0.03150625356172941	0.1365123253477713
Bifidobacterium	GH20	0.0022165015409625773	0.04684579003242896	0.057988779868943775	0.11557163875649117
Bifidobacterium	GH23	5.902924012526204e-4	0.12392968994877603	0.0011416241351848123	0.06003074671047873
Bifidobacterium	GH25	0.029894487755152004	0.17156633113698086	0.05041808235946349	0.10316755247716321
Bifidobacterium	GH27	7.368558844814696e-5	0.07495386677515939	0.0050043507345777965	0.05504418044990234
Bifidobacterium	GH3	0.12189440603439822	0.18161396618300274	0.023377795258007567	0.06720074393284316
Bifidobacterium	GH30_2	0.061243656641832185	0.08579388145741161	0.002182533321519551	0.03749302519785772
Bifidobacterium	GH30_5	0.0021850785744848113	0.16703208314214907	0.1735299789972316	0.2430309836242471
Bifidobacterium	GH31	0.009322472424762546	0.055479864742611046	0.00880293313441385	0.16413134627673864
Bifidobacterium	GH32	0.10948663797953358	0.22265449847315563	0.08924614198722743	0.14564244837535606
Bifidobacterium	GH33	5.132399904900528e-4	0.07855349774926561	0.05214192559121356	0.08442810244048932
Bifidobacterium	GH36	0.016456730440239774	0.11855036309718932	0.04382095995653439	0.08093194232061904
Bifidobacterium	GH38	0.01791573788915594	0.16502160368856447	0.040561872766495616	0.13363498002112817
Bifidobacterium	GH42	0.1624100385572926	0.22997583175602201	0.21524623465834966	0.26003512584749844
Bifidobacterium	GH43_10	0.004064091589529409	0.13170596818351962	0.01771983912406941	0.09404442546654251
Bifidobacterium	GH43_11	0.2945931207718468	0.3254394702326657	0.3365934942945526	0.3253794303581103
Bifidobacterium	GH43_16	0.012913979360416666	0.12603460897787444	0.007239639596496696	0.05988212292278249
Bifidobacterium	GH43_22	0.4178306290900206	0.4674435485084126	0.4470602384235939	0.4542531990541189
Bifidobacterium	GH43_24	3.1105936279401345e-4	0.042985997432817315	0.033202886360871764	0.09638881262368197
Bifidobacterium	GH43_26	0.09966923670259002	0.16394736631507784	0.11180872574201792	0.19475429247922574
Bifidobacterium	GH43_27	0.5523834235029722	0.5412340423726786	0.5650243717001641	0.5307076209321236
Bifidobacterium	GH43_34	0.004491000670840995	0.054242979343288505	0.03422695021031602	0.11725350142953062
Bifidobacterium	GH43_4	0.004772790957235677	0.12440202991630596	0.0063179376395192015	0.10710354187380208
Bifidobacterium	GH5	0.0031220419002923835	0.13374244537458224	8.740638299351164e-4	0.08661655263106358
Bifidobacterium	GH51	0.03242174390469815	0.1284060246560077	2.557260377134807e-4	0.13251754179847097
Bifidobacterium	GH53	0.020462173560507602	0.16292249611321138	0.03182568951389434	0.06182184141223117
Bifidobacterium	GH5_18	0.19445462394115473	0.37253287385222555	0.31217243757657515	0.476100131625863
Bifidobacterium	GH5_44	0.45537528627053975	0.491647996843637	0.47096075536019344	0.4495390297946029
Bifidobacterium	GH77	0.28658371515345843	0.3596685760557386	0.2496733947714993	0.25846283796020336
Bifidobacterium	GH8	0.039914736274913154	0.13517149813257232	0.05588975103376681	0.08828300291410014
Bifidobacterium	GH85	0.004987353351414082	0.05595397817656521	0.004718077167099039	0.03360642885810568
Bifidobacterium	GH94	0.028873295200454004	0.21192131884173582	0.08834707120784627	0.1978845956422693
Bifidobacterium	GH95	5.221821452217748e-4	0.08830843519343697	0.08975743271709868	0.16456986851328492
Bifidobacterium	GT111	0.10630226944391104	0.24307582766886054	0.029967019696944815	0.05992670636751125
Bifidobacterium	GT2	0.017084471376299426	0.1530076596068198	1.7366870352570842e-4	0.04037907727637421
Bifidobacterium	GT28	0.20068169482951004	0.33885311521482225	0.0892511282276905	0.5153526129574764
Bifidobacterium	GT35	0.11797906304429419	0.20598063146822404	0.15261070431068013	0.15711749701228903
Bifidobacterium	GT4	0.015889573897424982	0.14854728859131433	0.02605412662310594	0.06528334631185599
Bifidobacterium	GT5	0.011321798001715648	0.12294769231514976	0.1197214095229365	0.17397663928141785
Bifidobacterium	GT51	0.01746658421774454	0.09861400752015503	0.04394386250599186	0.10732850532803469
Rothia	AA1	3.8307838290248166e-4	0.013099018352275048	3.3242212851176845e-6	0.008160832830252306
Rothia	CBM50	0.019847611167470802	0.0028858040097269368	0.01822154334344489	4.955129941529332e-4
Rothia	CE14	0.001955447021641676	0.001967596133361208	0.058820461400452016	0.04648829680629195
Rothia	CE4	0.00568240914050881	0.005991255665483749	0.0666436364774508	0.04269107517273673
Rothia	GH1	7.943810371724059e-4	0.01320499734589377	7.001128829417942e-4	8.333461056557525e-4
Rothia	GH13	0.00719796601051253	0.00845423921965526	1.0869216843959042e-5	0.004750315174081659
Rothia	GH13_29	0.006576567105434461	0.007979981157470312	0.004497959193704882	0.021640613041536652
Rothia	GH13_31	0.002543121291277654	0.01213193777541353	0.004874606101031029	6.047884712246388e-5
Rothia	GH2	9.108795789982139e-4	3.6048537571841375e-4	0.019068471127483468	0.04077569273062224
Rothia	GH23	0.00983726672016868	0.0016712373943500321	0.025802771182784963	0.06678053132774811
Rothia	GH25	0.016002459611626864	0.0010802417426349223	8.798213024469354e-6	1.7814479709712047e-4
Rothia	GH32	1.0432466677911212e-6	0.006810649573510497	0.024054373289141413	0.031201071224913036
Rothia	GH76	0.00369818852476292	0.006101626459954932	3.605533009541745e-4	0.004785302519597436
Rothia	GT1	0.017253480847489837	0.007342306803321722	0.03817957787845733	0.013897979480472515
Rothia	GT14	0.028350266121293977	0.004910646704444221	0.0013804934467892538	1.2822927879028308e-5
Rothia	GT2	0.024007793251401326	8.148573910230014e-4	0.0018922909459079497	5.330157701154782e-4
Rothia	GT25	0.010493154303752143	0.005158942027256826	8.821168649930822e-4	0.009184926150245343
Rothia	GT28	7.666733531255952e-4	1.920349719623928e-7	0.09760439954763969	0.06323903419445348
Rothia	GT39	3.241412369235056e-7	0.003827239759407951	0.09247033377313953	0.09143651910479798
Rothia	GT4	0.03555237268385467	0.0060522063121252485	0.007546588110799359	1.4227276794485282e-4
Rothia	GT51	0.010197681291503282	7.28924719772816e-5	1.1619903024080247e-4	0.006820272243626281
Rothia	GT87	2.328310655154376e-4	8.079372314013185e-4	0.0027934068997306693	0.006834077812321672
Sutterella	CBM50	0.060437150355693345	0.0519817796341786	0.02248115553160251	0.1222514091877256
Sutterella	CE1	0.06931288043234986	0.0959661523510272	0.029881253746059832	0.05699280089514941
Sutterella	CE11	0.09380607436450447	0.07083805053747008	0.04618527639060649	0.10261866324388205
Sutterella	CE9	0.00850062435757194	0.0397474291913696	0.013423281590643916	0.05650905173330939
Sutterella	GH102	0.038284071683331776	0.03252356540068825	0.05440120417440671	0.05716753006338101
Sutterella	GH103	0.058273970505819436	0.05777997446920702	0.07935880982922515	0.07701915814069184
Sutterella	GH23	0.07062610468593805	0.0838174385681321	0.0281554360822763	0.07436942834963135
Sutterella	GH24	0.0020078052069235244	0.018309673438981496	0.032845564786291456	0.03866272280350859
Sutterella	GH3	0.025043158248797104	0.11492723517916321	0.0028606790042434386	0.03739837315303248
Sutterella	GH8	0.08531396343515053	0.11843082825197598	0.0073573701511004345	0.02328075247072708
Sutterella	GT104	0.12137915652657195	0.14598348033523043	0.26097907844834844	0.2121908440559283
Sutterella	GT19	0.16334386956739222	0.13508235078346073	0.07873453765672962	0.10837201284500045
Sutterella	GT2	0.06421103716236361	0.12643440423465313	0.01337579430663812	0.03489440667168855
Sutterella	GT25	0.0639589652988017	0.09490096780847031	0.030195172843288223	0.058077091464537565
Sutterella	GT28	0.020129229541542545	0.13901068654489473	6.39300770214595e-4	0.23913472698681734
Sutterella	GT30	0.08300406406038593	0.07878219191509263	0.06609463698058515	0.10350604585280888
Sutterella	GT4	0.016164848816780646	0.10976996057574026	0.005975381312538946	0.03843835834625663
Sutterella	GT51	0.0732619053328587	0.07518643691816157	0.016311264025166028	0.04103805762206728
Sutterella	GT8	9.864353044858165e-4	0.08078903030188583	0.015711397896016388	0.0436685269697005
Sutterella	GT9	0.08190031340890896	0.09084483963028953	0.06257513610197474	0.11940175663166068
Sutterella	PL22	0.025300851501448975	0.042720819096814966	0.012935023506171192	0.04335357824295182
Parasutterella	AA6	0.0013391708544939498	6.045414326920285e-4	0.001698028558837718	0.00744356976089224
Parasutterella	AA7	0.007868979496635746	0.006439784496497734	0.009692315121912673	0.003410748799674654
Parasutterella	CBM50	0.00958151409684755	7.499790823129912e-4	0.0013609146967066793	0.010701930214456092
Parasutterella	CE11	0.0013205857786213785	0.0021580735314616034	0.010285954897858565	0.016137610574866925
Parasutterella	CE9	3.809570160721747e-4	0.004412404004948463	0.002265059992461697	0.006639558477142634
Parasutterella	GH102	0.016144579655505708	3.259616202981354e-5	0.014716963862402184	0.02634060011709697
Parasutterella	GH103	0.03997035571062904	0.006848799897811884	0.0033791287945830117	0.010710553785465515
Parasutterella	GH23	0.005848072110784781	0.0033002850907262924	7.703080245365445e-5	8.66985254438692e-4
Parasutterella	GH24	0.004349619154750122	0.007856044369819445	0.009810980805519709	0.014946655123545849
Parasutterella	GH3	0.008574755740970073	0.016768252327334122	0.011303070347416597	0.015610556043860784
Parasutterella	GH8	0.01659665066040699	1.344825582880767e-5	0.004138874048597235	0.004567057184809201
Parasutterella	GT104	0.07762691306595458	0.03863238476553537	0.02122145491070445	0.029334831338767943
Parasutterella	GT111	0.024170362959971197	8.945436505515492e-8	0.009663410367195695	0.011667001399286715
Parasutterella	GT19	0.002791469058172701	0.0016332190529008506	0.009110754040699469	0.014302258355834386
Parasutterella	GT2	0.007128874727913545	0.0022863949640723144	0.005160751325097539	0.008496676598792073
Parasutterella	GT25	0.01747906053148668	0.003027399525379205	0.0031168222507473708	0.007432274645754265
Parasutterella	GT28	0.03735822993943241	0.020969218582815446	0.01458057429901504	0.004546513944658159
Parasutterella	GT30	0.004807565240496517	9.60300893409398e-4	0.009551328328990406	0.016109574827810547
Parasutterella	GT4	0.003857308508124296	0.004647312497742992	0.030142193680296102	0.04032667544867986
Parasutterella	GT51	0.01893170316192856	9.235828426343705e-4	0.024731286258454527	0.012960915917258878
Parasutterella	GT8	0.038601088315893664	0.0028791946759784276	0.0022274066672403306	0.0010195765005438075
Parasutterella	GT9	0.013754378269257687	8.052778535273758e-5	0.0026519836896252494	0.00650952106287529
Duodenibacillus	AA7	0.0021449377750892493	0.002734262885956534	0.003737591633642048	3.0488106795111604e-4
Duodenibacillus	CBM50	0.0011598835002509596	0.0039076205285606715	0.02488601929184821	0.007494105481242402
Duodenibacillus	CE11	0.0066590923666667795	0.012389221816996327	9.832323346833742e-5	0.001536159452389798
Duodenibacillus	CE9	0.00332859942697799	0.005293263183494583	0.023361387440226356	0.014040268167358086
Duodenibacillus	GH102	0.014356787456785345	0.027666985621415167	9.920453109088104e-4	1.9860439783970292e-4
Duodenibacillus	GH103	0.00322868087094166	0.011153996840213815	8.068130125180508e-4	0.006479690232239165
Duodenibacillus	GH23	0.00741954286756072	0.018357410841780195	0.0014731677060066488	1.4860479628050163e-5
Duodenibacillus	GH24	8.446579597182201e-4	0.001159287375261864	2.519715379223174e-4	0.0018132671287578138
Duodenibacillus	GH3	0.01903929178779483	0.021173575665499305	0.012087260046162934	0.008411564974374565
Duodenibacillus	GH8	0.011558953597020173	0.025027000052460717	0.0012368267689736945	0.001049514969508176
Duodenibacillus	GT104	0.0036212420036476714	0.009936869503071422	0.010670084230550918	0.018231031569449163
Duodenibacillus	GT19	0.004889716353076608	0.010846179145156903	0.0021718169033458673	0.00565135665750633
Duodenibacillus	GT2	3.485524889935458e-4	0.0010091793611625643	0.0027080036082094945	9.2206398754537e-4
Duodenibacillus	GT25	0.017450296746634876	0.04079136519494897	0.0015790164412124326	4.074211586012395e-5
Duodenibacillus	GT28	0.00915125859955007	0.014251900914303253	0.010144578194113001	0.0018552167026160986
Duodenibacillus	GT30	0.001632219907953218	0.006110736991676728	6.543730369180178e-4	0.0035185697488992
Duodenibacillus	GT4	0.0226624775779514	0.00999962543133415	0.017247544819993025	0.010803339054963411
Duodenibacillus	GT51	0.003966523459539341	0.011161597635350455	7.2841479307076e-6	0.0021436733207304244
Duodenibacillus	GT83	0.0019061447927466852	0.005998813262717204	0.008868361351307162	0.01164156209162126
Duodenibacillus	GT9	0.001297062735419309	0.007216596556057571	0.002626026379551946	0.007332391765512491
Comamonas	AA1	0.030499023808884376	0.07045133327159642	0.035276266925690795	0.00337023642236143
Comamonas	AA3_2	0.06431493640754961	0.11393120091205429	5.758878713265154e-4	0.01363294403547753
Comamonas	AA4	2.7306043382095312e-5	0.0022859271761422905	0.13893606991032428	0.06973290728217603
Comamonas	AA7	2.6358260260964567e-4	6.95987067518285e-5	0.11536109219726536	0.0853360288200097
Comamonas	AA8	0.03522423787927935	0.07817635943109268	0.004042404116842026	0.007035107276128388
Comamonas	CBM50	0.014540904372409609	0.0049962175655298546	0.18961596165701003	0.09599927079954794
Comamonas	CE1	0.021103681691294382	0.016835481120638304	6.869380756585239e-4	0.01567608145933548
Comamonas	CE11	0.0031924913442989596	1.2533841632814489e-5	0.0025780306783767764	0.030300212909407778
Comamonas	CE4	0.02728423430587532	0.024875794984365197	0.20569272081877993	0.18273563708383803
Comamonas	GH102	0.01238067471384945	0.038405264186358465	0.04126518021781509	0.010992552345585542
Comamonas	GH103	0.010111462615511003	0.03534598286157527	0.04582359588491561	0.010128205994756138
Comamonas	GH23	0.001684079384071099	0.0173876698520681	0.0015794638116864643	0.010434594487508171
Comamonas	GH24	0.010922621126043888	0.014051044313306116	0.0022245711961765284	8.302690713718523e-4
Comamonas	GH3	0.011818219788765813	0.008986368770276214	0.004350200891811547	3.625001730831256e-4
Comamonas	GH73	3.4934949372407166e-4	0.0016173593518232147	0.005020809196544961	0.001107019234656816
Comamonas	GT104	3.257017489752033e-5	0.005846895505829557	0.01980105348000801	0.007095296933219294
Comamonas	GT107	0.021709412477201658	0.039290753947101444	0.02977601637031309	0.006270257186436286
Comamonas	GT19	0.006782175011948687	5.035170470943717e-4	1.584417647759437e-7	0.009939680053958186
Comamonas	GT2	0.02824788122267721	0.006727872918486515	0.0011369456538167341	0.001979469984653667
Comamonas	GT25	0.0018485291875500888	0.007242584693181894	0.006288402257577281	3.671269760099054e-4
Comamonas	GT28	0.0260828696166093	0.015401836345144493	0.2850100017605076	0.24711454684040565
Comamonas	GT30	0.0026629376832346865	2.111750152618846e-4	1.6512560786353954e-9	0.01459207947262926
Comamonas	GT32	0.010938072190752733	8.676743818713454e-4	9.120554207908771e-4	3.560926949911468e-4
Comamonas	GT4	0.04707445912190004	0.019042251595723626	0.004003585092636884	9.839443810653787e-4
Comamonas	GT51	0.0031859156763818204	2.718619753036492e-4	0.07388768837050948	0.03426562323230853
Comamonas	GT83	0.006818335571937148	5.475261517472284e-4	0.006343661435761234	0.021697151360948002
Comamonas	PL22	0.003962766075710677	0.001684028569366498	0.002110548371297404	0.0027323482544044015
Haemophilus	AA1	0.025834850390411366	0.04955277735698023	0.02384146366913509	0.040021266961785006
Haemophilus	CBM48	0.017405948003306023	0.021748014235751685	0.0070794888084182335	0.012694854923604138
Haemophilus	CBM50	0.0010156023444129606	1.2821738782190722e-6	0.0015175019594047595	9.031476352111263e-4
Haemophilus	CE1	0.0060485760632261534	0.006466915531425993	0.04724486602121738	0.0578282896647757
Haemophilus	CE11	0.017447057213787913	0.02666494728166985	0.031632725077144055	0.04148721985452187
Haemophilus	CE4	0.09504923683537395	0.08523045158538821	0.028384042511476606	0.015467034983241819
Haemophilus	CE9	0.029550250154877142	0.019925172348447047	0.0019560349857162492	6.58582016898905e-5
Haemophilus	GH102	0.0024796326221223656	0.011619286277323398	0.004204170743658334	0.01130405956822201
Haemophilus	GH103	0.010825575549766488	0.027110482154922406	0.006140649201285738	0.01524392883754466
Haemophilus	GH13	0.007353760204952648	0.008296459536949503	2.912783915634397e-4	0.002885528357817928
Haemophilus	GH13_11	0.0031897707122204304	0.009199098535148763	0.0014917748480013677	2.464167445495369e-4
Haemophilus	GH13_9	0.032017434981809506	0.025883753608496665	0.013187522401803986	0.007150265043808033
Haemophilus	GH153	0.0689060828353528	0.10120575942964428	0.1296046243487793	0.15607806206248734
Haemophilus	GH2	2.646875758141402e-4	5.886288467518318e-4	0.020172152846512862	0.024931155480183577
Haemophilus	GH23	0.04864260499524592	0.07670466400383584	0.026009733423356763	0.04000439446933659
Haemophilus	GH24	0.05552844338004468	0.05603952492286601	0.007882950296421096	0.012317635041496622
Haemophilus	GH3	0.0030379161269479303	0.001901009374441964	0.004921011580517236	0.008403593746254379
Haemophilus	GH32	0.014943369293506656	0.026113144612823068	0.008010218198813979	0.00838237828993946
Haemophilus	GH77	0.02262651831495142	0.01754794897654792	0.002134674094905321	7.693658193698863e-4
Haemophilus	GT111	0.012265065516374647	0.031435341961665614	0.00878518098226259	0.010778470537036932
Haemophilus	GT19	0.028851995813650253	0.041102034162726044	0.021127948401404844	0.02872755293735279
Haemophilus	GT2	0.05657658206041886	0.08302674441581968	0.015661766585242595	0.02114164519401139
Haemophilus	GT25	0.11813942171253589	0.17761389704837344	0.04730396186774851	0.061440837750928436
Haemophilus	GT28	0.06654427476370789	0.0482151898355837	0.030466828055760814	0.014865955586026975
Haemophilus	GT30	0.039689728264244495	0.056236709516508186	0.023386003162072157	0.03314636317563035
Haemophilus	GT35	0.014197462631209449	0.010551363692581812	0.0032489866231491843	0.0017869188813423441
Haemophilus	GT4	5.832097444250867e-4	0.006962153609884591	6.05309433088491e-4	0.002811561616390623
Haemophilus	GT41	0.13763857428961992	0.14673752551440297	0.461293350874673	0.4627139929428541
Haemophilus	GT5	0.03859797754655355	0.030734053502152192	0.02367756161511608	0.01853243912624731
Haemophilus	GT51	0.0042232669515775275	0.012773961786668722	0.005818367502405197	0.013781769893832533
Haemophilus	GT8	0.021600932889048307	0.045716293759577156	0.010318632492661782	0.012665969984502513
Haemophilus	GT9	0.05392881080445169	0.0811986321590772	0.03795772253229088	0.04979407673110446
Acinetobacter	AA1	0.011254368971715237	2.1102815627180237e-4	6.638839491410945e-6	0.0015954821727465272
Acinetobacter	AA3_2	0.013235927618545317	0.0021077537987071473	0.009800874322847037	0.008168455004950066
Acinetobacter	AA6	0.0015137819954689573	0.005237351355756204	0.005754002911431671	0.008621175071729503
Acinetobacter	AA7	0.018001999262036848	0.06040828069088353	0.001976106376756604	0.02566385681944277
Acinetobacter	AA8	0.029689316520304328	0.009432133397725733	0.00667217468124898	0.0068199575243131074
Acinetobacter	CBM50	0.02159282880699322	0.06388161234616052	0.00729929717537493	0.012034864157556033
Acinetobacter	CE1	0.002851187610004568	0.005783433079725836	6.276273309268438e-4	0.02099090009269096
Acinetobacter	CE11	0.004945900650617274	0.004000448682056786	1.3900626368443472e-6	0.020583650988144124
Acinetobacter	CE4	0.026829218645177556	0.12268155413728793	0.0035357113882942934	0.02438014081888987
Acinetobacter	GH103	0.046887770014207436	0.03716184711333246	0.023632460535598268	0.026769186107364125
Acinetobacter	GH108	0.013842025792337032	0.010939679879955559	0.007236947383754121	0.007951422740978884
Acinetobacter	GH153	0.03286289839813337	0.011728190356430593	0.0012677207527381279	0.002601596685164802
Acinetobacter	GH23	0.008182316812948119	0.0020600125004980553	0.0016796216522359019	0.005067447636013283
Acinetobacter	GH24	6.625125141468001e-4	0.006208784815030755	0.002010931630474221	0.010291281025187752
Acinetobacter	GH25	0.05354933005810466	0.040855474656439086	0.02273043482025817	0.03626751486280798
Acinetobacter	GH3	0.001632490072984141	0.0030850939974601983	0.0033270054464467455	0.01081355718235425
Acinetobacter	GT19	0.007484868304101691	0.007504549186350171	7.678747724150271e-5	0.00685818046615836
Acinetobacter	GT2	0.03123056960293401	0.044106122813252005	0.005441569552221936	0.014759623033331433
Acinetobacter	GT20	0.0019093896577907375	0.006407477727028905	0.016161415886794237	0.04122263723401633
Acinetobacter	GT25	0.03188593711453872	0.029506517126841925	0.002086126623275862	0.004066563078281473
Acinetobacter	GT28	0.042556453801582884	0.09898241799988643	4.840037461369948e-5	0.05208913522599775
Acinetobacter	GT30	0.010783403381911373	0.005676421347825211	6.735202476978004e-4	0.010827256442921264
Acinetobacter	GT4	0.023712183794703034	0.07895526170867743	0.01293057192969878	0.027733238780930553
Acinetobacter	GT51	0.034300263480401286	0.020095236518583814	0.014445079051413188	0.02066908246664652
Acinetobacter	GT83	0.010795018713916872	0.01379183659934326	0.0017993468856168451	0.004784955671690443
Citrobacter	AA1	0.017640283998938716	0.07191579936560717	9.38740451067882e-4	0.011219386277818658
Citrobacter	AA3_2	0.016256436137380224	0.05998154611845731	0.018292722839942384	0.039167958804825
Citrobacter	AA6	0.004910022864588285	0.019092707349919687	0.0064715562406609025	1.2860599559319346e-5
Citrobacter	AA8	0.006490567387527162	0.04121896194205696	0.008340217872181302	0.025492102971010337
Citrobacter	CBM34	0.006543144964351903	6.506897280344311e-5	0.028264029677184752	0.023236254205346907
Citrobacter	CBM48	0.002082162276674076	4.863467092124602e-5	0.0034562233681339804	5.366500185679692e-4
Citrobacter	CBM50	0.028086934224380945	0.008097792887023138	0.05127573085479649	0.022155266374493526
Citrobacter	CE1	7.590765859286712e-4	1.3570777299263198e-6	0.0077821246961010965	0.01896010464158215
Citrobacter	CE11	0.002608878208770548	3.3818097164373134e-4	0.009743910570922621	0.025878953819107747
Citrobacter	CE4	0.04211986089313096	0.03227400643680282	0.09445206220888823	0.07336283977541772
Citrobacter	CE8	1.2081329386206195e-7	0.00315318072572369	0.021226288784060358	0.027117658309673998
Citrobacter	CE9	0.003144813518357646	2.624447842629929e-7	0.001166834468483003	6.651028344466666e-4
Citrobacter	GH1	2.26400260734458e-4	0.009943389715184102	0.006228960509893608	0.002655178866211253
Citrobacter	GH102	6.750379033381778e-5	0.01258375348774613	0.00471312378473386	4.774402312700393e-5
Citrobacter	GH103	0.0011795768799344629	0.007442299186585292	0.0026606599937336996	5.616808316953903e-4
Citrobacter	GH105	6.774203871818448e-6	0.0011135684835331975	0.016701004023129476	0.028054274427553875
Citrobacter	GH127	0.0017005841626339935	1.2544405799231183e-4	0.01731503142833254	0.02730760115095125
Citrobacter	GH13	0.0042057829210268415	0.0012335078121657812	0.025684646111809106	0.016991367239057708
Citrobacter	GH13_11	6.124574613961774e-4	0.003946802780371005	0.0028643561503419466	8.462245300071713e-4
Citrobacter	GH13_18	7.522335056521544e-4	0.005144875995075463	0.004318860293892072	0.003339100908103951
Citrobacter	GH13_19	2.2836025051966617e-6	0.0057620367959549616	0.005899453001539704	0.004709293330763733
Citrobacter	GH13_21	0.01926054281643298	0.04666852109441074	0.01923544060972896	0.039773806733584216
Citrobacter	GH13_29	0.007297502229988121	0.010416268392674156	1.5767485034010511e-4	0.0050108809931086115
Citrobacter	GH13_5	7.718852965751026e-4	0.0271268522080161	0.0067935225819906854	0.002092027692955727
Citrobacter	GH13_9	0.012659575925629806	0.008440830387614305	0.05036672179358998	0.04269483876059316
Citrobacter	GH153	0.01390657808806852	0.06167260264676592	0.012816609002036477	0.03738261123076317
Citrobacter	GH154	9.791017324786019e-5	0.0010963101634957086	0.010059851706167773	0.020943283283616488
Citrobacter	GH18	0.0026908204801791595	0.0028026820070170965	6.803267867450721e-6	0.0024277590684915226
Citrobacter	GH19	5.843691867136798e-6	0.0037475574702473735	5.168570754461709e-4	3.2044864249523934e-4
Citrobacter	GH2	0.004368418639647868	0.0026111795484595134	0.012448096037640568	0.02391226367594485
Citrobacter	GH23	3.2894087084927654e-4	0.020992333558809938	0.0037925499309440264	0.016613128343851438
Citrobacter	GH24	0.010631901833438545	0.008488995767795698	4.575238317043533e-5	0.003034158798652662
Citrobacter	GH3	0.007505000987916799	0.006483921071294604	0.0014306880763949707	1.0439467353410863e-4
Citrobacter	GH31	3.4204942604199165e-4	8.444103700177828e-4	0.007830393765117622	0.013273117849551744
Citrobacter	GH32	2.1192852782429649e-4	0.005743755674489603	9.28517943698605e-4	9.888421458728598e-4
Citrobacter	GH37	0.006725172902756174	0.03704157936808859	0.001062738646693358	3.8648030501190874e-5
Citrobacter	GH38	0.0033136696043079283	0.002409813240751198	0.020537637862272924	0.011454057484080687
Citrobacter	GH4	0.003316745047146038	0.009243281600198982	0.017645903484439125	0.0056221257142678276
Citrobacter	GH43_26	0.0012605979325463678	0.003731668860228629	0.0030928441844937046	0.007001444162587395
Citrobacter	GH5	0.012387295590754141	0.004279250033647969	0.011705849308583292	0.011010190250460045
Citrobacter	GH5_13	0.0018690278126437206	0.0049877372132366895	0.0014571015307453955	2.618061456074117e-4
Citrobacter	GH63	0.004817422025369541	4.5385094493772805e-5	0.0013418838319477564	0.008672888171403109
Citrobacter	GH65	3.226353538773267e-5	0.001227706224008974	0.008348010076583404	0.0035752420774315436
Citrobacter	GH73	5.704164659571479e-4	0.0024073171655833087	1.0001329858913936e-5	0.0028863644007212767
Citrobacter	GH77	0.017454924791535452	0.010293715261566562	0.02671206472185844	0.02647872667185432
Citrobacter	GH8	0.005367200341338524	0.0024776927729236275	6.042282093289133e-4	8.076229849754292e-8
Citrobacter	GH88	0.0010802676295324884	0.004934218036742389	0.00944476728700277	0.017138178421705584
Citrobacter	GT111	0.027069150513242105	9.886627051540217e-4	1.937256836972142e-4	2.5361182789332722e-5
Citrobacter	GT19	0.003204258786762976	3.995399025478267e-4	0.002395498808307373	0.01128384348331005
Citrobacter	GT2	0.018040136371656246	3.814122177967983e-4	1.995476255783213e-5	0.003515832168331268
Citrobacter	GT20	0.003350418905670777	0.033595892220101654	0.0027770824241564827	0.010978461735501563
Citrobacter	GT25	0.001029551514569456	0.019396631776633227	7.647778592928716e-4	0.00867527955056532
Citrobacter	GT26	0.0024581196356582495	8.642940897020668e-4	2.3537598156113184e-5	9.319826016169611e-4
Citrobacter	GT28	0.08316104315376283	0.05271745497090931	0.12122391004776091	0.09010315556897215
Citrobacter	GT30	0.0011687932689076735	0.002359481037980306	0.0041169584907301306	0.017181489240646018
Citrobacter	GT35	1.1232020510067228e-4	1.6928867203717772e-4	0.0072774325190090175	0.006020374753810271
Citrobacter	GT4	0.023381419086606115	0.0013822755765755758	8.501095674280397e-5	0.002426610080390791
Citrobacter	GT41	0.004103460953827442	1.0967437312934136e-4	0.008304303689269762	0.004719462238685235
Citrobacter	GT5	0.013412480317977094	0.007811168939415366	0.026753608299350532	0.025847825346166513
Citrobacter	GT51	0.013184680824485966	4.262392729344192e-6	0.007209185858442984	0.0012360020277442955
Citrobacter	GT56	0.017744303687276027	0.06395578032936929	0.011439867631133057	0.032594719146424686
Citrobacter	GT73	1.071351219041264e-6	0.01943848705753201	7.132109294318692e-4	0.0032877034710535303
Citrobacter	GT8	0.0029238682511768025	0.006859976266452799	7.949173908885182e-5	0.001240348619559615
Citrobacter	GT80	2.2773646291674925e-5	0.0031381615546683217	0.03646592370203013	0.018952494229797803
Citrobacter	GT83	0.005530905600643947	5.710806186716766e-5	0.009470388531336632	0.015689202561918848
Citrobacter	GT9	1.713076876478459e-7	0.012291816222527768	0.009636102243203954	0.02752937058905245
Klebsiella	AA1	0.19100448854782032	0.21032675598204145	0.06674566430447543	0.08153812921965746
Klebsiella	AA3_2	0.17787573768928	0.18966102720795502	0.18160400092843126	0.19137026008561234
Klebsiella	AA6	0.035315676041799325	0.037996440907451565	0.0031088219659165866	0.010068392072324647
Klebsiella	AA8	0.1399842960853064	0.15732709155198107	0.11972645245644788	0.13642339463924866
Klebsiella	CBM34	0.00982079311589518	0.016123616267722615	0.02022493347342624	0.01439971103326917
Klebsiella	CBM35	0.0030120944175949524	0.00253856108395194	0.02080235778592932	0.012521527627933125
Klebsiella	CBM41	0.0029824313075120803	0.00837881837936144	2.0000490909230186e-4	3.4907490357631944e-5
Klebsiella	CBM48	4.220974047223321e-5	9.372925023448945e-6	0.001099863666370442	1.8726753768568536e-4
Klebsiella	CBM50	8.590019044048976e-4	0.0036405683921626832	0.02302896596021311	0.011063919374193766
Klebsiella	CE1	0.002657291615610589	0.0034072187786278697	0.01809903310951591	0.022660095166474103
Klebsiella	CE11	0.007472204967847454	0.012749116910650376	0.02993024562977901	0.04201230688146039
Klebsiella	CE14	0.004502994460007374	0.004101945742053161	0.004358757048062131	7.596534302143968e-4
Klebsiella	CE4	0.012627816960678759	0.008671408038286352	0.08749859604141216	0.06646897219131695
Klebsiella	CE8	0.029470925368397446	0.035227384636586034	0.029794809458580034	0.03455063057495561
Klebsiella	CE9	0.013589402503352483	0.010149744270355069	4.307489533273599e-4	6.186787062460204e-4
Klebsiella	GH1	0.009822407153582074	0.017807595312190262	2.454249358541653e-4	0.001621930029051453
Klebsiella	GH102	0.05401728363608276	0.069393274974687	0.013615773943115882	0.022336563455570675
Klebsiella	GH103	0.04915399650705653	0.06524640855965223	0.027413271617108936	0.03903846573704364
Klebsiella	GH105	0.008605210272972412	0.01049575509114489	0.01659333440771662	0.023689542452978985
Klebsiella	GH108	0.012247904976271833	0.021498022100137737	0.0025463527875254468	4.0940264473684953e-4
Klebsiella	GH13	0.01621522396441854	0.013271765629667311	0.012302787704256067	0.00797691154012988
Klebsiella	GH13_11	0.002807560376900964	0.006272235291697038	3.2288092684130997e-4	4.946976845276571e-6
Klebsiella	GH13_13	0.5871536120251535	0.6153883673600308	0.3711052284575544	0.36917872865832413
Klebsiella	GH13_16	0.21922159296014407	0.22359439819569413	0.048771563432158827	0.046903249024734736
Klebsiella	GH13_19	0.03783231755617795	0.04574886209368479	0.003460609745745816	0.004229590736190907
Klebsiella	GH13_21	0.15064949808577857	0.1489568754738002	0.1352908328064539	0.14188228312385534
Klebsiella	GH13_29	0.006240646292742612	0.004201890726917847	0.029407172059898488	0.04060097860991956
Klebsiella	GH13_5	0.08370126578905548	0.10362790801461966	2.8611681242073187e-5	3.2961396092280647e-4
Klebsiella	GH13_9	0.017886248915337022	0.016780670676977444	0.031256926064247854	0.023303250594294472
Klebsiella	GH153	0.2309223566611217	0.2474252769058701	0.1251370462388219	0.1431657014106339
Klebsiella	GH18	0.007717693153155657	0.00797596558376525	0.002801135382984643	3.324057009811339e-4
Klebsiella	GH19	0.036513574973428456	0.04571160021132812	0.023645468600176016	0.018444506309621952
Klebsiella	GH2	6.264792837621914e-8	1.7152939634370603e-4	0.005083285442972121	0.009842272759775747
Klebsiella	GH23	0.043745819997090776	0.0612096218302338	0.03786808613789741	0.05242894980876116
Klebsiella	GH24	0.006621146441329494	0.004252347988228941	0.0069032034364012425	0.014117377540671234
Klebsiella	GH28	0.001591762479873283	0.003345151768407114	0.016752696628625094	0.020123807624125144
Klebsiella	GH3	0.014313446546485089	0.0109976628335052	0.0060008607732035335	0.00466812475926883
Klebsiella	GH31	0.001501378525302832	0.0015364340757483422	6.875099733620782e-4	0.0013479873005925063
Klebsiella	GH32	0.008030328576335117	0.014457996264833755	3.8939265520576834e-4	2.697015389663388e-4
Klebsiella	GH33	0.004849880507962182	0.005641390985194215	0.0021706379919102944	0.009248511705442462
Klebsiella	GH36	1.0202685594029735e-4	0.0011869717806558923	0.0013947886099393726	0.0017481294699313791
Klebsiella	GH37	0.119391979065979	0.13250976966612302	0.040145368644854684	0.049145278631801584
Klebsiella	GH4	0.019086953365582703	0.01943940237905	0.0031925889882458086	0.007895227151056065
Klebsiella	GH42	0.004338299821823405	0.0011825155735541006	0.011910303689979791	0.00687569555169666
Klebsiella	GH43_10	0.012001950222691493	0.015555968346406126	0.024385688298708498	0.026962487865032723
Klebsiella	GH43_11	1.2235813715003488e-4	0.0023602382494291693	0.0027026160271500345	0.00214152557653329
Klebsiella	GH43_26	4.904788631669928e-4	6.750355331528881e-4	6.342228639784437e-5	6.112649296322721e-4
Klebsiella	GH53	0.01370968956321599	0.021083497561493796	0.001162101019138763	0.001189781033981964
Klebsiella	GH63	9.119041503424951e-4	0.0035359918274031456	0.004360687484884858	0.010745832368935285
Klebsiella	GH73	0.0075236409975692475	0.012289380891098312	1.8640778291339823e-4	0.0014947240456358645
Klebsiella	GH77	0.018650966721551605	0.014482522346683334	0.027460018923328916	0.024751331342227467
Klebsiella	GH78	0.04301779976905606	0.04373031583020143	0.003598394028559781	4.160377106837868e-4
Klebsiella	GH8	0.02893101676486228	0.04579836815072923	0.007490297366673835	0.004968849694051201
Klebsiella	GH91	0.004383298594031808	0.015640176187227878	0.01598487913648618	0.011094128218579002
Klebsiella	GT111	0.01464420691815825	0.029867335847906948	4.071627334553983e-4	1.0264798318958207e-4
Klebsiella	GT19	0.025930187674515336	0.03605058350330449	0.015747188582440164	0.023837294893534273
Klebsiella	GT2	0.020381980897382537	0.03354356561572803	0.0021517505940436186	7.66897855354553e-4
Klebsiella	GT20	0.09497974917063731	0.11270849562004157	0.005859001488071501	0.015227820328445888
Klebsiella	GT26	0.03523782792978161	0.043472068673794134	0.002968873244747718	0.007670530884177553
Klebsiella	GT28	0.014219199609597553	0.007464829376449991	0.08446631712295843	0.06478078688536651
Klebsiella	GT30	0.02460744959857476	0.034424652469985856	0.025548683760407052	0.037019778863623
Klebsiella	GT35	0.003128690021545193	0.0030306158751558297	0.0048664396686657245	0.0027974912593457632
Klebsiella	GT4	0.02456923656235129	0.040493129788564015	0.00449245370318504	0.0012570870305066335
Klebsiella	GT5	0.012384563174015562	0.010499287225577567	0.02644654598878752	0.0206909833270211
Klebsiella	GT51	0.009567621554000105	0.018586326901198737	1.3333118820031375e-4	7.623503247319169e-4
Klebsiella	GT56	0.19102771202337662	0.20397213234352257	0.10615796277608423	0.12235164153544706
Klebsiella	GT73	0.19121720508640866	0.21091026143286465	0.030695781190329802	0.0340220956008111
Klebsiella	GT8	0.06315410362432802	0.09138516478417512	0.005150241514228148	0.006835208528120142
Klebsiella	GT83	0.01303080209830567	0.021338687552150664	0.03120387664723933	0.034528267726501145
Klebsiella	GT9	0.06449975889845545	0.0830394111888373	0.06482883268483496	0.07847365063761813
Klebsiella	PL22	0.05240655608255148	0.05639282003043961	0.006915307257813575	0.01449370018774485
Klebsiella	PL22_1	0.33668944166356446	0.35340123316579725	0.026034921631302145	0.03190955960562177
Enterobacter	AA1	0.16403924446407642	0.19647350988243492	0.005122161188413718	0.023936963775422825
Enterobacter	AA10	0.2942006634965758	0.3270253406039273	0.06485207630866505	0.08175855928785976
Enterobacter	AA3_2	0.15510590776285416	0.18214314624463354	0.05361456770765885	0.09065633414883191
Enterobacter	AA6	0.0348746375485573	0.04018003930995514	0.010722501554959294	8.573452597949372e-4
Enterobacter	AA8	0.10879338820461947	0.13762182487011995	0.022936481795851452	0.05255900790007766
Enterobacter	CBM34	0.014227042279409957	0.02420741818194828	0.032305773021042455	0.020823631627680708
Enterobacter	CBM48	6.591619940614705e-4	0.0024263784029280432	0.002734542043293011	1.6000933055944914e-4
Enterobacter	CBM5	0.05483684975374785	0.07502581027175989	3.141862717268683e-5	0.0028747916430904275
Enterobacter	CBM50	0.0016425970863388844	4.805017353611521e-5	0.053684248525086985	0.01571289447261713
Enterobacter	CE1	6.028028807276218e-4	0.0013177780434525928	0.013141260303469446	0.023831854351540036
Enterobacter	CE11	0.0038904810333465598	0.008926504402640903	0.016174437391978935	0.03156324190275185
Enterobacter	CE4	0.0399714640789694	0.033892116120384064	0.10715972295691804	0.0731203767367438
Enterobacter	CE8	0.013585683625216352	0.019894330230992706	0.029521466881467374	0.031318758181479896
Enterobacter	CE9	0.0044263499500187976	0.002483886546741228	0.004931526356449859	1.3681275645792748e-4
Enterobacter	GH1	0.020064647958148538	0.03251690702395208	0.008014295464335214	0.001987196239895419
Enterobacter	GH102	0.04598392362086416	0.06559057199865174	0.0010052164585753927	0.0015342534106103929
Enterobacter	GH103	0.04569583590214813	0.06728739145374579	1.2912346720267388e-5	0.005640357738830542
Enterobacter	GH105	0.002076664828982083	0.004319173542897683	0.01913240938972695	0.026600040222758477
Enterobacter	GH108	0.010826342784122589	0.020578669968863355	0.003297834899760369	4.1746303986359026e-4
Enterobacter	GH127	0.002684772734422594	0.0010498665782585964	0.019354364235087355	0.023166144981275866
Enterobacter	GH13	0.003378863698971034	0.0017636300539857488	0.022989060230220848	0.009616764953938435
Enterobacter	GH13_10	0.17976469921910035	0.18532206836709553	0.01853392621331856	0.03706928498035562
Enterobacter	GH13_11	0.012707240675158913	0.02112765714553759	0.004186328877441259	9.254445855076641e-4
Enterobacter	GH13_16	0.1638411183440855	0.18747695210120505	0.00877899462937341	0.01756387701576188
Enterobacter	GH13_18	0.00849299970446272	0.01662947202900871	0.004869282392231587	0.00177464773093241
Enterobacter	GH13_19	0.031164965822791196	0.041887871765938944	0.0026359485502146156	8.248816672314927e-4
Enterobacter	GH13_21	0.13238126758597457	0.14255849728555745	0.032355849495975815	0.06073645619485367
Enterobacter	GH13_26	0.6224697970063309	0.6606274288181282	0.24295157480510685	0.30660135175711634
Enterobacter	GH13_29	0.018577829793360652	0.01573595128101364	1.9182212231813606e-4	0.007259973293407761
Enterobacter	GH13_5	0.06595630301858296	0.09002105187944728	0.01057751986625565	0.0035069014898232876
Enterobacter	GH13_9	0.01143137839098079	0.009409756199732429	0.04952840994474038	0.033169730825081546
Enterobacter	GH153	0.19110255734729797	0.22294590473947798	0.033014997869706124	0.063018316983059125
Enterobacter	GH154	0.007183976085417679	0.010769454070685492	0.00892409133590365	0.016406767948601415
Enterobacter	GH18	0.015725039540865886	0.017357611108980316	0.002881875102361083	1.2161472823019475e-4
Enterobacter	GH19	0.03919836490016898	0.05169095459313055	0.0054186213070432105	0.0075892344354048895
Enterobacter	GH2	0.004309676978331486	0.002599406775928374	0.013126489151274673	0.020734482596484482
Enterobacter	GH20	0.008937210983837575	0.006289900796686743	0.00340593264770308	0.012463872937227111
Enterobacter	GH23	0.050851360961232044	0.0734006049712537	0.005029059580999046	0.019706529525723764
Enterobacter	GH24	0.012764820691818515	0.012160284191260745	0.0017912197223144076	0.007201638247460033
Enterobacter	GH28	2.0346757291861374e-4	1.1713414901270214e-4	0.028450637970662683	0.029344361868674586
Enterobacter	GH3	0.01687211814079667	0.012162258352317096	0.0015701741628682691	1.1887417925000574e-4
Enterobacter	GH31	9.698257177684916e-6	7.042988543183567e-6	0.0037993739530130253	0.005488532576400388
Enterobacter	GH32	0.007238190249531475	0.01571161988121377	4.2959239243838264e-4	5.215986497379475e-4
Enterobacter	GH36	6.108211492495257e-5	7.606095824307377e-4	0.0036471348005661175	0.0023693062461906614
Enterobacter	GH37	0.08908533553607509	0.10767001351119704	0.00057046555922341305	4.8386496891936865e-4
Enterobacter	GH38	0.0125586756101939	0.011930164317940134	0.03378325846498793	0.017467916124579194
Enterobacter	GH4	0.016300205763139876	0.015486109097035908	0.015428349051790979	0.004222478839569016
Enterobacter	GH43_11	9.066574609401984e-4	0.004964717038407286	0.005395615034650299	0.0030179790968026736
Enterobacter	GH43_26	2.5170376933219585e-6	4.347119860415847e-5	3.270155465048102e-5	3.9518625090308217e-4
Enterobacter	GH5	5.093318115605367e-4	1.221964562992387e-4	0.0012889118345526564	0.0010670405301127417
Enterobacter	GH5_13	0.0030694936510402286	0.004437357046361348	8.727004802034096e-4	3.1562590287976776e-5
Enterobacter	GH65	5.047854947835402e-5	1.212439542426459e-5	0.015152644722451107	0.006655176296046386
Enterobacter	GH73	0.015805669640454354	0.024872622073448827	9.671272541297836e-4	0.007441320340591041
Enterobacter	GH77	0.013133474770689043	0.009682299176736353	0.02807633434968286	0.022084059806553907
Enterobacter	GH8	0.028603132669264824	0.04866310570936839	0.0012188342357837018	9.73379801228795e-4
Enterobacter	GH88	0.007633578873305231	0.009494594503458197	0.006479220870329802	0.012057001050063415
Enterobacter	GT1	0.022792929469044303	0.02382066532325025	0.06343569632107476	0.03009734616126409
Enterobacter	GT17	0.0018553496348731203	0.0016112580803384839	0.0072372781345816165	0.006004042555568313
Enterobacter	GT19	0.007567743777362059	0.015529615663157628	0.007301344219601857	0.017432694237349826
Enterobacter	GT2	0.012609117348779978	0.028550144043668575	8.31027892437055e-4	0.003809972137368317
Enterobacter	GT20	0.06864635673747378	0.0936366046564068	0.0010351042932738995	0.006067303221354806
Enterobacter	GT26	0.009857034175041517	0.01803071040097242	1.364519426310503e-6	0.0015363944334273049
Enterobacter	GT28	0.035059071426258824	0.021316833532208288	0.10966003364468085	0.06523681783634594
Enterobacter	GT30	0.01328134613473927	0.02391305195982078	0.009374878402662774	0.023161322282383337
Enterobacter	GT35	2.873924047687579e-4	3.9123373986134184e-4	0.010590331250472632	0.007871946530110344
Enterobacter	GT4	0.0030641437446325033	0.012320970346180012	4.8380283873175926e-4	5.340556403218978e-4
Enterobacter	GT5	0.008521103743016449	0.006773633475632592	0.0374128956797171	0.030712707289399132
Enterobacter	GT51	0.008747672403862945	0.02005225390210275	0.0036628917567902214	1.1849559862368895e-4
Enterobacter	GT56	0.16796961035710997	0.19537839883630312	0.019746520706473668	0.04717576409938752
Enterobacter	GT83	0.0037570403752879584	0.010043410910804813	0.020537169598432888	0.02724024998938137
Enterobacter	GT9	0.04655503442823825	0.06874573863699877	0.019261114239202973	0.03821368639415402
Enterobacter	PL22	0.005463773499531962	0.007269474732584654	4.895738259894693e-4	0.005316916972041117
Enterobacter	PL22_1	0.15012545949757958	0.18062513847933767	8.026495528793174e-4	4.3289539998934214e-4
Escherichia	AA1	0.603742047365433	0.6241174992321374	0.2699988155135509	0.2921810387643319
Escherichia	AA3_2	0.7036465707967504	0.7149029437593871	0.6363576207201705	0.647625120463136
Escherichia	AA6	0.2839416217619156	0.2828569986346327	0.09039399068692545	0.1060502886984159
Escherichia	AA8	0.6190914718091451	0.6367033147111146	0.5838368901227053	0.6010991597360497
Escherichia	CBM34	0.04619835770204117	0.05627893246077785	0.013482493769241786	0.008963563425014164
Escherichia	CBM48	1.5465808846507638e-6	3.331341068197306e-4	0.009599455533315744	0.0057916542878057534
Escherichia	CBM5	0.21134684610168875	0.23058996512730934	0.04686091906944129	0.05612177835178904
Escherichia	CBM50	0.008510943614990291	0.012567861110339517	1.7929653129541054e-4	0.0011706968698829334
Escherichia	CE1	0.01684312224907454	0.013689717090681114	0.004446676680921127	0.006563741249061666
Escherichia	CE11	0.009184411888146251	0.013701902557719668	0.03847695145484809	0.04401123791735884
Escherichia	CE14	0.13614969598772217	0.12534257257983825	0.02128063801388924	0.027536887820228364
Escherichia	CE4	0.022482647133929782	0.019531808882479882	0.02982405340557049	0.018914962194838777
Escherichia	CE8	0.006658238535477755	0.00344292054690567	0.004271418067753796	0.0041125383328465825
Escherichia	CE9	0.052853982851755826	0.054827027848021	0.009970254904111483	0.014787446546297399
Escherichia	GH1	0.14642101104853497	0.16296658776090597	0.0026418379664436106	0.0050071101253596345
Escherichia	GH102	0.30811267965571576	0.3286841286562387	0.05222685054581094	0.06367126542702746
Escherichia	GH103	0.21479710876721658	0.2364331314361888	0.11319399052459894	0.13018801483238804
Escherichia	GH104	0.38991134278213946	0.4080114015930768	0.3048655831703669	0.2931201226717135
Escherichia	GH127	0.031765979500567636	0.02598861561390258	3.054643145140425e-7	1.1603742456733118e-5
Escherichia	GH13	0.011913861837760305	0.009389725739329459	0.019995021856366094	0.012561914505661508
Escherichia	GH13_11	0.06760372328189385	0.07678058185187911	1.8001921449674294e-6	2.90493212467296e-4
Escherichia	GH13_18	0.09009689926224924	0.10239259567644184	9.960460255135415e-5	5.224556448469202e-4
Escherichia	GH13_19	0.14294477905900188	0.15159251625024134	0.03085393781191537	0.03336613859637393
Escherichia	GH13_21	0.5766679352002761	0.5688024517331347	0.5646470596792206	0.5755921050151998
Escherichia	GH13_29	0.14679381677134715	0.13600823067634416	0.0702633053907302	0.08288541179819332
Escherichia	GH13_5	0.29174046707221013	0.31566715650479105	0.036506795777790445	0.042773724081572324
Escherichia	GH13_9	0.004135737215321243	0.0045358888122553915	0.021087121984795183	0.014382136759767626
Escherichia	GH15	0.11933965901493172	0.12927974683843269	0.010713953157356858	0.013472524958046513
Escherichia	GH153	0.45475310599701085	0.47615243267438107	0.3358649647396105	0.3495136927974641
Escherichia	GH2	0.047379990311265725	0.0409446318535074	0.008594026625445393	0.010150150712282629
Escherichia	GH23	0.13371306480831116	0.15429820882322476	0.028299279565765535	0.03665002797065429
Escherichia	GH24	0.040380617967895306	0.0391495396031466	0.017519780327543952	0.02125051166102878
Escherichia	GH25	0.00613188599512959	0.0020058114897657836	0.042832514102563675	0.04144582956388088
Escherichia	GH3	0.05407058203689203	0.04686137380830957	0.016248573136957985	0.012373049610192855
Escherichia	GH31	0.022795050835096236	0.02107380527021878	9.201710496938041e-4	6.366812272105772e-4
Escherichia	GH32	0.008197329345542752	0.0032627708882179023	0.034084862380507945	0.032130920814360725
Escherichia	GH37	0.5212579399320243	0.5295649151278542	0.19862448207195046	0.20527018197730007
Escherichia	GH38	0.018145489572936716	0.016891956253189892	7.054433695405056e-4	0.002600737866479789
Escherichia	GH4	0.14653736201815432	0.1406183462316003	0.018466488695194704	0.025297737074902692
Escherichia	GH63	0.0457862910340341	0.051845904873617336	0.05647065303277427	0.06242531853468249
Escherichia	GH65	0.09835825045138158	0.09387619984436975	0.004289277080181475	0.006783557499125935
Escherichia	GH73	0.01672180539568356	0.02285163537485438	8.17510600141703e-5	9.494919782646599e-4
Escherichia	GH77	0.003012942513058113	0.0019344079876922687	0.037185897772781744	0.03096103039904327
Escherichia	GH8	0.032763504811316214	0.04676112713530309	0.004444413575185721	0.0045465344232671415
Escherichia	GT107	0.11424789229871761	0.12139322919809954	0.11312263914689992	0.12539323490897333
Escherichia	GT19	0.0016212266605507468	0.004494655201026175	0.019349829600476702	0.02341610577870666
Escherichia	GT2	0.007109072296563194	0.001666331470871622	0.008430638132975477	0.005656112466218053
Escherichia	GT20	0.40838457999974315	0.4316259665889232	0.047131217309724555	0.052481809896685924
Escherichia	GT25	0.07986573959996479	0.10876181728580098	0.026238757644734483	0.032325508324677794
Escherichia	GT26	0.004195262538567302	0.008169903847262459	0.009154387675161461	0.011860252655546752
Escherichia	GT28	0.028001168983629702	0.019907233908457403	0.014841064835630333	0.0065807697195898055
Escherichia	GT30	0.015521373036457327	0.022743138547333556	0.03135902616506134	0.03752165707916519
Escherichia	GT35	0.025155934410919383	0.024307145671984432	0.008839073747595804	0.006715696152190477
Escherichia	GT4	0.004963383019669199	8.267748607043579e-4	5.767091414565558e-4	0.0018330927534734288
Escherichia	GT5	0.009039318158003783	0.009487230699023096	0.015946405508771862	0.012424455930274988
Escherichia	GT51	0.036231886562643555	0.04766537704345884	0.005305303900017123	0.010392388748295343
Escherichia	GT56	0.6685646654784956	0.6823237155096573	0.4678232664014329	0.4863779202037762
Escherichia	GT8	0.09989627011766161	0.12352527375765614	0.007211107309255937	0.008792199419762788
Escherichia	GT83	0.005036885173545436	0.009216401178073876	0.016815581621923228	0.017877920766287476
Escherichia	GT9	0.07970854232799308	0.09714423999213202	0.08463314630241489	0.09294004604465049
Succinivibrio	CBM3	0.3573088677872907	0.3597128434581472	7.356580469029541e-4	2.0909197857197043e-4
Succinivibrio	CBM34	0.09932787765821743	0.10746548338184127	0.022541369492992205	0.014306403500889004
Succinivibrio	CBM48	0.006854183249429826	0.008596174741567354	0.008358201573753755	0.003172820256434911
Succinivibrio	CBM50	0.02352145302885507	0.02738562105867449	0.035960272691546724	0.010683964720065397
Succinivibrio	CE1	0.02218034961497634	0.01961158417842605	0.0014554924244482546	6.282921754536703e-5
Succinivibrio	CE11	0.05169363186669488	0.05702938639970278	0.002675423842803154	0.008277713793240257
Succinivibrio	CE9	0.019680215451914132	0.01624214796988674	0.014296824320374626	0.005886941047195845
Succinivibrio	GH103	0.3913390294355451	0.4061834820607238	0.005284234255854288	0.019950345730166835
Succinivibrio	GH13	1.6602731949506523e-5	3.928186964794301e-6	0.009103504532355821	0.0022583757486929804
Succinivibrio	GH13_11	0.1889040352367346	0.1956964169867117	8.434184442881364e-6	0.0012102802630039782
Succinivibrio	GH13_19	0.3108167978760098	0.3148941872425729	3.749371314887855e-5	2.561600587752202e-4
Succinivibrio	GH13_20	0.18901270717260626	0.19275391047772544	0.011489011744156697	0.0071449690891066805
Succinivibrio	GH13_37	0.7223495796114267	0.704856819425499	0.2769862029658206	0.29346516600844286
Succinivibrio	GH13_9	0.0014328338154766256	0.0010793401583473207	0.025579414079400512	0.0152473852798667
Succinivibrio	GH140	0.07199058652755684	0.07891685575052272	0.007561917885930241	0.005065467508844656
Succinivibrio	GH23	0.14018747650849545	0.15457129516820237	0.0013620108982649608	0.008736636829742826
Succinivibrio	GH24	0.020110677254194305	0.02000809426656552	3.1166882581467817e-4	0.002683424496618722
Succinivibrio	GH31	0.05195429222932035	0.04922506170190711	0.006266769242896876	0.005492060760890615
Succinivibrio	GH36	0.004339864951946141	0.0060065735714581675	0.002063457300758222	0.001557201612570812
Succinivibrio	GH42	0.029861913610669512	0.024373201195854625	0.027267916873644098	0.022289286850563143
Succinivibrio	GH53	0.03478051373305477	0.037611418144533004	8.676147612481376e-5	9.666448237485269e-4
Succinivibrio	GH73	0.053986618226232394	0.059997846906621334	4.7913285018309056e-6	0.0017690230585917946
Succinivibrio	GH77	0.07429535741027171	0.06740635383672676	0.010737765878084289	0.006998626636692623
Succinivibrio	GH8	0.10433434041951367	0.11802525910298685	0.009104246962401925	0.009089321557905958
Succinivibrio	GH84	0.06446028110910171	0.06889359589382979	5.499056645080642e-4	0.0060504163048793955
Succinivibrio	GT104	0.4939224245924109	0.5002830713816682	0.02720524425739716	0.04395338127821391
Succinivibrio	GT19	0.10575137348740621	0.11298825309169148	0.004106767244985519	0.010367435914503249
Succinivibrio	GT2	0.0030511834457880656	0.006546453033585565	0.014608300712854391	0.00951009410734565
Succinivibrio	GT28	0.009016064220981307	0.006246560053473783	0.03202906158252699	0.012371838136123624
Succinivibrio	GT30	0.0837418362922591	0.09196504701946906	0.00403053481768364	0.011758344470245609
Succinivibrio	GT35	0.08688802147245725	0.08124322610751049	0.01588593123795537	0.012588432061985245
Succinivibrio	GT4	0.00867270808666205	0.0042103306598891485	0.035828281234694885	0.025394612462528044
Succinivibrio	GT5	0.0010953222290941973	7.715581098105917e-4	0.02578710288379987	0.020849093832968277
Succinivibrio	GT51	0.1365946072711585	0.14771512632948494	3.5981648275447317e-4	0.006731935468326922
Succinivibrio	GT9	0.15948549490078384	0.1734616457651366	0.01295262816515018	0.02597096951413211
Desulfovibrio	AA4	0.046072330407119826	0.053776168273461114	0.06249548713027612	0.021795545678557897
Desulfovibrio	AA6	0.02137053486982897	0.028051240883654644	0.002405528517021949	0.005347432157348344
Desulfovibrio	AA7	0.031758698981940406	0.04389780974387336	0.009466565346048344	0.010223845902695648
Desulfovibrio	CBM50	0.004744777431287599	0.044876349656054866	0.022435784774729264	0.02366011854613416
Desulfovibrio	CE1	0.0435995611841325	0.04340778579386402	0.009182615224505563	0.006614335155507775
Desulfovibrio	CE4	0.02032904057566728	0.06809383374016646	0.013184406833121836	0.04906327096264206
Desulfovibrio	GH102	0.02393751057983831	0.03803386326013106	0.011205340494733937	0.006293453096121926
Desulfovibrio	GH103	0.03655631058422604	0.056203688507367504	0.03579524370638918	0.02028131705859816
Desulfovibrio	GH108	0.008404640635024248	0.012971106762176653	0.0025057017279720723	0.003287207876710324
Desulfovibrio	GH133	0.03505637286190984	0.06095966284146897	8.759882806864703e-4	0.0027244616730717
Desulfovibrio	GH13_33	0.39178830742661436	0.6116145887422011	0.6107567054943173	0.7283392521027918
Desulfovibrio	GH23	0.0018762383830247305	0.008316839924507295	0.014367953740361464	0.002198485532813305
Desulfovibrio	GH24	0.0013880801062623586	0.010920414416421399	9.507780061121989e-4	7.872880190542649e-4
Desulfovibrio	GH57	0.016630878436523	0.0487377042069496	0.012096829307130227	0.006899439265825523
Desulfovibrio	GT111	0.012381733250072422	0.05723015951427215	0.020784506782611265	0.020579921247360695
Desulfovibrio	GT2	0.06613497116857629	0.08852408372475758	0.030162671498031892	0.015462257548544656
Desulfovibrio	GT28	0.015967303313441917	0.06942289854404238	0.05321791489828512	0.04484968012193709
Desulfovibrio	GT3	0.021037050090987115	0.04273473532913963	0.00493944040672054	0.0020869348525323827
Desulfovibrio	GT35	8.717213100048313e-4	0.0019971567542568474	0.014490817817911502	0.012909098491282328
Desulfovibrio	GT4	0.020701006859859934	0.05272437212097817	0.0035174948885891505	0.012473902321741955
Desulfovibrio	GT51	6.36597398420175e-4	0.012931549861258914	0.008248334202490146	0.010713525840792406
Desulfovibrio	GT66	0.10299466595267193	0.09356630578438928	0.014990778632766964	0.019416580250579664
Desulfovibrio	GT83	0.0023934564865393257	0.009897495482430555	1.3365413558522044e-5	0.010186587486219041
Desulfovibrio	GT9	8.084075268820056e-5	0.00692021543402531	8.67368636544883e-4	0.010462689470056486
Bilophila	AA4	0.007570658813686903	0.017947819906032624	0.01376633078174054	0.028433647312138394
Bilophila	CBM5	0.00971819509709756	0.033609578861844576	0.027353440386666494	0.03747457393619754
Bilophila	CBM50	0.0031527752299591143	0.011854468922919649	0.04373268777796047	0.07060687640156248
Bilophila	CE1	7.997787173899719e-4	9.34314641938352e-5	0.02863246486615838	0.033818902338173654
Bilophila	CE11	9.559806676474128e-4	6.819735423233858e-4	0.0395505891837638	0.046439000237149225
Bilophila	CE4	0.004587245777658876	0.006044229633948812	0.006980257775620799	0.015170043215699352
Bilophila	GH102	0.01188092451500662	0.03863331315646761	0.08356073528446518	0.1004452763804724
Bilophila	GH103	0.0011438296609956084	0.015580221885365961	0.052278152044099524	0.06940873930102061
Bilophila	GH108	3.469892242748285e-4	0.007929687024551633	0.043026405861580456	0.049465232706517995
Bilophila	GH133	0.00115504978461829	1.4543557164353158e-4	0.004910561833537226	0.006002344635041863
Bilophila	GH23	0.002263684551537406	0.0021129834688401786	0.004751932268616089	0.010746249695763174
Bilophila	GH24	0.0020938464732026766	0.0012543026026433021	0.02323396733766042	0.028461306723231113
Bilophila	GH3	0.006558213656919636	0.009476886659384216	0.03383397389442572	0.037759249776905986
Bilophila	GH57	0.006373214146520119	0.0028809824452717347	0.015044980541086777	0.016907461388091616
Bilophila	GT107	0.022292896031875776	0.04008448763878374	0.1095595047280418	0.12400836883390907
Bilophila	GT19	2.410778576193297e-4	0.002440544050924806	0.030489716023819953	0.036420952875659746
Bilophila	GT2	0.0026441232739865487	0.0017359482684803818	0.006077009702420075	0.008959187859096041
Bilophila	GT28	0.010264538104424088	0.02141219450356622	8.024205555048137e-4	0.0063544669360238995
Bilophila	GT3	0.0016491798209635259	2.4120170187573952e-4	0.031368009422392776	0.03507611082001564
Bilophila	GT30	0.002593586093264148	4.080739567502532e-4	0.03359980834748226	0.041673578656176505
Bilophila	GT35	0.014460538016346447	0.01594079043726453	8.990512380759954e-5	5.192757888814634e-4
Bilophila	GT4	3.6761436792824917e-4	0.011795603061756334	0.05279543010227931	0.06082736708844289
Bilophila	GT51	0.003483132376566826	4.7355114555484347e-4	0.0065009065384811085	0.0011741755951288077
Bilophila	GT66	0.026790796812590372	0.03275238486411441	0.010538849414608302	0.016269781827727002
Bilophila	GT83	0.008544583747891734	7.926486022877582e-4	0.0035073572172326195	0.004415977701481925
Bilophila	GT9	0.003697506998472661	9.552108081702105e-4	0.01588456785154718	0.022307522537030836
Azospirillum	CBM48	0.004377269129316418	0.005617522424745616	0.010286059095311455	0.015468940511411988
Azospirillum	CBM50	0.02167597998439134	0.06861989646148516	0.010769515091161013	0.03940057099736361
Azospirillum	CE1	0.0031876652003259833	0.001561794235076529	0.0018361737736159412	0.0018219296035138267
Azospirillum	CE11	0.011314115827679548	0.00377317693245757	2.189542296435526e-6	0.0024672372822112797
Azospirillum	CE9	8.053413251276986e-4	0.006576007332520245	0.007560865423432667	0.004554456779584444
Azospirillum	GH102	0.012383500351410334	0.018007756513143635	0.12633391782481865	0.1226338628894036
Azospirillum	GH103	0.021144874981816785	0.027856825155981906	0.08465294231873656	0.09335737075124542
Azospirillum	GH108	0.008630370800867544	0.012906112759454623	0.019344188424868083	0.02289540782919587
Azospirillum	GH13	9.261334593927696e-4	0.007854160112151348	0.013422618839616225	0.03044479295236183
Azospirillum	GH13_11	0.0035534534450780623	0.00816583521580802	0.004679142040380832	0.004020027899984386
Azospirillum	GH13_9	0.005116785711673062	0.0607664762032881	2.0254155010394927e-5	0.01747099023057468
Azospirillum	GH23	0.01707651087035575	8.504006895918517e-4	0.007339723238215739	9.912010462869985e-4
Azospirillum	GH24	6.885641064279535e-4	0.007995915589828873	0.006808323229295758	0.009263546585540133
Azospirillum	GH3	0.004467338342668923	0.0048879261925522275	8.485243691378623e-4	0.012870883280835264
Azospirillum	GH73	0.007898274001335288	0.002262716111610304	3.1493492392341304e-4	5.168927630284497e-4
Azospirillum	GH77	0.012416402190764547	0.017327962036314547	0.0047673950141646155	0.02006814354038164
Azospirillum	GT101	0.039904401868295976	0.09355550433225791	0.023027745699688348	0.02953258203597539
Azospirillum	GT111	0.08941102755657551	0.07016348152548214	0.011367558409472274	0.013528395127805107
Azospirillum	GT19	0.01806820293997819	0.006963872080616369	0.0019917788817800123	0.006284978694673326
Azospirillum	GT2	0.08182976517044079	0.05187170531792246	0.0031533408154281847	0.008982312058194128
Azospirillum	GT28	0.043233710968255554	0.1167614019628546	0.009683038858985525	0.03842362660107901
Azospirillum	GT29	0.015285539799994616	0.0647164276825999	0.25194611964582786	0.46799329327968914
Azospirillum	GT30	0.014522616090953025	0.004098032312214215	0.004043404426304319	0.011089064509760726
Azospirillum	GT32	0.056887919116504405	0.05366161710552131	0.0034078203468938814	0.009454663440858721
Azospirillum	GT35	9.914994948817123e-4	0.005735990893032888	0.010154262961228677	0.014983445594116539
Azospirillum	GT4	0.06891576571071556	0.08406649242685386	0.011155000947540959	0.017402302585506943
Azospirillum	GT5	0.005412903226884099	0.06888733621973243	2.4705238671593006e-5	0.010242444127530032
Azospirillum	GT51	0.032561442519313644	0.02225550270244455	0.0024394745254060633	0.010306123237218542
Azospirillum	GT8	0.06416711513287335	0.056121572662128034	0.010363996771648338	0.013198490136140271
Azospirillum	PL22	2.542236120598458e-4	0.01157984563615251	0.011444444891379425	0.021215346714843472
Acidiphilium	CBM34	1.519147424961427e-4	0.019331605263595116	0.007012352555842203	0.06660319695661406
Acidiphilium	CBM48	0.002800295635075024	0.010925250395878631	0.020466699347715826	0.012776306019272122
Acidiphilium	CBM50	0.024187530172862737	0.02731725877621897	0.008493124407815708	0.08186766283970565
Acidiphilium	CBM67	0.06992294401215869	0.06813473943238593	6.409800794621081e-4	6.025525374320402e-4
Acidiphilium	CE1	8.191513720498048e-4	0.010099793349604987	0.015675347829948175	0.01824517250382534
Acidiphilium	CE15	0.08418971051838843	0.087180010563679	0.010997486354476713	0.04731587907891113
Acidiphilium	CE4	0.02358341978807357	0.049712185151712995	0.0039932822303740245	0.1857611221651126
Acidiphilium	CE9	0.011200685892952249	0.009921051269378416	0.024877225008857543	0.0036097077059144157
Acidiphilium	GH1	0.028870708776877873	0.02814660348371163	0.0058592446802159	0.014144522866359616
Acidiphilium	GH106	0.0633120491443726	0.060059852141392964	0.001717754679607586	0.003113500033712743
Acidiphilium	GH109	0.012859837786144244	0.010901983834689977	0.024094349469520052	0.006499600842430093
Acidiphilium	GH110	0.03329110613412889	0.056902668678998874	0.008548826272452056	0.004288347684384313
Acidiphilium	GH112	0.01686377988933843	0.029712880215755275	0.01564996171082859	0.03636639136855363
Acidiphilium	GH115	3.1726511791097423e-4	0.024069098177591147	8.626435570275912e-4	0.06157381068653454
Acidiphilium	GH117	0.031126599506500967	0.03251877404462008	0.037356595773180755	0.01752845385974521
Acidiphilium	GH127	0.0020654422880891274	0.007347097584118329	0.0056629090494549365	0.040237469869484795
Acidiphilium	GH13	0.005765244673089243	0.018913234536801084	0.006057740104442306	0.028589280191419094
Acidiphilium	GH130	0.0028912383276095406	0.0015642465906249077	0.02987502591669396	0.01327418469943243
Acidiphilium	GH136	0.00399903046542889	0.013992085084226008	0.021162321150159046	0.01054993245258679
Acidiphilium	GH13_39	0.03471387968793849	0.03448407074375108	4.8628277322859307e-4	0.16573909308585552
Acidiphilium	GH13_9	0.0010269360864110133	0.019540763206558762	0.004218601185601804	0.08825792219211008
Acidiphilium	GH151	0.13728035355966084	0.1147862234776913	0.0030218830461118677	0.03985354074921508
Acidiphilium	GH2	0.0010002566172454877	0.0070033129666753876	0.027290010040561825	0.021949123650469003
Acidiphilium	GH20	0.009575806803220963	0.010578704696276845	0.01573426079491973	0.01250255416295163
Acidiphilium	GH23	0.0019423942857325486	0.012594500966755106	0.013198466894706483	0.014520159125194755
Acidiphilium	GH28	2.708999824750009e-4	0.013700637997617905	0.002499578228794503	0.03698233887553079
Acidiphilium	GH29	0.006063207370979668	0.00427855635947232	0.024170185488652067	0.015448978166049477
Acidiphilium	GH3	0.0015529498066098701	0.006909581134844085	0.01762598772894828	0.01214430583610251
Acidiphilium	GH31	0.005738604466730176	0.008372197668775002	0.023740372098635016	0.0234965485108222
Acidiphilium	GH33	0.03506492107271492	0.029556299633167762	0.010297394664447786	0.0023414568461103736
Acidiphilium	GH36	4.2266160813151206e-4	0.019498509237925284	4.272202268243732e-4	0.016457290670622876
Acidiphilium	GH37	8.237452207001837e-5	0.003470305179517608	4.005616714209869e-4	0.02468481734835289
Acidiphilium	GH38	0.021988560172443914	0.04260691483990899	0.016997255564390974	0.04912849614700336
Acidiphilium	GH77	0.0029782816517885473	0.008929141942119917	0.002193213501521997	0.030145760647253342
Acidiphilium	GH78	0.09520112762426755	0.11252928670391658	0.007314218867457685	0.0021843969929118768
Acidiphilium	GH94	0.017342385230836328	0.017974781241148777	3.9319932347341147e-4	0.06828956344085552
Acidiphilium	GH95	1.4316887040262527e-4	0.00962308139480678	0.004473708150556962	0.047733014343849876
Acidiphilium	GT2	0.019496560629040687	0.05166635356969044	0.03650585749859985	0.018106834825249964
Acidiphilium	GT28	0.01376143926370456	0.019066353964935747	9.939446949722894e-5	0.1767542247402861
Acidiphilium	GT35	0.014563296717865305	0.01766936394806679	0.01317375781288872	0.01818417308929202
Acidiphilium	GT4	0.012524901756724816	0.0368313610350236	0.04717015497770013	0.019345210439408966
Acidiphilium	GT5	0.0030390427239947856	0.018760065715946156	0.006199370953469083	0.06012370611727966
Acidiphilium	GT51	0.0015220397992840395	0.010890660283340046	0.0017329237177676198	0.006548756245696178
Acetobacter	CBM48	0.006960235995654081	1.0014149819635121e-4	0.0034357186311846756	0.0012523875103392346
Acetobacter	CBM50	0.037152057219459536	0.03920654547660369	0.002328724261747335	8.599184359571736e-6
Acetobacter	CE11	0.014779523743307647	0.0019716544603324724	4.090360801775396e-5	7.299858680510172e-4
Acetobacter	CE9	1.6515119393845252e-6	7.28809931650623e-4	0.004875126346496266	0.001558198327256677
Acetobacter	GH102	0.030152576694561607	0.008039692631064629	0.057557252904011744	0.0755146023310494
Acetobacter	GH103	0.055015183290695664	0.022846908526485566	0.07090375893779864	0.09127595982342405
Acetobacter	GH108	0.027940078311896353	0.006471599941697096	0.007074603244637653	0.011227888657931189
Acetobacter	GH13	1.9551746038547955e-5	4.8629892920467303e-4	0.012516935285054395	0.0071416838478242555
Acetobacter	GH13_11	0.019884267656190818	0.004528646014388022	2.4258798705209135e-4	0.001151403674336778
Acetobacter	GH13_9	0.011544143997329358	0.029244148694540856	0.0012299046319952207	1.213671116731634e-4
Acetobacter	GH23	0.03209709580255196	8.417914302130957e-4	0.0035789714509210113	9.229062996925951e-4
Acetobacter	GH24	7.796782988496327e-9	0.002527913592593199	7.589795964134151e-4	0.0020339469989598593
Acetobacter	GH3	3.7825439273763785e-5	0.0018744720870974374	0.0018061638057903973	6.793370481159902e-4
Acetobacter	GH73	0.017687836904082987	4.1883714168082574e-4	0.0018716712136818438	3.8866168421656215e-4
Acetobacter	GH77	0.0019376690050633362	0.0031116531031714825	5.087131446728651e-4	7.565021885833744e-5
Acetobacter	GT11	0.015125868955163204	0.004048875622268427	0.007319084297099684	0.010985658094022122
Acetobacter	GT111	0.0891880050271085	0.026274442566771947	0.00872264591085609	0.011241855546204849
Acetobacter	GT19	0.023907675619297734	0.0047388005905349044	1.6396942879573544e-4	9.735345445402145e-4
Acetobacter	GT2	0.07561512655948532	0.023312725034484057	0.006580711202713327	0.010351438575881338
Acetobacter	GT28	0.043045026533513976	0.06579354258108647	0.0021226117757943467	4.2344780330705895e-5
Acetobacter	GT30	0.024892628621308466	0.0036028456027512334	2.9348705623467706e-4	0.0015625457777253009
Acetobacter	GT32	0.06847390712307241	0.02652092374294574	0.0045700488699697474	0.006152837479828969
Acetobacter	GT35	6.024074281572796e-4	1.469940221731762e-4	0.0062507854903903065	0.0043226200620404805
Acetobacter	GT4	0.07144264295060826	0.02599970771787309	0.0037417196560124944	0.007702010223637111
Acetobacter	GT51	0.055544540394035384	0.019765746089015525	0.007179557063762482	0.0029186499181971326
Acetobacter	GT8	0.12196485968424632	0.04516002219281284	0.022623100694546937	0.027327340152831912
Acetobacter	GT9	0.041453415079168957	0.008224708207496772	0.0011768246121178164	0.003139224990458342
Acetobacter	PL22	5.414711453406233e-4	0.001635598066820733	0.005593433182457587	0.010213747209840984
Fusobacterium	AA7	0.003098665804406372	0.007039095766835724	0.019910540786281076	0.005183378391898516
Fusobacterium	CBM30	0.006030528429179364	0.0034233460703987474	8.758317221119218e-4	0.003881336914364559
Fusobacterium	CBM4	0.00470958120558519	0.011935293773818512	0.005676334128628407	0.005833061246443189
Fusobacterium	CBM48	0.0029644282128090302	0.005178611441671535	0.0066892462832594144	0.014765816499730123
Fusobacterium	CBM50	0.01004877736875491	0.03221484577765844	0.010880011203141771	0.05266096622144352
Fusobacterium	CE1	8.978983428865866e-6	0.007905170924539228	0.007558032766414119	0.0023557051298134226
Fusobacterium	CE11	0.012506916883740043	0.020316167724552137	0.030745265246338263	0.011133908849344794
Fusobacterium	CE4	0.018051598842392425	0.026339990178633216	0.06075292748405484	0.07094751635584895
Fusobacterium	CE7	0.012101066332866563	0.032348625519804386	0.01613757400367297	0.0069652466382379525
Fusobacterium	CE8	0.014752761282330903	0.02671309551186214	0.02585075071226317	0.0042245814302567485
Fusobacterium	CE9	0.017708165070450584	0.02310497542294433	0.0014159702085389115	0.011526413738028863
Fusobacterium	GH1	0.01322123461687599	0.026189021949019987	0.004483169103430329	0.018020630315401204
Fusobacterium	GH105	0.0022809936673617165	0.01912271061094615	0.017613205529896463	0.0024076462155482444
Fusobacterium	GH13	0.0024667779621981834	0.005346249718970205	0.01881161289814307	0.02007452813907939
Fusobacterium	GH13_11	0.008769372222327605	0.018858282076440906	0.00410406190089585	0.012647316600712671
Fusobacterium	GH13_29	0.013446815971402761	0.03906281300342156	0.00305072587179841	0.008139817199484284
Fusobacterium	GH13_9	0.007022917732821775	0.01962656822270543	0.04230787718217405	0.03501219216667214
Fusobacterium	GH16	0.0010195182552636395	0.022468862459501353	0.007902873684101693	0.002440364011280586
Fusobacterium	GH16_3	0.00393085594101771	0.020469650732575336	0.007820252725902819	0.0024724657048310695
Fusobacterium	GH2	7.399450699804367e-4	0.02235459308303829	0.009822763918414447	0.0026300986103069755
Fusobacterium	GH23	0.029746426288983153	0.0314768660210372	0.008614201458779076	0.002576428564021046
Fusobacterium	GH28	0.005064045364226021	0.02696152513116649	0.02360693380140895	0.005065144706411468
Fusobacterium	GH32	0.0012141087734212983	0.0105430597483006	5.818700236056299e-4	0.028338222549953124
Fusobacterium	GH33	0.0038877205827245374	0.04173892563210759	0.012432401056964922	0.014364898859209826
Fusobacterium	GH36	0.004764780698037095	0.016784307285714197	6.051658096813522e-4	0.023176547413014514
Fusobacterium	GH38	0.017126088434956176	0.01600645629006705	0.031182168736625982	0.035134782420306224
Fusobacterium	GH4	0.023742238409595703	0.038996164035881166	0.001533809501712853	0.015591635836423224
Fusobacterium	GH42	0.007754100044804021	0.0077764652682843554	0.012718337222101866	0.019884300234997543
Fusobacterium	GH73	0.011607084800072541	0.010035711730360884	0.0055606525076814135	0.0031637819565571938
Fusobacterium	GH77	0.006972363179263319	0.006825637602634801	0.0323100219757157	0.020781835540990393
Fusobacterium	GH88	6.681849174444914e-4	0.014344368203749831	0.005555082158084311	0.008269289722686266
Fusobacterium	GH9	5.520406320962229e-5	0.013664491038030767	0.004869458341407923	0.012649180303613887
Fusobacterium	GT104	0.024256014095962165	0.03098892993065045	0.010324322004746936	0.0026244018440116494
Fusobacterium	GT19	0.031016163897129707	0.04579396478451605	0.018678777636226725	0.012238952091009796
Fusobacterium	GT2	0.008749853901076316	0.01406823179226487	5.277863446784268e-4	0.004694708576327004
Fusobacterium	GT28	0.0028998599991836953	0.010885520320492779	0.06339874983353466	0.0631194652019837
Fusobacterium	GT30	0.018485156087798677	0.024577056684312665	0.022074844313120626	0.014036758382899795
Fusobacterium	GT32	0.007942198739205486	0.018407152445261893	6.411613809719977e-4	2.944598817207075e-4
Fusobacterium	GT35	0.0030587854062068304	0.008966248324197948	0.01911995388157673	0.020622273923465217
Fusobacterium	GT4	8.699454677304957e-4	0.013533933893721964	5.9580710800001156e-5	0.006397578888524708
Fusobacterium	GT5	0.004652184888920775	0.013223453486866921	0.029074103361791497	0.028654486011298063
Fusobacterium	GT51	0.019765425005959878	0.024554240360034906	8.932170121770005e-4	0.0030236233097509606
Fusobacterium	GT83	0.0050453757341174564	0.01789239452622883	0.037028992611715335	0.016515744675801337
Fusobacterium	GT9	0.03066135485267218	0.03275704314590037	0.05086328569474934	0.018389721991016426
Fusobacterium	PL12_1	1.7029106126818062e-4	0.00715651791402965	0.023464663958465092	2.2406118405888544e-4
Fusobacterium	PL2	0.0028112121405103646	0.006043965304619216	0.013229256345574729	0.011145274498040921
Fusobacterium	PL8	0.006863374599523858	0.016009189247822752	0.006394623040345726	0.017095820517617395
Fusobacterium	PL8_2	1.0686066839598323e-5	0.009221062990947913	3.4726813451548287e-4	0.02106605729668541
Akkermansia	AA1	3.6488158507101996e-4	0.0025459879257373236	0.14828951918720948	0.13496929443171102
Akkermansia	AA4	0.00291279514658929	0.01389232023510558	0.1420609716483016	0.12394637869415369
Akkermansia	CBM32	0.011364489091298433	0.011732884537341118	0.013187046431496457	0.024219001956324527
Akkermansia	CBM48	7.056502714170108e-4	0.001002039390936999	0.037372237978239985	0.026699083655717153
Akkermansia	CBM50	7.771954725493209e-4	0.008112830427365056	0.052716882679167	0.0406476385382969
Akkermansia	CBM51	0.021793197559930057	0.019146882595697242	0.12971273433722588	0.11225128697628085
Akkermansia	CE11	0.016123955467381	0.010093106044333363	0.01186102064414417	0.006863545011982111
Akkermansia	CE4	0.0338569738115911	0.04283349661127222	0.07486946549643411	0.049061047238550405
Akkermansia	CE9	0.04169126729960539	0.04477578181747473	0.004476377949285854	0.003394258161759872
Akkermansia	GH105	5.614925355547296e-6	1.3740966668616457e-4	0.017275255942680548	0.010203914125483568
Akkermansia	GH109	0.014567131587392885	0.009234726652880334	0.015890292908605243	0.019408151637633264
Akkermansia	GH110	0.04468213103653934	0.030698036000272926	0.0683310128351171	0.06911438895221789
Akkermansia	GH123	0.022813093352429967	0.011851625277839915	0.0419327629576272	0.04446348614443938
Akkermansia	GH13	0.0021325688203862677	9.369818773418939e-4	0.014220606241319626	0.014790391115730205
Akkermansia	GH13_38	0.01846808112188977	0.021952078375099965	0.008208069119869155	0.003920907518182769
Akkermansia	GH13_5	0.001988130497739893	0.008607686622268533	0.17254277490628753	0.14376622406549808
Akkermansia	GH13_8	0.0024516239542986323	0.005378591887549597	0.004025717621013636	0.00529041801473367
Akkermansia	GH16	0.004595033163095014	0.00817228241306757	0.00875704142627144	0.018333122066247966
Akkermansia	GH16_3	0.009284256391145072	0.012662898307416832	0.005528750624330922	0.009837572078456635
Akkermansia	GH18	0.07178498621346535	0.04683414124339166	0.016742787310607438	0.019622770866552626
Akkermansia	GH2	0.00964645719566527	0.009100145747481332	0.011939586139601709	0.007662260206542618
Akkermansia	GH20	0.006563878591080811	0.004103314275717508	0.010981393888739989	0.021229715051626664
Akkermansia	GH27	0.0033141570018446536	0.0017227023089141083	0.03756119786802118	0.028689213094493623
Akkermansia	GH29	0.004042567273567037	0.001567516857188577	0.001394035414403971	0.003656279645181572
Akkermansia	GH3	0.010953623630695774	0.012382106817828477	0.01040855469718451	0.008565708251935259
Akkermansia	GH31	0.0018236090067345753	0.001960976751793626	0.03489295455282009	0.022434538884536875
Akkermansia	GH33	0.02716443553312109	0.013759880168573276	0.014330805781973792	0.022662314584801495
Akkermansia	GH35	7.732741862613664e-8	8.744389132547123e-4	2.2936431869849525e-6	0.0024025533400761153
Akkermansia	GH36	0.014509568802577838	0.013789816454034834	0.09694860400590943	0.07146326647906483
Akkermansia	GH43_24	0.001302844700271598	0.0029362541078168042	0.0044646750824241	0.013093484111375784
Akkermansia	GH57	0.020663969615179006	0.02623058817582017	8.219759682412258e-4	0.0013420154737224452
Akkermansia	GH63	0.0037411860323261414	0.006283629868797228	0.013484158593047553	0.019652320017812586
Akkermansia	GH73	0.07495106895597548	0.05479061402058075	0.01848921916900187	0.00795658606630948
Akkermansia	GH77	0.0060355993441531825	0.011397549418580089	0.008794807703595425	0.013274991949581308
Akkermansia	GH84	0.00829423736848447	0.006521960729730465	0.005267104909692281	0.013219761667023466
Akkermansia	GH89	0.008383271978874684	0.0026597889653592085	0.01015770894389756	0.01588438006678371
Akkermansia	GH95	0.00291386897181436	0.002480700889867177	0.023355455460615245	0.015719248813687883
Akkermansia	GH97	0.00970753042788471	0.009927204550275131	0.02302183286494527	0.013280007095825129
Akkermansia	GT1	0.0837513104070258	0.06696932069543918	0.2065985618887258	0.16234971672009096
Akkermansia	GT10	0.054465926382568794	0.0461412640642188	0.25212266979321407	0.20047343890360286
Akkermansia	GT11	2.63396951078051e-6	0.0030920240157164764	0.0104680001581267	0.011362992618880149
Akkermansia	GT19	0.03257099453975735	0.02284242575646182	0.004836615255471534	0.0017783571959772754
Akkermansia	GT2	0.01734342330902003	0.01824337009355374	0.02292739739480166	0.013008024195492934
Akkermansia	GT26	3.932128256753018e-4	3.8706721526926715e-4	7.334427282954919e-5	0.0026277913134581626
Akkermansia	GT28	0.02239992967911384	0.03256602871245168	0.09477331250081937	0.07084266654298785
Akkermansia	GT30	0.025979861715621524	0.015323697808012529	0.0016375166620580476	4.303105390349095e-4
Akkermansia	GT31	0.10644793831613425	0.08680609633036654	0.6477708368955362	0.4888282690482537
Akkermansia	GT32	0.042091959353843654	0.044617646886120396	2.0712899531546958e-4	0.0037758705771331665
Akkermansia	GT35	0.019502341641585198	0.02103242900682466	0.0029638512059924887	0.0035977775491066646
Akkermansia	GT4	0.004465180983781467	0.006490239248415313	0.011664310184993679	0.01567598751682671
Akkermansia	GT51	0.02065683323002501	0.012385033047267242	3.4685704361504734e-4	4.733014255457628e-4
Akkermansia	GT8	0.026705070021312553	0.02009116794899992	0.005299849543616492	0.006185878661635052
Akkermansia	GT9	0.044442883751495355	0.026482937406101217	0.0014189145816434993	3.0106834909246065e-4
Akkermansia	PL38	0.04572090545517839	0.055382353296162444	0.10787846885548603	0.11319330489449593
Coraliomargarita	AA4	0.017723931935532487	0.014971101852391592	0.003777522777781807	4.5119015859514485e-4
Coraliomargarita	CBM32	0.011963879539805489	0.00513406283465431	0.020892040586592203	0.004383527856787749
Coraliomargarita	CBM48	0.012150286784083794	7.396699530178356e-4	0.04930520452597997	0.03060942329849804
Coraliomargarita	CBM50	0.02499451715436086	0.014874450537818424	0.03868869902833412	0.009347702136961088
Coraliomargarita	CBM67	4.717506085305323e-4	0.004482098031160958	0.003658899373423778	2.552538704461777e-4
Coraliomargarita	CE1	0.006479980368740647	0.0014104683784092913	0.01786761782765222	0.007924017164152657
Coraliomargarita	CE11	0.014027735928160631	0.0021188776591312022	0.00524400580882326	5.688944944083576e-4
Coraliomargarita	CE15	0.0019634474411751464	0.0034266032951278703	0.004722028494101714	7.515525483745819e-4
Coraliomargarita	CE7	0.00771803501911027	0.001377258422639314	1.7158253089213465e-4	5.440675356521807e-4
Coraliomargarita	CE9	0.002535601213851206	6.068631857973273e-5	0.030383546508408327	0.012096184645684958
Coraliomargarita	GH10	0.03219756048353527	0.009574241579091371	5.92465707809015e-6	2.0429921107813716e-4
Coraliomargarita	GH105	0.010674112407267464	0.0022758445593071834	0.006927500401358949	0.002934224546618523
Coraliomargarita	GH106	9.309058552752396e-6	0.003379534336181317	4.7685333557041787e-4	2.711745720778268e-4
Coraliomargarita	GH109	0.005274300643751875	0.008841412308997215	0.01003895558299769	0.0014724360410505249
Coraliomargarita	GH110	3.3125413104593784e-4	3.130303107235483e-4	0.0024403478846379166	0.013679897778580643
Coraliomargarita	GH115	0.017474019182343755	0.0038634446024037937	0.0023004545539399746	0.0022216513993997566
Coraliomargarita	GH13	0.008068126415241997	9.449667692397743e-4	0.06524101422030354	0.04279547722780007
Coraliomargarita	GH137	0.00841762308358564	0.00430979670381104	0.002007733178385971	1.941962955358476e-4
Coraliomargarita	GH13_9	0.0067530696732029175	0.008565599142911235	0.025513438133828954	0.015058971011209095
Coraliomargarita	GH142	0.011143384850933505	0.007897902104790168	1.0166851106230778e-4	4.198652188549706e-4
Coraliomargarita	GH148	5.64875784725313e-4	0.012822616841070436	0.002440643170355975	0.0037305185557010394
Coraliomargarita	GH156	4.289065167474743e-4	0.006624373232819834	9.908971660511409e-4	0.0029832714149389096
Coraliomargarita	GH16	0.017999867257230167	0.009110253056146968	0.007506111426604865	5.789079679139794e-4
Coraliomargarita	GH16_3	0.015566503167530553	0.008558088889807693	7.167530888106735e-5	4.025738156283058e-4
Coraliomargarita	GH2	0.006725077279729272	0.0017044295400944053	0.0120714665291335	0.005790861520705402
Coraliomargarita	GH20	0.005371987169041817	0.006212818040075277	0.005677323470426065	5.855897109168975e-4
Coraliomargarita	GH28	0.013725958027270216	0.004772262384534123	0.0023604906012338993	0.0018510731650120305
Coraliomargarita	GH29	0.007530259512580763	0.009918565659812535	0.005895492512958471	6.372275580054211e-4
Coraliomargarita	GH30_4	0.015011534160658561	0.005341543784955038	3.410082286810304e-4	2.383403545175291e-5
Coraliomargarita	GH31	0.0017935858430925102	4.7303645761179625e-4	0.02276776016605863	0.01717471745651185
Coraliomargarita	GH32	0.03171025377726573	0.001676982915738463	0.02199891693200044	0.021625893225462343
Coraliomargarita	GH33	3.140828028985459e-4	0.003222050878564409	0.001182083897680449	8.532239894878597e-4
Coraliomargarita	GH39	0.0011993348456864163	0.014927115320193378	5.219344983559156e-4	3.281631399183873e-4
Coraliomargarita	GH43_17	5.517707263435514e-4	0.006872214830644028	0.0029198150109113483	1.2396424481569726e-4
Coraliomargarita	GH43_24	0.0034501529272221924	5.607165382608092e-4	0.004162643319631515	3.0096987341495874e-4
Coraliomargarita	GH43_31	0.0016550360015864143	0.0033036197532555376	0.002408366664265946	1.391280007626854e-4
Coraliomargarita	GH5	0.031163800806938823	0.013079588882343594	0.006572086116532084	0.00644990306387764
Coraliomargarita	GH50	0.002234598469587993	0.004983754743039903	8.252316485542109e-5	0.0010798781484150253
Coraliomargarita	GH51	0.014162945628131711	0.0031534096018184022	0.011853034137634383	0.012293440588525877
Coraliomargarita	GH5_36	0.017522668235787422	0.02390934141715839	0.0637485468416673	0.10693057916704347
Coraliomargarita	GH65	1.5243817268689987e-5	2.3508986815391706e-5	0.012218443766370678	0.0044029701970460175
Coraliomargarita	GH77	0.015144552401204478	0.006821864276327753	0.040504301472100816	0.032988027841833134
Coraliomargarita	GH78	0.005663471293419226	0.0021606293561615506	0.0024561091057777942	8.163343123931544e-8
Coraliomargarita	GH88	9.707470383781704e-4	2.1472235116377905e-4	0.005649121272408302	0.0014595075598431428
Coraliomargarita	GH92	0.0016519733154160574	0.002688386032046076	0.006382025356160019	0.0019717113906732764
Coraliomargarita	GH97	0.015470789121256852	0.0069100491630293935	0.0022256557586805155	0.0014903389369987127
Coraliomargarita	GT11	0.01090512208132673	0.0033412577881021775	8.181725430996961e-4	2.025341541607503e-4
Coraliomargarita	GT111	0.07483411246399273	0.008771752605117096	0.004685891288827752	0.001816283275531281
Coraliomargarita	GT19	0.016242419003693498	0.002542819697134373	0.003383395996680336	1.788761369001167e-4
Coraliomargarita	GT2	0.08153192155554463	0.018123218390661052	0.015620100404868508	0.007172138011494567
Coraliomargarita	GT25	0.045988480159114636	5.648986681650754e-4	6.290328519412585e-5	0.003487645722526824
Coraliomargarita	GT28	0.027320153075621526	0.02425329212616568	0.01547606809453688	0.0033964684877248277
Coraliomargarita	GT30	0.020583144923723918	0.0022269898152788526	0.0035047904379704137	3.471524241518923e-6
Coraliomargarita	GT35	0.006836317255778364	0.0016896686308768738	0.03321416227424007	0.02632651343614718
Coraliomargarita	GT4	0.05920865613796002	0.01444071382893508	0.009328049129054189	0.0022747716733341754
Coraliomargarita	GT5	0.007895704479688216	0.010595061573870473	0.012543609323981464	0.008819900582096007
Coraliomargarita	GT6	0.0026274743816180647	0.0014097655982243118	0.0075748485410008165	0.005291806039601077
Coraliomargarita	GT8	0.05264473321342939	0.005285665683098081	4.377660396397583e-4	0.0025409610539006895
Coraliomargarita	GT83	0.02242410165879388	0.0059385810187718695	1.7121327160415253e-4	0.0010677328610408433
Coraliomargarita	GT9	0.02870750128340421	0.0016678416167940217	0.001428962296575651	3.1775896222038135e-4
Coraliomargarita	PL22	0.002197021276131227	9.970348542987103e-4	0.011727225864932557	0.002912653077156055
Coraliomargarita	PL33_1	0.02109724821112405	0.006443172088611833	0.010094980352190792	0.007387580687684305
Coraliomargarita	PL35	5.058605516853851e-4	0.008466276043367488	5.29065481089291e-4	6.904549130365313e-5
Coraliomargarita	PL37	9.929086793020775e-6	8.060582223552925e-4	2.908000075435479e-4	4.4622992026277396e-5
Mycoplasma	CBM50	8.579249054158082e-4	0.00270161596430082	0.0015288340017626024	0.03162289647526181
Mycoplasma	CE4	0.03371168951949432	0.032296060777601485	0.0034342285329377015	0.04196717467288009
Mycoplasma	GH23	0.015928352882877573	0.019447582937772417	0.07588955826535182	0.050314531652461206
Mycoplasma	GH25	0.02354377126364309	0.06019386817955293	4.798857936995457e-4	0.0035006803323332893
Mycoplasma	GH3	0.06417940776193555	0.0659817862277624	0.09457289450618611	0.0819704048405638
Mycoplasma	GH31	0.05288324895683193	0.04872486694374457	0.09120907491079759	0.0571407815952402
Mycoplasma	GH73	0.028155429798787986	0.04169159713466268	0.02406350744158141	0.012128667879309232
Mycoplasma	GT2	0.02629304382253355	0.04319121904047278	0.02172979816907212	0.013104702079509539
Mycoplasma	GT26	0.023525859111832557	0.02270615642033346	3.971257198651471e-5	7.906128111074131e-4
Mycoplasma	GT28	0.0032137282554611122	0.007861783347615076	0.023718396848487915	0.06151428399242247
Mycoplasma	GT32	4.036520259533638e-4	0.009931258410960209	0.006472218701588427	0.003985419100765749
Mycoplasma	GT4	0.00478839089131885	0.004254467952103381	0.012143578382133667	0.0063536090111897
Mycoplasma	GT51	0.003632599940970442	0.0055752979602957786	0.009235419017887412	0.015367613326478149
Treponema	AA7	0.016951283162836204	0.03521398050814001	0.1129973389151932	0.10011015208085153
Treponema	CBM26	1.4539832109108477e-4	0.0043659952087256775	0.05390168663860294	0.08738649018059892
Treponema	CBM27	0.0067387681074479195	0.03528735152904345	0.003892639455232043	0.012429486167977922
Treponema	CBM34	2.4833776537018303e-4	0.026813124588398584	0.06013940199463445	0.08996990873952927
Treponema	CBM4	0.011253306101521574	0.044738756055215954	0.005616256200992937	0.02172804426794722
Treponema	CBM41	0.0026962331896850716	0.013726902444235979	0.03385305933001795	0.0444114662126818
Treponema	CBM48	0.024182858227204326	0.013019755170389715	0.009610102521169627	0.023266482719513985
Treponema	CBM50	9.326675849342565e-4	0.03615084437730185	0.1717438781431797	0.13085873070344636
Treponema	CBM61	0.010917663757038055	0.011131308952840242	0.004025363822446397	0.02177131175528755
Treponema	CE4	3.416912019082058e-5	0.07959527181264446	0.19061828317639612	0.2208951305938199
Treponema	CE8	0.03539610129170691	0.02680443181705572	0.01676554341198797	0.046956601879044
Treponema	GH10	0.011941737586631874	0.020250674406674593	0.002319779484046799	0.010686839814820713
Treponema	GH13	0.030702191317247354	0.036199884903517575	0.05176133523115206	0.03451218708014154
Treponema	GH130	0.007832838820849808	0.03859741090408854	1.2386074771368407e-6	0.02191633308728757
Treponema	GH13_11	4.890453056711601e-4	0.015078337659913715	0.007495895260262599	0.03966870678945796
Treponema	GH13_14	0.0030560822691830768	0.02477972603082326	6.053797814854852e-4	0.009566659034481331
Treponema	GH13_19	0.00858488944187903	0.029557215484457455	0.03402996730320188	0.04661828375082348
Treponema	GH13_20	0.005023845739722093	0.014522938221985221	0.0693515565424735	0.10549929691417825
Treponema	GH13_28	3.994956256991955e-4	0.01075588151866717	0.03501322946907053	0.06321355857467928
Treponema	GH13_36	0.0038245859511553473	0.013130478832328358	0.07055581705743358	0.12715061165710292
Treponema	GH13_37	0.07632137222008996	0.07433271134968107	0.0054290030615563355	0.05137328976627948
Treponema	GH13_42	9.394841833489315e-6	0.02770509197140709	0.026318430388353076	0.06523808585918439
Treponema	GH146	0.005661358491909417	0.01901414036427452	0.009096231739823093	0.04369942265787392
Treponema	GH16	3.9479005064063954e-5	0.02756600634470508	0.004499900179613385	0.004839867880726653
Treponema	GH16_3	5.141775535034786e-5	0.02298075590947516	3.8929947492239384e-5	0.010992421416389826
Treponema	GH18	0.0033254458342825166	0.0703453481206757	0.0017475267973367107	0.019443676903152476
Treponema	GH2	0.066622774208506	0.07643501043517532	0.009182087100588987	0.058795580134359406
Treponema	GH23	0.009391623665074025	0.017265020598421988	4.081984957587986e-4	0.02566685452588999
Treponema	GH26	0.012858729918533332	0.025704503800309905	0.0013330264066605103	0.008109786929428542
Treponema	GH3	0.0605159753791541	0.07482650395115158	0.002601445283030513	0.013770551169884628
Treponema	GH31	0.02087039157181612	0.028957743267079446	0.018335174149732934	0.06863416139613596
Treponema	GH32	0.11517017917043079	0.06795896173371577	0.008082550641992902	0.05532269590440182
Treponema	GH35	0.01660623302278553	0.019592409205295792	0.0057039921717156675	0.043841124952723944
Treponema	GH42	0.026733137003946462	0.027595571354506628	0.002599284080776307	0.041782782772304315
Treponema	GH43_11	0.0015539253857276435	0.03273350120433998	0.0043612595472420695	0.0335585511042074
Treponema	GH43_26	0.001295619363136939	0.02487793836106187	0.002786521681234097	0.04482651570875438
Treponema	GH43_5	8.602724075414174e-5	0.02427058590790083	0.001772232658531394	0.027365704570941753
Treponema	GH5	0.01153611927085214	0.027861034398328374	0.020809738430905157	0.041739786142355316
Treponema	GH51	0.042788354389569065	0.04388327995066552	0.03967821833837266	0.08066696178468387
Treponema	GH53	0.0026624344790085646	0.017289230699044845	0.014064576562241107	0.03300115157588989
Treponema	GH57	0.004265148460459597	0.028374630115573975	6.353506473281026e-4	0.02172370960391977
Treponema	GH5_37	0.12644425746422555	0.1366600079441332	0.07941691028745136	0.17977247522537898
Treponema	GH5_4	0.0079753874739073	0.03035390614529396	0.0035841885822298024	0.023421768884481314
Treponema	GH5_7	2.8781969390255714e-4	0.022614674447263065	0.005589248242927422	0.009093790290374113
Treponema	GH63	0.003264772979008936	0.03372647803806161	8.852622575018894e-5	0.025577950640887696
Treponema	GH73	0.017214543476149202	0.032934343689675065	0.0030018517881755004	0.008851341568934704
Treponema	GH74	0.06152589326246956	0.047098994209891984	0.032068929459061424	0.05665304320775039
Treponema	GH77	0.04537414648875413	0.07642307877067116	0.02860214209590663	0.0371587137285666
Treponema	GH8	0.0653146166305369	0.028112990345258587	1.0629265692916787e-4	6.966947655703132e-4
Treponema	GH9	0.00660853218036473	0.04567547569456285	0.010153350065486347	0.021841946954656008
Treponema	GH94	0.005891527049602025	0.040210114948453585	0.04283143302462421	0.08817681666212532
Treponema	GH95	0.019593213533980403	0.03682338614446655	0.017050592227519985	0.06927928795012425
Treponema	GT104	0.047916828774328644	0.06099601663354869	0.0197367386414292	0.03180223764310788
Treponema	GT2	0.11297282755579059	0.07706137461834241	7.158362757024597e-4	0.023413349240060537
Treponema	GT26	0.021431390646719926	0.00932866670933745	0.002734731784139798	0.00890634080818573
Treponema	GT28	0.027852051616040298	0.09800760308667297	0.2753022493871859	0.3025488085316612
Treponema	GT32	0.00906470336748009	0.042955860270176824	2.9129026477958317e-4	0.008465796938418238
Treponema	GT35	0.03909246832498024	0.07283146447742812	0.006385793059014602	0.028324830719819255
Treponema	GT4	0.05102417584078212	0.024606814256065184	0.004562399704897905	0.013220568341834925
Treponema	GT5	4.662841305826606e-4	0.03949586952752721	0.03645149198284267	0.06621419970070476
Treponema	GT51	0.021778442808181062	0.018646101300129586	0.05711474487039453	0.032842643946782595
Treponema	GT8	0.0019509152250041604	0.04792240524183122	0.005598723291277335	0.0029448342667947425
Brachyspira	CBM48	0.026313268113776534	0.031030691175228588	1.3092507561294619e-4	8.309750872400452e-4
Brachyspira	CBM50	0.014970392427602976	0.01324323693529395	0.009751305500235907	0.002234842606179036
Brachyspira	CE1	0.01733241967226908	0.021809181420769874	0.0016982302964130168	0.010278286509209176
Brachyspira	CE11	0.013938612570009442	0.01018549678167833	0.00407798828630543	0.019819933255417692
Brachyspira	CE7	0.007188762587645778	0.009011308797389827	0.003272945998987848	0.009653767856063675
Brachyspira	CE9	0.016348861425312923	0.017362793981894203	3.472674857260224e-4	0.0010484661135541765
Brachyspira	GH1	0.0032927631316590406	0.001988683777003985	0.003325914080682001	0.0014556964055029741
Brachyspira	GH108	0.0036234793962376475	3.9714333765033274e-4	0.0033288988260099183	1.8724084568015433e-4
Brachyspira	GH13	0.03599062873940356	0.0353027742602089	0.003824851611294255	0.0010229716355950836
Brachyspira	GH16	0.002930108265730325	0.0025538555810512946	2.8842811406547237e-4	0.004471493405058337
Brachyspira	GH2	0.046426067777985955	0.04736141192781712	0.0013220894190576818	0.0070409963636466014
Brachyspira	GH23	0.024766705723729136	0.019042305083499796	0.0025258606380657673	0.01715028215978082
Brachyspira	GH29	0.005417283707447108	0.0068771768590338905	0.0012078843863379573	0.008326588233199515
Brachyspira	GH3	0.03394021480722637	0.03438261316278056	1.9169683362689886e-4	3.9057196060800945e-5
Brachyspira	GH33	0.0058580422365145214	0.008861965771244198	0.0020112761480226894	0.012410085475800978
Brachyspira	GH4	0.004534440526365559	0.004881040842823556	0.004965397262722455	0.001382393964214697
Brachyspira	GH57	8.705490592013189e-5	2.9388043396792475e-4	0.0024994749935246053	0.005598874071869495
Brachyspira	GT10	0.023372346597765343	0.03109723302160765	0.002523995956951851	0.001810367415167919
Brachyspira	GT11	1.6761535719204748e-4	4.3121765743154325e-4	0.0029081795657903663	4.0636503356174713e-4
Brachyspira	GT111	0.020937255872282727	0.015906038722735605	3.3127696681838477e-4	3.502135963347201e-6
Brachyspira	GT14	0.009135616757008032	0.005951646298060218	1.2629874447131153e-4	0.0015669698798028043
Brachyspira	GT19	0.017850578059307762	0.014163777863164327	0.0014414539017918628	0.008660150909165533
Brachyspira	GT2	0.025539425655273156	0.026015071587532818	1.1470424172193449e-4	4.5063450038392055e-4
Brachyspira	GT28	0.01939106620222348	0.014243725788158737	0.03884148812283965	0.034631993438519415
Brachyspira	GT30	0.012006722320283268	0.009111404870837884	0.0013512754296337503	0.009668548357151304
Brachyspira	GT35	0.026977600682597157	0.03372273240454377	6.270836053025036e-6	2.9928168106501374e-5
Brachyspira	GT4	0.0126693778113418	0.011969982587278334	0.003608338305384889	7.001820809272726e-4
Brachyspira	GT5	8.145441684245155e-4	0.0012869084894445836	0.0063724168913899685	0.008089077061939457
Brachyspira	GT51	0.02294931890848374	0.021258273497902692	0.001030585319125621	3.2653649232077203e-4
Brachyspira	GT8	0.0017951066157028414	7.978473719707431e-4	1.5898022198694353e-4	8.786495530360143e-6
Brachyspira	GT83	0.013910916005853076	0.010771586135913008	0.004014964214104195	0.01361956380311561
Brachyspira	GT9	0.011474860683941693	0.008062516421851563	0.002995814144364854	0.014473485040790286
Methanobrevibacter	AA6	0.07507771904693601	0.09051692608305698	0.02095768939983209	0.029554406458883464
Methanobrevibacter	CE1	0.14626723797707405	0.130154285140371	0.10452119727089992	0.09201353871193561
Methanobrevibacter	GH154	0.07818336451603031	0.068399007370995	0.051079706465287596	0.0447613345641687
Methanobrevibacter	GT2	0.037973137820143964	0.021132129783774864	0.06040037459219957	0.052274411520412734
Methanobrevibacter	GT4	5.92686121642943e-4	6.462554218885478e-5	0.03763242114022619	0.03032945910256828
Methanobrevibacter	GT66	0.24555315994963736	0.2402894033556618	0.10572206080969183	0.11722930709146741
Methanobrevibacter	GT8	0.016097995595442952	0.03199768457846274	3.637779200616698e-4	7.488896020196001e-4
Methanobrevibacter	GT81	0.689399318403666	0.7152320694252835	0.8007842640880336	0.8069533901851604
